ISO-10303-21;
HEADER;
/* Generated by software containing ST-Developer
 * from STEP Tools, Inc. (www.steptools.com) 
 */
/* OPTION: using custom renumber hook */

FILE_DESCRIPTION(
/* description */ ('STEP AP242 Edition 2',
'CAx-IF Rec.Pracs.---Representation and Presentation of Product Manufa
cturing Information (PMI)---4.0---2014-10-13',
'CAx-IF Rec.Pracs.---3D Tessellated Geometry---0.4---2014-09-14','2;1',
'CAx-IF Rec.Pracs.---User Defined Attributes---1.5---2016-08-15'),
/* implementation_level */ '2;1');

FILE_NAME(
/* name */ 'Layers - Part 1',
/* time_stamp */ '2026-08-07T11:14:44Z',
/* author */ (''),
/* organization */ (''),
/* preprocessor_version */ 'ST-DEVELOPER v20',
/* originating_system */ 'ONSHAPE BY PTC INC, 1.218',
/* authorisation */ '  ');

FILE_SCHEMA (('AP242_MANAGED_MODEL_BASED_3D_ENGINEERING_MIM_LF { 1 0 10303 442 3 1 4 }'));
ENDSEC;

DATA;
#10=SHAPE_REPRESENTATION_RELATIONSHIP('','',#8553,#11);
#11=ADVANCED_BREP_SHAPE_REPRESENTATION('',(#8551),#15688);
#12=ELLIPSE('',#9147,0.194796893653589,0.00201212754041179);
#13=ELLIPSE('',#9163,0.19479689365364,0.00201212754041179);
#14=ELLIPSE('',#9180,0.194796893653589,0.00201212754041179);
#15=ELLIPSE('',#9197,0.194796893653589,0.00201212754041179);
#16=ELLIPSE('',#9214,0.194796893653589,0.00201212754041179);
#17=ELLIPSE('',#9231,0.194796893653589,0.00201212754041179);
#18=ELLIPSE('',#9248,0.194796893653589,0.00201212754041179);
#19=ELLIPSE('',#9265,0.19479689365364,0.00201212754041179);
#20=ELLIPSE('',#9282,0.194796893653589,0.00201212754041179);
#21=ELLIPSE('',#9299,0.194796893653589,0.00201212754041179);
#22=ELLIPSE('',#9316,0.194796893653538,0.00201212754041179);
#23=ELLIPSE('',#9333,0.194796893653538,0.00201212754041179);
#24=ELLIPSE('',#9350,0.194796893653589,0.00201212754041179);
#25=ELLIPSE('',#9367,0.19479689365364,0.00201212754041179);
#26=ELLIPSE('',#9384,0.194796893653538,0.00201212754041179);
#27=ELLIPSE('',#9401,0.194796893653589,0.00201212754041179);
#28=ELLIPSE('',#9418,0.19479689365364,0.00201212754041179);
#29=ELLIPSE('',#9435,0.194796893653589,0.00201212754041179);
#30=ELLIPSE('',#9452,0.194796893653538,0.00201212754041179);
#31=ELLIPSE('',#9469,0.194796893653589,0.00201212754041179);
#32=ELLIPSE('',#9486,0.19479689365364,0.00201212754041179);
#33=B_SPLINE_CURVE_WITH_KNOTS('',3,(#14491,#14492,#14493,#14494),
 .UNSPECIFIED.,.F.,.F.,(4,4),(0.,0.00101760211373089),.UNSPECIFIED.);
#34=B_SPLINE_CURVE_WITH_KNOTS('',3,(#14499,#14500,#14501,#14502),
 .UNSPECIFIED.,.F.,.F.,(4,4),(-9.03063688458865E-6,0.00289613063675704),
 .UNSPECIFIED.);
#35=B_SPLINE_CURVE_WITH_KNOTS('',3,(#14504,#14505,#14506,#14507),
 .UNSPECIFIED.,.F.,.F.,(4,4),(0.,0.00344208244447109),.UNSPECIFIED.);
#36=B_SPLINE_CURVE_WITH_KNOTS('',3,(#14517,#14518,#14519,#14520),
 .UNSPECIFIED.,.F.,.F.,(4,4),(0.,0.00101760211373054),.UNSPECIFIED.);
#37=B_SPLINE_CURVE_WITH_KNOTS('',3,(#14523,#14524,#14525,#14526),
 .UNSPECIFIED.,.F.,.F.,(4,4),(0.,0.00101760211373056),.UNSPECIFIED.);
#38=B_SPLINE_CURVE_WITH_KNOTS('',3,(#14527,#14528,#14529,#14530),
 .UNSPECIFIED.,.F.,.F.,(4,4),(-9.03063688459839E-6,0.00289333226017549),
 .UNSPECIFIED.);
#39=B_SPLINE_CURVE_WITH_KNOTS('',3,(#14535,#14536,#14537,#14538),
 .UNSPECIFIED.,.F.,.F.,(4,4),(-9.49496163445445E-6,0.00226234881504124),
 .UNSPECIFIED.);
#40=B_SPLINE_CURVE_WITH_KNOTS('',3,(#14544,#14545,#14546,#14547),
 .UNSPECIFIED.,.F.,.F.,(4,4),(0.,0.00344208244447112),.UNSPECIFIED.);
#41=B_SPLINE_CURVE_WITH_KNOTS('',3,(#14549,#14550,#14551,#14552),
 .UNSPECIFIED.,.F.,.F.,(4,4),(0.,0.0010176021137309),.UNSPECIFIED.);
#42=B_SPLINE_CURVE_WITH_KNOTS('',3,(#14565,#14566,#14567,#14568),
 .UNSPECIFIED.,.F.,.F.,(4,4),(0.,0.00101760211373086),.UNSPECIFIED.);
#43=B_SPLINE_CURVE_WITH_KNOTS('',3,(#14571,#14572,#14573,#14574),
 .UNSPECIFIED.,.F.,.F.,(4,4),(-9.03063688458038E-6,0.00289875006796351),
 .UNSPECIFIED.);
#44=B_SPLINE_CURVE_WITH_KNOTS('',3,(#14576,#14577,#14578,#14579),
 .UNSPECIFIED.,.F.,.F.,(4,4),(0.,0.00344208244447109),.UNSPECIFIED.);
#45=B_SPLINE_CURVE_WITH_KNOTS('',3,(#14585,#14586,#14587,#14588),
 .UNSPECIFIED.,.F.,.F.,(4,4),(-9.49496163452646E-6,0.00226238304648123),
 .UNSPECIFIED.);
#46=B_SPLINE_CURVE_WITH_KNOTS('',3,(#14598,#14599,#14600,#14601),
 .UNSPECIFIED.,.F.,.F.,(4,4),(0.,0.00101760211373053),.UNSPECIFIED.);
#47=B_SPLINE_CURVE_WITH_KNOTS('',3,(#14604,#14605,#14606,#14607),
 .UNSPECIFIED.,.F.,.F.,(4,4),(0.,0.00101760211373056),.UNSPECIFIED.);
#48=B_SPLINE_CURVE_WITH_KNOTS('',3,(#14608,#14609,#14610,#14611),
 .UNSPECIFIED.,.F.,.F.,(4,4),(-9.03063688460268E-6,0.00289471720282052),
 .UNSPECIFIED.);
#49=B_SPLINE_CURVE_WITH_KNOTS('',3,(#14617,#14618,#14619,#14620),
 .UNSPECIFIED.,.F.,.F.,(4,4),(-9.49496163449735E-6,0.00226220674844848),
 .UNSPECIFIED.);
#50=B_SPLINE_CURVE_WITH_KNOTS('',3,(#14626,#14627,#14628,#14629),
 .UNSPECIFIED.,.F.,.F.,(4,4),(0.,0.0034420824444711),.UNSPECIFIED.);
#51=B_SPLINE_CURVE_WITH_KNOTS('',3,(#14631,#14632,#14633,#14634),
 .UNSPECIFIED.,.F.,.F.,(4,4),(0.,0.00101760211373088),.UNSPECIFIED.);
#52=B_SPLINE_CURVE_WITH_KNOTS('',3,(#14647,#14648,#14649,#14650),
 .UNSPECIFIED.,.F.,.F.,(4,4),(0.,0.0010176021137309),.UNSPECIFIED.);
#53=B_SPLINE_CURVE_WITH_KNOTS('',3,(#14653,#14654,#14655,#14656),
 .UNSPECIFIED.,.F.,.F.,(4,4),(-9.03063688457377E-6,0.00289816995570529),
 .UNSPECIFIED.);
#54=B_SPLINE_CURVE_WITH_KNOTS('',3,(#14658,#14659,#14660,#14661),
 .UNSPECIFIED.,.F.,.F.,(4,4),(0.,0.00344208244447109),.UNSPECIFIED.);
#55=B_SPLINE_CURVE_WITH_KNOTS('',3,(#14667,#14668,#14669,#14670),
 .UNSPECIFIED.,.F.,.F.,(4,4),(-9.49496163438026E-6,0.0022623734912235),
 .UNSPECIFIED.);
#56=B_SPLINE_CURVE_WITH_KNOTS('',3,(#14680,#14681,#14682,#14683),
 .UNSPECIFIED.,.F.,.F.,(4,4),(0.,0.00101760211373057),.UNSPECIFIED.);
#57=B_SPLINE_CURVE_WITH_KNOTS('',3,(#14686,#14687,#14688,#14689),
 .UNSPECIFIED.,.F.,.F.,(4,4),(0.,0.00101760211373058),.UNSPECIFIED.);
#58=B_SPLINE_CURVE_WITH_KNOTS('',3,(#14690,#14691,#14692,#14693),
 .UNSPECIFIED.,.F.,.F.,(4,4),(-9.03063688459748E-6,0.00289752061415889),
 .UNSPECIFIED.);
#59=B_SPLINE_CURVE_WITH_KNOTS('',3,(#14699,#14700,#14701,#14702),
 .UNSPECIFIED.,.F.,.F.,(4,4),(-9.49496163449111E-6,0.00226226031969949),
 .UNSPECIFIED.);
#60=B_SPLINE_CURVE_WITH_KNOTS('',3,(#14708,#14709,#14710,#14711),
 .UNSPECIFIED.,.F.,.F.,(4,4),(0.,0.00344208244447109),.UNSPECIFIED.);
#61=B_SPLINE_CURVE_WITH_KNOTS('',3,(#14713,#14714,#14715,#14716),
 .UNSPECIFIED.,.F.,.F.,(4,4),(0.,0.00101760211373088),.UNSPECIFIED.);
#62=B_SPLINE_CURVE_WITH_KNOTS('',3,(#14729,#14730,#14731,#14732),
 .UNSPECIFIED.,.F.,.F.,(4,4),(0.,0.00101760211373088),.UNSPECIFIED.);
#63=B_SPLINE_CURVE_WITH_KNOTS('',3,(#14735,#14736,#14737,#14738),
 .UNSPECIFIED.,.F.,.F.,(4,4),(-9.03063688460877E-6,0.00289542245782875),
 .UNSPECIFIED.);
#64=B_SPLINE_CURVE_WITH_KNOTS('',3,(#14740,#14741,#14742,#14743),
 .UNSPECIFIED.,.F.,.F.,(4,4),(0.,0.00344208244447112),.UNSPECIFIED.);
#65=B_SPLINE_CURVE_WITH_KNOTS('',3,(#14749,#14750,#14751,#14752),
 .UNSPECIFIED.,.F.,.F.,(4,4),(-9.49496163448023E-6,0.00226229949297674),
 .UNSPECIFIED.);
#66=B_SPLINE_CURVE_WITH_KNOTS('',3,(#14762,#14763,#14764,#14765),
 .UNSPECIFIED.,.F.,.F.,(4,4),(0.,0.00101760211373055),.UNSPECIFIED.);
#67=B_SPLINE_CURVE_WITH_KNOTS('',3,(#14768,#14769,#14770,#14771),
 .UNSPECIFIED.,.F.,.F.,(4,4),(0.,0.00101760211373055),.UNSPECIFIED.);
#68=B_SPLINE_CURVE_WITH_KNOTS('',3,(#14772,#14773,#14774,#14775),
 .UNSPECIFIED.,.F.,.F.,(4,4),(-9.03063688458915E-6,0.00289921007692779),
 .UNSPECIFIED.);
#69=B_SPLINE_CURVE_WITH_KNOTS('',3,(#14781,#14782,#14783,#14784),
 .UNSPECIFIED.,.F.,.F.,(4,4),(-9.49496163445898E-6,0.00226236349715749),
 .UNSPECIFIED.);
#70=B_SPLINE_CURVE_WITH_KNOTS('',3,(#14790,#14791,#14792,#14793),
 .UNSPECIFIED.,.F.,.F.,(4,4),(0.,0.00344208244447109),.UNSPECIFIED.);
#71=B_SPLINE_CURVE_WITH_KNOTS('',3,(#14795,#14796,#14797,#14798),
 .UNSPECIFIED.,.F.,.F.,(4,4),(0.,0.00101760211373085),.UNSPECIFIED.);
#72=B_SPLINE_CURVE_WITH_KNOTS('',3,(#14811,#14812,#14813,#14814),
 .UNSPECIFIED.,.F.,.F.,(4,4),(0.,0.00101760211373089),.UNSPECIFIED.);
#73=B_SPLINE_CURVE_WITH_KNOTS('',3,(#14817,#14818,#14819,#14820),
 .UNSPECIFIED.,.F.,.F.,(4,4),(-9.03063688457302E-6,0.00289285085432265),
 .UNSPECIFIED.);
#74=B_SPLINE_CURVE_WITH_KNOTS('',3,(#14822,#14823,#14824,#14825),
 .UNSPECIFIED.,.F.,.F.,(4,4),(0.,0.00344208244447111),.UNSPECIFIED.);
#75=B_SPLINE_CURVE_WITH_KNOTS('',3,(#14831,#14832,#14833,#14834),
 .UNSPECIFIED.,.F.,.F.,(4,4),(-9.49496163442864E-6,0.00226213315235712),
 .UNSPECIFIED.);
#76=B_SPLINE_CURVE_WITH_KNOTS('',3,(#14844,#14845,#14846,#14847),
 .UNSPECIFIED.,.F.,.F.,(4,4),(0.,0.00101760211373054),.UNSPECIFIED.);
#77=B_SPLINE_CURVE_WITH_KNOTS('',3,(#14850,#14851,#14852,#14853),
 .UNSPECIFIED.,.F.,.F.,(4,4),(0.,0.00101760211373059),.UNSPECIFIED.);
#78=B_SPLINE_CURVE_WITH_KNOTS('',3,(#14854,#14855,#14856,#14857),
 .UNSPECIFIED.,.F.,.F.,(4,4),(-9.03063688459035E-6,0.00289683415502073),
 .UNSPECIFIED.);
#79=B_SPLINE_CURVE_WITH_KNOTS('',3,(#14863,#14864,#14865,#14866),
 .UNSPECIFIED.,.F.,.F.,(4,4),(-9.49496163458276E-6,0.00226238378566385),
 .UNSPECIFIED.);
#80=B_SPLINE_CURVE_WITH_KNOTS('',3,(#14872,#14873,#14874,#14875),
 .UNSPECIFIED.,.F.,.F.,(4,4),(0.,0.00344208244447109),.UNSPECIFIED.);
#81=B_SPLINE_CURVE_WITH_KNOTS('',3,(#14877,#14878,#14879,#14880),
 .UNSPECIFIED.,.F.,.F.,(4,4),(0.,0.00101760211373089),.UNSPECIFIED.);
#82=B_SPLINE_CURVE_WITH_KNOTS('',3,(#14893,#14894,#14895,#14896),
 .UNSPECIFIED.,.F.,.F.,(4,4),(0.,0.00101760211373089),.UNSPECIFIED.);
#83=B_SPLINE_CURVE_WITH_KNOTS('',3,(#14899,#14900,#14901,#14902),
 .UNSPECIFIED.,.F.,.F.,(4,4),(-9.03063688456184E-6,0.00289542245782878),
 .UNSPECIFIED.);
#84=B_SPLINE_CURVE_WITH_KNOTS('',3,(#14904,#14905,#14906,#14907),
 .UNSPECIFIED.,.F.,.F.,(4,4),(0.,0.0034420824444711),.UNSPECIFIED.);
#85=B_SPLINE_CURVE_WITH_KNOTS('',3,(#14913,#14914,#14915,#14916),
 .UNSPECIFIED.,.F.,.F.,(4,4),(-9.49496163448745E-6,0.00226232810486765),
 .UNSPECIFIED.);
#86=B_SPLINE_CURVE_WITH_KNOTS('',3,(#14926,#14927,#14928,#14929),
 .UNSPECIFIED.,.F.,.F.,(4,4),(0.,0.00101760211373055),.UNSPECIFIED.);
#87=B_SPLINE_CURVE_WITH_KNOTS('',3,(#14932,#14933,#14934,#14935),
 .UNSPECIFIED.,.F.,.F.,(4,4),(0.,0.00101760211373054),.UNSPECIFIED.);
#88=B_SPLINE_CURVE_WITH_KNOTS('',3,(#14936,#14937,#14938,#14939),
 .UNSPECIFIED.,.F.,.F.,(4,4),(-9.03063688458394E-6,0.00289401949946076),
 .UNSPECIFIED.);
#89=B_SPLINE_CURVE_WITH_KNOTS('',3,(#14945,#14946,#14947,#14948),
 .UNSPECIFIED.,.F.,.F.,(4,4),(-9.49496163445898E-6,0.0022623634971575),
 .UNSPECIFIED.);
#90=B_SPLINE_CURVE_WITH_KNOTS('',3,(#14954,#14955,#14956,#14957),
 .UNSPECIFIED.,.F.,.F.,(4,4),(0.,0.00344208244447109),.UNSPECIFIED.);
#91=B_SPLINE_CURVE_WITH_KNOTS('',3,(#14959,#14960,#14961,#14962),
 .UNSPECIFIED.,.F.,.F.,(4,4),(0.,0.0010176021137309),.UNSPECIFIED.);
#92=B_SPLINE_CURVE_WITH_KNOTS('',3,(#14975,#14976,#14977,#14978),
 .UNSPECIFIED.,.F.,.F.,(4,4),(0.,0.00101760211373088),.UNSPECIFIED.);
#93=B_SPLINE_CURVE_WITH_KNOTS('',3,(#14981,#14982,#14983,#14984),
 .UNSPECIFIED.,.F.,.F.,(4,4),(-9.03063688457181E-6,0.00289816995570527),
 .UNSPECIFIED.);
#94=B_SPLINE_CURVE_WITH_KNOTS('',3,(#14986,#14987,#14988,#14989),
 .UNSPECIFIED.,.F.,.F.,(4,4),(0.,0.00344208244447109),.UNSPECIFIED.);
#95=B_SPLINE_CURVE_WITH_KNOTS('',3,(#14995,#14996,#14997,#14998),
 .UNSPECIFIED.,.F.,.F.,(4,4),(-9.49496163449981E-6,0.00226237976929218),
 .UNSPECIFIED.);
#96=B_SPLINE_CURVE_WITH_KNOTS('',3,(#15008,#15009,#15010,#15011),
 .UNSPECIFIED.,.F.,.F.,(4,4),(0.,0.00101760211373062),.UNSPECIFIED.);
#97=B_SPLINE_CURVE_WITH_KNOTS('',3,(#15014,#15015,#15016,#15017),
 .UNSPECIFIED.,.F.,.F.,(4,4),(0.,0.00101760211373056),.UNSPECIFIED.);
#98=B_SPLINE_CURVE_WITH_KNOTS('',3,(#15018,#15019,#15020,#15021),
 .UNSPECIFIED.,.F.,.F.,(4,4),(-9.03063688458407E-6,0.0028940194994608),
 .UNSPECIFIED.);
#99=B_SPLINE_CURVE_WITH_KNOTS('',3,(#15027,#15028,#15029,#15030),
 .UNSPECIFIED.,.F.,.F.,(4,4),(-9.49496163449111E-6,0.00226226031969941),
 .UNSPECIFIED.);
#100=B_SPLINE_CURVE_WITH_KNOTS('',3,(#15036,#15037,#15038,#15039),
 .UNSPECIFIED.,.F.,.F.,(4,4),(0.,0.00344208244447106),.UNSPECIFIED.);
#101=B_SPLINE_CURVE_WITH_KNOTS('',3,(#15041,#15042,#15043,#15044),
 .UNSPECIFIED.,.F.,.F.,(4,4),(0.,0.00101760211373089),.UNSPECIFIED.);
#102=B_SPLINE_CURVE_WITH_KNOTS('',3,(#15057,#15058,#15059,#15060),
 .UNSPECIFIED.,.F.,.F.,(4,4),(0.,0.00101760211373092),.UNSPECIFIED.);
#103=B_SPLINE_CURVE_WITH_KNOTS('',3,(#15063,#15064,#15065,#15066),
 .UNSPECIFIED.,.F.,.F.,(4,4),(-9.03063688458526E-6,0.0028987500679635),
 .UNSPECIFIED.);
#104=B_SPLINE_CURVE_WITH_KNOTS('',3,(#15068,#15069,#15070,#15071),
 .UNSPECIFIED.,.F.,.F.,(4,4),(0.,0.00344208244447109),.UNSPECIFIED.);
#105=B_SPLINE_CURVE_WITH_KNOTS('',3,(#15077,#15078,#15079,#15080),
 .UNSPECIFIED.,.F.,.F.,(4,4),(-9.49496163449981E-6,0.00226237976929219),
 .UNSPECIFIED.);
#106=B_SPLINE_CURVE_WITH_KNOTS('',3,(#15090,#15091,#15092,#15093),
 .UNSPECIFIED.,.F.,.F.,(4,4),(0.,0.00101760211373057),.UNSPECIFIED.);
#107=B_SPLINE_CURVE_WITH_KNOTS('',3,(#15096,#15097,#15098,#15099),
 .UNSPECIFIED.,.F.,.F.,(4,4),(0.,0.00101760211373056),.UNSPECIFIED.);
#108=B_SPLINE_CURVE_WITH_KNOTS('',3,(#15100,#15101,#15102,#15103),
 .UNSPECIFIED.,.F.,.F.,(4,4),(-9.03063688454346E-6,0.00289683415502076),
 .UNSPECIFIED.);
#109=B_SPLINE_CURVE_WITH_KNOTS('',3,(#15109,#15110,#15111,#15112),
 .UNSPECIFIED.,.F.,.F.,(4,4),(-9.49496163449735E-6,0.00226220674844848),
 .UNSPECIFIED.);
#110=B_SPLINE_CURVE_WITH_KNOTS('',3,(#15118,#15119,#15120,#15121),
 .UNSPECIFIED.,.F.,.F.,(4,4),(0.,0.00344208244447108),.UNSPECIFIED.);
#111=B_SPLINE_CURVE_WITH_KNOTS('',3,(#15123,#15124,#15125,#15126),
 .UNSPECIFIED.,.F.,.F.,(4,4),(0.,0.00101760211373091),.UNSPECIFIED.);
#112=B_SPLINE_CURVE_WITH_KNOTS('',3,(#15139,#15140,#15141,#15142),
 .UNSPECIFIED.,.F.,.F.,(4,4),(0.,0.00101760211373089),.UNSPECIFIED.);
#113=B_SPLINE_CURVE_WITH_KNOTS('',3,(#15145,#15146,#15147,#15148),
 .UNSPECIFIED.,.F.,.F.,(4,4),(-9.03063688458865E-6,0.00289613063675709),
 .UNSPECIFIED.);
#114=B_SPLINE_CURVE_WITH_KNOTS('',3,(#15150,#15151,#15152,#15153),
 .UNSPECIFIED.,.F.,.F.,(4,4),(0.,0.0034420824444711),.UNSPECIFIED.);
#115=B_SPLINE_CURVE_WITH_KNOTS('',3,(#15159,#15160,#15161,#15162),
 .UNSPECIFIED.,.F.,.F.,(4,4),(-9.49496163448745E-6,0.00226232810486776),
 .UNSPECIFIED.);
#116=B_SPLINE_CURVE_WITH_KNOTS('',3,(#15172,#15173,#15174,#15175),
 .UNSPECIFIED.,.F.,.F.,(4,4),(0.,0.00101760211373055),.UNSPECIFIED.);
#117=B_SPLINE_CURVE_WITH_KNOTS('',3,(#15178,#15179,#15180,#15181),
 .UNSPECIFIED.,.F.,.F.,(4,4),(0.,0.00101760211373053),.UNSPECIFIED.);
#118=B_SPLINE_CURVE_WITH_KNOTS('',3,(#15182,#15183,#15184,#15185),
 .UNSPECIFIED.,.F.,.F.,(4,4),(-9.03063688455611E-6,0.00289921007692774),
 .UNSPECIFIED.);
#119=B_SPLINE_CURVE_WITH_KNOTS('',3,(#15191,#15192,#15193,#15194),
 .UNSPECIFIED.,.F.,.F.,(4,4),(-9.4949616345578E-6,0.00226234881504124),
 .UNSPECIFIED.);
#120=B_SPLINE_CURVE_WITH_KNOTS('',3,(#15200,#15201,#15202,#15203),
 .UNSPECIFIED.,.F.,.F.,(4,4),(0.,0.00344208244447109),.UNSPECIFIED.);
#121=B_SPLINE_CURVE_WITH_KNOTS('',3,(#15205,#15206,#15207,#15208),
 .UNSPECIFIED.,.F.,.F.,(4,4),(0.,0.00101760211373095),.UNSPECIFIED.);
#122=B_SPLINE_CURVE_WITH_KNOTS('',3,(#15221,#15222,#15223,#15224),
 .UNSPECIFIED.,.F.,.F.,(4,4),(0.,0.00101760211373088),.UNSPECIFIED.);
#123=B_SPLINE_CURVE_WITH_KNOTS('',3,(#15227,#15228,#15229,#15230),
 .UNSPECIFIED.,.F.,.F.,(4,4),(-9.03063688459842E-6,0.0028933322601755),
 .UNSPECIFIED.);
#124=B_SPLINE_CURVE_WITH_KNOTS('',3,(#15232,#15233,#15234,#15235),
 .UNSPECIFIED.,.F.,.F.,(4,4),(0.,0.00344208244447104),.UNSPECIFIED.);
#125=B_SPLINE_CURVE_WITH_KNOTS('',3,(#15241,#15242,#15243,#15244),
 .UNSPECIFIED.,.F.,.F.,(4,4),(-9.49496163442864E-6,0.00226213315235712),
 .UNSPECIFIED.);
#126=B_SPLINE_CURVE_WITH_KNOTS('',3,(#15254,#15255,#15256,#15257),
 .UNSPECIFIED.,.F.,.F.,(4,4),(0.,0.00101760211373056),.UNSPECIFIED.);
#127=B_SPLINE_CURVE_WITH_KNOTS('',3,(#15260,#15261,#15262,#15263),
 .UNSPECIFIED.,.F.,.F.,(4,4),(0.,0.00101760211373057),.UNSPECIFIED.);
#128=B_SPLINE_CURVE_WITH_KNOTS('',3,(#15264,#15265,#15266,#15267),
 .UNSPECIFIED.,.F.,.F.,(4,4),(-9.03063688460048E-6,0.00289752061415894),
 .UNSPECIFIED.);
#129=B_SPLINE_CURVE_WITH_KNOTS('',3,(#15273,#15274,#15275,#15276),
 .UNSPECIFIED.,.F.,.F.,(4,4),(-9.49496163441575E-6,0.00226238304648123),
 .UNSPECIFIED.);
#130=B_SPLINE_CURVE_WITH_KNOTS('',3,(#15282,#15283,#15284,#15285),
 .UNSPECIFIED.,.F.,.F.,(4,4),(0.,0.00344208244447109),.UNSPECIFIED.);
#131=B_SPLINE_CURVE_WITH_KNOTS('',3,(#15287,#15288,#15289,#15290),
 .UNSPECIFIED.,.F.,.F.,(4,4),(0.,0.00101760211373088),.UNSPECIFIED.);
#132=B_SPLINE_CURVE_WITH_KNOTS('',3,(#15303,#15304,#15305,#15306),
 .UNSPECIFIED.,.F.,.F.,(4,4),(0.,0.00101760211373089),.UNSPECIFIED.);
#133=B_SPLINE_CURVE_WITH_KNOTS('',3,(#15309,#15310,#15311,#15312),
 .UNSPECIFIED.,.F.,.F.,(4,4),(-9.03063688460268E-6,0.00289471720282058),
 .UNSPECIFIED.);
#134=B_SPLINE_CURVE_WITH_KNOTS('',3,(#15314,#15315,#15316,#15317),
 .UNSPECIFIED.,.F.,.F.,(4,4),(0.,0.00344208244447108),.UNSPECIFIED.);
#135=B_SPLINE_CURVE_WITH_KNOTS('',3,(#15323,#15324,#15325,#15326),
 .UNSPECIFIED.,.F.,.F.,(4,4),(-9.49496163448369E-6,0.00226229949297679),
 .UNSPECIFIED.);
#136=B_SPLINE_CURVE_WITH_KNOTS('',3,(#15334,#15335,#15336,#15337),
 .UNSPECIFIED.,.F.,.F.,(4,4),(0.,0.00101760211373056),.UNSPECIFIED.);
#137=B_SPLINE_CURVE_WITH_KNOTS('',3,(#15342,#15343,#15344,#15345),
 .UNSPECIFIED.,.F.,.F.,(4,4),(-9.49496163438026E-6,0.0022623734912235),
 .UNSPECIFIED.);
#138=TOROIDAL_SURFACE('',#9124,0.00262304830667329,0.00201212754041179);
#139=TOROIDAL_SURFACE('',#9131,0.00262304830667328,0.00201212754041179);
#140=TOROIDAL_SURFACE('',#9133,0.00262304830667329,0.00201212754041179);
#141=TOROIDAL_SURFACE('',#9139,0.00262304830667328,0.00201212754041179);
#142=TOROIDAL_SURFACE('',#9140,0.00440339010644421,0.00201212754041179);
#143=TOROIDAL_SURFACE('',#9148,0.0044033901064442,0.00201212754041179);
#144=TOROIDAL_SURFACE('',#9151,0.0044033901064442,0.00201212754041179);
#145=TOROIDAL_SURFACE('',#9153,0.00440339010644421,0.00201212754041179);
#146=TOROIDAL_SURFACE('',#9159,0.00440339010644421,0.00201212754041179);
#147=TOROIDAL_SURFACE('',#9167,0.0044033901064442,0.00201212754041179);
#148=TOROIDAL_SURFACE('',#9169,0.00440339010644421,0.00201212754041179);
#149=TOROIDAL_SURFACE('',#9175,0.0044033901064442,0.00201212754041179);
#150=TOROIDAL_SURFACE('',#9181,0.0044033901064442,0.00201212754041179);
#151=TOROIDAL_SURFACE('',#9184,0.0044033901064442,0.00201212754041179);
#152=TOROIDAL_SURFACE('',#9186,0.00440339010644421,0.00201212754041179);
#153=TOROIDAL_SURFACE('',#9188,0.00440339010644421,0.00201212754041179);
#154=TOROIDAL_SURFACE('',#9193,0.00440339010644421,0.00201212754041179);
#155=TOROIDAL_SURFACE('',#9201,0.0044033901064442,0.00201212754041179);
#156=TOROIDAL_SURFACE('',#9203,0.00440339010644421,0.00201212754041179);
#157=TOROIDAL_SURFACE('',#9209,0.0044033901064442,0.00201212754041179);
#158=TOROIDAL_SURFACE('',#9215,0.0044033901064442,0.00201212754041179);
#159=TOROIDAL_SURFACE('',#9218,0.0044033901064442,0.00201212754041179);
#160=TOROIDAL_SURFACE('',#9220,0.00440339010644421,0.00201212754041179);
#161=TOROIDAL_SURFACE('',#9222,0.00440339010644421,0.00201212754041179);
#162=TOROIDAL_SURFACE('',#9227,0.00440339010644421,0.00201212754041179);
#163=TOROIDAL_SURFACE('',#9235,0.0044033901064442,0.00201212754041179);
#164=TOROIDAL_SURFACE('',#9237,0.00440339010644421,0.00201212754041179);
#165=TOROIDAL_SURFACE('',#9243,0.0044033901064442,0.00201212754041179);
#166=TOROIDAL_SURFACE('',#9249,0.0044033901064442,0.00201212754041179);
#167=TOROIDAL_SURFACE('',#9252,0.0044033901064442,0.00201212754041179);
#168=TOROIDAL_SURFACE('',#9254,0.00440339010644421,0.00201212754041179);
#169=TOROIDAL_SURFACE('',#9256,0.00440339010644421,0.00201212754041179);
#170=TOROIDAL_SURFACE('',#9261,0.00440339010644421,0.00201212754041179);
#171=TOROIDAL_SURFACE('',#9269,0.0044033901064442,0.00201212754041179);
#172=TOROIDAL_SURFACE('',#9271,0.00440339010644421,0.00201212754041179);
#173=TOROIDAL_SURFACE('',#9277,0.0044033901064442,0.00201212754041179);
#174=TOROIDAL_SURFACE('',#9283,0.0044033901064442,0.00201212754041179);
#175=TOROIDAL_SURFACE('',#9286,0.0044033901064442,0.00201212754041179);
#176=TOROIDAL_SURFACE('',#9288,0.00440339010644421,0.00201212754041179);
#177=TOROIDAL_SURFACE('',#9290,0.00440339010644421,0.00201212754041179);
#178=TOROIDAL_SURFACE('',#9295,0.00440339010644421,0.00201212754041179);
#179=TOROIDAL_SURFACE('',#9303,0.0044033901064442,0.00201212754041179);
#180=TOROIDAL_SURFACE('',#9305,0.00440339010644421,0.00201212754041179);
#181=TOROIDAL_SURFACE('',#9311,0.0044033901064442,0.00201212754041179);
#182=TOROIDAL_SURFACE('',#9317,0.0044033901064442,0.00201212754041179);
#183=TOROIDAL_SURFACE('',#9320,0.0044033901064442,0.00201212754041179);
#184=TOROIDAL_SURFACE('',#9322,0.00440339010644421,0.00201212754041179);
#185=TOROIDAL_SURFACE('',#9324,0.00440339010644421,0.00201212754041179);
#186=TOROIDAL_SURFACE('',#9329,0.00440339010644421,0.00201212754041179);
#187=TOROIDAL_SURFACE('',#9337,0.0044033901064442,0.00201212754041179);
#188=TOROIDAL_SURFACE('',#9339,0.00440339010644421,0.00201212754041179);
#189=TOROIDAL_SURFACE('',#9345,0.0044033901064442,0.00201212754041179);
#190=TOROIDAL_SURFACE('',#9351,0.0044033901064442,0.00201212754041179);
#191=TOROIDAL_SURFACE('',#9354,0.0044033901064442,0.00201212754041179);
#192=TOROIDAL_SURFACE('',#9356,0.00440339010644421,0.00201212754041179);
#193=TOROIDAL_SURFACE('',#9358,0.00440339010644421,0.00201212754041179);
#194=TOROIDAL_SURFACE('',#9363,0.00440339010644421,0.00201212754041179);
#195=TOROIDAL_SURFACE('',#9371,0.0044033901064442,0.00201212754041179);
#196=TOROIDAL_SURFACE('',#9373,0.00440339010644421,0.00201212754041179);
#197=TOROIDAL_SURFACE('',#9379,0.0044033901064442,0.00201212754041179);
#198=TOROIDAL_SURFACE('',#9385,0.0044033901064442,0.00201212754041179);
#199=TOROIDAL_SURFACE('',#9388,0.0044033901064442,0.00201212754041179);
#200=TOROIDAL_SURFACE('',#9390,0.00440339010644421,0.00201212754041179);
#201=TOROIDAL_SURFACE('',#9392,0.00440339010644421,0.00201212754041179);
#202=TOROIDAL_SURFACE('',#9397,0.00440339010644421,0.00201212754041179);
#203=TOROIDAL_SURFACE('',#9405,0.0044033901064442,0.00201212754041179);
#204=TOROIDAL_SURFACE('',#9407,0.00440339010644421,0.00201212754041179);
#205=TOROIDAL_SURFACE('',#9413,0.0044033901064442,0.00201212754041179);
#206=TOROIDAL_SURFACE('',#9419,0.0044033901064442,0.00201212754041179);
#207=TOROIDAL_SURFACE('',#9422,0.0044033901064442,0.00201212754041179);
#208=TOROIDAL_SURFACE('',#9424,0.00440339010644421,0.00201212754041179);
#209=TOROIDAL_SURFACE('',#9426,0.00440339010644421,0.00201212754041179);
#210=TOROIDAL_SURFACE('',#9431,0.00440339010644421,0.00201212754041179);
#211=TOROIDAL_SURFACE('',#9439,0.0044033901064442,0.00201212754041179);
#212=TOROIDAL_SURFACE('',#9441,0.00440339010644421,0.00201212754041179);
#213=TOROIDAL_SURFACE('',#9447,0.0044033901064442,0.00201212754041179);
#214=TOROIDAL_SURFACE('',#9453,0.0044033901064442,0.00201212754041179);
#215=TOROIDAL_SURFACE('',#9456,0.0044033901064442,0.00201212754041179);
#216=TOROIDAL_SURFACE('',#9458,0.00440339010644421,0.00201212754041179);
#217=TOROIDAL_SURFACE('',#9460,0.00440339010644421,0.00201212754041179);
#218=TOROIDAL_SURFACE('',#9465,0.00440339010644421,0.00201212754041179);
#219=TOROIDAL_SURFACE('',#9473,0.0044033901064442,0.00201212754041179);
#220=TOROIDAL_SURFACE('',#9475,0.00440339010644421,0.00201212754041179);
#221=TOROIDAL_SURFACE('',#9481,0.0044033901064442,0.00201212754041179);
#222=TOROIDAL_SURFACE('',#9487,0.0044033901064442,0.00201212754041179);
#223=TOROIDAL_SURFACE('',#9489,0.00440339010644421,0.00201212754041179);
#224=TOROIDAL_SURFACE('',#9491,0.00440339010644421,0.00201212754041179);
#225=TOROIDAL_SURFACE('',#9496,0.0044033901064442,0.00201212754041179);
#226=TOROIDAL_SURFACE('',#9497,0.00262304830667329,0.00201212754041179);
#227=TOROIDAL_SURFACE('',#9504,0.00262304830667328,0.00201212754041179);
#228=TOROIDAL_SURFACE('',#9506,0.00262304830667329,0.00201212754041179);
#229=TOROIDAL_SURFACE('',#9512,0.00262304830667328,0.00201212754041179);
#230=TOROIDAL_SURFACE('',#9513,0.00262304830667329,0.00201212754041179);
#231=TOROIDAL_SURFACE('',#9520,0.00262304830667328,0.00201212754041179);
#232=TOROIDAL_SURFACE('',#9522,0.00262304830667329,0.00201212754041179);
#233=TOROIDAL_SURFACE('',#9528,0.00262304830667328,0.00201212754041179);
#234=TOROIDAL_SURFACE('',#9529,0.00262304830667329,0.00201212754041179);
#235=TOROIDAL_SURFACE('',#9536,0.00262304830667328,0.00201212754041179);
#236=TOROIDAL_SURFACE('',#9538,0.00262304830667329,0.00201212754041179);
#237=TOROIDAL_SURFACE('',#9544,0.00262304830667328,0.00201212754041179);
#238=TOROIDAL_SURFACE('',#9545,0.00262304830667329,0.00201212754041179);
#239=TOROIDAL_SURFACE('',#9552,0.00262304830667328,0.00201212754041179);
#240=TOROIDAL_SURFACE('',#9554,0.00262304830667329,0.00201212754041179);
#241=TOROIDAL_SURFACE('',#9560,0.00262304830667328,0.00201212754041179);
#242=TOROIDAL_SURFACE('',#9561,0.00262304830667329,0.00201212754041179);
#243=TOROIDAL_SURFACE('',#9568,0.00262304830667328,0.00201212754041179);
#244=TOROIDAL_SURFACE('',#9570,0.00262304830667329,0.00201212754041179);
#245=TOROIDAL_SURFACE('',#9576,0.00262304830667328,0.00201212754041179);
#246=TOROIDAL_SURFACE('',#9577,0.00262304830667329,0.00201212754041179);
#247=TOROIDAL_SURFACE('',#9584,0.00262304830667328,0.00201212754041179);
#248=TOROIDAL_SURFACE('',#9586,0.00262304830667329,0.00201212754041179);
#249=TOROIDAL_SURFACE('',#9592,0.00262304830667328,0.00201212754041179);
#250=TOROIDAL_SURFACE('',#9593,0.00262304830667329,0.00201212754041179);
#251=TOROIDAL_SURFACE('',#9600,0.00262304830667328,0.00201212754041179);
#252=TOROIDAL_SURFACE('',#9602,0.00262304830667329,0.00201212754041179);
#253=TOROIDAL_SURFACE('',#9608,0.00262304830667328,0.00201212754041179);
#254=TOROIDAL_SURFACE('',#9609,0.00262304830667329,0.00201212754041179);
#255=TOROIDAL_SURFACE('',#9616,0.00262304830667328,0.00201212754041179);
#256=TOROIDAL_SURFACE('',#9618,0.00262304830667329,0.00201212754041179);
#257=TOROIDAL_SURFACE('',#9624,0.00262304830667328,0.00201212754041179);
#258=TOROIDAL_SURFACE('',#9625,0.00262304830667329,0.00201212754041179);
#259=TOROIDAL_SURFACE('',#9632,0.00262304830667328,0.00201212754041179);
#260=TOROIDAL_SURFACE('',#9634,0.00262304830667329,0.00201212754041179);
#261=TOROIDAL_SURFACE('',#9640,0.00262304830667328,0.00201212754041179);
#262=TOROIDAL_SURFACE('',#9641,0.00262304830667329,0.00201212754041179);
#263=TOROIDAL_SURFACE('',#9648,0.00262304830667328,0.00201212754041179);
#264=TOROIDAL_SURFACE('',#9650,0.00262304830667329,0.00201212754041179);
#265=TOROIDAL_SURFACE('',#9656,0.00262304830667328,0.00201212754041179);
#266=TOROIDAL_SURFACE('',#9657,0.00262304830667329,0.00201212754041179);
#267=TOROIDAL_SURFACE('',#9664,0.00262304830667328,0.00201212754041179);
#268=TOROIDAL_SURFACE('',#9666,0.00262304830667329,0.00201212754041179);
#269=TOROIDAL_SURFACE('',#9672,0.00262304830667328,0.00201212754041179);
#270=TOROIDAL_SURFACE('',#9673,0.00262304830667329,0.00201212754041179);
#271=TOROIDAL_SURFACE('',#9680,0.00262304830667328,0.00201212754041179);
#272=TOROIDAL_SURFACE('',#9682,0.00262304830667329,0.00201212754041179);
#273=TOROIDAL_SURFACE('',#9688,0.00262304830667328,0.00201212754041179);
#274=TOROIDAL_SURFACE('',#9689,0.00262304830667329,0.00201212754041179);
#275=TOROIDAL_SURFACE('',#9696,0.00262304830667328,0.00201212754041179);
#276=TOROIDAL_SURFACE('',#9698,0.00262304830667329,0.00201212754041179);
#277=TOROIDAL_SURFACE('',#9704,0.00262304830667328,0.00201212754041179);
#278=TOROIDAL_SURFACE('',#9705,0.00262304830667329,0.00201212754041179);
#279=TOROIDAL_SURFACE('',#9712,0.00262304830667328,0.00201212754041179);
#280=TOROIDAL_SURFACE('',#9714,0.00262304830667329,0.00201212754041179);
#281=TOROIDAL_SURFACE('',#9720,0.00262304830667328,0.00201212754041179);
#282=TOROIDAL_SURFACE('',#9721,0.00262304830667329,0.00201212754041179);
#283=TOROIDAL_SURFACE('',#9728,0.00262304830667328,0.00201212754041179);
#284=TOROIDAL_SURFACE('',#9730,0.00262304830667329,0.00201212754041179);
#285=TOROIDAL_SURFACE('',#9736,0.00262304830667328,0.00201212754041179);
#286=TOROIDAL_SURFACE('',#9737,0.00262304830667329,0.00201212754041179);
#287=TOROIDAL_SURFACE('',#9744,0.00262304830667328,0.00201212754041179);
#288=TOROIDAL_SURFACE('',#9746,0.00262304830667329,0.00201212754041179);
#289=TOROIDAL_SURFACE('',#9752,0.00262304830667328,0.00201212754041179);
#290=TOROIDAL_SURFACE('',#9753,0.00262304830667329,0.00201212754041179);
#291=TOROIDAL_SURFACE('',#9760,0.00262304830667328,0.00201212754041179);
#292=TOROIDAL_SURFACE('',#9762,0.00262304830667329,0.00201212754041179);
#293=TOROIDAL_SURFACE('',#9768,0.00262304830667328,0.00201212754041179);
#294=TOROIDAL_SURFACE('',#9769,0.00262304830667329,0.00201212754041179);
#295=TOROIDAL_SURFACE('',#9776,0.00262304830667328,0.00201212754041179);
#296=TOROIDAL_SURFACE('',#9778,0.00262304830667329,0.00201212754041179);
#297=TOROIDAL_SURFACE('',#9784,0.00262304830667328,0.00201212754041179);
#298=TOROIDAL_SURFACE('',#9785,0.00262304830667329,0.00201212754041179);
#299=TOROIDAL_SURFACE('',#9792,0.00262304830667328,0.00201212754041179);
#300=TOROIDAL_SURFACE('',#9794,0.00262304830667329,0.00201212754041179);
#301=TOROIDAL_SURFACE('',#9800,0.00262304830667328,0.00201212754041179);
#302=TOROIDAL_SURFACE('',#9801,0.00262304830667328,0.00201212754041179);
#303=TOROIDAL_SURFACE('',#9808,0.00262304830667328,0.00201212754041179);
#304=TOROIDAL_SURFACE('',#9810,0.00262304830667329,0.00201212754041179);
#305=TOROIDAL_SURFACE('',#9816,0.00262304830667329,0.00201212754041179);
#306=TOROIDAL_SURFACE('',#9817,0.0297729066904867,0.0020121372);
#307=TOROIDAL_SURFACE('',#9818,0.0805378628,0.0020121372);
#308=CONICAL_SURFACE('',#8789,0.002493645,0.0521991379717089);
#309=CONICAL_SURFACE('',#8793,0.002493645,0.0521991379717089);
#310=CONICAL_SURFACE('',#8797,0.002493645,0.0521991379717089);
#311=CONICAL_SURFACE('',#8801,0.002493645,0.0521991379717089);
#312=CONICAL_SURFACE('',#8805,0.002493645,0.0521991379717089);
#313=CONICAL_SURFACE('',#8809,0.002493645,0.0521991379717089);
#314=CONICAL_SURFACE('',#8813,0.002493645,0.0521991379717089);
#315=CONICAL_SURFACE('',#8817,0.002493645,0.0521991379717089);
#316=CONICAL_SURFACE('',#8821,0.002493645,0.0521991379717089);
#317=CONICAL_SURFACE('',#8825,0.002493645,0.0521991379717089);
#318=CONICAL_SURFACE('',#8829,0.002493645,0.0521991379717089);
#319=CONICAL_SURFACE('',#8833,0.002493645,0.0521991379717089);
#320=CONICAL_SURFACE('',#8837,0.002493645,0.0521991379717089);
#321=CONICAL_SURFACE('',#8841,0.002493645,0.0521991379717089);
#322=CONICAL_SURFACE('',#8845,0.002493645,0.0521991379717089);
#323=CONICAL_SURFACE('',#8849,0.002493645,0.0521991379717089);
#324=CONICAL_SURFACE('',#8853,0.002493645,0.0521991379717089);
#325=CONICAL_SURFACE('',#8857,0.002493645,0.0521991379717089);
#326=CONICAL_SURFACE('',#8861,0.002493645,0.0521991379717089);
#327=CONICAL_SURFACE('',#8865,0.002493645,0.0521991379717089);
#328=CONICAL_SURFACE('',#8869,0.002493645,0.0521991379717089);
#329=CONICAL_SURFACE('',#8873,0.002493645,0.0521991379717089);
#330=CONICAL_SURFACE('',#8877,0.002493645,0.0521991379717089);
#331=CONICAL_SURFACE('',#8881,0.002493645,0.0521991379717089);
#332=CONICAL_SURFACE('',#8885,0.002493645,0.0521991379717089);
#333=CONICAL_SURFACE('',#8889,0.002493645,0.0521991379717089);
#334=CONICAL_SURFACE('',#8893,0.002493645,0.0521991379717089);
#335=CONICAL_SURFACE('',#8897,0.002493645,0.0521991379717089);
#336=CONICAL_SURFACE('',#8901,0.002493645,0.0521991379717089);
#337=CONICAL_SURFACE('',#8905,0.002493645,0.0521991379717089);
#338=CONICAL_SURFACE('',#8909,0.002493645,0.0521991379717089);
#339=CONICAL_SURFACE('',#8913,0.002493645,0.0521991379717089);
#340=CONICAL_SURFACE('',#8917,0.002493645,0.0521991379717089);
#341=CONICAL_SURFACE('',#8921,0.002493645,0.0521991379717089);
#342=CONICAL_SURFACE('',#8925,0.002493645,0.0521991379717089);
#343=CONICAL_SURFACE('',#8929,0.002493645,0.0521991379717089);
#344=CONICAL_SURFACE('',#8933,0.002493645,0.0521991379717089);
#345=CONICAL_SURFACE('',#8937,0.002493645,0.0521991379717089);
#346=CONICAL_SURFACE('',#8941,0.002493645,0.0521991379717089);
#347=CONICAL_SURFACE('',#8945,0.002493645,0.0521991379717089);
#348=CONICAL_SURFACE('',#8949,0.002493645,0.0521991379717089);
#349=CONICAL_SURFACE('',#8953,0.002493645,0.0521991379717089);
#350=CONICAL_SURFACE('',#8957,0.002493645,0.0521991379717089);
#351=CONICAL_SURFACE('',#8961,0.002493645,0.0521991379717089);
#352=CONICAL_SURFACE('',#8965,0.002493645,0.0521991379717089);
#353=CONICAL_SURFACE('',#8969,0.002493645,0.0521991379717089);
#354=CONICAL_SURFACE('',#8973,0.002493645,0.0521991379717089);
#355=CONICAL_SURFACE('',#8977,0.002493645,0.0521991379717089);
#356=CONICAL_SURFACE('',#8981,0.002493645,0.0521991379717089);
#357=CONICAL_SURFACE('',#8985,0.002493645,0.0521991379717089);
#358=CONICAL_SURFACE('',#8989,0.002493645,0.0521991379717089);
#359=CONICAL_SURFACE('',#8993,0.002493645,0.0521991379717089);
#360=CONICAL_SURFACE('',#8997,0.002493645,0.0521991379717089);
#361=CONICAL_SURFACE('',#9001,0.002493645,0.0521991379717089);
#362=CONICAL_SURFACE('',#9005,0.002493645,0.0521991379717089);
#363=CONICAL_SURFACE('',#9009,0.002493645,0.0521991379717089);
#364=CONICAL_SURFACE('',#9013,0.002493645,0.0521991379717089);
#365=CONICAL_SURFACE('',#9017,0.002493645,0.0521991379717089);
#366=CONICAL_SURFACE('',#9021,0.002493645,0.0521991379717089);
#367=CONICAL_SURFACE('',#9025,0.002493645,0.0521991379717089);
#368=CONICAL_SURFACE('',#9029,0.002493645,0.0521991379717089);
#369=CONICAL_SURFACE('',#9033,0.002493645,0.0521991379717089);
#370=CONICAL_SURFACE('',#9037,0.002493645,0.0521991379717089);
#371=CONICAL_SURFACE('',#9041,0.002493645,0.0521991379717089);
#372=CONICAL_SURFACE('',#9045,0.002493645,0.0521991379717089);
#373=CONICAL_SURFACE('',#9049,0.002493645,0.0521991379717089);
#374=CONICAL_SURFACE('',#9053,0.002493645,0.0521991379717089);
#375=CONICAL_SURFACE('',#9057,0.002493645,0.0521991379717089);
#376=CONICAL_SURFACE('',#9061,0.002493645,0.0521991379717089);
#377=CONICAL_SURFACE('',#9065,0.002493645,0.0521991379717089);
#378=CONICAL_SURFACE('',#9069,0.002493645,0.0521991379717089);
#379=CONICAL_SURFACE('',#9073,0.002493645,0.0521991379717089);
#380=CONICAL_SURFACE('',#9077,0.002493645,0.0521991379717089);
#381=CONICAL_SURFACE('',#9081,0.002493645,0.0521991379717089);
#382=CONICAL_SURFACE('',#9085,0.002493645,0.0521991379717089);
#383=CONICAL_SURFACE('',#9089,0.002493645,0.0521991379717089);
#384=CONICAL_SURFACE('',#9093,0.002493645,0.0521991379717089);
#385=CONICAL_SURFACE('',#9097,0.002493645,0.0521991379717089);
#386=CONICAL_SURFACE('',#9101,0.002493645,0.0521991379717089);
#387=CONICAL_SURFACE('',#9105,0.002493645,0.0521991379717089);
#388=CONICAL_SURFACE('',#9109,0.002493645,0.0521991379717089);
#389=CONICAL_SURFACE('',#9113,0.002493645,0.0521991379717089);
#390=CONICAL_SURFACE('',#9117,0.002493645,0.0521991379717089);
#391=CONICAL_SURFACE('',#9121,0.002493645,0.0521991379717089);
#392=CYLINDRICAL_SURFACE('',#8776,0.08255);
#393=CYLINDRICAL_SURFACE('',#8778,0.0239499475154622);
#394=CYLINDRICAL_SURFACE('',#8781,0.0277607694904867);
#395=CYLINDRICAL_SURFACE('',#8787,0.00530724649842686);
#396=CYLINDRICAL_SURFACE('',#9127,0.00201212754041179);
#397=CYLINDRICAL_SURFACE('',#9129,0.00201212754041179);
#398=CYLINDRICAL_SURFACE('',#9135,0.00201212754041179);
#399=CYLINDRICAL_SURFACE('',#9137,0.00201212754041179);
#400=CYLINDRICAL_SURFACE('',#9143,0.00201212754041179);
#401=CYLINDRICAL_SURFACE('',#9145,0.00201212754041179);
#402=CYLINDRICAL_SURFACE('',#9155,0.00201212754041179);
#403=CYLINDRICAL_SURFACE('',#9157,0.00201212754041179);
#404=CYLINDRICAL_SURFACE('',#9162,0.00201212754041179);
#405=CYLINDRICAL_SURFACE('',#9165,0.00201212754041179);
#406=CYLINDRICAL_SURFACE('',#9171,0.00201212754041179);
#407=CYLINDRICAL_SURFACE('',#9173,0.00201212754041179);
#408=CYLINDRICAL_SURFACE('',#9176,0.00201212754041179);
#409=CYLINDRICAL_SURFACE('',#9178,0.00201212754041179);
#410=CYLINDRICAL_SURFACE('',#9189,0.00201212754041179);
#411=CYLINDRICAL_SURFACE('',#9191,0.00201212754041179);
#412=CYLINDRICAL_SURFACE('',#9196,0.00201212754041179);
#413=CYLINDRICAL_SURFACE('',#9199,0.00201212754041179);
#414=CYLINDRICAL_SURFACE('',#9205,0.00201212754041179);
#415=CYLINDRICAL_SURFACE('',#9207,0.00201212754041179);
#416=CYLINDRICAL_SURFACE('',#9210,0.00201212754041179);
#417=CYLINDRICAL_SURFACE('',#9212,0.00201212754041179);
#418=CYLINDRICAL_SURFACE('',#9223,0.00201212754041179);
#419=CYLINDRICAL_SURFACE('',#9225,0.00201212754041179);
#420=CYLINDRICAL_SURFACE('',#9230,0.00201212754041179);
#421=CYLINDRICAL_SURFACE('',#9233,0.00201212754041179);
#422=CYLINDRICAL_SURFACE('',#9239,0.00201212754041179);
#423=CYLINDRICAL_SURFACE('',#9241,0.00201212754041179);
#424=CYLINDRICAL_SURFACE('',#9244,0.00201212754041179);
#425=CYLINDRICAL_SURFACE('',#9246,0.00201212754041179);
#426=CYLINDRICAL_SURFACE('',#9257,0.00201212754041179);
#427=CYLINDRICAL_SURFACE('',#9259,0.00201212754041179);
#428=CYLINDRICAL_SURFACE('',#9264,0.00201212754041179);
#429=CYLINDRICAL_SURFACE('',#9267,0.00201212754041179);
#430=CYLINDRICAL_SURFACE('',#9273,0.00201212754041179);
#431=CYLINDRICAL_SURFACE('',#9275,0.00201212754041179);
#432=CYLINDRICAL_SURFACE('',#9278,0.00201212754041179);
#433=CYLINDRICAL_SURFACE('',#9280,0.00201212754041179);
#434=CYLINDRICAL_SURFACE('',#9291,0.00201212754041179);
#435=CYLINDRICAL_SURFACE('',#9293,0.00201212754041179);
#436=CYLINDRICAL_SURFACE('',#9298,0.00201212754041179);
#437=CYLINDRICAL_SURFACE('',#9301,0.00201212754041179);
#438=CYLINDRICAL_SURFACE('',#9307,0.00201212754041179);
#439=CYLINDRICAL_SURFACE('',#9309,0.00201212754041179);
#440=CYLINDRICAL_SURFACE('',#9312,0.00201212754041179);
#441=CYLINDRICAL_SURFACE('',#9314,0.00201212754041179);
#442=CYLINDRICAL_SURFACE('',#9325,0.00201212754041179);
#443=CYLINDRICAL_SURFACE('',#9327,0.00201212754041179);
#444=CYLINDRICAL_SURFACE('',#9332,0.00201212754041179);
#445=CYLINDRICAL_SURFACE('',#9335,0.00201212754041179);
#446=CYLINDRICAL_SURFACE('',#9341,0.00201212754041179);
#447=CYLINDRICAL_SURFACE('',#9343,0.00201212754041179);
#448=CYLINDRICAL_SURFACE('',#9346,0.00201212754041179);
#449=CYLINDRICAL_SURFACE('',#9348,0.00201212754041179);
#450=CYLINDRICAL_SURFACE('',#9359,0.00201212754041179);
#451=CYLINDRICAL_SURFACE('',#9361,0.00201212754041179);
#452=CYLINDRICAL_SURFACE('',#9366,0.00201212754041179);
#453=CYLINDRICAL_SURFACE('',#9369,0.00201212754041179);
#454=CYLINDRICAL_SURFACE('',#9375,0.00201212754041179);
#455=CYLINDRICAL_SURFACE('',#9377,0.00201212754041179);
#456=CYLINDRICAL_SURFACE('',#9380,0.00201212754041179);
#457=CYLINDRICAL_SURFACE('',#9382,0.00201212754041179);
#458=CYLINDRICAL_SURFACE('',#9393,0.00201212754041179);
#459=CYLINDRICAL_SURFACE('',#9395,0.00201212754041179);
#460=CYLINDRICAL_SURFACE('',#9400,0.00201212754041179);
#461=CYLINDRICAL_SURFACE('',#9403,0.00201212754041179);
#462=CYLINDRICAL_SURFACE('',#9409,0.00201212754041179);
#463=CYLINDRICAL_SURFACE('',#9411,0.00201212754041179);
#464=CYLINDRICAL_SURFACE('',#9414,0.00201212754041179);
#465=CYLINDRICAL_SURFACE('',#9416,0.00201212754041179);
#466=CYLINDRICAL_SURFACE('',#9427,0.00201212754041179);
#467=CYLINDRICAL_SURFACE('',#9429,0.00201212754041179);
#468=CYLINDRICAL_SURFACE('',#9434,0.00201212754041179);
#469=CYLINDRICAL_SURFACE('',#9437,0.00201212754041179);
#470=CYLINDRICAL_SURFACE('',#9443,0.00201212754041179);
#471=CYLINDRICAL_SURFACE('',#9445,0.00201212754041179);
#472=CYLINDRICAL_SURFACE('',#9448,0.00201212754041179);
#473=CYLINDRICAL_SURFACE('',#9450,0.00201212754041179);
#474=CYLINDRICAL_SURFACE('',#9461,0.00201212754041179);
#475=CYLINDRICAL_SURFACE('',#9463,0.00201212754041179);
#476=CYLINDRICAL_SURFACE('',#9468,0.00201212754041179);
#477=CYLINDRICAL_SURFACE('',#9471,0.00201212754041179);
#478=CYLINDRICAL_SURFACE('',#9477,0.00201212754041179);
#479=CYLINDRICAL_SURFACE('',#9479,0.00201212754041179);
#480=CYLINDRICAL_SURFACE('',#9482,0.00201212754041179);
#481=CYLINDRICAL_SURFACE('',#9484,0.00201212754041179);
#482=CYLINDRICAL_SURFACE('',#9492,0.00201212754041179);
#483=CYLINDRICAL_SURFACE('',#9494,0.00201212754041179);
#484=CYLINDRICAL_SURFACE('',#9500,0.00201212754041179);
#485=CYLINDRICAL_SURFACE('',#9502,0.00201212754041179);
#486=CYLINDRICAL_SURFACE('',#9508,0.00201212754041179);
#487=CYLINDRICAL_SURFACE('',#9510,0.00201212754041179);
#488=CYLINDRICAL_SURFACE('',#9516,0.00201212754041179);
#489=CYLINDRICAL_SURFACE('',#9518,0.00201212754041179);
#490=CYLINDRICAL_SURFACE('',#9524,0.00201212754041179);
#491=CYLINDRICAL_SURFACE('',#9526,0.00201212754041179);
#492=CYLINDRICAL_SURFACE('',#9532,0.00201212754041179);
#493=CYLINDRICAL_SURFACE('',#9534,0.00201212754041179);
#494=CYLINDRICAL_SURFACE('',#9540,0.00201212754041179);
#495=CYLINDRICAL_SURFACE('',#9542,0.00201212754041179);
#496=CYLINDRICAL_SURFACE('',#9548,0.00201212754041179);
#497=CYLINDRICAL_SURFACE('',#9550,0.00201212754041179);
#498=CYLINDRICAL_SURFACE('',#9556,0.00201212754041179);
#499=CYLINDRICAL_SURFACE('',#9558,0.00201212754041179);
#500=CYLINDRICAL_SURFACE('',#9564,0.00201212754041179);
#501=CYLINDRICAL_SURFACE('',#9566,0.00201212754041179);
#502=CYLINDRICAL_SURFACE('',#9572,0.00201212754041179);
#503=CYLINDRICAL_SURFACE('',#9574,0.00201212754041179);
#504=CYLINDRICAL_SURFACE('',#9580,0.00201212754041179);
#505=CYLINDRICAL_SURFACE('',#9582,0.00201212754041179);
#506=CYLINDRICAL_SURFACE('',#9588,0.00201212754041179);
#507=CYLINDRICAL_SURFACE('',#9590,0.00201212754041179);
#508=CYLINDRICAL_SURFACE('',#9596,0.00201212754041179);
#509=CYLINDRICAL_SURFACE('',#9598,0.00201212754041179);
#510=CYLINDRICAL_SURFACE('',#9604,0.00201212754041179);
#511=CYLINDRICAL_SURFACE('',#9606,0.00201212754041179);
#512=CYLINDRICAL_SURFACE('',#9612,0.00201212754041179);
#513=CYLINDRICAL_SURFACE('',#9614,0.00201212754041179);
#514=CYLINDRICAL_SURFACE('',#9620,0.00201212754041179);
#515=CYLINDRICAL_SURFACE('',#9622,0.00201212754041179);
#516=CYLINDRICAL_SURFACE('',#9628,0.00201212754041179);
#517=CYLINDRICAL_SURFACE('',#9630,0.00201212754041179);
#518=CYLINDRICAL_SURFACE('',#9636,0.00201212754041179);
#519=CYLINDRICAL_SURFACE('',#9638,0.00201212754041179);
#520=CYLINDRICAL_SURFACE('',#9644,0.00201212754041179);
#521=CYLINDRICAL_SURFACE('',#9646,0.00201212754041179);
#522=CYLINDRICAL_SURFACE('',#9652,0.00201212754041179);
#523=CYLINDRICAL_SURFACE('',#9654,0.00201212754041179);
#524=CYLINDRICAL_SURFACE('',#9660,0.00201212754041179);
#525=CYLINDRICAL_SURFACE('',#9662,0.00201212754041179);
#526=CYLINDRICAL_SURFACE('',#9668,0.00201212754041179);
#527=CYLINDRICAL_SURFACE('',#9670,0.00201212754041179);
#528=CYLINDRICAL_SURFACE('',#9676,0.00201212754041179);
#529=CYLINDRICAL_SURFACE('',#9678,0.00201212754041179);
#530=CYLINDRICAL_SURFACE('',#9684,0.00201212754041179);
#531=CYLINDRICAL_SURFACE('',#9686,0.00201212754041179);
#532=CYLINDRICAL_SURFACE('',#9692,0.00201212754041179);
#533=CYLINDRICAL_SURFACE('',#9694,0.00201212754041179);
#534=CYLINDRICAL_SURFACE('',#9700,0.00201212754041179);
#535=CYLINDRICAL_SURFACE('',#9702,0.00201212754041179);
#536=CYLINDRICAL_SURFACE('',#9708,0.00201212754041179);
#537=CYLINDRICAL_SURFACE('',#9710,0.00201212754041179);
#538=CYLINDRICAL_SURFACE('',#9716,0.00201212754041179);
#539=CYLINDRICAL_SURFACE('',#9718,0.00201212754041179);
#540=CYLINDRICAL_SURFACE('',#9724,0.00201212754041179);
#541=CYLINDRICAL_SURFACE('',#9726,0.00201212754041179);
#542=CYLINDRICAL_SURFACE('',#9732,0.00201212754041179);
#543=CYLINDRICAL_SURFACE('',#9734,0.00201212754041179);
#544=CYLINDRICAL_SURFACE('',#9740,0.00201212754041179);
#545=CYLINDRICAL_SURFACE('',#9742,0.00201212754041179);
#546=CYLINDRICAL_SURFACE('',#9748,0.00201212754041179);
#547=CYLINDRICAL_SURFACE('',#9750,0.00201212754041179);
#548=CYLINDRICAL_SURFACE('',#9756,0.00201212754041179);
#549=CYLINDRICAL_SURFACE('',#9758,0.00201212754041179);
#550=CYLINDRICAL_SURFACE('',#9764,0.00201212754041179);
#551=CYLINDRICAL_SURFACE('',#9766,0.00201212754041179);
#552=CYLINDRICAL_SURFACE('',#9772,0.00201212754041179);
#553=CYLINDRICAL_SURFACE('',#9774,0.00201212754041179);
#554=CYLINDRICAL_SURFACE('',#9780,0.00201212754041179);
#555=CYLINDRICAL_SURFACE('',#9782,0.00201212754041179);
#556=CYLINDRICAL_SURFACE('',#9788,0.00201212754041179);
#557=CYLINDRICAL_SURFACE('',#9790,0.00201212754041179);
#558=CYLINDRICAL_SURFACE('',#9796,0.00201212754041179);
#559=CYLINDRICAL_SURFACE('',#9798,0.00201212754041179);
#560=CYLINDRICAL_SURFACE('',#9804,0.00201212754041179);
#561=CYLINDRICAL_SURFACE('',#9806,0.00201212754041179);
#562=CYLINDRICAL_SURFACE('',#9812,0.00201212754041179);
#563=CYLINDRICAL_SURFACE('',#9814,0.00201212754041179);
#564=CYLINDRICAL_SURFACE('',#9819,0.0793444453917172);
#565=CYLINDRICAL_SURFACE('',#9821,0.0816377391406889);
#566=CYLINDRICAL_SURFACE('',#9824,0.0299642073312219);
#567=CYLINDRICAL_SURFACE('',#9826,0.0307823892114895);
#568=LINE('',#12829,#1009);
#569=LINE('',#12834,#1010);
#570=LINE('',#12838,#1011);
#571=LINE('',#12842,#1012);
#572=LINE('',#12845,#1013);
#573=LINE('',#12850,#1014);
#574=LINE('',#12854,#1015);
#575=LINE('',#12858,#1016);
#576=LINE('',#12861,#1017);
#577=LINE('',#12866,#1018);
#578=LINE('',#12870,#1019);
#579=LINE('',#12874,#1020);
#580=LINE('',#12877,#1021);
#581=LINE('',#12882,#1022);
#582=LINE('',#12886,#1023);
#583=LINE('',#12890,#1024);
#584=LINE('',#12893,#1025);
#585=LINE('',#12898,#1026);
#586=LINE('',#12902,#1027);
#587=LINE('',#12906,#1028);
#588=LINE('',#12909,#1029);
#589=LINE('',#12914,#1030);
#590=LINE('',#12918,#1031);
#591=LINE('',#12922,#1032);
#592=LINE('',#12925,#1033);
#593=LINE('',#12930,#1034);
#594=LINE('',#12934,#1035);
#595=LINE('',#12938,#1036);
#596=LINE('',#12941,#1037);
#597=LINE('',#12946,#1038);
#598=LINE('',#12950,#1039);
#599=LINE('',#12954,#1040);
#600=LINE('',#12957,#1041);
#601=LINE('',#12962,#1042);
#602=LINE('',#12966,#1043);
#603=LINE('',#12970,#1044);
#604=LINE('',#12973,#1045);
#605=LINE('',#12978,#1046);
#606=LINE('',#12982,#1047);
#607=LINE('',#12986,#1048);
#608=LINE('',#12989,#1049);
#609=LINE('',#12994,#1050);
#610=LINE('',#12998,#1051);
#611=LINE('',#13002,#1052);
#612=LINE('',#13005,#1053);
#613=LINE('',#13010,#1054);
#614=LINE('',#13014,#1055);
#615=LINE('',#13018,#1056);
#616=LINE('',#13021,#1057);
#617=LINE('',#13026,#1058);
#618=LINE('',#13030,#1059);
#619=LINE('',#13034,#1060);
#620=LINE('',#13037,#1061);
#621=LINE('',#13042,#1062);
#622=LINE('',#13046,#1063);
#623=LINE('',#13050,#1064);
#624=LINE('',#13053,#1065);
#625=LINE('',#13058,#1066);
#626=LINE('',#13062,#1067);
#627=LINE('',#13066,#1068);
#628=LINE('',#13069,#1069);
#629=LINE('',#13074,#1070);
#630=LINE('',#13078,#1071);
#631=LINE('',#13082,#1072);
#632=LINE('',#13085,#1073);
#633=LINE('',#13090,#1074);
#634=LINE('',#13094,#1075);
#635=LINE('',#13098,#1076);
#636=LINE('',#13101,#1077);
#637=LINE('',#13106,#1078);
#638=LINE('',#13110,#1079);
#639=LINE('',#13114,#1080);
#640=LINE('',#13117,#1081);
#641=LINE('',#13122,#1082);
#642=LINE('',#13126,#1083);
#643=LINE('',#13130,#1084);
#644=LINE('',#13133,#1085);
#645=LINE('',#13138,#1086);
#646=LINE('',#13142,#1087);
#647=LINE('',#13146,#1088);
#648=LINE('',#13149,#1089);
#649=LINE('',#13154,#1090);
#650=LINE('',#13158,#1091);
#651=LINE('',#13162,#1092);
#652=LINE('',#13313,#1093);
#653=LINE('',#13319,#1094);
#654=LINE('',#13325,#1095);
#655=LINE('',#13331,#1096);
#656=LINE('',#13337,#1097);
#657=LINE('',#13343,#1098);
#658=LINE('',#13349,#1099);
#659=LINE('',#13355,#1100);
#660=LINE('',#13361,#1101);
#661=LINE('',#13367,#1102);
#662=LINE('',#13373,#1103);
#663=LINE('',#13379,#1104);
#664=LINE('',#13385,#1105);
#665=LINE('',#13391,#1106);
#666=LINE('',#13397,#1107);
#667=LINE('',#13403,#1108);
#668=LINE('',#13409,#1109);
#669=LINE('',#13415,#1110);
#670=LINE('',#13421,#1111);
#671=LINE('',#13427,#1112);
#672=LINE('',#13433,#1113);
#673=LINE('',#13467,#1114);
#674=LINE('',#13470,#1115);
#675=LINE('',#13472,#1116);
#676=LINE('',#13474,#1117);
#677=LINE('',#13476,#1118);
#678=LINE('',#13482,#1119);
#679=LINE('',#13485,#1120);
#680=LINE('',#13486,#1121);
#681=LINE('',#13488,#1122);
#682=LINE('',#13494,#1123);
#683=LINE('',#13497,#1124);
#684=LINE('',#13498,#1125);
#685=LINE('',#13500,#1126);
#686=LINE('',#13506,#1127);
#687=LINE('',#13509,#1128);
#688=LINE('',#13510,#1129);
#689=LINE('',#13515,#1130);
#690=LINE('',#13518,#1131);
#691=LINE('',#13520,#1132);
#692=LINE('',#13522,#1133);
#693=LINE('',#13524,#1134);
#694=LINE('',#13530,#1135);
#695=LINE('',#13533,#1136);
#696=LINE('',#13534,#1137);
#697=LINE('',#13536,#1138);
#698=LINE('',#13542,#1139);
#699=LINE('',#13545,#1140);
#700=LINE('',#13546,#1141);
#701=LINE('',#13548,#1142);
#702=LINE('',#13554,#1143);
#703=LINE('',#13557,#1144);
#704=LINE('',#13558,#1145);
#705=LINE('',#13563,#1146);
#706=LINE('',#13566,#1147);
#707=LINE('',#13568,#1148);
#708=LINE('',#13570,#1149);
#709=LINE('',#13572,#1150);
#710=LINE('',#13578,#1151);
#711=LINE('',#13581,#1152);
#712=LINE('',#13582,#1153);
#713=LINE('',#13584,#1154);
#714=LINE('',#13590,#1155);
#715=LINE('',#13593,#1156);
#716=LINE('',#13594,#1157);
#717=LINE('',#13596,#1158);
#718=LINE('',#13602,#1159);
#719=LINE('',#13605,#1160);
#720=LINE('',#13606,#1161);
#721=LINE('',#13611,#1162);
#722=LINE('',#13614,#1163);
#723=LINE('',#13616,#1164);
#724=LINE('',#13618,#1165);
#725=LINE('',#13620,#1166);
#726=LINE('',#13626,#1167);
#727=LINE('',#13629,#1168);
#728=LINE('',#13630,#1169);
#729=LINE('',#13632,#1170);
#730=LINE('',#13638,#1171);
#731=LINE('',#13641,#1172);
#732=LINE('',#13642,#1173);
#733=LINE('',#13644,#1174);
#734=LINE('',#13650,#1175);
#735=LINE('',#13653,#1176);
#736=LINE('',#13654,#1177);
#737=LINE('',#13659,#1178);
#738=LINE('',#13662,#1179);
#739=LINE('',#13664,#1180);
#740=LINE('',#13666,#1181);
#741=LINE('',#13668,#1182);
#742=LINE('',#13674,#1183);
#743=LINE('',#13677,#1184);
#744=LINE('',#13678,#1185);
#745=LINE('',#13680,#1186);
#746=LINE('',#13686,#1187);
#747=LINE('',#13689,#1188);
#748=LINE('',#13690,#1189);
#749=LINE('',#13692,#1190);
#750=LINE('',#13698,#1191);
#751=LINE('',#13701,#1192);
#752=LINE('',#13702,#1193);
#753=LINE('',#13707,#1194);
#754=LINE('',#13710,#1195);
#755=LINE('',#13712,#1196);
#756=LINE('',#13714,#1197);
#757=LINE('',#13716,#1198);
#758=LINE('',#13722,#1199);
#759=LINE('',#13725,#1200);
#760=LINE('',#13726,#1201);
#761=LINE('',#13728,#1202);
#762=LINE('',#13734,#1203);
#763=LINE('',#13737,#1204);
#764=LINE('',#13738,#1205);
#765=LINE('',#13740,#1206);
#766=LINE('',#13746,#1207);
#767=LINE('',#13749,#1208);
#768=LINE('',#13750,#1209);
#769=LINE('',#13755,#1210);
#770=LINE('',#13758,#1211);
#771=LINE('',#13760,#1212);
#772=LINE('',#13762,#1213);
#773=LINE('',#13764,#1214);
#774=LINE('',#13770,#1215);
#775=LINE('',#13773,#1216);
#776=LINE('',#13774,#1217);
#777=LINE('',#13776,#1218);
#778=LINE('',#13782,#1219);
#779=LINE('',#13785,#1220);
#780=LINE('',#13786,#1221);
#781=LINE('',#13788,#1222);
#782=LINE('',#13794,#1223);
#783=LINE('',#13797,#1224);
#784=LINE('',#13798,#1225);
#785=LINE('',#13803,#1226);
#786=LINE('',#13806,#1227);
#787=LINE('',#13808,#1228);
#788=LINE('',#13810,#1229);
#789=LINE('',#13812,#1230);
#790=LINE('',#13818,#1231);
#791=LINE('',#13821,#1232);
#792=LINE('',#13822,#1233);
#793=LINE('',#13824,#1234);
#794=LINE('',#13830,#1235);
#795=LINE('',#13833,#1236);
#796=LINE('',#13834,#1237);
#797=LINE('',#13836,#1238);
#798=LINE('',#13842,#1239);
#799=LINE('',#13845,#1240);
#800=LINE('',#13846,#1241);
#801=LINE('',#13851,#1242);
#802=LINE('',#13854,#1243);
#803=LINE('',#13856,#1244);
#804=LINE('',#13858,#1245);
#805=LINE('',#13860,#1246);
#806=LINE('',#13866,#1247);
#807=LINE('',#13869,#1248);
#808=LINE('',#13870,#1249);
#809=LINE('',#13872,#1250);
#810=LINE('',#13878,#1251);
#811=LINE('',#13881,#1252);
#812=LINE('',#13882,#1253);
#813=LINE('',#13884,#1254);
#814=LINE('',#13890,#1255);
#815=LINE('',#13893,#1256);
#816=LINE('',#13894,#1257);
#817=LINE('',#13899,#1258);
#818=LINE('',#13902,#1259);
#819=LINE('',#13904,#1260);
#820=LINE('',#13906,#1261);
#821=LINE('',#13908,#1262);
#822=LINE('',#13914,#1263);
#823=LINE('',#13917,#1264);
#824=LINE('',#13918,#1265);
#825=LINE('',#13920,#1266);
#826=LINE('',#13926,#1267);
#827=LINE('',#13929,#1268);
#828=LINE('',#13930,#1269);
#829=LINE('',#13932,#1270);
#830=LINE('',#13938,#1271);
#831=LINE('',#13941,#1272);
#832=LINE('',#13942,#1273);
#833=LINE('',#13947,#1274);
#834=LINE('',#13950,#1275);
#835=LINE('',#13952,#1276);
#836=LINE('',#13954,#1277);
#837=LINE('',#13956,#1278);
#838=LINE('',#13962,#1279);
#839=LINE('',#13965,#1280);
#840=LINE('',#13966,#1281);
#841=LINE('',#13968,#1282);
#842=LINE('',#13974,#1283);
#843=LINE('',#13977,#1284);
#844=LINE('',#13978,#1285);
#845=LINE('',#13980,#1286);
#846=LINE('',#13986,#1287);
#847=LINE('',#13989,#1288);
#848=LINE('',#13990,#1289);
#849=LINE('',#13995,#1290);
#850=LINE('',#13998,#1291);
#851=LINE('',#14000,#1292);
#852=LINE('',#14002,#1293);
#853=LINE('',#14004,#1294);
#854=LINE('',#14010,#1295);
#855=LINE('',#14013,#1296);
#856=LINE('',#14014,#1297);
#857=LINE('',#14016,#1298);
#858=LINE('',#14022,#1299);
#859=LINE('',#14025,#1300);
#860=LINE('',#14026,#1301);
#861=LINE('',#14028,#1302);
#862=LINE('',#14034,#1303);
#863=LINE('',#14037,#1304);
#864=LINE('',#14038,#1305);
#865=LINE('',#14043,#1306);
#866=LINE('',#14046,#1307);
#867=LINE('',#14048,#1308);
#868=LINE('',#14050,#1309);
#869=LINE('',#14052,#1310);
#870=LINE('',#14058,#1311);
#871=LINE('',#14061,#1312);
#872=LINE('',#14062,#1313);
#873=LINE('',#14064,#1314);
#874=LINE('',#14070,#1315);
#875=LINE('',#14073,#1316);
#876=LINE('',#14074,#1317);
#877=LINE('',#14076,#1318);
#878=LINE('',#14082,#1319);
#879=LINE('',#14085,#1320);
#880=LINE('',#14086,#1321);
#881=LINE('',#14091,#1322);
#882=LINE('',#14094,#1323);
#883=LINE('',#14096,#1324);
#884=LINE('',#14098,#1325);
#885=LINE('',#14100,#1326);
#886=LINE('',#14106,#1327);
#887=LINE('',#14109,#1328);
#888=LINE('',#14110,#1329);
#889=LINE('',#14112,#1330);
#890=LINE('',#14118,#1331);
#891=LINE('',#14121,#1332);
#892=LINE('',#14122,#1333);
#893=LINE('',#14124,#1334);
#894=LINE('',#14130,#1335);
#895=LINE('',#14133,#1336);
#896=LINE('',#14134,#1337);
#897=LINE('',#14139,#1338);
#898=LINE('',#14142,#1339);
#899=LINE('',#14144,#1340);
#900=LINE('',#14146,#1341);
#901=LINE('',#14148,#1342);
#902=LINE('',#14154,#1343);
#903=LINE('',#14157,#1344);
#904=LINE('',#14158,#1345);
#905=LINE('',#14160,#1346);
#906=LINE('',#14166,#1347);
#907=LINE('',#14169,#1348);
#908=LINE('',#14170,#1349);
#909=LINE('',#14172,#1350);
#910=LINE('',#14178,#1351);
#911=LINE('',#14181,#1352);
#912=LINE('',#14182,#1353);
#913=LINE('',#14187,#1354);
#914=LINE('',#14190,#1355);
#915=LINE('',#14192,#1356);
#916=LINE('',#14194,#1357);
#917=LINE('',#14196,#1358);
#918=LINE('',#14202,#1359);
#919=LINE('',#14205,#1360);
#920=LINE('',#14206,#1361);
#921=LINE('',#14208,#1362);
#922=LINE('',#14214,#1363);
#923=LINE('',#14217,#1364);
#924=LINE('',#14218,#1365);
#925=LINE('',#14220,#1366);
#926=LINE('',#14226,#1367);
#927=LINE('',#14229,#1368);
#928=LINE('',#14230,#1369);
#929=LINE('',#14235,#1370);
#930=LINE('',#14238,#1371);
#931=LINE('',#14240,#1372);
#932=LINE('',#14242,#1373);
#933=LINE('',#14244,#1374);
#934=LINE('',#14250,#1375);
#935=LINE('',#14253,#1376);
#936=LINE('',#14254,#1377);
#937=LINE('',#14256,#1378);
#938=LINE('',#14262,#1379);
#939=LINE('',#14265,#1380);
#940=LINE('',#14266,#1381);
#941=LINE('',#14268,#1382);
#942=LINE('',#14274,#1383);
#943=LINE('',#14277,#1384);
#944=LINE('',#14278,#1385);
#945=LINE('',#14283,#1386);
#946=LINE('',#14286,#1387);
#947=LINE('',#14288,#1388);
#948=LINE('',#14290,#1389);
#949=LINE('',#14292,#1390);
#950=LINE('',#14298,#1391);
#951=LINE('',#14301,#1392);
#952=LINE('',#14302,#1393);
#953=LINE('',#14304,#1394);
#954=LINE('',#14310,#1395);
#955=LINE('',#14313,#1396);
#956=LINE('',#14314,#1397);
#957=LINE('',#14316,#1398);
#958=LINE('',#14322,#1399);
#959=LINE('',#14325,#1400);
#960=LINE('',#14326,#1401);
#961=LINE('',#14331,#1402);
#962=LINE('',#14334,#1403);
#963=LINE('',#14336,#1404);
#964=LINE('',#14338,#1405);
#965=LINE('',#14340,#1406);
#966=LINE('',#14346,#1407);
#967=LINE('',#14349,#1408);
#968=LINE('',#14350,#1409);
#969=LINE('',#14352,#1410);
#970=LINE('',#14358,#1411);
#971=LINE('',#14361,#1412);
#972=LINE('',#14362,#1413);
#973=LINE('',#14364,#1414);
#974=LINE('',#14370,#1415);
#975=LINE('',#14373,#1416);
#976=LINE('',#14374,#1417);
#977=LINE('',#14379,#1418);
#978=LINE('',#14382,#1419);
#979=LINE('',#14384,#1420);
#980=LINE('',#14386,#1421);
#981=LINE('',#14388,#1422);
#982=LINE('',#14394,#1423);
#983=LINE('',#14397,#1424);
#984=LINE('',#14398,#1425);
#985=LINE('',#14400,#1426);
#986=LINE('',#14406,#1427);
#987=LINE('',#14409,#1428);
#988=LINE('',#14410,#1429);
#989=LINE('',#14412,#1430);
#990=LINE('',#14418,#1431);
#991=LINE('',#14421,#1432);
#992=LINE('',#14422,#1433);
#993=LINE('',#14427,#1434);
#994=LINE('',#14430,#1435);
#995=LINE('',#14432,#1436);
#996=LINE('',#14434,#1437);
#997=LINE('',#14436,#1438);
#998=LINE('',#14442,#1439);
#999=LINE('',#14445,#1440);
#1000=LINE('',#14446,#1441);
#1001=LINE('',#14448,#1442);
#1002=LINE('',#14454,#1443);
#1003=LINE('',#14457,#1444);
#1004=LINE('',#14458,#1445);
#1005=LINE('',#14460,#1446);
#1006=LINE('',#14466,#1447);
#1007=LINE('',#14469,#1448);
#1008=LINE('',#14470,#1449);
#1009=VECTOR('',#9841,1.);
#1010=VECTOR('',#9844,1.);
#1011=VECTOR('',#9847,1.);
#1012=VECTOR('',#9850,1.);
#1013=VECTOR('',#9853,1.);
#1014=VECTOR('',#9856,1.);
#1015=VECTOR('',#9859,1.);
#1016=VECTOR('',#9862,1.);
#1017=VECTOR('',#9865,1.);
#1018=VECTOR('',#9868,1.);
#1019=VECTOR('',#9871,1.);
#1020=VECTOR('',#9874,1.);
#1021=VECTOR('',#9877,1.);
#1022=VECTOR('',#9880,1.);
#1023=VECTOR('',#9883,1.);
#1024=VECTOR('',#9886,1.);
#1025=VECTOR('',#9889,1.);
#1026=VECTOR('',#9892,1.);
#1027=VECTOR('',#9895,1.);
#1028=VECTOR('',#9898,1.);
#1029=VECTOR('',#9901,1.);
#1030=VECTOR('',#9904,1.);
#1031=VECTOR('',#9907,1.);
#1032=VECTOR('',#9910,1.);
#1033=VECTOR('',#9913,1.);
#1034=VECTOR('',#9916,1.);
#1035=VECTOR('',#9919,1.);
#1036=VECTOR('',#9922,1.);
#1037=VECTOR('',#9925,1.);
#1038=VECTOR('',#9928,1.);
#1039=VECTOR('',#9931,1.);
#1040=VECTOR('',#9934,1.);
#1041=VECTOR('',#9937,1.);
#1042=VECTOR('',#9940,1.);
#1043=VECTOR('',#9943,1.);
#1044=VECTOR('',#9946,1.);
#1045=VECTOR('',#9949,1.);
#1046=VECTOR('',#9952,1.);
#1047=VECTOR('',#9955,1.);
#1048=VECTOR('',#9958,1.);
#1049=VECTOR('',#9961,1.);
#1050=VECTOR('',#9964,1.);
#1051=VECTOR('',#9967,1.);
#1052=VECTOR('',#9970,1.);
#1053=VECTOR('',#9973,1.);
#1054=VECTOR('',#9976,1.);
#1055=VECTOR('',#9979,1.);
#1056=VECTOR('',#9982,1.);
#1057=VECTOR('',#9985,1.);
#1058=VECTOR('',#9988,1.);
#1059=VECTOR('',#9991,1.);
#1060=VECTOR('',#9994,1.);
#1061=VECTOR('',#9997,1.);
#1062=VECTOR('',#10000,1.);
#1063=VECTOR('',#10003,1.);
#1064=VECTOR('',#10006,1.);
#1065=VECTOR('',#10009,1.);
#1066=VECTOR('',#10012,1.);
#1067=VECTOR('',#10015,1.);
#1068=VECTOR('',#10018,1.);
#1069=VECTOR('',#10021,1.);
#1070=VECTOR('',#10024,1.);
#1071=VECTOR('',#10027,1.);
#1072=VECTOR('',#10030,1.);
#1073=VECTOR('',#10033,1.);
#1074=VECTOR('',#10036,1.);
#1075=VECTOR('',#10039,1.);
#1076=VECTOR('',#10042,1.);
#1077=VECTOR('',#10045,1.);
#1078=VECTOR('',#10048,1.);
#1079=VECTOR('',#10051,1.);
#1080=VECTOR('',#10054,1.);
#1081=VECTOR('',#10057,1.);
#1082=VECTOR('',#10060,1.);
#1083=VECTOR('',#10063,1.);
#1084=VECTOR('',#10066,1.);
#1085=VECTOR('',#10069,1.);
#1086=VECTOR('',#10072,1.);
#1087=VECTOR('',#10075,1.);
#1088=VECTOR('',#10078,1.);
#1089=VECTOR('',#10081,1.);
#1090=VECTOR('',#10084,1.);
#1091=VECTOR('',#10087,1.);
#1092=VECTOR('',#10090,1.);
#1093=VECTOR('',#10261,1.);
#1094=VECTOR('',#10266,1.);
#1095=VECTOR('',#10271,1.);
#1096=VECTOR('',#10276,1.);
#1097=VECTOR('',#10281,1.);
#1098=VECTOR('',#10286,1.);
#1099=VECTOR('',#10291,1.);
#1100=VECTOR('',#10296,1.);
#1101=VECTOR('',#10301,1.);
#1102=VECTOR('',#10306,1.);
#1103=VECTOR('',#10311,1.);
#1104=VECTOR('',#10316,1.);
#1105=VECTOR('',#10321,1.);
#1106=VECTOR('',#10326,1.);
#1107=VECTOR('',#10331,1.);
#1108=VECTOR('',#10336,1.);
#1109=VECTOR('',#10341,1.);
#1110=VECTOR('',#10346,1.);
#1111=VECTOR('',#10351,1.);
#1112=VECTOR('',#10356,1.);
#1113=VECTOR('',#10361,1.);
#1114=VECTOR('',#10404,1.);
#1115=VECTOR('',#10405,1.);
#1116=VECTOR('',#10406,1.);
#1117=VECTOR('',#10407,1.);
#1118=VECTOR('',#10410,1.);
#1119=VECTOR('',#10417,1.);
#1120=VECTOR('',#10418,1.);
#1121=VECTOR('',#10419,1.);
#1122=VECTOR('',#10422,1.);
#1123=VECTOR('',#10429,1.);
#1124=VECTOR('',#10430,1.);
#1125=VECTOR('',#10431,1.);
#1126=VECTOR('',#10434,1.);
#1127=VECTOR('',#10441,1.);
#1128=VECTOR('',#10442,1.);
#1129=VECTOR('',#10443,1.);
#1130=VECTOR('',#10452,1.);
#1131=VECTOR('',#10453,1.);
#1132=VECTOR('',#10454,1.);
#1133=VECTOR('',#10455,1.);
#1134=VECTOR('',#10458,1.);
#1135=VECTOR('',#10465,1.);
#1136=VECTOR('',#10466,1.);
#1137=VECTOR('',#10467,1.);
#1138=VECTOR('',#10470,1.);
#1139=VECTOR('',#10477,1.);
#1140=VECTOR('',#10478,1.);
#1141=VECTOR('',#10479,1.);
#1142=VECTOR('',#10482,1.);
#1143=VECTOR('',#10489,1.);
#1144=VECTOR('',#10490,1.);
#1145=VECTOR('',#10491,1.);
#1146=VECTOR('',#10500,1.);
#1147=VECTOR('',#10501,1.);
#1148=VECTOR('',#10502,1.);
#1149=VECTOR('',#10503,1.);
#1150=VECTOR('',#10506,1.);
#1151=VECTOR('',#10513,1.);
#1152=VECTOR('',#10514,1.);
#1153=VECTOR('',#10515,1.);
#1154=VECTOR('',#10518,1.);
#1155=VECTOR('',#10525,1.);
#1156=VECTOR('',#10526,1.);
#1157=VECTOR('',#10527,1.);
#1158=VECTOR('',#10530,1.);
#1159=VECTOR('',#10537,1.);
#1160=VECTOR('',#10538,1.);
#1161=VECTOR('',#10539,1.);
#1162=VECTOR('',#10548,1.);
#1163=VECTOR('',#10549,1.);
#1164=VECTOR('',#10550,1.);
#1165=VECTOR('',#10551,1.);
#1166=VECTOR('',#10554,1.);
#1167=VECTOR('',#10561,1.);
#1168=VECTOR('',#10562,1.);
#1169=VECTOR('',#10563,1.);
#1170=VECTOR('',#10566,1.);
#1171=VECTOR('',#10573,1.);
#1172=VECTOR('',#10574,1.);
#1173=VECTOR('',#10575,1.);
#1174=VECTOR('',#10578,1.);
#1175=VECTOR('',#10585,1.);
#1176=VECTOR('',#10586,1.);
#1177=VECTOR('',#10587,1.);
#1178=VECTOR('',#10596,1.);
#1179=VECTOR('',#10597,1.);
#1180=VECTOR('',#10598,1.);
#1181=VECTOR('',#10599,1.);
#1182=VECTOR('',#10602,1.);
#1183=VECTOR('',#10609,1.);
#1184=VECTOR('',#10610,1.);
#1185=VECTOR('',#10611,1.);
#1186=VECTOR('',#10614,1.);
#1187=VECTOR('',#10621,1.);
#1188=VECTOR('',#10622,1.);
#1189=VECTOR('',#10623,1.);
#1190=VECTOR('',#10626,1.);
#1191=VECTOR('',#10633,1.);
#1192=VECTOR('',#10634,1.);
#1193=VECTOR('',#10635,1.);
#1194=VECTOR('',#10644,1.);
#1195=VECTOR('',#10645,1.);
#1196=VECTOR('',#10646,1.);
#1197=VECTOR('',#10647,1.);
#1198=VECTOR('',#10650,1.);
#1199=VECTOR('',#10657,1.);
#1200=VECTOR('',#10658,1.);
#1201=VECTOR('',#10659,1.);
#1202=VECTOR('',#10662,1.);
#1203=VECTOR('',#10669,1.);
#1204=VECTOR('',#10670,1.);
#1205=VECTOR('',#10671,1.);
#1206=VECTOR('',#10674,1.);
#1207=VECTOR('',#10681,1.);
#1208=VECTOR('',#10682,1.);
#1209=VECTOR('',#10683,1.);
#1210=VECTOR('',#10692,1.);
#1211=VECTOR('',#10693,1.);
#1212=VECTOR('',#10694,1.);
#1213=VECTOR('',#10695,1.);
#1214=VECTOR('',#10698,1.);
#1215=VECTOR('',#10705,1.);
#1216=VECTOR('',#10706,1.);
#1217=VECTOR('',#10707,1.);
#1218=VECTOR('',#10710,1.);
#1219=VECTOR('',#10717,1.);
#1220=VECTOR('',#10718,1.);
#1221=VECTOR('',#10719,1.);
#1222=VECTOR('',#10722,1.);
#1223=VECTOR('',#10729,1.);
#1224=VECTOR('',#10730,1.);
#1225=VECTOR('',#10731,1.);
#1226=VECTOR('',#10740,1.);
#1227=VECTOR('',#10741,1.);
#1228=VECTOR('',#10742,1.);
#1229=VECTOR('',#10743,1.);
#1230=VECTOR('',#10746,1.);
#1231=VECTOR('',#10753,1.);
#1232=VECTOR('',#10754,1.);
#1233=VECTOR('',#10755,1.);
#1234=VECTOR('',#10758,1.);
#1235=VECTOR('',#10765,1.);
#1236=VECTOR('',#10766,1.);
#1237=VECTOR('',#10767,1.);
#1238=VECTOR('',#10770,1.);
#1239=VECTOR('',#10777,1.);
#1240=VECTOR('',#10778,1.);
#1241=VECTOR('',#10779,1.);
#1242=VECTOR('',#10788,1.);
#1243=VECTOR('',#10789,1.);
#1244=VECTOR('',#10790,1.);
#1245=VECTOR('',#10791,1.);
#1246=VECTOR('',#10794,1.);
#1247=VECTOR('',#10801,1.);
#1248=VECTOR('',#10802,1.);
#1249=VECTOR('',#10803,1.);
#1250=VECTOR('',#10806,1.);
#1251=VECTOR('',#10813,1.);
#1252=VECTOR('',#10814,1.);
#1253=VECTOR('',#10815,1.);
#1254=VECTOR('',#10818,1.);
#1255=VECTOR('',#10825,1.);
#1256=VECTOR('',#10826,1.);
#1257=VECTOR('',#10827,1.);
#1258=VECTOR('',#10836,1.);
#1259=VECTOR('',#10837,1.);
#1260=VECTOR('',#10838,1.);
#1261=VECTOR('',#10839,1.);
#1262=VECTOR('',#10842,1.);
#1263=VECTOR('',#10849,1.);
#1264=VECTOR('',#10850,1.);
#1265=VECTOR('',#10851,1.);
#1266=VECTOR('',#10854,1.);
#1267=VECTOR('',#10861,1.);
#1268=VECTOR('',#10862,1.);
#1269=VECTOR('',#10863,1.);
#1270=VECTOR('',#10866,1.);
#1271=VECTOR('',#10873,1.);
#1272=VECTOR('',#10874,1.);
#1273=VECTOR('',#10875,1.);
#1274=VECTOR('',#10884,1.);
#1275=VECTOR('',#10885,1.);
#1276=VECTOR('',#10886,1.);
#1277=VECTOR('',#10887,1.);
#1278=VECTOR('',#10890,1.);
#1279=VECTOR('',#10897,1.);
#1280=VECTOR('',#10898,1.);
#1281=VECTOR('',#10899,1.);
#1282=VECTOR('',#10902,1.);
#1283=VECTOR('',#10909,1.);
#1284=VECTOR('',#10910,1.);
#1285=VECTOR('',#10911,1.);
#1286=VECTOR('',#10914,1.);
#1287=VECTOR('',#10921,1.);
#1288=VECTOR('',#10922,1.);
#1289=VECTOR('',#10923,1.);
#1290=VECTOR('',#10932,1.);
#1291=VECTOR('',#10933,1.);
#1292=VECTOR('',#10934,1.);
#1293=VECTOR('',#10935,1.);
#1294=VECTOR('',#10938,1.);
#1295=VECTOR('',#10945,1.);
#1296=VECTOR('',#10946,1.);
#1297=VECTOR('',#10947,1.);
#1298=VECTOR('',#10950,1.);
#1299=VECTOR('',#10957,1.);
#1300=VECTOR('',#10958,1.);
#1301=VECTOR('',#10959,1.);
#1302=VECTOR('',#10962,1.);
#1303=VECTOR('',#10969,1.);
#1304=VECTOR('',#10970,1.);
#1305=VECTOR('',#10971,1.);
#1306=VECTOR('',#10980,1.);
#1307=VECTOR('',#10981,1.);
#1308=VECTOR('',#10982,1.);
#1309=VECTOR('',#10983,1.);
#1310=VECTOR('',#10986,1.);
#1311=VECTOR('',#10993,1.);
#1312=VECTOR('',#10994,1.);
#1313=VECTOR('',#10995,1.);
#1314=VECTOR('',#10998,1.);
#1315=VECTOR('',#11005,1.);
#1316=VECTOR('',#11006,1.);
#1317=VECTOR('',#11007,1.);
#1318=VECTOR('',#11010,1.);
#1319=VECTOR('',#11017,1.);
#1320=VECTOR('',#11018,1.);
#1321=VECTOR('',#11019,1.);
#1322=VECTOR('',#11028,1.);
#1323=VECTOR('',#11029,1.);
#1324=VECTOR('',#11030,1.);
#1325=VECTOR('',#11031,1.);
#1326=VECTOR('',#11034,1.);
#1327=VECTOR('',#11041,1.);
#1328=VECTOR('',#11042,1.);
#1329=VECTOR('',#11043,1.);
#1330=VECTOR('',#11046,1.);
#1331=VECTOR('',#11053,1.);
#1332=VECTOR('',#11054,1.);
#1333=VECTOR('',#11055,1.);
#1334=VECTOR('',#11058,1.);
#1335=VECTOR('',#11065,1.);
#1336=VECTOR('',#11066,1.);
#1337=VECTOR('',#11067,1.);
#1338=VECTOR('',#11076,1.);
#1339=VECTOR('',#11077,1.);
#1340=VECTOR('',#11078,1.);
#1341=VECTOR('',#11079,1.);
#1342=VECTOR('',#11082,1.);
#1343=VECTOR('',#11089,1.);
#1344=VECTOR('',#11090,1.);
#1345=VECTOR('',#11091,1.);
#1346=VECTOR('',#11094,1.);
#1347=VECTOR('',#11101,1.);
#1348=VECTOR('',#11102,1.);
#1349=VECTOR('',#11103,1.);
#1350=VECTOR('',#11106,1.);
#1351=VECTOR('',#11113,1.);
#1352=VECTOR('',#11114,1.);
#1353=VECTOR('',#11115,1.);
#1354=VECTOR('',#11124,1.);
#1355=VECTOR('',#11125,1.);
#1356=VECTOR('',#11126,1.);
#1357=VECTOR('',#11127,1.);
#1358=VECTOR('',#11130,1.);
#1359=VECTOR('',#11137,1.);
#1360=VECTOR('',#11138,1.);
#1361=VECTOR('',#11139,1.);
#1362=VECTOR('',#11142,1.);
#1363=VECTOR('',#11149,1.);
#1364=VECTOR('',#11150,1.);
#1365=VECTOR('',#11151,1.);
#1366=VECTOR('',#11154,1.);
#1367=VECTOR('',#11161,1.);
#1368=VECTOR('',#11162,1.);
#1369=VECTOR('',#11163,1.);
#1370=VECTOR('',#11172,1.);
#1371=VECTOR('',#11173,1.);
#1372=VECTOR('',#11174,1.);
#1373=VECTOR('',#11175,1.);
#1374=VECTOR('',#11178,1.);
#1375=VECTOR('',#11185,1.);
#1376=VECTOR('',#11186,1.);
#1377=VECTOR('',#11187,1.);
#1378=VECTOR('',#11190,1.);
#1379=VECTOR('',#11197,1.);
#1380=VECTOR('',#11198,1.);
#1381=VECTOR('',#11199,1.);
#1382=VECTOR('',#11202,1.);
#1383=VECTOR('',#11209,1.);
#1384=VECTOR('',#11210,1.);
#1385=VECTOR('',#11211,1.);
#1386=VECTOR('',#11220,1.);
#1387=VECTOR('',#11221,1.);
#1388=VECTOR('',#11222,1.);
#1389=VECTOR('',#11223,1.);
#1390=VECTOR('',#11226,1.);
#1391=VECTOR('',#11233,1.);
#1392=VECTOR('',#11234,1.);
#1393=VECTOR('',#11235,1.);
#1394=VECTOR('',#11238,1.);
#1395=VECTOR('',#11245,1.);
#1396=VECTOR('',#11246,1.);
#1397=VECTOR('',#11247,1.);
#1398=VECTOR('',#11250,1.);
#1399=VECTOR('',#11257,1.);
#1400=VECTOR('',#11258,1.);
#1401=VECTOR('',#11259,1.);
#1402=VECTOR('',#11268,1.);
#1403=VECTOR('',#11269,1.);
#1404=VECTOR('',#11270,1.);
#1405=VECTOR('',#11271,1.);
#1406=VECTOR('',#11274,1.);
#1407=VECTOR('',#11281,1.);
#1408=VECTOR('',#11282,1.);
#1409=VECTOR('',#11283,1.);
#1410=VECTOR('',#11286,1.);
#1411=VECTOR('',#11293,1.);
#1412=VECTOR('',#11294,1.);
#1413=VECTOR('',#11295,1.);
#1414=VECTOR('',#11298,1.);
#1415=VECTOR('',#11305,1.);
#1416=VECTOR('',#11306,1.);
#1417=VECTOR('',#11307,1.);
#1418=VECTOR('',#11316,1.);
#1419=VECTOR('',#11317,1.);
#1420=VECTOR('',#11318,1.);
#1421=VECTOR('',#11319,1.);
#1422=VECTOR('',#11322,1.);
#1423=VECTOR('',#11329,1.);
#1424=VECTOR('',#11330,1.);
#1425=VECTOR('',#11331,1.);
#1426=VECTOR('',#11334,1.);
#1427=VECTOR('',#11341,1.);
#1428=VECTOR('',#11342,1.);
#1429=VECTOR('',#11343,1.);
#1430=VECTOR('',#11346,1.);
#1431=VECTOR('',#11353,1.);
#1432=VECTOR('',#11354,1.);
#1433=VECTOR('',#11355,1.);
#1434=VECTOR('',#11364,1.);
#1435=VECTOR('',#11365,1.);
#1436=VECTOR('',#11366,1.);
#1437=VECTOR('',#11367,1.);
#1438=VECTOR('',#11370,1.);
#1439=VECTOR('',#11377,1.);
#1440=VECTOR('',#11378,1.);
#1441=VECTOR('',#11379,1.);
#1442=VECTOR('',#11382,1.);
#1443=VECTOR('',#11389,1.);
#1444=VECTOR('',#11390,1.);
#1445=VECTOR('',#11391,1.);
#1446=VECTOR('',#11394,1.);
#1447=VECTOR('',#11401,1.);
#1448=VECTOR('',#11402,1.);
#1449=VECTOR('',#11403,1.);
#1450=ORIENTED_EDGE('',*,*,#4004,.T.);
#1451=ORIENTED_EDGE('',*,*,#4005,.T.);
#1452=ORIENTED_EDGE('',*,*,#4006,.F.);
#1453=ORIENTED_EDGE('',*,*,#4007,.T.);
#1454=ORIENTED_EDGE('',*,*,#4008,.T.);
#1455=ORIENTED_EDGE('',*,*,#4009,.T.);
#1456=ORIENTED_EDGE('',*,*,#4010,.T.);
#1457=ORIENTED_EDGE('',*,*,#4011,.T.);
#1458=ORIENTED_EDGE('',*,*,#4012,.T.);
#1459=ORIENTED_EDGE('',*,*,#4013,.T.);
#1460=ORIENTED_EDGE('',*,*,#4014,.T.);
#1461=ORIENTED_EDGE('',*,*,#4015,.T.);
#1462=ORIENTED_EDGE('',*,*,#4016,.T.);
#1463=ORIENTED_EDGE('',*,*,#4017,.T.);
#1464=ORIENTED_EDGE('',*,*,#4018,.T.);
#1465=ORIENTED_EDGE('',*,*,#4019,.T.);
#1466=ORIENTED_EDGE('',*,*,#4020,.T.);
#1467=ORIENTED_EDGE('',*,*,#4021,.T.);
#1468=ORIENTED_EDGE('',*,*,#4022,.T.);
#1469=ORIENTED_EDGE('',*,*,#4023,.T.);
#1470=ORIENTED_EDGE('',*,*,#4024,.T.);
#1471=ORIENTED_EDGE('',*,*,#4025,.T.);
#1472=ORIENTED_EDGE('',*,*,#4026,.T.);
#1473=ORIENTED_EDGE('',*,*,#4027,.T.);
#1474=ORIENTED_EDGE('',*,*,#4028,.T.);
#1475=ORIENTED_EDGE('',*,*,#4029,.T.);
#1476=ORIENTED_EDGE('',*,*,#4030,.T.);
#1477=ORIENTED_EDGE('',*,*,#4031,.T.);
#1478=ORIENTED_EDGE('',*,*,#4032,.T.);
#1479=ORIENTED_EDGE('',*,*,#4033,.T.);
#1480=ORIENTED_EDGE('',*,*,#4034,.T.);
#1481=ORIENTED_EDGE('',*,*,#4035,.T.);
#1482=ORIENTED_EDGE('',*,*,#4036,.T.);
#1483=ORIENTED_EDGE('',*,*,#4037,.T.);
#1484=ORIENTED_EDGE('',*,*,#4038,.T.);
#1485=ORIENTED_EDGE('',*,*,#4039,.T.);
#1486=ORIENTED_EDGE('',*,*,#4040,.T.);
#1487=ORIENTED_EDGE('',*,*,#4041,.T.);
#1488=ORIENTED_EDGE('',*,*,#4042,.T.);
#1489=ORIENTED_EDGE('',*,*,#4043,.T.);
#1490=ORIENTED_EDGE('',*,*,#4044,.T.);
#1491=ORIENTED_EDGE('',*,*,#4045,.T.);
#1492=ORIENTED_EDGE('',*,*,#4046,.T.);
#1493=ORIENTED_EDGE('',*,*,#4047,.T.);
#1494=ORIENTED_EDGE('',*,*,#4048,.T.);
#1495=ORIENTED_EDGE('',*,*,#4049,.T.);
#1496=ORIENTED_EDGE('',*,*,#4050,.T.);
#1497=ORIENTED_EDGE('',*,*,#4051,.T.);
#1498=ORIENTED_EDGE('',*,*,#4052,.T.);
#1499=ORIENTED_EDGE('',*,*,#4053,.T.);
#1500=ORIENTED_EDGE('',*,*,#4054,.T.);
#1501=ORIENTED_EDGE('',*,*,#4055,.T.);
#1502=ORIENTED_EDGE('',*,*,#4056,.T.);
#1503=ORIENTED_EDGE('',*,*,#4057,.T.);
#1504=ORIENTED_EDGE('',*,*,#4058,.T.);
#1505=ORIENTED_EDGE('',*,*,#4059,.T.);
#1506=ORIENTED_EDGE('',*,*,#4060,.T.);
#1507=ORIENTED_EDGE('',*,*,#4061,.T.);
#1508=ORIENTED_EDGE('',*,*,#4062,.T.);
#1509=ORIENTED_EDGE('',*,*,#4063,.T.);
#1510=ORIENTED_EDGE('',*,*,#4064,.T.);
#1511=ORIENTED_EDGE('',*,*,#4065,.T.);
#1512=ORIENTED_EDGE('',*,*,#4066,.T.);
#1513=ORIENTED_EDGE('',*,*,#4067,.T.);
#1514=ORIENTED_EDGE('',*,*,#4068,.T.);
#1515=ORIENTED_EDGE('',*,*,#4069,.T.);
#1516=ORIENTED_EDGE('',*,*,#4070,.T.);
#1517=ORIENTED_EDGE('',*,*,#4071,.T.);
#1518=ORIENTED_EDGE('',*,*,#4072,.T.);
#1519=ORIENTED_EDGE('',*,*,#4073,.T.);
#1520=ORIENTED_EDGE('',*,*,#4074,.T.);
#1521=ORIENTED_EDGE('',*,*,#4075,.T.);
#1522=ORIENTED_EDGE('',*,*,#4076,.T.);
#1523=ORIENTED_EDGE('',*,*,#4077,.T.);
#1524=ORIENTED_EDGE('',*,*,#4078,.T.);
#1525=ORIENTED_EDGE('',*,*,#4079,.T.);
#1526=ORIENTED_EDGE('',*,*,#4080,.T.);
#1527=ORIENTED_EDGE('',*,*,#4081,.T.);
#1528=ORIENTED_EDGE('',*,*,#4082,.T.);
#1529=ORIENTED_EDGE('',*,*,#4083,.T.);
#1530=ORIENTED_EDGE('',*,*,#4084,.T.);
#1531=ORIENTED_EDGE('',*,*,#4085,.T.);
#1532=ORIENTED_EDGE('',*,*,#4086,.T.);
#1533=ORIENTED_EDGE('',*,*,#4087,.T.);
#1534=ORIENTED_EDGE('',*,*,#4088,.T.);
#1535=ORIENTED_EDGE('',*,*,#4089,.T.);
#1536=ORIENTED_EDGE('',*,*,#4090,.T.);
#1537=ORIENTED_EDGE('',*,*,#4091,.T.);
#1538=ORIENTED_EDGE('',*,*,#4092,.T.);
#1539=ORIENTED_EDGE('',*,*,#4093,.T.);
#1540=ORIENTED_EDGE('',*,*,#4094,.T.);
#1541=ORIENTED_EDGE('',*,*,#4095,.T.);
#1542=ORIENTED_EDGE('',*,*,#4096,.T.);
#1543=ORIENTED_EDGE('',*,*,#4097,.T.);
#1544=ORIENTED_EDGE('',*,*,#4098,.T.);
#1545=ORIENTED_EDGE('',*,*,#4099,.T.);
#1546=ORIENTED_EDGE('',*,*,#4100,.T.);
#1547=ORIENTED_EDGE('',*,*,#4101,.T.);
#1548=ORIENTED_EDGE('',*,*,#4102,.T.);
#1549=ORIENTED_EDGE('',*,*,#4103,.T.);
#1550=ORIENTED_EDGE('',*,*,#4104,.T.);
#1551=ORIENTED_EDGE('',*,*,#4105,.T.);
#1552=ORIENTED_EDGE('',*,*,#4106,.T.);
#1553=ORIENTED_EDGE('',*,*,#4107,.T.);
#1554=ORIENTED_EDGE('',*,*,#4108,.T.);
#1555=ORIENTED_EDGE('',*,*,#4109,.T.);
#1556=ORIENTED_EDGE('',*,*,#4110,.T.);
#1557=ORIENTED_EDGE('',*,*,#4111,.T.);
#1558=ORIENTED_EDGE('',*,*,#4112,.T.);
#1559=ORIENTED_EDGE('',*,*,#4113,.T.);
#1560=ORIENTED_EDGE('',*,*,#4114,.T.);
#1561=ORIENTED_EDGE('',*,*,#4115,.T.);
#1562=ORIENTED_EDGE('',*,*,#4116,.T.);
#1563=ORIENTED_EDGE('',*,*,#4117,.T.);
#1564=ORIENTED_EDGE('',*,*,#4118,.T.);
#1565=ORIENTED_EDGE('',*,*,#4119,.T.);
#1566=ORIENTED_EDGE('',*,*,#4120,.T.);
#1567=ORIENTED_EDGE('',*,*,#4121,.T.);
#1568=ORIENTED_EDGE('',*,*,#4122,.T.);
#1569=ORIENTED_EDGE('',*,*,#4123,.T.);
#1570=ORIENTED_EDGE('',*,*,#4124,.T.);
#1571=ORIENTED_EDGE('',*,*,#4125,.T.);
#1572=ORIENTED_EDGE('',*,*,#4126,.T.);
#1573=ORIENTED_EDGE('',*,*,#4127,.T.);
#1574=ORIENTED_EDGE('',*,*,#4128,.T.);
#1575=ORIENTED_EDGE('',*,*,#4129,.T.);
#1576=ORIENTED_EDGE('',*,*,#4130,.T.);
#1577=ORIENTED_EDGE('',*,*,#4131,.T.);
#1578=ORIENTED_EDGE('',*,*,#4132,.T.);
#1579=ORIENTED_EDGE('',*,*,#4133,.T.);
#1580=ORIENTED_EDGE('',*,*,#4134,.T.);
#1581=ORIENTED_EDGE('',*,*,#4135,.T.);
#1582=ORIENTED_EDGE('',*,*,#4136,.T.);
#1583=ORIENTED_EDGE('',*,*,#4137,.T.);
#1584=ORIENTED_EDGE('',*,*,#4138,.T.);
#1585=ORIENTED_EDGE('',*,*,#4139,.T.);
#1586=ORIENTED_EDGE('',*,*,#4140,.T.);
#1587=ORIENTED_EDGE('',*,*,#4141,.T.);
#1588=ORIENTED_EDGE('',*,*,#4142,.T.);
#1589=ORIENTED_EDGE('',*,*,#4143,.T.);
#1590=ORIENTED_EDGE('',*,*,#4144,.T.);
#1591=ORIENTED_EDGE('',*,*,#4145,.T.);
#1592=ORIENTED_EDGE('',*,*,#4146,.T.);
#1593=ORIENTED_EDGE('',*,*,#4147,.T.);
#1594=ORIENTED_EDGE('',*,*,#4148,.T.);
#1595=ORIENTED_EDGE('',*,*,#4149,.T.);
#1596=ORIENTED_EDGE('',*,*,#4150,.T.);
#1597=ORIENTED_EDGE('',*,*,#4151,.T.);
#1598=ORIENTED_EDGE('',*,*,#4152,.T.);
#1599=ORIENTED_EDGE('',*,*,#4153,.T.);
#1600=ORIENTED_EDGE('',*,*,#4154,.T.);
#1601=ORIENTED_EDGE('',*,*,#4155,.T.);
#1602=ORIENTED_EDGE('',*,*,#4156,.T.);
#1603=ORIENTED_EDGE('',*,*,#4157,.T.);
#1604=ORIENTED_EDGE('',*,*,#4158,.T.);
#1605=ORIENTED_EDGE('',*,*,#4159,.T.);
#1606=ORIENTED_EDGE('',*,*,#4160,.T.);
#1607=ORIENTED_EDGE('',*,*,#4161,.T.);
#1608=ORIENTED_EDGE('',*,*,#4162,.T.);
#1609=ORIENTED_EDGE('',*,*,#4163,.T.);
#1610=ORIENTED_EDGE('',*,*,#4164,.T.);
#1611=ORIENTED_EDGE('',*,*,#4165,.T.);
#1612=ORIENTED_EDGE('',*,*,#4166,.T.);
#1613=ORIENTED_EDGE('',*,*,#4167,.T.);
#1614=ORIENTED_EDGE('',*,*,#4168,.T.);
#1615=ORIENTED_EDGE('',*,*,#4169,.T.);
#1616=ORIENTED_EDGE('',*,*,#4170,.T.);
#1617=ORIENTED_EDGE('',*,*,#4171,.T.);
#1618=ORIENTED_EDGE('',*,*,#4172,.T.);
#1619=ORIENTED_EDGE('',*,*,#4173,.T.);
#1620=ORIENTED_EDGE('',*,*,#4174,.T.);
#1621=ORIENTED_EDGE('',*,*,#4175,.T.);
#1622=ORIENTED_EDGE('',*,*,#4176,.T.);
#1623=ORIENTED_EDGE('',*,*,#4177,.T.);
#1624=ORIENTED_EDGE('',*,*,#4178,.T.);
#1625=ORIENTED_EDGE('',*,*,#4179,.T.);
#1626=ORIENTED_EDGE('',*,*,#4180,.T.);
#1627=ORIENTED_EDGE('',*,*,#4181,.T.);
#1628=ORIENTED_EDGE('',*,*,#4182,.T.);
#1629=ORIENTED_EDGE('',*,*,#4183,.T.);
#1630=ORIENTED_EDGE('',*,*,#4184,.T.);
#1631=ORIENTED_EDGE('',*,*,#4185,.T.);
#1632=ORIENTED_EDGE('',*,*,#4186,.T.);
#1633=ORIENTED_EDGE('',*,*,#4187,.T.);
#1634=ORIENTED_EDGE('',*,*,#4188,.T.);
#1635=ORIENTED_EDGE('',*,*,#4189,.T.);
#1636=ORIENTED_EDGE('',*,*,#4190,.T.);
#1637=ORIENTED_EDGE('',*,*,#4191,.T.);
#1638=ORIENTED_EDGE('',*,*,#4192,.T.);
#1639=ORIENTED_EDGE('',*,*,#4193,.T.);
#1640=ORIENTED_EDGE('',*,*,#4194,.T.);
#1641=ORIENTED_EDGE('',*,*,#4195,.T.);
#1642=ORIENTED_EDGE('',*,*,#4196,.T.);
#1643=ORIENTED_EDGE('',*,*,#4197,.T.);
#1644=ORIENTED_EDGE('',*,*,#4198,.T.);
#1645=ORIENTED_EDGE('',*,*,#4199,.T.);
#1646=ORIENTED_EDGE('',*,*,#4200,.T.);
#1647=ORIENTED_EDGE('',*,*,#4201,.T.);
#1648=ORIENTED_EDGE('',*,*,#4202,.T.);
#1649=ORIENTED_EDGE('',*,*,#4203,.T.);
#1650=ORIENTED_EDGE('',*,*,#4204,.T.);
#1651=ORIENTED_EDGE('',*,*,#4205,.T.);
#1652=ORIENTED_EDGE('',*,*,#4206,.T.);
#1653=ORIENTED_EDGE('',*,*,#4207,.T.);
#1654=ORIENTED_EDGE('',*,*,#4208,.T.);
#1655=ORIENTED_EDGE('',*,*,#4209,.T.);
#1656=ORIENTED_EDGE('',*,*,#4210,.T.);
#1657=ORIENTED_EDGE('',*,*,#4211,.T.);
#1658=ORIENTED_EDGE('',*,*,#4212,.T.);
#1659=ORIENTED_EDGE('',*,*,#4213,.T.);
#1660=ORIENTED_EDGE('',*,*,#4214,.T.);
#1661=ORIENTED_EDGE('',*,*,#4215,.T.);
#1662=ORIENTED_EDGE('',*,*,#4216,.T.);
#1663=ORIENTED_EDGE('',*,*,#4217,.T.);
#1664=ORIENTED_EDGE('',*,*,#4218,.T.);
#1665=ORIENTED_EDGE('',*,*,#4219,.T.);
#1666=ORIENTED_EDGE('',*,*,#4220,.T.);
#1667=ORIENTED_EDGE('',*,*,#4221,.T.);
#1668=ORIENTED_EDGE('',*,*,#4222,.T.);
#1669=ORIENTED_EDGE('',*,*,#4223,.T.);
#1670=ORIENTED_EDGE('',*,*,#4224,.T.);
#1671=ORIENTED_EDGE('',*,*,#4225,.T.);
#1672=ORIENTED_EDGE('',*,*,#4226,.T.);
#1673=ORIENTED_EDGE('',*,*,#4227,.T.);
#1674=ORIENTED_EDGE('',*,*,#4228,.T.);
#1675=ORIENTED_EDGE('',*,*,#4229,.T.);
#1676=ORIENTED_EDGE('',*,*,#4230,.T.);
#1677=ORIENTED_EDGE('',*,*,#4231,.T.);
#1678=ORIENTED_EDGE('',*,*,#4232,.T.);
#1679=ORIENTED_EDGE('',*,*,#4233,.T.);
#1680=ORIENTED_EDGE('',*,*,#4234,.T.);
#1681=ORIENTED_EDGE('',*,*,#4235,.T.);
#1682=ORIENTED_EDGE('',*,*,#4236,.T.);
#1683=ORIENTED_EDGE('',*,*,#4237,.T.);
#1684=ORIENTED_EDGE('',*,*,#4238,.T.);
#1685=ORIENTED_EDGE('',*,*,#4239,.T.);
#1686=ORIENTED_EDGE('',*,*,#4240,.T.);
#1687=ORIENTED_EDGE('',*,*,#4241,.T.);
#1688=ORIENTED_EDGE('',*,*,#4242,.T.);
#1689=ORIENTED_EDGE('',*,*,#4243,.T.);
#1690=ORIENTED_EDGE('',*,*,#4244,.T.);
#1691=ORIENTED_EDGE('',*,*,#4245,.T.);
#1692=ORIENTED_EDGE('',*,*,#4246,.T.);
#1693=ORIENTED_EDGE('',*,*,#4247,.T.);
#1694=ORIENTED_EDGE('',*,*,#4248,.T.);
#1695=ORIENTED_EDGE('',*,*,#4249,.T.);
#1696=ORIENTED_EDGE('',*,*,#4250,.T.);
#1697=ORIENTED_EDGE('',*,*,#4251,.T.);
#1698=ORIENTED_EDGE('',*,*,#4252,.T.);
#1699=ORIENTED_EDGE('',*,*,#4253,.T.);
#1700=ORIENTED_EDGE('',*,*,#4254,.T.);
#1701=ORIENTED_EDGE('',*,*,#4255,.T.);
#1702=ORIENTED_EDGE('',*,*,#4256,.T.);
#1703=ORIENTED_EDGE('',*,*,#4257,.T.);
#1704=ORIENTED_EDGE('',*,*,#4258,.T.);
#1705=ORIENTED_EDGE('',*,*,#4259,.T.);
#1706=ORIENTED_EDGE('',*,*,#4260,.T.);
#1707=ORIENTED_EDGE('',*,*,#4261,.T.);
#1708=ORIENTED_EDGE('',*,*,#4262,.T.);
#1709=ORIENTED_EDGE('',*,*,#4263,.T.);
#1710=ORIENTED_EDGE('',*,*,#4264,.T.);
#1711=ORIENTED_EDGE('',*,*,#4265,.T.);
#1712=ORIENTED_EDGE('',*,*,#4266,.T.);
#1713=ORIENTED_EDGE('',*,*,#4267,.T.);
#1714=ORIENTED_EDGE('',*,*,#4268,.T.);
#1715=ORIENTED_EDGE('',*,*,#4269,.T.);
#1716=ORIENTED_EDGE('',*,*,#4270,.T.);
#1717=ORIENTED_EDGE('',*,*,#4271,.T.);
#1718=ORIENTED_EDGE('',*,*,#4272,.T.);
#1719=ORIENTED_EDGE('',*,*,#4273,.T.);
#1720=ORIENTED_EDGE('',*,*,#4274,.T.);
#1721=ORIENTED_EDGE('',*,*,#4275,.T.);
#1722=ORIENTED_EDGE('',*,*,#4276,.T.);
#1723=ORIENTED_EDGE('',*,*,#4277,.T.);
#1724=ORIENTED_EDGE('',*,*,#4278,.T.);
#1725=ORIENTED_EDGE('',*,*,#4279,.T.);
#1726=ORIENTED_EDGE('',*,*,#4280,.T.);
#1727=ORIENTED_EDGE('',*,*,#4281,.T.);
#1728=ORIENTED_EDGE('',*,*,#4282,.T.);
#1729=ORIENTED_EDGE('',*,*,#4283,.T.);
#1730=ORIENTED_EDGE('',*,*,#4284,.T.);
#1731=ORIENTED_EDGE('',*,*,#4285,.T.);
#1732=ORIENTED_EDGE('',*,*,#4286,.T.);
#1733=ORIENTED_EDGE('',*,*,#4287,.T.);
#1734=ORIENTED_EDGE('',*,*,#4288,.T.);
#1735=ORIENTED_EDGE('',*,*,#4289,.T.);
#1736=ORIENTED_EDGE('',*,*,#4290,.T.);
#1737=ORIENTED_EDGE('',*,*,#4291,.T.);
#1738=ORIENTED_EDGE('',*,*,#4292,.T.);
#1739=ORIENTED_EDGE('',*,*,#4293,.T.);
#1740=ORIENTED_EDGE('',*,*,#4294,.T.);
#1741=ORIENTED_EDGE('',*,*,#4295,.T.);
#1742=ORIENTED_EDGE('',*,*,#4296,.T.);
#1743=ORIENTED_EDGE('',*,*,#4297,.T.);
#1744=ORIENTED_EDGE('',*,*,#4298,.T.);
#1745=ORIENTED_EDGE('',*,*,#4299,.T.);
#1746=ORIENTED_EDGE('',*,*,#4300,.T.);
#1747=ORIENTED_EDGE('',*,*,#4301,.T.);
#1748=ORIENTED_EDGE('',*,*,#4302,.T.);
#1749=ORIENTED_EDGE('',*,*,#4303,.F.);
#1750=ORIENTED_EDGE('',*,*,#4304,.F.);
#1751=ORIENTED_EDGE('',*,*,#4305,.T.);
#1752=ORIENTED_EDGE('',*,*,#4304,.T.);
#1753=ORIENTED_EDGE('',*,*,#4306,.T.);
#1754=ORIENTED_EDGE('',*,*,#4307,.F.);
#1755=ORIENTED_EDGE('',*,*,#4308,.T.);
#1756=ORIENTED_EDGE('',*,*,#4309,.F.);
#1757=ORIENTED_EDGE('',*,*,#4306,.F.);
#1758=ORIENTED_EDGE('',*,*,#4309,.T.);
#1759=ORIENTED_EDGE('',*,*,#4307,.T.);
#1760=ORIENTED_EDGE('',*,*,#4310,.F.);
#1761=ORIENTED_EDGE('',*,*,#4310,.T.);
#1762=ORIENTED_EDGE('',*,*,#4004,.F.);
#1763=ORIENTED_EDGE('',*,*,#4311,.F.);
#1764=ORIENTED_EDGE('',*,*,#4312,.T.);
#1765=ORIENTED_EDGE('',*,*,#4313,.T.);
#1766=ORIENTED_EDGE('',*,*,#4314,.T.);
#1767=ORIENTED_EDGE('',*,*,#4315,.F.);
#1768=ORIENTED_EDGE('',*,*,#4316,.T.);
#1769=ORIENTED_EDGE('',*,*,#4311,.T.);
#1770=ORIENTED_EDGE('',*,*,#4317,.T.);
#1771=ORIENTED_EDGE('',*,*,#4318,.F.);
#1772=ORIENTED_EDGE('',*,*,#4319,.T.);
#1773=ORIENTED_EDGE('',*,*,#4315,.T.);
#1774=ORIENTED_EDGE('',*,*,#4320,.T.);
#1775=ORIENTED_EDGE('',*,*,#4321,.F.);
#1776=ORIENTED_EDGE('',*,*,#4322,.T.);
#1777=ORIENTED_EDGE('',*,*,#4318,.T.);
#1778=ORIENTED_EDGE('',*,*,#4323,.T.);
#1779=ORIENTED_EDGE('',*,*,#4324,.F.);
#1780=ORIENTED_EDGE('',*,*,#4325,.T.);
#1781=ORIENTED_EDGE('',*,*,#4321,.T.);
#1782=ORIENTED_EDGE('',*,*,#4326,.T.);
#1783=ORIENTED_EDGE('',*,*,#4327,.F.);
#1784=ORIENTED_EDGE('',*,*,#4328,.T.);
#1785=ORIENTED_EDGE('',*,*,#4324,.T.);
#1786=ORIENTED_EDGE('',*,*,#4329,.T.);
#1787=ORIENTED_EDGE('',*,*,#4330,.F.);
#1788=ORIENTED_EDGE('',*,*,#4331,.T.);
#1789=ORIENTED_EDGE('',*,*,#4327,.T.);
#1790=ORIENTED_EDGE('',*,*,#4332,.T.);
#1791=ORIENTED_EDGE('',*,*,#4313,.F.);
#1792=ORIENTED_EDGE('',*,*,#4333,.T.);
#1793=ORIENTED_EDGE('',*,*,#4330,.T.);
#1794=ORIENTED_EDGE('',*,*,#4334,.T.);
#1795=ORIENTED_EDGE('',*,*,#4335,.F.);
#1796=ORIENTED_EDGE('',*,*,#4336,.T.);
#1797=ORIENTED_EDGE('',*,*,#4337,.T.);
#1798=ORIENTED_EDGE('',*,*,#4338,.T.);
#1799=ORIENTED_EDGE('',*,*,#4339,.F.);
#1800=ORIENTED_EDGE('',*,*,#4340,.T.);
#1801=ORIENTED_EDGE('',*,*,#4335,.T.);
#1802=ORIENTED_EDGE('',*,*,#4341,.T.);
#1803=ORIENTED_EDGE('',*,*,#4342,.F.);
#1804=ORIENTED_EDGE('',*,*,#4343,.T.);
#1805=ORIENTED_EDGE('',*,*,#4339,.T.);
#1806=ORIENTED_EDGE('',*,*,#4344,.T.);
#1807=ORIENTED_EDGE('',*,*,#4345,.F.);
#1808=ORIENTED_EDGE('',*,*,#4346,.T.);
#1809=ORIENTED_EDGE('',*,*,#4342,.T.);
#1810=ORIENTED_EDGE('',*,*,#4347,.T.);
#1811=ORIENTED_EDGE('',*,*,#4348,.F.);
#1812=ORIENTED_EDGE('',*,*,#4349,.T.);
#1813=ORIENTED_EDGE('',*,*,#4345,.T.);
#1814=ORIENTED_EDGE('',*,*,#4350,.T.);
#1815=ORIENTED_EDGE('',*,*,#4351,.F.);
#1816=ORIENTED_EDGE('',*,*,#4352,.T.);
#1817=ORIENTED_EDGE('',*,*,#4348,.T.);
#1818=ORIENTED_EDGE('',*,*,#4353,.T.);
#1819=ORIENTED_EDGE('',*,*,#4354,.F.);
#1820=ORIENTED_EDGE('',*,*,#4355,.T.);
#1821=ORIENTED_EDGE('',*,*,#4351,.T.);
#1822=ORIENTED_EDGE('',*,*,#4356,.T.);
#1823=ORIENTED_EDGE('',*,*,#4337,.F.);
#1824=ORIENTED_EDGE('',*,*,#4357,.T.);
#1825=ORIENTED_EDGE('',*,*,#4354,.T.);
#1826=ORIENTED_EDGE('',*,*,#4358,.T.);
#1827=ORIENTED_EDGE('',*,*,#4359,.F.);
#1828=ORIENTED_EDGE('',*,*,#4360,.T.);
#1829=ORIENTED_EDGE('',*,*,#4361,.T.);
#1830=ORIENTED_EDGE('',*,*,#4362,.T.);
#1831=ORIENTED_EDGE('',*,*,#4363,.F.);
#1832=ORIENTED_EDGE('',*,*,#4364,.T.);
#1833=ORIENTED_EDGE('',*,*,#4359,.T.);
#1834=ORIENTED_EDGE('',*,*,#4365,.T.);
#1835=ORIENTED_EDGE('',*,*,#4366,.F.);
#1836=ORIENTED_EDGE('',*,*,#4367,.T.);
#1837=ORIENTED_EDGE('',*,*,#4363,.T.);
#1838=ORIENTED_EDGE('',*,*,#4368,.T.);
#1839=ORIENTED_EDGE('',*,*,#4369,.F.);
#1840=ORIENTED_EDGE('',*,*,#4370,.T.);
#1841=ORIENTED_EDGE('',*,*,#4366,.T.);
#1842=ORIENTED_EDGE('',*,*,#4371,.T.);
#1843=ORIENTED_EDGE('',*,*,#4372,.F.);
#1844=ORIENTED_EDGE('',*,*,#4373,.T.);
#1845=ORIENTED_EDGE('',*,*,#4369,.T.);
#1846=ORIENTED_EDGE('',*,*,#4374,.T.);
#1847=ORIENTED_EDGE('',*,*,#4375,.F.);
#1848=ORIENTED_EDGE('',*,*,#4376,.T.);
#1849=ORIENTED_EDGE('',*,*,#4372,.T.);
#1850=ORIENTED_EDGE('',*,*,#4377,.T.);
#1851=ORIENTED_EDGE('',*,*,#4378,.F.);
#1852=ORIENTED_EDGE('',*,*,#4379,.T.);
#1853=ORIENTED_EDGE('',*,*,#4375,.T.);
#1854=ORIENTED_EDGE('',*,*,#4380,.T.);
#1855=ORIENTED_EDGE('',*,*,#4361,.F.);
#1856=ORIENTED_EDGE('',*,*,#4381,.T.);
#1857=ORIENTED_EDGE('',*,*,#4378,.T.);
#1858=ORIENTED_EDGE('',*,*,#4382,.T.);
#1859=ORIENTED_EDGE('',*,*,#4383,.F.);
#1860=ORIENTED_EDGE('',*,*,#4384,.T.);
#1861=ORIENTED_EDGE('',*,*,#4385,.T.);
#1862=ORIENTED_EDGE('',*,*,#4386,.T.);
#1863=ORIENTED_EDGE('',*,*,#4387,.F.);
#1864=ORIENTED_EDGE('',*,*,#4388,.T.);
#1865=ORIENTED_EDGE('',*,*,#4383,.T.);
#1866=ORIENTED_EDGE('',*,*,#4389,.T.);
#1867=ORIENTED_EDGE('',*,*,#4390,.F.);
#1868=ORIENTED_EDGE('',*,*,#4391,.T.);
#1869=ORIENTED_EDGE('',*,*,#4387,.T.);
#1870=ORIENTED_EDGE('',*,*,#4392,.T.);
#1871=ORIENTED_EDGE('',*,*,#4393,.F.);
#1872=ORIENTED_EDGE('',*,*,#4394,.T.);
#1873=ORIENTED_EDGE('',*,*,#4390,.T.);
#1874=ORIENTED_EDGE('',*,*,#4395,.T.);
#1875=ORIENTED_EDGE('',*,*,#4396,.F.);
#1876=ORIENTED_EDGE('',*,*,#4397,.T.);
#1877=ORIENTED_EDGE('',*,*,#4393,.T.);
#1878=ORIENTED_EDGE('',*,*,#4398,.T.);
#1879=ORIENTED_EDGE('',*,*,#4399,.F.);
#1880=ORIENTED_EDGE('',*,*,#4400,.T.);
#1881=ORIENTED_EDGE('',*,*,#4396,.T.);
#1882=ORIENTED_EDGE('',*,*,#4401,.T.);
#1883=ORIENTED_EDGE('',*,*,#4402,.F.);
#1884=ORIENTED_EDGE('',*,*,#4403,.T.);
#1885=ORIENTED_EDGE('',*,*,#4399,.T.);
#1886=ORIENTED_EDGE('',*,*,#4404,.T.);
#1887=ORIENTED_EDGE('',*,*,#4385,.F.);
#1888=ORIENTED_EDGE('',*,*,#4405,.T.);
#1889=ORIENTED_EDGE('',*,*,#4402,.T.);
#1890=ORIENTED_EDGE('',*,*,#4406,.T.);
#1891=ORIENTED_EDGE('',*,*,#4407,.F.);
#1892=ORIENTED_EDGE('',*,*,#4408,.T.);
#1893=ORIENTED_EDGE('',*,*,#4409,.T.);
#1894=ORIENTED_EDGE('',*,*,#4410,.T.);
#1895=ORIENTED_EDGE('',*,*,#4411,.F.);
#1896=ORIENTED_EDGE('',*,*,#4412,.T.);
#1897=ORIENTED_EDGE('',*,*,#4407,.T.);
#1898=ORIENTED_EDGE('',*,*,#4413,.T.);
#1899=ORIENTED_EDGE('',*,*,#4414,.F.);
#1900=ORIENTED_EDGE('',*,*,#4415,.T.);
#1901=ORIENTED_EDGE('',*,*,#4411,.T.);
#1902=ORIENTED_EDGE('',*,*,#4416,.T.);
#1903=ORIENTED_EDGE('',*,*,#4417,.F.);
#1904=ORIENTED_EDGE('',*,*,#4418,.T.);
#1905=ORIENTED_EDGE('',*,*,#4414,.T.);
#1906=ORIENTED_EDGE('',*,*,#4419,.T.);
#1907=ORIENTED_EDGE('',*,*,#4420,.F.);
#1908=ORIENTED_EDGE('',*,*,#4421,.T.);
#1909=ORIENTED_EDGE('',*,*,#4417,.T.);
#1910=ORIENTED_EDGE('',*,*,#4422,.T.);
#1911=ORIENTED_EDGE('',*,*,#4423,.F.);
#1912=ORIENTED_EDGE('',*,*,#4424,.T.);
#1913=ORIENTED_EDGE('',*,*,#4420,.T.);
#1914=ORIENTED_EDGE('',*,*,#4425,.T.);
#1915=ORIENTED_EDGE('',*,*,#4426,.F.);
#1916=ORIENTED_EDGE('',*,*,#4427,.T.);
#1917=ORIENTED_EDGE('',*,*,#4423,.T.);
#1918=ORIENTED_EDGE('',*,*,#4428,.T.);
#1919=ORIENTED_EDGE('',*,*,#4409,.F.);
#1920=ORIENTED_EDGE('',*,*,#4429,.T.);
#1921=ORIENTED_EDGE('',*,*,#4426,.T.);
#1922=ORIENTED_EDGE('',*,*,#4430,.T.);
#1923=ORIENTED_EDGE('',*,*,#4431,.F.);
#1924=ORIENTED_EDGE('',*,*,#4432,.T.);
#1925=ORIENTED_EDGE('',*,*,#4433,.T.);
#1926=ORIENTED_EDGE('',*,*,#4434,.T.);
#1927=ORIENTED_EDGE('',*,*,#4435,.F.);
#1928=ORIENTED_EDGE('',*,*,#4436,.T.);
#1929=ORIENTED_EDGE('',*,*,#4431,.T.);
#1930=ORIENTED_EDGE('',*,*,#4437,.T.);
#1931=ORIENTED_EDGE('',*,*,#4438,.F.);
#1932=ORIENTED_EDGE('',*,*,#4439,.T.);
#1933=ORIENTED_EDGE('',*,*,#4435,.T.);
#1934=ORIENTED_EDGE('',*,*,#4440,.T.);
#1935=ORIENTED_EDGE('',*,*,#4441,.F.);
#1936=ORIENTED_EDGE('',*,*,#4442,.T.);
#1937=ORIENTED_EDGE('',*,*,#4438,.T.);
#1938=ORIENTED_EDGE('',*,*,#4443,.T.);
#1939=ORIENTED_EDGE('',*,*,#4444,.F.);
#1940=ORIENTED_EDGE('',*,*,#4445,.T.);
#1941=ORIENTED_EDGE('',*,*,#4441,.T.);
#1942=ORIENTED_EDGE('',*,*,#4446,.T.);
#1943=ORIENTED_EDGE('',*,*,#4447,.F.);
#1944=ORIENTED_EDGE('',*,*,#4448,.T.);
#1945=ORIENTED_EDGE('',*,*,#4444,.T.);
#1946=ORIENTED_EDGE('',*,*,#4449,.T.);
#1947=ORIENTED_EDGE('',*,*,#4450,.F.);
#1948=ORIENTED_EDGE('',*,*,#4451,.T.);
#1949=ORIENTED_EDGE('',*,*,#4447,.T.);
#1950=ORIENTED_EDGE('',*,*,#4452,.T.);
#1951=ORIENTED_EDGE('',*,*,#4433,.F.);
#1952=ORIENTED_EDGE('',*,*,#4453,.T.);
#1953=ORIENTED_EDGE('',*,*,#4450,.T.);
#1954=ORIENTED_EDGE('',*,*,#4454,.T.);
#1955=ORIENTED_EDGE('',*,*,#4455,.F.);
#1956=ORIENTED_EDGE('',*,*,#4456,.T.);
#1957=ORIENTED_EDGE('',*,*,#4457,.T.);
#1958=ORIENTED_EDGE('',*,*,#4458,.T.);
#1959=ORIENTED_EDGE('',*,*,#4459,.F.);
#1960=ORIENTED_EDGE('',*,*,#4460,.T.);
#1961=ORIENTED_EDGE('',*,*,#4455,.T.);
#1962=ORIENTED_EDGE('',*,*,#4461,.T.);
#1963=ORIENTED_EDGE('',*,*,#4462,.F.);
#1964=ORIENTED_EDGE('',*,*,#4463,.T.);
#1965=ORIENTED_EDGE('',*,*,#4459,.T.);
#1966=ORIENTED_EDGE('',*,*,#4464,.T.);
#1967=ORIENTED_EDGE('',*,*,#4465,.F.);
#1968=ORIENTED_EDGE('',*,*,#4466,.T.);
#1969=ORIENTED_EDGE('',*,*,#4462,.T.);
#1970=ORIENTED_EDGE('',*,*,#4467,.T.);
#1971=ORIENTED_EDGE('',*,*,#4468,.F.);
#1972=ORIENTED_EDGE('',*,*,#4469,.T.);
#1973=ORIENTED_EDGE('',*,*,#4465,.T.);
#1974=ORIENTED_EDGE('',*,*,#4470,.T.);
#1975=ORIENTED_EDGE('',*,*,#4471,.F.);
#1976=ORIENTED_EDGE('',*,*,#4472,.T.);
#1977=ORIENTED_EDGE('',*,*,#4468,.T.);
#1978=ORIENTED_EDGE('',*,*,#4473,.T.);
#1979=ORIENTED_EDGE('',*,*,#4474,.F.);
#1980=ORIENTED_EDGE('',*,*,#4475,.T.);
#1981=ORIENTED_EDGE('',*,*,#4471,.T.);
#1982=ORIENTED_EDGE('',*,*,#4476,.T.);
#1983=ORIENTED_EDGE('',*,*,#4457,.F.);
#1984=ORIENTED_EDGE('',*,*,#4477,.T.);
#1985=ORIENTED_EDGE('',*,*,#4474,.T.);
#1986=ORIENTED_EDGE('',*,*,#4478,.T.);
#1987=ORIENTED_EDGE('',*,*,#4479,.F.);
#1988=ORIENTED_EDGE('',*,*,#4480,.T.);
#1989=ORIENTED_EDGE('',*,*,#4481,.T.);
#1990=ORIENTED_EDGE('',*,*,#4482,.T.);
#1991=ORIENTED_EDGE('',*,*,#4483,.F.);
#1992=ORIENTED_EDGE('',*,*,#4484,.T.);
#1993=ORIENTED_EDGE('',*,*,#4479,.T.);
#1994=ORIENTED_EDGE('',*,*,#4485,.T.);
#1995=ORIENTED_EDGE('',*,*,#4486,.F.);
#1996=ORIENTED_EDGE('',*,*,#4487,.T.);
#1997=ORIENTED_EDGE('',*,*,#4483,.T.);
#1998=ORIENTED_EDGE('',*,*,#4488,.T.);
#1999=ORIENTED_EDGE('',*,*,#4489,.F.);
#2000=ORIENTED_EDGE('',*,*,#4490,.T.);
#2001=ORIENTED_EDGE('',*,*,#4486,.T.);
#2002=ORIENTED_EDGE('',*,*,#4491,.T.);
#2003=ORIENTED_EDGE('',*,*,#4492,.F.);
#2004=ORIENTED_EDGE('',*,*,#4493,.T.);
#2005=ORIENTED_EDGE('',*,*,#4489,.T.);
#2006=ORIENTED_EDGE('',*,*,#4494,.T.);
#2007=ORIENTED_EDGE('',*,*,#4495,.F.);
#2008=ORIENTED_EDGE('',*,*,#4496,.T.);
#2009=ORIENTED_EDGE('',*,*,#4492,.T.);
#2010=ORIENTED_EDGE('',*,*,#4497,.T.);
#2011=ORIENTED_EDGE('',*,*,#4498,.F.);
#2012=ORIENTED_EDGE('',*,*,#4499,.T.);
#2013=ORIENTED_EDGE('',*,*,#4495,.T.);
#2014=ORIENTED_EDGE('',*,*,#4500,.T.);
#2015=ORIENTED_EDGE('',*,*,#4481,.F.);
#2016=ORIENTED_EDGE('',*,*,#4501,.T.);
#2017=ORIENTED_EDGE('',*,*,#4498,.T.);
#2018=ORIENTED_EDGE('',*,*,#4502,.T.);
#2019=ORIENTED_EDGE('',*,*,#4503,.F.);
#2020=ORIENTED_EDGE('',*,*,#4504,.T.);
#2021=ORIENTED_EDGE('',*,*,#4505,.T.);
#2022=ORIENTED_EDGE('',*,*,#4506,.T.);
#2023=ORIENTED_EDGE('',*,*,#4507,.F.);
#2024=ORIENTED_EDGE('',*,*,#4508,.T.);
#2025=ORIENTED_EDGE('',*,*,#4503,.T.);
#2026=ORIENTED_EDGE('',*,*,#4509,.T.);
#2027=ORIENTED_EDGE('',*,*,#4510,.F.);
#2028=ORIENTED_EDGE('',*,*,#4511,.T.);
#2029=ORIENTED_EDGE('',*,*,#4507,.T.);
#2030=ORIENTED_EDGE('',*,*,#4512,.T.);
#2031=ORIENTED_EDGE('',*,*,#4513,.F.);
#2032=ORIENTED_EDGE('',*,*,#4514,.T.);
#2033=ORIENTED_EDGE('',*,*,#4510,.T.);
#2034=ORIENTED_EDGE('',*,*,#4515,.T.);
#2035=ORIENTED_EDGE('',*,*,#4516,.F.);
#2036=ORIENTED_EDGE('',*,*,#4517,.T.);
#2037=ORIENTED_EDGE('',*,*,#4513,.T.);
#2038=ORIENTED_EDGE('',*,*,#4518,.T.);
#2039=ORIENTED_EDGE('',*,*,#4519,.F.);
#2040=ORIENTED_EDGE('',*,*,#4520,.T.);
#2041=ORIENTED_EDGE('',*,*,#4516,.T.);
#2042=ORIENTED_EDGE('',*,*,#4521,.T.);
#2043=ORIENTED_EDGE('',*,*,#4522,.F.);
#2044=ORIENTED_EDGE('',*,*,#4523,.T.);
#2045=ORIENTED_EDGE('',*,*,#4519,.T.);
#2046=ORIENTED_EDGE('',*,*,#4524,.T.);
#2047=ORIENTED_EDGE('',*,*,#4505,.F.);
#2048=ORIENTED_EDGE('',*,*,#4525,.T.);
#2049=ORIENTED_EDGE('',*,*,#4522,.T.);
#2050=ORIENTED_EDGE('',*,*,#4526,.T.);
#2051=ORIENTED_EDGE('',*,*,#4527,.F.);
#2052=ORIENTED_EDGE('',*,*,#4528,.T.);
#2053=ORIENTED_EDGE('',*,*,#4529,.T.);
#2054=ORIENTED_EDGE('',*,*,#4530,.T.);
#2055=ORIENTED_EDGE('',*,*,#4531,.F.);
#2056=ORIENTED_EDGE('',*,*,#4532,.T.);
#2057=ORIENTED_EDGE('',*,*,#4527,.T.);
#2058=ORIENTED_EDGE('',*,*,#4533,.T.);
#2059=ORIENTED_EDGE('',*,*,#4534,.F.);
#2060=ORIENTED_EDGE('',*,*,#4535,.T.);
#2061=ORIENTED_EDGE('',*,*,#4531,.T.);
#2062=ORIENTED_EDGE('',*,*,#4536,.T.);
#2063=ORIENTED_EDGE('',*,*,#4537,.F.);
#2064=ORIENTED_EDGE('',*,*,#4538,.T.);
#2065=ORIENTED_EDGE('',*,*,#4534,.T.);
#2066=ORIENTED_EDGE('',*,*,#4539,.T.);
#2067=ORIENTED_EDGE('',*,*,#4540,.F.);
#2068=ORIENTED_EDGE('',*,*,#4541,.T.);
#2069=ORIENTED_EDGE('',*,*,#4537,.T.);
#2070=ORIENTED_EDGE('',*,*,#4542,.T.);
#2071=ORIENTED_EDGE('',*,*,#4543,.F.);
#2072=ORIENTED_EDGE('',*,*,#4544,.T.);
#2073=ORIENTED_EDGE('',*,*,#4540,.T.);
#2074=ORIENTED_EDGE('',*,*,#4545,.T.);
#2075=ORIENTED_EDGE('',*,*,#4546,.F.);
#2076=ORIENTED_EDGE('',*,*,#4547,.T.);
#2077=ORIENTED_EDGE('',*,*,#4543,.T.);
#2078=ORIENTED_EDGE('',*,*,#4548,.T.);
#2079=ORIENTED_EDGE('',*,*,#4529,.F.);
#2080=ORIENTED_EDGE('',*,*,#4549,.T.);
#2081=ORIENTED_EDGE('',*,*,#4546,.T.);
#2082=ORIENTED_EDGE('',*,*,#4550,.T.);
#2083=ORIENTED_EDGE('',*,*,#4551,.F.);
#2084=ORIENTED_EDGE('',*,*,#4552,.T.);
#2085=ORIENTED_EDGE('',*,*,#4553,.T.);
#2086=ORIENTED_EDGE('',*,*,#4554,.T.);
#2087=ORIENTED_EDGE('',*,*,#4555,.F.);
#2088=ORIENTED_EDGE('',*,*,#4556,.T.);
#2089=ORIENTED_EDGE('',*,*,#4551,.T.);
#2090=ORIENTED_EDGE('',*,*,#4557,.T.);
#2091=ORIENTED_EDGE('',*,*,#4558,.F.);
#2092=ORIENTED_EDGE('',*,*,#4559,.T.);
#2093=ORIENTED_EDGE('',*,*,#4555,.T.);
#2094=ORIENTED_EDGE('',*,*,#4560,.T.);
#2095=ORIENTED_EDGE('',*,*,#4561,.F.);
#2096=ORIENTED_EDGE('',*,*,#4562,.T.);
#2097=ORIENTED_EDGE('',*,*,#4558,.T.);
#2098=ORIENTED_EDGE('',*,*,#4563,.T.);
#2099=ORIENTED_EDGE('',*,*,#4564,.F.);
#2100=ORIENTED_EDGE('',*,*,#4565,.T.);
#2101=ORIENTED_EDGE('',*,*,#4561,.T.);
#2102=ORIENTED_EDGE('',*,*,#4566,.T.);
#2103=ORIENTED_EDGE('',*,*,#4567,.F.);
#2104=ORIENTED_EDGE('',*,*,#4568,.T.);
#2105=ORIENTED_EDGE('',*,*,#4564,.T.);
#2106=ORIENTED_EDGE('',*,*,#4569,.T.);
#2107=ORIENTED_EDGE('',*,*,#4570,.F.);
#2108=ORIENTED_EDGE('',*,*,#4571,.T.);
#2109=ORIENTED_EDGE('',*,*,#4567,.T.);
#2110=ORIENTED_EDGE('',*,*,#4572,.T.);
#2111=ORIENTED_EDGE('',*,*,#4553,.F.);
#2112=ORIENTED_EDGE('',*,*,#4573,.T.);
#2113=ORIENTED_EDGE('',*,*,#4570,.T.);
#2114=ORIENTED_EDGE('',*,*,#4574,.T.);
#2115=ORIENTED_EDGE('',*,*,#4575,.F.);
#2116=ORIENTED_EDGE('',*,*,#4576,.T.);
#2117=ORIENTED_EDGE('',*,*,#4577,.T.);
#2118=ORIENTED_EDGE('',*,*,#4578,.T.);
#2119=ORIENTED_EDGE('',*,*,#4579,.F.);
#2120=ORIENTED_EDGE('',*,*,#4580,.T.);
#2121=ORIENTED_EDGE('',*,*,#4575,.T.);
#2122=ORIENTED_EDGE('',*,*,#4581,.T.);
#2123=ORIENTED_EDGE('',*,*,#4582,.F.);
#2124=ORIENTED_EDGE('',*,*,#4583,.T.);
#2125=ORIENTED_EDGE('',*,*,#4579,.T.);
#2126=ORIENTED_EDGE('',*,*,#4584,.T.);
#2127=ORIENTED_EDGE('',*,*,#4585,.F.);
#2128=ORIENTED_EDGE('',*,*,#4586,.T.);
#2129=ORIENTED_EDGE('',*,*,#4582,.T.);
#2130=ORIENTED_EDGE('',*,*,#4587,.T.);
#2131=ORIENTED_EDGE('',*,*,#4588,.F.);
#2132=ORIENTED_EDGE('',*,*,#4589,.T.);
#2133=ORIENTED_EDGE('',*,*,#4585,.T.);
#2134=ORIENTED_EDGE('',*,*,#4590,.T.);
#2135=ORIENTED_EDGE('',*,*,#4591,.F.);
#2136=ORIENTED_EDGE('',*,*,#4592,.T.);
#2137=ORIENTED_EDGE('',*,*,#4588,.T.);
#2138=ORIENTED_EDGE('',*,*,#4593,.T.);
#2139=ORIENTED_EDGE('',*,*,#4594,.F.);
#2140=ORIENTED_EDGE('',*,*,#4595,.T.);
#2141=ORIENTED_EDGE('',*,*,#4591,.T.);
#2142=ORIENTED_EDGE('',*,*,#4596,.T.);
#2143=ORIENTED_EDGE('',*,*,#4577,.F.);
#2144=ORIENTED_EDGE('',*,*,#4597,.T.);
#2145=ORIENTED_EDGE('',*,*,#4594,.T.);
#2146=ORIENTED_EDGE('',*,*,#4598,.T.);
#2147=ORIENTED_EDGE('',*,*,#4599,.F.);
#2148=ORIENTED_EDGE('',*,*,#4600,.T.);
#2149=ORIENTED_EDGE('',*,*,#4601,.T.);
#2150=ORIENTED_EDGE('',*,*,#4602,.T.);
#2151=ORIENTED_EDGE('',*,*,#4603,.F.);
#2152=ORIENTED_EDGE('',*,*,#4604,.T.);
#2153=ORIENTED_EDGE('',*,*,#4599,.T.);
#2154=ORIENTED_EDGE('',*,*,#4605,.T.);
#2155=ORIENTED_EDGE('',*,*,#4606,.F.);
#2156=ORIENTED_EDGE('',*,*,#4607,.T.);
#2157=ORIENTED_EDGE('',*,*,#4603,.T.);
#2158=ORIENTED_EDGE('',*,*,#4608,.T.);
#2159=ORIENTED_EDGE('',*,*,#4609,.F.);
#2160=ORIENTED_EDGE('',*,*,#4610,.T.);
#2161=ORIENTED_EDGE('',*,*,#4606,.T.);
#2162=ORIENTED_EDGE('',*,*,#4611,.T.);
#2163=ORIENTED_EDGE('',*,*,#4612,.F.);
#2164=ORIENTED_EDGE('',*,*,#4613,.T.);
#2165=ORIENTED_EDGE('',*,*,#4609,.T.);
#2166=ORIENTED_EDGE('',*,*,#4614,.T.);
#2167=ORIENTED_EDGE('',*,*,#4615,.F.);
#2168=ORIENTED_EDGE('',*,*,#4616,.T.);
#2169=ORIENTED_EDGE('',*,*,#4612,.T.);
#2170=ORIENTED_EDGE('',*,*,#4617,.T.);
#2171=ORIENTED_EDGE('',*,*,#4618,.F.);
#2172=ORIENTED_EDGE('',*,*,#4619,.T.);
#2173=ORIENTED_EDGE('',*,*,#4615,.T.);
#2174=ORIENTED_EDGE('',*,*,#4620,.T.);
#2175=ORIENTED_EDGE('',*,*,#4601,.F.);
#2176=ORIENTED_EDGE('',*,*,#4621,.T.);
#2177=ORIENTED_EDGE('',*,*,#4618,.T.);
#2178=ORIENTED_EDGE('',*,*,#4622,.T.);
#2179=ORIENTED_EDGE('',*,*,#4623,.F.);
#2180=ORIENTED_EDGE('',*,*,#4624,.T.);
#2181=ORIENTED_EDGE('',*,*,#4625,.T.);
#2182=ORIENTED_EDGE('',*,*,#4626,.T.);
#2183=ORIENTED_EDGE('',*,*,#4627,.F.);
#2184=ORIENTED_EDGE('',*,*,#4628,.T.);
#2185=ORIENTED_EDGE('',*,*,#4623,.T.);
#2186=ORIENTED_EDGE('',*,*,#4629,.T.);
#2187=ORIENTED_EDGE('',*,*,#4630,.F.);
#2188=ORIENTED_EDGE('',*,*,#4631,.T.);
#2189=ORIENTED_EDGE('',*,*,#4627,.T.);
#2190=ORIENTED_EDGE('',*,*,#4632,.T.);
#2191=ORIENTED_EDGE('',*,*,#4633,.F.);
#2192=ORIENTED_EDGE('',*,*,#4634,.T.);
#2193=ORIENTED_EDGE('',*,*,#4630,.T.);
#2194=ORIENTED_EDGE('',*,*,#4635,.T.);
#2195=ORIENTED_EDGE('',*,*,#4636,.F.);
#2196=ORIENTED_EDGE('',*,*,#4637,.T.);
#2197=ORIENTED_EDGE('',*,*,#4633,.T.);
#2198=ORIENTED_EDGE('',*,*,#4638,.T.);
#2199=ORIENTED_EDGE('',*,*,#4639,.F.);
#2200=ORIENTED_EDGE('',*,*,#4640,.T.);
#2201=ORIENTED_EDGE('',*,*,#4636,.T.);
#2202=ORIENTED_EDGE('',*,*,#4641,.T.);
#2203=ORIENTED_EDGE('',*,*,#4642,.F.);
#2204=ORIENTED_EDGE('',*,*,#4643,.T.);
#2205=ORIENTED_EDGE('',*,*,#4639,.T.);
#2206=ORIENTED_EDGE('',*,*,#4644,.T.);
#2207=ORIENTED_EDGE('',*,*,#4625,.F.);
#2208=ORIENTED_EDGE('',*,*,#4645,.T.);
#2209=ORIENTED_EDGE('',*,*,#4642,.T.);
#2210=ORIENTED_EDGE('',*,*,#4646,.T.);
#2211=ORIENTED_EDGE('',*,*,#4647,.F.);
#2212=ORIENTED_EDGE('',*,*,#4648,.T.);
#2213=ORIENTED_EDGE('',*,*,#4649,.T.);
#2214=ORIENTED_EDGE('',*,*,#4650,.T.);
#2215=ORIENTED_EDGE('',*,*,#4651,.F.);
#2216=ORIENTED_EDGE('',*,*,#4652,.T.);
#2217=ORIENTED_EDGE('',*,*,#4647,.T.);
#2218=ORIENTED_EDGE('',*,*,#4653,.T.);
#2219=ORIENTED_EDGE('',*,*,#4654,.F.);
#2220=ORIENTED_EDGE('',*,*,#4655,.T.);
#2221=ORIENTED_EDGE('',*,*,#4651,.T.);
#2222=ORIENTED_EDGE('',*,*,#4656,.T.);
#2223=ORIENTED_EDGE('',*,*,#4657,.F.);
#2224=ORIENTED_EDGE('',*,*,#4658,.T.);
#2225=ORIENTED_EDGE('',*,*,#4654,.T.);
#2226=ORIENTED_EDGE('',*,*,#4659,.T.);
#2227=ORIENTED_EDGE('',*,*,#4660,.F.);
#2228=ORIENTED_EDGE('',*,*,#4661,.T.);
#2229=ORIENTED_EDGE('',*,*,#4657,.T.);
#2230=ORIENTED_EDGE('',*,*,#4662,.T.);
#2231=ORIENTED_EDGE('',*,*,#4663,.F.);
#2232=ORIENTED_EDGE('',*,*,#4664,.T.);
#2233=ORIENTED_EDGE('',*,*,#4660,.T.);
#2234=ORIENTED_EDGE('',*,*,#4665,.T.);
#2235=ORIENTED_EDGE('',*,*,#4666,.F.);
#2236=ORIENTED_EDGE('',*,*,#4667,.T.);
#2237=ORIENTED_EDGE('',*,*,#4663,.T.);
#2238=ORIENTED_EDGE('',*,*,#4668,.T.);
#2239=ORIENTED_EDGE('',*,*,#4649,.F.);
#2240=ORIENTED_EDGE('',*,*,#4669,.T.);
#2241=ORIENTED_EDGE('',*,*,#4666,.T.);
#2242=ORIENTED_EDGE('',*,*,#4670,.T.);
#2243=ORIENTED_EDGE('',*,*,#4671,.F.);
#2244=ORIENTED_EDGE('',*,*,#4672,.T.);
#2245=ORIENTED_EDGE('',*,*,#4673,.T.);
#2246=ORIENTED_EDGE('',*,*,#4674,.T.);
#2247=ORIENTED_EDGE('',*,*,#4675,.F.);
#2248=ORIENTED_EDGE('',*,*,#4676,.T.);
#2249=ORIENTED_EDGE('',*,*,#4671,.T.);
#2250=ORIENTED_EDGE('',*,*,#4677,.T.);
#2251=ORIENTED_EDGE('',*,*,#4678,.F.);
#2252=ORIENTED_EDGE('',*,*,#4679,.T.);
#2253=ORIENTED_EDGE('',*,*,#4675,.T.);
#2254=ORIENTED_EDGE('',*,*,#4680,.T.);
#2255=ORIENTED_EDGE('',*,*,#4681,.F.);
#2256=ORIENTED_EDGE('',*,*,#4682,.T.);
#2257=ORIENTED_EDGE('',*,*,#4678,.T.);
#2258=ORIENTED_EDGE('',*,*,#4683,.T.);
#2259=ORIENTED_EDGE('',*,*,#4684,.F.);
#2260=ORIENTED_EDGE('',*,*,#4685,.T.);
#2261=ORIENTED_EDGE('',*,*,#4681,.T.);
#2262=ORIENTED_EDGE('',*,*,#4686,.T.);
#2263=ORIENTED_EDGE('',*,*,#4687,.F.);
#2264=ORIENTED_EDGE('',*,*,#4688,.T.);
#2265=ORIENTED_EDGE('',*,*,#4684,.T.);
#2266=ORIENTED_EDGE('',*,*,#4689,.T.);
#2267=ORIENTED_EDGE('',*,*,#4690,.F.);
#2268=ORIENTED_EDGE('',*,*,#4691,.T.);
#2269=ORIENTED_EDGE('',*,*,#4687,.T.);
#2270=ORIENTED_EDGE('',*,*,#4692,.T.);
#2271=ORIENTED_EDGE('',*,*,#4673,.F.);
#2272=ORIENTED_EDGE('',*,*,#4693,.T.);
#2273=ORIENTED_EDGE('',*,*,#4690,.T.);
#2274=ORIENTED_EDGE('',*,*,#4694,.T.);
#2275=ORIENTED_EDGE('',*,*,#4695,.F.);
#2276=ORIENTED_EDGE('',*,*,#4696,.T.);
#2277=ORIENTED_EDGE('',*,*,#4697,.T.);
#2278=ORIENTED_EDGE('',*,*,#4698,.T.);
#2279=ORIENTED_EDGE('',*,*,#4699,.F.);
#2280=ORIENTED_EDGE('',*,*,#4700,.T.);
#2281=ORIENTED_EDGE('',*,*,#4695,.T.);
#2282=ORIENTED_EDGE('',*,*,#4701,.T.);
#2283=ORIENTED_EDGE('',*,*,#4702,.F.);
#2284=ORIENTED_EDGE('',*,*,#4703,.T.);
#2285=ORIENTED_EDGE('',*,*,#4699,.T.);
#2286=ORIENTED_EDGE('',*,*,#4704,.T.);
#2287=ORIENTED_EDGE('',*,*,#4705,.F.);
#2288=ORIENTED_EDGE('',*,*,#4706,.T.);
#2289=ORIENTED_EDGE('',*,*,#4702,.T.);
#2290=ORIENTED_EDGE('',*,*,#4707,.T.);
#2291=ORIENTED_EDGE('',*,*,#4708,.F.);
#2292=ORIENTED_EDGE('',*,*,#4709,.T.);
#2293=ORIENTED_EDGE('',*,*,#4705,.T.);
#2294=ORIENTED_EDGE('',*,*,#4710,.T.);
#2295=ORIENTED_EDGE('',*,*,#4711,.F.);
#2296=ORIENTED_EDGE('',*,*,#4712,.T.);
#2297=ORIENTED_EDGE('',*,*,#4708,.T.);
#2298=ORIENTED_EDGE('',*,*,#4713,.T.);
#2299=ORIENTED_EDGE('',*,*,#4714,.F.);
#2300=ORIENTED_EDGE('',*,*,#4715,.T.);
#2301=ORIENTED_EDGE('',*,*,#4711,.T.);
#2302=ORIENTED_EDGE('',*,*,#4716,.T.);
#2303=ORIENTED_EDGE('',*,*,#4697,.F.);
#2304=ORIENTED_EDGE('',*,*,#4717,.T.);
#2305=ORIENTED_EDGE('',*,*,#4714,.T.);
#2306=ORIENTED_EDGE('',*,*,#4718,.T.);
#2307=ORIENTED_EDGE('',*,*,#4719,.F.);
#2308=ORIENTED_EDGE('',*,*,#4720,.T.);
#2309=ORIENTED_EDGE('',*,*,#4721,.T.);
#2310=ORIENTED_EDGE('',*,*,#4722,.T.);
#2311=ORIENTED_EDGE('',*,*,#4723,.F.);
#2312=ORIENTED_EDGE('',*,*,#4724,.T.);
#2313=ORIENTED_EDGE('',*,*,#4719,.T.);
#2314=ORIENTED_EDGE('',*,*,#4725,.T.);
#2315=ORIENTED_EDGE('',*,*,#4726,.F.);
#2316=ORIENTED_EDGE('',*,*,#4727,.T.);
#2317=ORIENTED_EDGE('',*,*,#4723,.T.);
#2318=ORIENTED_EDGE('',*,*,#4728,.T.);
#2319=ORIENTED_EDGE('',*,*,#4729,.F.);
#2320=ORIENTED_EDGE('',*,*,#4730,.T.);
#2321=ORIENTED_EDGE('',*,*,#4726,.T.);
#2322=ORIENTED_EDGE('',*,*,#4731,.T.);
#2323=ORIENTED_EDGE('',*,*,#4732,.F.);
#2324=ORIENTED_EDGE('',*,*,#4733,.T.);
#2325=ORIENTED_EDGE('',*,*,#4729,.T.);
#2326=ORIENTED_EDGE('',*,*,#4734,.T.);
#2327=ORIENTED_EDGE('',*,*,#4735,.F.);
#2328=ORIENTED_EDGE('',*,*,#4736,.T.);
#2329=ORIENTED_EDGE('',*,*,#4732,.T.);
#2330=ORIENTED_EDGE('',*,*,#4737,.T.);
#2331=ORIENTED_EDGE('',*,*,#4738,.F.);
#2332=ORIENTED_EDGE('',*,*,#4739,.T.);
#2333=ORIENTED_EDGE('',*,*,#4735,.T.);
#2334=ORIENTED_EDGE('',*,*,#4740,.T.);
#2335=ORIENTED_EDGE('',*,*,#4721,.F.);
#2336=ORIENTED_EDGE('',*,*,#4741,.T.);
#2337=ORIENTED_EDGE('',*,*,#4738,.T.);
#2338=ORIENTED_EDGE('',*,*,#4742,.T.);
#2339=ORIENTED_EDGE('',*,*,#4743,.F.);
#2340=ORIENTED_EDGE('',*,*,#4744,.T.);
#2341=ORIENTED_EDGE('',*,*,#4745,.T.);
#2342=ORIENTED_EDGE('',*,*,#4746,.T.);
#2343=ORIENTED_EDGE('',*,*,#4747,.F.);
#2344=ORIENTED_EDGE('',*,*,#4748,.T.);
#2345=ORIENTED_EDGE('',*,*,#4743,.T.);
#2346=ORIENTED_EDGE('',*,*,#4749,.T.);
#2347=ORIENTED_EDGE('',*,*,#4750,.F.);
#2348=ORIENTED_EDGE('',*,*,#4751,.T.);
#2349=ORIENTED_EDGE('',*,*,#4747,.T.);
#2350=ORIENTED_EDGE('',*,*,#4752,.T.);
#2351=ORIENTED_EDGE('',*,*,#4753,.F.);
#2352=ORIENTED_EDGE('',*,*,#4754,.T.);
#2353=ORIENTED_EDGE('',*,*,#4750,.T.);
#2354=ORIENTED_EDGE('',*,*,#4755,.T.);
#2355=ORIENTED_EDGE('',*,*,#4756,.F.);
#2356=ORIENTED_EDGE('',*,*,#4757,.T.);
#2357=ORIENTED_EDGE('',*,*,#4753,.T.);
#2358=ORIENTED_EDGE('',*,*,#4758,.T.);
#2359=ORIENTED_EDGE('',*,*,#4759,.F.);
#2360=ORIENTED_EDGE('',*,*,#4760,.T.);
#2361=ORIENTED_EDGE('',*,*,#4756,.T.);
#2362=ORIENTED_EDGE('',*,*,#4761,.T.);
#2363=ORIENTED_EDGE('',*,*,#4762,.F.);
#2364=ORIENTED_EDGE('',*,*,#4763,.T.);
#2365=ORIENTED_EDGE('',*,*,#4759,.T.);
#2366=ORIENTED_EDGE('',*,*,#4764,.T.);
#2367=ORIENTED_EDGE('',*,*,#4745,.F.);
#2368=ORIENTED_EDGE('',*,*,#4765,.T.);
#2369=ORIENTED_EDGE('',*,*,#4762,.T.);
#2370=ORIENTED_EDGE('',*,*,#4766,.T.);
#2371=ORIENTED_EDGE('',*,*,#4767,.F.);
#2372=ORIENTED_EDGE('',*,*,#4768,.T.);
#2373=ORIENTED_EDGE('',*,*,#4769,.T.);
#2374=ORIENTED_EDGE('',*,*,#4770,.T.);
#2375=ORIENTED_EDGE('',*,*,#4771,.F.);
#2376=ORIENTED_EDGE('',*,*,#4772,.T.);
#2377=ORIENTED_EDGE('',*,*,#4767,.T.);
#2378=ORIENTED_EDGE('',*,*,#4773,.T.);
#2379=ORIENTED_EDGE('',*,*,#4774,.F.);
#2380=ORIENTED_EDGE('',*,*,#4775,.T.);
#2381=ORIENTED_EDGE('',*,*,#4771,.T.);
#2382=ORIENTED_EDGE('',*,*,#4776,.T.);
#2383=ORIENTED_EDGE('',*,*,#4777,.F.);
#2384=ORIENTED_EDGE('',*,*,#4778,.T.);
#2385=ORIENTED_EDGE('',*,*,#4774,.T.);
#2386=ORIENTED_EDGE('',*,*,#4779,.T.);
#2387=ORIENTED_EDGE('',*,*,#4780,.F.);
#2388=ORIENTED_EDGE('',*,*,#4781,.T.);
#2389=ORIENTED_EDGE('',*,*,#4777,.T.);
#2390=ORIENTED_EDGE('',*,*,#4782,.T.);
#2391=ORIENTED_EDGE('',*,*,#4783,.F.);
#2392=ORIENTED_EDGE('',*,*,#4784,.T.);
#2393=ORIENTED_EDGE('',*,*,#4780,.T.);
#2394=ORIENTED_EDGE('',*,*,#4785,.T.);
#2395=ORIENTED_EDGE('',*,*,#4786,.F.);
#2396=ORIENTED_EDGE('',*,*,#4787,.T.);
#2397=ORIENTED_EDGE('',*,*,#4783,.T.);
#2398=ORIENTED_EDGE('',*,*,#4788,.T.);
#2399=ORIENTED_EDGE('',*,*,#4769,.F.);
#2400=ORIENTED_EDGE('',*,*,#4789,.T.);
#2401=ORIENTED_EDGE('',*,*,#4786,.T.);
#2402=ORIENTED_EDGE('',*,*,#4790,.T.);
#2403=ORIENTED_EDGE('',*,*,#4791,.F.);
#2404=ORIENTED_EDGE('',*,*,#4792,.T.);
#2405=ORIENTED_EDGE('',*,*,#4793,.T.);
#2406=ORIENTED_EDGE('',*,*,#4794,.T.);
#2407=ORIENTED_EDGE('',*,*,#4795,.F.);
#2408=ORIENTED_EDGE('',*,*,#4796,.T.);
#2409=ORIENTED_EDGE('',*,*,#4791,.T.);
#2410=ORIENTED_EDGE('',*,*,#4797,.T.);
#2411=ORIENTED_EDGE('',*,*,#4798,.F.);
#2412=ORIENTED_EDGE('',*,*,#4799,.T.);
#2413=ORIENTED_EDGE('',*,*,#4795,.T.);
#2414=ORIENTED_EDGE('',*,*,#4800,.T.);
#2415=ORIENTED_EDGE('',*,*,#4801,.F.);
#2416=ORIENTED_EDGE('',*,*,#4802,.T.);
#2417=ORIENTED_EDGE('',*,*,#4798,.T.);
#2418=ORIENTED_EDGE('',*,*,#4803,.T.);
#2419=ORIENTED_EDGE('',*,*,#4804,.F.);
#2420=ORIENTED_EDGE('',*,*,#4805,.T.);
#2421=ORIENTED_EDGE('',*,*,#4801,.T.);
#2422=ORIENTED_EDGE('',*,*,#4806,.T.);
#2423=ORIENTED_EDGE('',*,*,#4807,.F.);
#2424=ORIENTED_EDGE('',*,*,#4808,.T.);
#2425=ORIENTED_EDGE('',*,*,#4804,.T.);
#2426=ORIENTED_EDGE('',*,*,#4809,.T.);
#2427=ORIENTED_EDGE('',*,*,#4810,.F.);
#2428=ORIENTED_EDGE('',*,*,#4811,.T.);
#2429=ORIENTED_EDGE('',*,*,#4807,.T.);
#2430=ORIENTED_EDGE('',*,*,#4812,.T.);
#2431=ORIENTED_EDGE('',*,*,#4793,.F.);
#2432=ORIENTED_EDGE('',*,*,#4813,.T.);
#2433=ORIENTED_EDGE('',*,*,#4810,.T.);
#2434=ORIENTED_EDGE('',*,*,#4814,.T.);
#2435=ORIENTED_EDGE('',*,*,#4815,.F.);
#2436=ORIENTED_EDGE('',*,*,#4640,.F.);
#2437=ORIENTED_EDGE('',*,*,#4816,.F.);
#2438=ORIENTED_EDGE('',*,*,#4012,.F.);
#2439=ORIENTED_EDGE('',*,*,#4816,.T.);
#2440=ORIENTED_EDGE('',*,*,#4643,.F.);
#2441=ORIENTED_EDGE('',*,*,#4817,.F.);
#2442=ORIENTED_EDGE('',*,*,#4013,.F.);
#2443=ORIENTED_EDGE('',*,*,#4815,.T.);
#2444=ORIENTED_EDGE('',*,*,#4011,.F.);
#2445=ORIENTED_EDGE('',*,*,#4818,.F.);
#2446=ORIENTED_EDGE('',*,*,#4637,.F.);
#2447=ORIENTED_EDGE('',*,*,#4817,.T.);
#2448=ORIENTED_EDGE('',*,*,#4645,.F.);
#2449=ORIENTED_EDGE('',*,*,#4819,.F.);
#2450=ORIENTED_EDGE('',*,*,#4014,.F.);
#2451=ORIENTED_EDGE('',*,*,#4818,.T.);
#2452=ORIENTED_EDGE('',*,*,#4010,.F.);
#2453=ORIENTED_EDGE('',*,*,#4820,.F.);
#2454=ORIENTED_EDGE('',*,*,#4634,.F.);
#2455=ORIENTED_EDGE('',*,*,#4819,.T.);
#2456=ORIENTED_EDGE('',*,*,#4624,.F.);
#2457=ORIENTED_EDGE('',*,*,#4821,.F.);
#2458=ORIENTED_EDGE('',*,*,#4007,.F.);
#2459=ORIENTED_EDGE('',*,*,#4820,.T.);
#2460=ORIENTED_EDGE('',*,*,#4009,.F.);
#2461=ORIENTED_EDGE('',*,*,#4822,.F.);
#2462=ORIENTED_EDGE('',*,*,#4631,.F.);
#2463=ORIENTED_EDGE('',*,*,#4821,.T.);
#2464=ORIENTED_EDGE('',*,*,#4628,.F.);
#2465=ORIENTED_EDGE('',*,*,#4822,.T.);
#2466=ORIENTED_EDGE('',*,*,#4008,.F.);
#2467=ORIENTED_EDGE('',*,*,#4214,.F.);
#2468=ORIENTED_EDGE('',*,*,#4823,.T.);
#2469=ORIENTED_EDGE('',*,*,#4824,.F.);
#2470=ORIENTED_EDGE('',*,*,#4473,.F.);
#2471=ORIENTED_EDGE('',*,*,#4825,.F.);
#2472=ORIENTED_EDGE('',*,*,#4826,.F.);
#2473=ORIENTED_EDGE('',*,*,#4824,.T.);
#2474=ORIENTED_EDGE('',*,*,#4827,.T.);
#2475=ORIENTED_EDGE('',*,*,#4828,.F.);
#2476=ORIENTED_EDGE('',*,*,#4476,.F.);
#2477=ORIENTED_EDGE('',*,*,#4825,.T.);
#2478=ORIENTED_EDGE('',*,*,#4470,.F.);
#2479=ORIENTED_EDGE('',*,*,#4829,.F.);
#2480=ORIENTED_EDGE('',*,*,#4830,.F.);
#2481=ORIENTED_EDGE('',*,*,#4831,.F.);
#2482=ORIENTED_EDGE('',*,*,#4832,.T.);
#2483=ORIENTED_EDGE('',*,*,#4212,.F.);
#2484=ORIENTED_EDGE('',*,*,#4826,.T.);
#2485=ORIENTED_EDGE('',*,*,#4833,.F.);
#2486=ORIENTED_EDGE('',*,*,#4430,.F.);
#2487=ORIENTED_EDGE('',*,*,#4828,.T.);
#2488=ORIENTED_EDGE('',*,*,#4834,.T.);
#2489=ORIENTED_EDGE('',*,*,#4215,.F.);
#2490=ORIENTED_EDGE('',*,*,#4835,.F.);
#2491=ORIENTED_EDGE('',*,*,#4836,.F.);
#2492=ORIENTED_EDGE('',*,*,#4478,.F.);
#2493=ORIENTED_EDGE('',*,*,#4829,.T.);
#2494=ORIENTED_EDGE('',*,*,#4467,.F.);
#2495=ORIENTED_EDGE('',*,*,#4837,.F.);
#2496=ORIENTED_EDGE('',*,*,#4294,.F.);
#2497=ORIENTED_EDGE('',*,*,#4838,.F.);
#2498=ORIENTED_EDGE('',*,*,#4833,.T.);
#2499=ORIENTED_EDGE('',*,*,#4830,.T.);
#2500=ORIENTED_EDGE('',*,*,#4839,.F.);
#2501=ORIENTED_EDGE('',*,*,#4410,.F.);
#2502=ORIENTED_EDGE('',*,*,#4840,.F.);
#2503=ORIENTED_EDGE('',*,*,#4841,.T.);
#2504=ORIENTED_EDGE('',*,*,#4831,.T.);
#2505=ORIENTED_EDGE('',*,*,#4428,.F.);
#2506=ORIENTED_EDGE('',*,*,#4217,.F.);
#2507=ORIENTED_EDGE('',*,*,#4842,.T.);
#2508=ORIENTED_EDGE('',*,*,#4843,.F.);
#2509=ORIENTED_EDGE('',*,*,#4593,.F.);
#2510=ORIENTED_EDGE('',*,*,#4844,.F.);
#2511=ORIENTED_EDGE('',*,*,#4835,.T.);
#2512=ORIENTED_EDGE('',*,*,#4458,.F.);
#2513=ORIENTED_EDGE('',*,*,#4836,.T.);
#2514=ORIENTED_EDGE('',*,*,#4845,.F.);
#2515=ORIENTED_EDGE('',*,*,#4846,.F.);
#2516=ORIENTED_EDGE('',*,*,#4837,.T.);
#2517=ORIENTED_EDGE('',*,*,#4464,.F.);
#2518=ORIENTED_EDGE('',*,*,#4847,.F.);
#2519=ORIENTED_EDGE('',*,*,#4295,.F.);
#2520=ORIENTED_EDGE('',*,*,#4838,.T.);
#2521=ORIENTED_EDGE('',*,*,#4293,.F.);
#2522=ORIENTED_EDGE('',*,*,#4848,.F.);
#2523=ORIENTED_EDGE('',*,*,#4413,.F.);
#2524=ORIENTED_EDGE('',*,*,#4839,.T.);
#2525=ORIENTED_EDGE('',*,*,#4211,.F.);
#2526=ORIENTED_EDGE('',*,*,#4849,.T.);
#2527=ORIENTED_EDGE('',*,*,#4840,.T.);
#2528=ORIENTED_EDGE('',*,*,#4425,.F.);
#2529=ORIENTED_EDGE('',*,*,#4850,.F.);
#2530=ORIENTED_EDGE('',*,*,#4851,.F.);
#2531=ORIENTED_EDGE('',*,*,#4843,.T.);
#2532=ORIENTED_EDGE('',*,*,#4852,.T.);
#2533=ORIENTED_EDGE('',*,*,#4853,.F.);
#2534=ORIENTED_EDGE('',*,*,#4596,.F.);
#2535=ORIENTED_EDGE('',*,*,#4844,.T.);
#2536=ORIENTED_EDGE('',*,*,#4590,.F.);
#2537=ORIENTED_EDGE('',*,*,#4854,.F.);
#2538=ORIENTED_EDGE('',*,*,#4845,.T.);
#2539=ORIENTED_EDGE('',*,*,#4461,.F.);
#2540=ORIENTED_EDGE('',*,*,#4846,.T.);
#2541=ORIENTED_EDGE('',*,*,#4855,.F.);
#2542=ORIENTED_EDGE('',*,*,#4296,.F.);
#2543=ORIENTED_EDGE('',*,*,#4847,.T.);
#2544=ORIENTED_EDGE('',*,*,#4848,.T.);
#2545=ORIENTED_EDGE('',*,*,#4292,.F.);
#2546=ORIENTED_EDGE('',*,*,#4856,.F.);
#2547=ORIENTED_EDGE('',*,*,#4416,.F.);
#2548=ORIENTED_EDGE('',*,*,#4850,.T.);
#2549=ORIENTED_EDGE('',*,*,#4422,.F.);
#2550=ORIENTED_EDGE('',*,*,#4857,.F.);
#2551=ORIENTED_EDGE('',*,*,#4858,.F.);
#2552=ORIENTED_EDGE('',*,*,#4859,.F.);
#2553=ORIENTED_EDGE('',*,*,#4860,.T.);
#2554=ORIENTED_EDGE('',*,*,#4209,.F.);
#2555=ORIENTED_EDGE('',*,*,#4851,.T.);
#2556=ORIENTED_EDGE('',*,*,#4861,.F.);
#2557=ORIENTED_EDGE('',*,*,#4454,.F.);
#2558=ORIENTED_EDGE('',*,*,#4853,.T.);
#2559=ORIENTED_EDGE('',*,*,#4862,.T.);
#2560=ORIENTED_EDGE('',*,*,#4218,.F.);
#2561=ORIENTED_EDGE('',*,*,#4863,.F.);
#2562=ORIENTED_EDGE('',*,*,#4864,.F.);
#2563=ORIENTED_EDGE('',*,*,#4598,.F.);
#2564=ORIENTED_EDGE('',*,*,#4854,.T.);
#2565=ORIENTED_EDGE('',*,*,#4587,.F.);
#2566=ORIENTED_EDGE('',*,*,#4865,.F.);
#2567=ORIENTED_EDGE('',*,*,#4297,.F.);
#2568=ORIENTED_EDGE('',*,*,#4855,.T.);
#2569=ORIENTED_EDGE('',*,*,#4856,.T.);
#2570=ORIENTED_EDGE('',*,*,#4291,.F.);
#2571=ORIENTED_EDGE('',*,*,#4866,.F.);
#2572=ORIENTED_EDGE('',*,*,#4857,.T.);
#2573=ORIENTED_EDGE('',*,*,#4419,.F.);
#2574=ORIENTED_EDGE('',*,*,#4861,.T.);
#2575=ORIENTED_EDGE('',*,*,#4858,.T.);
#2576=ORIENTED_EDGE('',*,*,#4867,.F.);
#2577=ORIENTED_EDGE('',*,*,#4434,.F.);
#2578=ORIENTED_EDGE('',*,*,#4868,.F.);
#2579=ORIENTED_EDGE('',*,*,#4869,.T.);
#2580=ORIENTED_EDGE('',*,*,#4859,.T.);
#2581=ORIENTED_EDGE('',*,*,#4452,.F.);
#2582=ORIENTED_EDGE('',*,*,#4220,.F.);
#2583=ORIENTED_EDGE('',*,*,#4870,.T.);
#2584=ORIENTED_EDGE('',*,*,#4871,.F.);
#2585=ORIENTED_EDGE('',*,*,#4617,.F.);
#2586=ORIENTED_EDGE('',*,*,#4872,.F.);
#2587=ORIENTED_EDGE('',*,*,#4863,.T.);
#2588=ORIENTED_EDGE('',*,*,#4578,.F.);
#2589=ORIENTED_EDGE('',*,*,#4864,.T.);
#2590=ORIENTED_EDGE('',*,*,#4873,.F.);
#2591=ORIENTED_EDGE('',*,*,#4874,.F.);
#2592=ORIENTED_EDGE('',*,*,#4865,.T.);
#2593=ORIENTED_EDGE('',*,*,#4584,.F.);
#2594=ORIENTED_EDGE('',*,*,#4875,.F.);
#2595=ORIENTED_EDGE('',*,*,#4298,.F.);
#2596=ORIENTED_EDGE('',*,*,#4866,.T.);
#2597=ORIENTED_EDGE('',*,*,#4290,.F.);
#2598=ORIENTED_EDGE('',*,*,#4876,.F.);
#2599=ORIENTED_EDGE('',*,*,#4437,.F.);
#2600=ORIENTED_EDGE('',*,*,#4867,.T.);
#2601=ORIENTED_EDGE('',*,*,#4208,.F.);
#2602=ORIENTED_EDGE('',*,*,#4877,.T.);
#2603=ORIENTED_EDGE('',*,*,#4868,.T.);
#2604=ORIENTED_EDGE('',*,*,#4449,.F.);
#2605=ORIENTED_EDGE('',*,*,#4878,.F.);
#2606=ORIENTED_EDGE('',*,*,#4879,.F.);
#2607=ORIENTED_EDGE('',*,*,#4871,.T.);
#2608=ORIENTED_EDGE('',*,*,#4880,.T.);
#2609=ORIENTED_EDGE('',*,*,#4881,.F.);
#2610=ORIENTED_EDGE('',*,*,#4620,.F.);
#2611=ORIENTED_EDGE('',*,*,#4872,.T.);
#2612=ORIENTED_EDGE('',*,*,#4614,.F.);
#2613=ORIENTED_EDGE('',*,*,#4882,.F.);
#2614=ORIENTED_EDGE('',*,*,#4873,.T.);
#2615=ORIENTED_EDGE('',*,*,#4581,.F.);
#2616=ORIENTED_EDGE('',*,*,#4874,.T.);
#2617=ORIENTED_EDGE('',*,*,#4883,.F.);
#2618=ORIENTED_EDGE('',*,*,#4299,.F.);
#2619=ORIENTED_EDGE('',*,*,#4875,.T.);
#2620=ORIENTED_EDGE('',*,*,#4876,.T.);
#2621=ORIENTED_EDGE('',*,*,#4289,.F.);
#2622=ORIENTED_EDGE('',*,*,#4884,.F.);
#2623=ORIENTED_EDGE('',*,*,#4440,.F.);
#2624=ORIENTED_EDGE('',*,*,#4878,.T.);
#2625=ORIENTED_EDGE('',*,*,#4446,.F.);
#2626=ORIENTED_EDGE('',*,*,#4885,.F.);
#2627=ORIENTED_EDGE('',*,*,#4886,.F.);
#2628=ORIENTED_EDGE('',*,*,#4887,.F.);
#2629=ORIENTED_EDGE('',*,*,#4888,.T.);
#2630=ORIENTED_EDGE('',*,*,#4206,.F.);
#2631=ORIENTED_EDGE('',*,*,#4879,.T.);
#2632=ORIENTED_EDGE('',*,*,#4889,.F.);
#2633=ORIENTED_EDGE('',*,*,#4526,.F.);
#2634=ORIENTED_EDGE('',*,*,#4881,.T.);
#2635=ORIENTED_EDGE('',*,*,#4890,.T.);
#2636=ORIENTED_EDGE('',*,*,#4221,.F.);
#2637=ORIENTED_EDGE('',*,*,#4891,.F.);
#2638=ORIENTED_EDGE('',*,*,#4892,.F.);
#2639=ORIENTED_EDGE('',*,*,#4622,.F.);
#2640=ORIENTED_EDGE('',*,*,#4882,.T.);
#2641=ORIENTED_EDGE('',*,*,#4611,.F.);
#2642=ORIENTED_EDGE('',*,*,#4893,.F.);
#2643=ORIENTED_EDGE('',*,*,#4237,.F.);
#2644=ORIENTED_EDGE('',*,*,#4883,.T.);
#2645=ORIENTED_EDGE('',*,*,#4884,.T.);
#2646=ORIENTED_EDGE('',*,*,#4288,.F.);
#2647=ORIENTED_EDGE('',*,*,#4894,.F.);
#2648=ORIENTED_EDGE('',*,*,#4885,.T.);
#2649=ORIENTED_EDGE('',*,*,#4443,.F.);
#2650=ORIENTED_EDGE('',*,*,#4889,.T.);
#2651=ORIENTED_EDGE('',*,*,#4886,.T.);
#2652=ORIENTED_EDGE('',*,*,#4895,.F.);
#2653=ORIENTED_EDGE('',*,*,#4506,.F.);
#2654=ORIENTED_EDGE('',*,*,#4896,.F.);
#2655=ORIENTED_EDGE('',*,*,#4897,.T.);
#2656=ORIENTED_EDGE('',*,*,#4887,.T.);
#2657=ORIENTED_EDGE('',*,*,#4524,.F.);
#2658=ORIENTED_EDGE('',*,*,#4223,.F.);
#2659=ORIENTED_EDGE('',*,*,#4898,.T.);
#2660=ORIENTED_EDGE('',*,*,#4899,.F.);
#2661=ORIENTED_EDGE('',*,*,#4545,.F.);
#2662=ORIENTED_EDGE('',*,*,#4900,.F.);
#2663=ORIENTED_EDGE('',*,*,#4891,.T.);
#2664=ORIENTED_EDGE('',*,*,#4602,.F.);
#2665=ORIENTED_EDGE('',*,*,#4892,.T.);
#2666=ORIENTED_EDGE('',*,*,#4901,.F.);
#2667=ORIENTED_EDGE('',*,*,#4902,.F.);
#2668=ORIENTED_EDGE('',*,*,#4893,.T.);
#2669=ORIENTED_EDGE('',*,*,#4608,.F.);
#2670=ORIENTED_EDGE('',*,*,#4903,.F.);
#2671=ORIENTED_EDGE('',*,*,#4238,.F.);
#2672=ORIENTED_EDGE('',*,*,#4894,.T.);
#2673=ORIENTED_EDGE('',*,*,#4287,.F.);
#2674=ORIENTED_EDGE('',*,*,#4904,.F.);
#2675=ORIENTED_EDGE('',*,*,#4509,.F.);
#2676=ORIENTED_EDGE('',*,*,#4895,.T.);
#2677=ORIENTED_EDGE('',*,*,#4205,.F.);
#2678=ORIENTED_EDGE('',*,*,#4905,.T.);
#2679=ORIENTED_EDGE('',*,*,#4896,.T.);
#2680=ORIENTED_EDGE('',*,*,#4521,.F.);
#2681=ORIENTED_EDGE('',*,*,#4906,.F.);
#2682=ORIENTED_EDGE('',*,*,#4907,.F.);
#2683=ORIENTED_EDGE('',*,*,#4899,.T.);
#2684=ORIENTED_EDGE('',*,*,#4908,.T.);
#2685=ORIENTED_EDGE('',*,*,#4909,.F.);
#2686=ORIENTED_EDGE('',*,*,#4548,.F.);
#2687=ORIENTED_EDGE('',*,*,#4900,.T.);
#2688=ORIENTED_EDGE('',*,*,#4542,.F.);
#2689=ORIENTED_EDGE('',*,*,#4910,.F.);
#2690=ORIENTED_EDGE('',*,*,#4901,.T.);
#2691=ORIENTED_EDGE('',*,*,#4605,.F.);
#2692=ORIENTED_EDGE('',*,*,#4902,.T.);
#2693=ORIENTED_EDGE('',*,*,#4911,.F.);
#2694=ORIENTED_EDGE('',*,*,#4239,.F.);
#2695=ORIENTED_EDGE('',*,*,#4903,.T.);
#2696=ORIENTED_EDGE('',*,*,#4904,.T.);
#2697=ORIENTED_EDGE('',*,*,#4286,.F.);
#2698=ORIENTED_EDGE('',*,*,#4912,.F.);
#2699=ORIENTED_EDGE('',*,*,#4512,.F.);
#2700=ORIENTED_EDGE('',*,*,#4906,.T.);
#2701=ORIENTED_EDGE('',*,*,#4518,.F.);
#2702=ORIENTED_EDGE('',*,*,#4913,.F.);
#2703=ORIENTED_EDGE('',*,*,#4914,.F.);
#2704=ORIENTED_EDGE('',*,*,#4915,.F.);
#2705=ORIENTED_EDGE('',*,*,#4916,.T.);
#2706=ORIENTED_EDGE('',*,*,#4203,.F.);
#2707=ORIENTED_EDGE('',*,*,#4907,.T.);
#2708=ORIENTED_EDGE('',*,*,#4917,.F.);
#2709=ORIENTED_EDGE('',*,*,#4502,.F.);
#2710=ORIENTED_EDGE('',*,*,#4909,.T.);
#2711=ORIENTED_EDGE('',*,*,#4918,.T.);
#2712=ORIENTED_EDGE('',*,*,#4224,.F.);
#2713=ORIENTED_EDGE('',*,*,#4919,.F.);
#2714=ORIENTED_EDGE('',*,*,#4920,.F.);
#2715=ORIENTED_EDGE('',*,*,#4550,.F.);
#2716=ORIENTED_EDGE('',*,*,#4910,.T.);
#2717=ORIENTED_EDGE('',*,*,#4539,.F.);
#2718=ORIENTED_EDGE('',*,*,#4921,.F.);
#2719=ORIENTED_EDGE('',*,*,#4240,.F.);
#2720=ORIENTED_EDGE('',*,*,#4911,.T.);
#2721=ORIENTED_EDGE('',*,*,#4912,.T.);
#2722=ORIENTED_EDGE('',*,*,#4285,.F.);
#2723=ORIENTED_EDGE('',*,*,#4922,.F.);
#2724=ORIENTED_EDGE('',*,*,#4913,.T.);
#2725=ORIENTED_EDGE('',*,*,#4515,.F.);
#2726=ORIENTED_EDGE('',*,*,#4917,.T.);
#2727=ORIENTED_EDGE('',*,*,#4914,.T.);
#2728=ORIENTED_EDGE('',*,*,#4923,.F.);
#2729=ORIENTED_EDGE('',*,*,#4482,.F.);
#2730=ORIENTED_EDGE('',*,*,#4924,.F.);
#2731=ORIENTED_EDGE('',*,*,#4925,.T.);
#2732=ORIENTED_EDGE('',*,*,#4915,.T.);
#2733=ORIENTED_EDGE('',*,*,#4500,.F.);
#2734=ORIENTED_EDGE('',*,*,#4226,.F.);
#2735=ORIENTED_EDGE('',*,*,#4926,.T.);
#2736=ORIENTED_EDGE('',*,*,#4927,.F.);
#2737=ORIENTED_EDGE('',*,*,#4569,.F.);
#2738=ORIENTED_EDGE('',*,*,#4928,.F.);
#2739=ORIENTED_EDGE('',*,*,#4919,.T.);
#2740=ORIENTED_EDGE('',*,*,#4530,.F.);
#2741=ORIENTED_EDGE('',*,*,#4920,.T.);
#2742=ORIENTED_EDGE('',*,*,#4929,.F.);
#2743=ORIENTED_EDGE('',*,*,#4930,.F.);
#2744=ORIENTED_EDGE('',*,*,#4921,.T.);
#2745=ORIENTED_EDGE('',*,*,#4536,.F.);
#2746=ORIENTED_EDGE('',*,*,#4931,.F.);
#2747=ORIENTED_EDGE('',*,*,#4241,.F.);
#2748=ORIENTED_EDGE('',*,*,#4922,.T.);
#2749=ORIENTED_EDGE('',*,*,#4284,.F.);
#2750=ORIENTED_EDGE('',*,*,#4932,.F.);
#2751=ORIENTED_EDGE('',*,*,#4485,.F.);
#2752=ORIENTED_EDGE('',*,*,#4923,.T.);
#2753=ORIENTED_EDGE('',*,*,#4202,.F.);
#2754=ORIENTED_EDGE('',*,*,#4933,.T.);
#2755=ORIENTED_EDGE('',*,*,#4924,.T.);
#2756=ORIENTED_EDGE('',*,*,#4497,.F.);
#2757=ORIENTED_EDGE('',*,*,#4934,.F.);
#2758=ORIENTED_EDGE('',*,*,#4935,.F.);
#2759=ORIENTED_EDGE('',*,*,#4927,.T.);
#2760=ORIENTED_EDGE('',*,*,#4936,.T.);
#2761=ORIENTED_EDGE('',*,*,#4937,.F.);
#2762=ORIENTED_EDGE('',*,*,#4572,.F.);
#2763=ORIENTED_EDGE('',*,*,#4928,.T.);
#2764=ORIENTED_EDGE('',*,*,#4566,.F.);
#2765=ORIENTED_EDGE('',*,*,#4938,.F.);
#2766=ORIENTED_EDGE('',*,*,#4929,.T.);
#2767=ORIENTED_EDGE('',*,*,#4533,.F.);
#2768=ORIENTED_EDGE('',*,*,#4930,.T.);
#2769=ORIENTED_EDGE('',*,*,#4939,.F.);
#2770=ORIENTED_EDGE('',*,*,#4242,.F.);
#2771=ORIENTED_EDGE('',*,*,#4931,.T.);
#2772=ORIENTED_EDGE('',*,*,#4932,.T.);
#2773=ORIENTED_EDGE('',*,*,#4283,.F.);
#2774=ORIENTED_EDGE('',*,*,#4940,.F.);
#2775=ORIENTED_EDGE('',*,*,#4488,.F.);
#2776=ORIENTED_EDGE('',*,*,#4934,.T.);
#2777=ORIENTED_EDGE('',*,*,#4494,.F.);
#2778=ORIENTED_EDGE('',*,*,#4941,.F.);
#2779=ORIENTED_EDGE('',*,*,#4942,.F.);
#2780=ORIENTED_EDGE('',*,*,#4943,.F.);
#2781=ORIENTED_EDGE('',*,*,#4944,.T.);
#2782=ORIENTED_EDGE('',*,*,#4200,.F.);
#2783=ORIENTED_EDGE('',*,*,#4935,.T.);
#2784=ORIENTED_EDGE('',*,*,#4945,.F.);
#2785=ORIENTED_EDGE('',*,*,#4406,.F.);
#2786=ORIENTED_EDGE('',*,*,#4937,.T.);
#2787=ORIENTED_EDGE('',*,*,#4946,.T.);
#2788=ORIENTED_EDGE('',*,*,#4227,.F.);
#2789=ORIENTED_EDGE('',*,*,#4947,.F.);
#2790=ORIENTED_EDGE('',*,*,#4948,.F.);
#2791=ORIENTED_EDGE('',*,*,#4574,.F.);
#2792=ORIENTED_EDGE('',*,*,#4938,.T.);
#2793=ORIENTED_EDGE('',*,*,#4563,.F.);
#2794=ORIENTED_EDGE('',*,*,#4949,.F.);
#2795=ORIENTED_EDGE('',*,*,#4243,.F.);
#2796=ORIENTED_EDGE('',*,*,#4939,.T.);
#2797=ORIENTED_EDGE('',*,*,#4940,.T.);
#2798=ORIENTED_EDGE('',*,*,#4282,.F.);
#2799=ORIENTED_EDGE('',*,*,#4950,.F.);
#2800=ORIENTED_EDGE('',*,*,#4941,.T.);
#2801=ORIENTED_EDGE('',*,*,#4491,.F.);
#2802=ORIENTED_EDGE('',*,*,#4945,.T.);
#2803=ORIENTED_EDGE('',*,*,#4942,.T.);
#2804=ORIENTED_EDGE('',*,*,#4951,.F.);
#2805=ORIENTED_EDGE('',*,*,#4386,.F.);
#2806=ORIENTED_EDGE('',*,*,#4952,.F.);
#2807=ORIENTED_EDGE('',*,*,#4953,.T.);
#2808=ORIENTED_EDGE('',*,*,#4943,.T.);
#2809=ORIENTED_EDGE('',*,*,#4404,.F.);
#2810=ORIENTED_EDGE('',*,*,#4229,.F.);
#2811=ORIENTED_EDGE('',*,*,#4954,.T.);
#2812=ORIENTED_EDGE('',*,*,#4955,.F.);
#2813=ORIENTED_EDGE('',*,*,#4329,.F.);
#2814=ORIENTED_EDGE('',*,*,#4956,.F.);
#2815=ORIENTED_EDGE('',*,*,#4947,.T.);
#2816=ORIENTED_EDGE('',*,*,#4554,.F.);
#2817=ORIENTED_EDGE('',*,*,#4948,.T.);
#2818=ORIENTED_EDGE('',*,*,#4957,.F.);
#2819=ORIENTED_EDGE('',*,*,#4958,.F.);
#2820=ORIENTED_EDGE('',*,*,#4949,.T.);
#2821=ORIENTED_EDGE('',*,*,#4560,.F.);
#2822=ORIENTED_EDGE('',*,*,#4959,.F.);
#2823=ORIENTED_EDGE('',*,*,#4244,.F.);
#2824=ORIENTED_EDGE('',*,*,#4950,.T.);
#2825=ORIENTED_EDGE('',*,*,#4281,.F.);
#2826=ORIENTED_EDGE('',*,*,#4960,.F.);
#2827=ORIENTED_EDGE('',*,*,#4389,.F.);
#2828=ORIENTED_EDGE('',*,*,#4951,.T.);
#2829=ORIENTED_EDGE('',*,*,#4199,.F.);
#2830=ORIENTED_EDGE('',*,*,#4961,.T.);
#2831=ORIENTED_EDGE('',*,*,#4952,.T.);
#2832=ORIENTED_EDGE('',*,*,#4401,.F.);
#2833=ORIENTED_EDGE('',*,*,#4962,.F.);
#2834=ORIENTED_EDGE('',*,*,#4963,.F.);
#2835=ORIENTED_EDGE('',*,*,#4955,.T.);
#2836=ORIENTED_EDGE('',*,*,#4964,.T.);
#2837=ORIENTED_EDGE('',*,*,#4965,.F.);
#2838=ORIENTED_EDGE('',*,*,#4332,.F.);
#2839=ORIENTED_EDGE('',*,*,#4956,.T.);
#2840=ORIENTED_EDGE('',*,*,#4326,.F.);
#2841=ORIENTED_EDGE('',*,*,#4966,.F.);
#2842=ORIENTED_EDGE('',*,*,#4957,.T.);
#2843=ORIENTED_EDGE('',*,*,#4557,.F.);
#2844=ORIENTED_EDGE('',*,*,#4958,.T.);
#2845=ORIENTED_EDGE('',*,*,#4967,.F.);
#2846=ORIENTED_EDGE('',*,*,#4245,.F.);
#2847=ORIENTED_EDGE('',*,*,#4959,.T.);
#2848=ORIENTED_EDGE('',*,*,#4960,.T.);
#2849=ORIENTED_EDGE('',*,*,#4280,.F.);
#2850=ORIENTED_EDGE('',*,*,#4968,.F.);
#2851=ORIENTED_EDGE('',*,*,#4392,.F.);
#2852=ORIENTED_EDGE('',*,*,#4962,.T.);
#2853=ORIENTED_EDGE('',*,*,#4398,.F.);
#2854=ORIENTED_EDGE('',*,*,#4969,.F.);
#2855=ORIENTED_EDGE('',*,*,#4970,.F.);
#2856=ORIENTED_EDGE('',*,*,#4971,.F.);
#2857=ORIENTED_EDGE('',*,*,#4972,.T.);
#2858=ORIENTED_EDGE('',*,*,#4197,.F.);
#2859=ORIENTED_EDGE('',*,*,#4963,.T.);
#2860=ORIENTED_EDGE('',*,*,#4973,.F.);
#2861=ORIENTED_EDGE('',*,*,#4358,.F.);
#2862=ORIENTED_EDGE('',*,*,#4965,.T.);
#2863=ORIENTED_EDGE('',*,*,#4974,.T.);
#2864=ORIENTED_EDGE('',*,*,#4230,.F.);
#2865=ORIENTED_EDGE('',*,*,#4975,.F.);
#2866=ORIENTED_EDGE('',*,*,#4976,.F.);
#2867=ORIENTED_EDGE('',*,*,#4334,.F.);
#2868=ORIENTED_EDGE('',*,*,#4966,.T.);
#2869=ORIENTED_EDGE('',*,*,#4323,.F.);
#2870=ORIENTED_EDGE('',*,*,#4977,.F.);
#2871=ORIENTED_EDGE('',*,*,#4246,.F.);
#2872=ORIENTED_EDGE('',*,*,#4967,.T.);
#2873=ORIENTED_EDGE('',*,*,#4968,.T.);
#2874=ORIENTED_EDGE('',*,*,#4279,.F.);
#2875=ORIENTED_EDGE('',*,*,#4978,.F.);
#2876=ORIENTED_EDGE('',*,*,#4969,.T.);
#2877=ORIENTED_EDGE('',*,*,#4395,.F.);
#2878=ORIENTED_EDGE('',*,*,#4973,.T.);
#2879=ORIENTED_EDGE('',*,*,#4970,.T.);
#2880=ORIENTED_EDGE('',*,*,#4979,.F.);
#2881=ORIENTED_EDGE('',*,*,#4338,.F.);
#2882=ORIENTED_EDGE('',*,*,#4980,.F.);
#2883=ORIENTED_EDGE('',*,*,#4981,.T.);
#2884=ORIENTED_EDGE('',*,*,#4971,.T.);
#2885=ORIENTED_EDGE('',*,*,#4356,.F.);
#2886=ORIENTED_EDGE('',*,*,#4232,.F.);
#2887=ORIENTED_EDGE('',*,*,#4982,.T.);
#2888=ORIENTED_EDGE('',*,*,#4983,.F.);
#2889=ORIENTED_EDGE('',*,*,#4761,.F.);
#2890=ORIENTED_EDGE('',*,*,#4984,.F.);
#2891=ORIENTED_EDGE('',*,*,#4975,.T.);
#2892=ORIENTED_EDGE('',*,*,#4314,.F.);
#2893=ORIENTED_EDGE('',*,*,#4976,.T.);
#2894=ORIENTED_EDGE('',*,*,#4985,.F.);
#2895=ORIENTED_EDGE('',*,*,#4986,.F.);
#2896=ORIENTED_EDGE('',*,*,#4977,.T.);
#2897=ORIENTED_EDGE('',*,*,#4320,.F.);
#2898=ORIENTED_EDGE('',*,*,#4987,.F.);
#2899=ORIENTED_EDGE('',*,*,#4247,.F.);
#2900=ORIENTED_EDGE('',*,*,#4978,.T.);
#2901=ORIENTED_EDGE('',*,*,#4278,.F.);
#2902=ORIENTED_EDGE('',*,*,#4988,.F.);
#2903=ORIENTED_EDGE('',*,*,#4341,.F.);
#2904=ORIENTED_EDGE('',*,*,#4979,.T.);
#2905=ORIENTED_EDGE('',*,*,#4196,.F.);
#2906=ORIENTED_EDGE('',*,*,#4989,.T.);
#2907=ORIENTED_EDGE('',*,*,#4980,.T.);
#2908=ORIENTED_EDGE('',*,*,#4353,.F.);
#2909=ORIENTED_EDGE('',*,*,#4990,.F.);
#2910=ORIENTED_EDGE('',*,*,#4991,.F.);
#2911=ORIENTED_EDGE('',*,*,#4983,.T.);
#2912=ORIENTED_EDGE('',*,*,#4992,.T.);
#2913=ORIENTED_EDGE('',*,*,#4993,.F.);
#2914=ORIENTED_EDGE('',*,*,#4764,.F.);
#2915=ORIENTED_EDGE('',*,*,#4984,.T.);
#2916=ORIENTED_EDGE('',*,*,#4758,.F.);
#2917=ORIENTED_EDGE('',*,*,#4994,.F.);
#2918=ORIENTED_EDGE('',*,*,#4985,.T.);
#2919=ORIENTED_EDGE('',*,*,#4317,.F.);
#2920=ORIENTED_EDGE('',*,*,#4986,.T.);
#2921=ORIENTED_EDGE('',*,*,#4995,.F.);
#2922=ORIENTED_EDGE('',*,*,#4248,.F.);
#2923=ORIENTED_EDGE('',*,*,#4987,.T.);
#2924=ORIENTED_EDGE('',*,*,#4988,.T.);
#2925=ORIENTED_EDGE('',*,*,#4277,.F.);
#2926=ORIENTED_EDGE('',*,*,#4996,.F.);
#2927=ORIENTED_EDGE('',*,*,#4344,.F.);
#2928=ORIENTED_EDGE('',*,*,#4990,.T.);
#2929=ORIENTED_EDGE('',*,*,#4350,.F.);
#2930=ORIENTED_EDGE('',*,*,#4997,.F.);
#2931=ORIENTED_EDGE('',*,*,#4998,.F.);
#2932=ORIENTED_EDGE('',*,*,#4999,.F.);
#2933=ORIENTED_EDGE('',*,*,#5000,.T.);
#2934=ORIENTED_EDGE('',*,*,#4194,.F.);
#2935=ORIENTED_EDGE('',*,*,#4991,.T.);
#2936=ORIENTED_EDGE('',*,*,#5001,.F.);
#2937=ORIENTED_EDGE('',*,*,#4382,.F.);
#2938=ORIENTED_EDGE('',*,*,#4993,.T.);
#2939=ORIENTED_EDGE('',*,*,#5002,.T.);
#2940=ORIENTED_EDGE('',*,*,#4233,.F.);
#2941=ORIENTED_EDGE('',*,*,#5003,.F.);
#2942=ORIENTED_EDGE('',*,*,#5004,.F.);
#2943=ORIENTED_EDGE('',*,*,#4766,.F.);
#2944=ORIENTED_EDGE('',*,*,#4994,.T.);
#2945=ORIENTED_EDGE('',*,*,#4755,.F.);
#2946=ORIENTED_EDGE('',*,*,#5005,.F.);
#2947=ORIENTED_EDGE('',*,*,#4249,.F.);
#2948=ORIENTED_EDGE('',*,*,#4995,.T.);
#2949=ORIENTED_EDGE('',*,*,#4996,.T.);
#2950=ORIENTED_EDGE('',*,*,#4276,.F.);
#2951=ORIENTED_EDGE('',*,*,#5006,.F.);
#2952=ORIENTED_EDGE('',*,*,#4997,.T.);
#2953=ORIENTED_EDGE('',*,*,#4347,.F.);
#2954=ORIENTED_EDGE('',*,*,#5001,.T.);
#2955=ORIENTED_EDGE('',*,*,#4998,.T.);
#2956=ORIENTED_EDGE('',*,*,#5007,.F.);
#2957=ORIENTED_EDGE('',*,*,#4362,.F.);
#2958=ORIENTED_EDGE('',*,*,#5008,.F.);
#2959=ORIENTED_EDGE('',*,*,#5009,.T.);
#2960=ORIENTED_EDGE('',*,*,#4999,.T.);
#2961=ORIENTED_EDGE('',*,*,#4380,.F.);
#2962=ORIENTED_EDGE('',*,*,#4235,.F.);
#2963=ORIENTED_EDGE('',*,*,#5010,.T.);
#2964=ORIENTED_EDGE('',*,*,#5011,.F.);
#2965=ORIENTED_EDGE('',*,*,#4737,.F.);
#2966=ORIENTED_EDGE('',*,*,#5012,.F.);
#2967=ORIENTED_EDGE('',*,*,#5003,.T.);
#2968=ORIENTED_EDGE('',*,*,#4746,.F.);
#2969=ORIENTED_EDGE('',*,*,#5004,.T.);
#2970=ORIENTED_EDGE('',*,*,#5013,.F.);
#2971=ORIENTED_EDGE('',*,*,#5014,.F.);
#2972=ORIENTED_EDGE('',*,*,#5005,.T.);
#2973=ORIENTED_EDGE('',*,*,#4752,.F.);
#2974=ORIENTED_EDGE('',*,*,#5015,.F.);
#2975=ORIENTED_EDGE('',*,*,#4250,.F.);
#2976=ORIENTED_EDGE('',*,*,#5006,.T.);
#2977=ORIENTED_EDGE('',*,*,#4275,.F.);
#2978=ORIENTED_EDGE('',*,*,#5016,.F.);
#2979=ORIENTED_EDGE('',*,*,#4365,.F.);
#2980=ORIENTED_EDGE('',*,*,#5007,.T.);
#2981=ORIENTED_EDGE('',*,*,#4193,.F.);
#2982=ORIENTED_EDGE('',*,*,#5017,.T.);
#2983=ORIENTED_EDGE('',*,*,#5008,.T.);
#2984=ORIENTED_EDGE('',*,*,#4377,.F.);
#2985=ORIENTED_EDGE('',*,*,#5018,.F.);
#2986=ORIENTED_EDGE('',*,*,#5019,.F.);
#2987=ORIENTED_EDGE('',*,*,#5011,.T.);
#2988=ORIENTED_EDGE('',*,*,#5020,.T.);
#2989=ORIENTED_EDGE('',*,*,#5021,.F.);
#2990=ORIENTED_EDGE('',*,*,#4740,.F.);
#2991=ORIENTED_EDGE('',*,*,#5012,.T.);
#2992=ORIENTED_EDGE('',*,*,#4734,.F.);
#2993=ORIENTED_EDGE('',*,*,#5022,.F.);
#2994=ORIENTED_EDGE('',*,*,#5013,.T.);
#2995=ORIENTED_EDGE('',*,*,#4749,.F.);
#2996=ORIENTED_EDGE('',*,*,#5014,.T.);
#2997=ORIENTED_EDGE('',*,*,#5023,.F.);
#2998=ORIENTED_EDGE('',*,*,#4251,.F.);
#2999=ORIENTED_EDGE('',*,*,#5015,.T.);
#3000=ORIENTED_EDGE('',*,*,#5016,.T.);
#3001=ORIENTED_EDGE('',*,*,#4274,.F.);
#3002=ORIENTED_EDGE('',*,*,#5024,.F.);
#3003=ORIENTED_EDGE('',*,*,#4368,.F.);
#3004=ORIENTED_EDGE('',*,*,#5018,.T.);
#3005=ORIENTED_EDGE('',*,*,#4374,.F.);
#3006=ORIENTED_EDGE('',*,*,#5025,.F.);
#3007=ORIENTED_EDGE('',*,*,#5026,.F.);
#3008=ORIENTED_EDGE('',*,*,#5027,.F.);
#3009=ORIENTED_EDGE('',*,*,#5028,.T.);
#3010=ORIENTED_EDGE('',*,*,#4191,.F.);
#3011=ORIENTED_EDGE('',*,*,#5019,.T.);
#3012=ORIENTED_EDGE('',*,*,#5029,.F.);
#3013=ORIENTED_EDGE('',*,*,#4718,.F.);
#3014=ORIENTED_EDGE('',*,*,#5021,.T.);
#3015=ORIENTED_EDGE('',*,*,#5030,.T.);
#3016=ORIENTED_EDGE('',*,*,#4300,.F.);
#3017=ORIENTED_EDGE('',*,*,#5031,.F.);
#3018=ORIENTED_EDGE('',*,*,#5032,.F.);
#3019=ORIENTED_EDGE('',*,*,#4742,.F.);
#3020=ORIENTED_EDGE('',*,*,#5022,.T.);
#3021=ORIENTED_EDGE('',*,*,#4731,.F.);
#3022=ORIENTED_EDGE('',*,*,#5033,.F.);
#3023=ORIENTED_EDGE('',*,*,#4252,.F.);
#3024=ORIENTED_EDGE('',*,*,#5023,.T.);
#3025=ORIENTED_EDGE('',*,*,#5024,.T.);
#3026=ORIENTED_EDGE('',*,*,#4273,.F.);
#3027=ORIENTED_EDGE('',*,*,#5034,.F.);
#3028=ORIENTED_EDGE('',*,*,#5025,.T.);
#3029=ORIENTED_EDGE('',*,*,#4371,.F.);
#3030=ORIENTED_EDGE('',*,*,#5029,.T.);
#3031=ORIENTED_EDGE('',*,*,#5026,.T.);
#3032=ORIENTED_EDGE('',*,*,#5035,.F.);
#3033=ORIENTED_EDGE('',*,*,#4698,.F.);
#3034=ORIENTED_EDGE('',*,*,#5036,.F.);
#3035=ORIENTED_EDGE('',*,*,#5037,.T.);
#3036=ORIENTED_EDGE('',*,*,#5027,.T.);
#3037=ORIENTED_EDGE('',*,*,#4716,.F.);
#3038=ORIENTED_EDGE('',*,*,#4302,.F.);
#3039=ORIENTED_EDGE('',*,*,#5038,.T.);
#3040=ORIENTED_EDGE('',*,*,#5039,.F.);
#3041=ORIENTED_EDGE('',*,*,#4809,.F.);
#3042=ORIENTED_EDGE('',*,*,#5040,.F.);
#3043=ORIENTED_EDGE('',*,*,#5031,.T.);
#3044=ORIENTED_EDGE('',*,*,#4722,.F.);
#3045=ORIENTED_EDGE('',*,*,#5032,.T.);
#3046=ORIENTED_EDGE('',*,*,#5041,.F.);
#3047=ORIENTED_EDGE('',*,*,#5042,.F.);
#3048=ORIENTED_EDGE('',*,*,#5033,.T.);
#3049=ORIENTED_EDGE('',*,*,#4728,.F.);
#3050=ORIENTED_EDGE('',*,*,#5043,.F.);
#3051=ORIENTED_EDGE('',*,*,#4253,.F.);
#3052=ORIENTED_EDGE('',*,*,#5034,.T.);
#3053=ORIENTED_EDGE('',*,*,#4272,.F.);
#3054=ORIENTED_EDGE('',*,*,#5044,.F.);
#3055=ORIENTED_EDGE('',*,*,#4701,.F.);
#3056=ORIENTED_EDGE('',*,*,#5035,.T.);
#3057=ORIENTED_EDGE('',*,*,#4190,.F.);
#3058=ORIENTED_EDGE('',*,*,#5045,.T.);
#3059=ORIENTED_EDGE('',*,*,#5036,.T.);
#3060=ORIENTED_EDGE('',*,*,#4713,.F.);
#3061=ORIENTED_EDGE('',*,*,#5046,.F.);
#3062=ORIENTED_EDGE('',*,*,#5047,.F.);
#3063=ORIENTED_EDGE('',*,*,#5039,.T.);
#3064=ORIENTED_EDGE('',*,*,#5048,.T.);
#3065=ORIENTED_EDGE('',*,*,#5049,.F.);
#3066=ORIENTED_EDGE('',*,*,#4812,.F.);
#3067=ORIENTED_EDGE('',*,*,#5040,.T.);
#3068=ORIENTED_EDGE('',*,*,#4806,.F.);
#3069=ORIENTED_EDGE('',*,*,#5050,.F.);
#3070=ORIENTED_EDGE('',*,*,#5041,.T.);
#3071=ORIENTED_EDGE('',*,*,#4725,.F.);
#3072=ORIENTED_EDGE('',*,*,#5042,.T.);
#3073=ORIENTED_EDGE('',*,*,#5051,.F.);
#3074=ORIENTED_EDGE('',*,*,#4254,.F.);
#3075=ORIENTED_EDGE('',*,*,#5043,.T.);
#3076=ORIENTED_EDGE('',*,*,#5044,.T.);
#3077=ORIENTED_EDGE('',*,*,#4271,.F.);
#3078=ORIENTED_EDGE('',*,*,#5052,.F.);
#3079=ORIENTED_EDGE('',*,*,#4704,.F.);
#3080=ORIENTED_EDGE('',*,*,#5046,.T.);
#3081=ORIENTED_EDGE('',*,*,#4710,.F.);
#3082=ORIENTED_EDGE('',*,*,#5053,.F.);
#3083=ORIENTED_EDGE('',*,*,#5054,.F.);
#3084=ORIENTED_EDGE('',*,*,#5055,.F.);
#3085=ORIENTED_EDGE('',*,*,#5056,.T.);
#3086=ORIENTED_EDGE('',*,*,#4188,.F.);
#3087=ORIENTED_EDGE('',*,*,#5047,.T.);
#3088=ORIENTED_EDGE('',*,*,#5057,.F.);
#3089=ORIENTED_EDGE('',*,*,#4670,.F.);
#3090=ORIENTED_EDGE('',*,*,#5049,.T.);
#3091=ORIENTED_EDGE('',*,*,#5058,.T.);
#3092=ORIENTED_EDGE('',*,*,#4176,.F.);
#3093=ORIENTED_EDGE('',*,*,#5059,.F.);
#3094=ORIENTED_EDGE('',*,*,#5060,.F.);
#3095=ORIENTED_EDGE('',*,*,#4814,.F.);
#3096=ORIENTED_EDGE('',*,*,#5050,.T.);
#3097=ORIENTED_EDGE('',*,*,#4803,.F.);
#3098=ORIENTED_EDGE('',*,*,#5061,.F.);
#3099=ORIENTED_EDGE('',*,*,#4255,.F.);
#3100=ORIENTED_EDGE('',*,*,#5051,.T.);
#3101=ORIENTED_EDGE('',*,*,#5052,.T.);
#3102=ORIENTED_EDGE('',*,*,#4270,.F.);
#3103=ORIENTED_EDGE('',*,*,#5062,.F.);
#3104=ORIENTED_EDGE('',*,*,#5053,.T.);
#3105=ORIENTED_EDGE('',*,*,#4707,.F.);
#3106=ORIENTED_EDGE('',*,*,#5057,.T.);
#3107=ORIENTED_EDGE('',*,*,#5054,.T.);
#3108=ORIENTED_EDGE('',*,*,#5063,.F.);
#3109=ORIENTED_EDGE('',*,*,#4650,.F.);
#3110=ORIENTED_EDGE('',*,*,#5064,.F.);
#3111=ORIENTED_EDGE('',*,*,#5065,.T.);
#3112=ORIENTED_EDGE('',*,*,#5055,.T.);
#3113=ORIENTED_EDGE('',*,*,#4668,.F.);
#3114=ORIENTED_EDGE('',*,*,#4178,.F.);
#3115=ORIENTED_EDGE('',*,*,#5066,.T.);
#3116=ORIENTED_EDGE('',*,*,#5067,.F.);
#3117=ORIENTED_EDGE('',*,*,#4785,.F.);
#3118=ORIENTED_EDGE('',*,*,#5068,.F.);
#3119=ORIENTED_EDGE('',*,*,#5059,.T.);
#3120=ORIENTED_EDGE('',*,*,#4794,.F.);
#3121=ORIENTED_EDGE('',*,*,#5060,.T.);
#3122=ORIENTED_EDGE('',*,*,#5069,.F.);
#3123=ORIENTED_EDGE('',*,*,#5070,.F.);
#3124=ORIENTED_EDGE('',*,*,#5061,.T.);
#3125=ORIENTED_EDGE('',*,*,#4800,.F.);
#3126=ORIENTED_EDGE('',*,*,#5071,.F.);
#3127=ORIENTED_EDGE('',*,*,#4256,.F.);
#3128=ORIENTED_EDGE('',*,*,#5062,.T.);
#3129=ORIENTED_EDGE('',*,*,#4269,.F.);
#3130=ORIENTED_EDGE('',*,*,#5072,.F.);
#3131=ORIENTED_EDGE('',*,*,#4653,.F.);
#3132=ORIENTED_EDGE('',*,*,#5063,.T.);
#3133=ORIENTED_EDGE('',*,*,#4187,.F.);
#3134=ORIENTED_EDGE('',*,*,#5073,.T.);
#3135=ORIENTED_EDGE('',*,*,#5064,.T.);
#3136=ORIENTED_EDGE('',*,*,#4665,.F.);
#3137=ORIENTED_EDGE('',*,*,#5074,.F.);
#3138=ORIENTED_EDGE('',*,*,#5075,.F.);
#3139=ORIENTED_EDGE('',*,*,#5067,.T.);
#3140=ORIENTED_EDGE('',*,*,#5076,.T.);
#3141=ORIENTED_EDGE('',*,*,#5077,.F.);
#3142=ORIENTED_EDGE('',*,*,#4788,.F.);
#3143=ORIENTED_EDGE('',*,*,#5068,.T.);
#3144=ORIENTED_EDGE('',*,*,#4782,.F.);
#3145=ORIENTED_EDGE('',*,*,#5078,.F.);
#3146=ORIENTED_EDGE('',*,*,#5069,.T.);
#3147=ORIENTED_EDGE('',*,*,#4797,.F.);
#3148=ORIENTED_EDGE('',*,*,#5070,.T.);
#3149=ORIENTED_EDGE('',*,*,#5079,.F.);
#3150=ORIENTED_EDGE('',*,*,#4257,.F.);
#3151=ORIENTED_EDGE('',*,*,#5071,.T.);
#3152=ORIENTED_EDGE('',*,*,#5072,.T.);
#3153=ORIENTED_EDGE('',*,*,#4268,.F.);
#3154=ORIENTED_EDGE('',*,*,#5080,.F.);
#3155=ORIENTED_EDGE('',*,*,#4656,.F.);
#3156=ORIENTED_EDGE('',*,*,#5074,.T.);
#3157=ORIENTED_EDGE('',*,*,#4662,.F.);
#3158=ORIENTED_EDGE('',*,*,#5081,.F.);
#3159=ORIENTED_EDGE('',*,*,#5082,.F.);
#3160=ORIENTED_EDGE('',*,*,#5083,.F.);
#3161=ORIENTED_EDGE('',*,*,#5084,.T.);
#3162=ORIENTED_EDGE('',*,*,#4185,.F.);
#3163=ORIENTED_EDGE('',*,*,#5075,.T.);
#3164=ORIENTED_EDGE('',*,*,#5085,.F.);
#3165=ORIENTED_EDGE('',*,*,#4694,.F.);
#3166=ORIENTED_EDGE('',*,*,#5077,.T.);
#3167=ORIENTED_EDGE('',*,*,#5086,.T.);
#3168=ORIENTED_EDGE('',*,*,#4179,.F.);
#3169=ORIENTED_EDGE('',*,*,#5087,.F.);
#3170=ORIENTED_EDGE('',*,*,#5088,.F.);
#3171=ORIENTED_EDGE('',*,*,#4790,.F.);
#3172=ORIENTED_EDGE('',*,*,#5078,.T.);
#3173=ORIENTED_EDGE('',*,*,#4779,.F.);
#3174=ORIENTED_EDGE('',*,*,#5089,.F.);
#3175=ORIENTED_EDGE('',*,*,#4258,.F.);
#3176=ORIENTED_EDGE('',*,*,#5079,.T.);
#3177=ORIENTED_EDGE('',*,*,#5080,.T.);
#3178=ORIENTED_EDGE('',*,*,#4267,.F.);
#3179=ORIENTED_EDGE('',*,*,#5090,.F.);
#3180=ORIENTED_EDGE('',*,*,#5081,.T.);
#3181=ORIENTED_EDGE('',*,*,#4659,.F.);
#3182=ORIENTED_EDGE('',*,*,#5085,.T.);
#3183=ORIENTED_EDGE('',*,*,#5082,.T.);
#3184=ORIENTED_EDGE('',*,*,#5091,.F.);
#3185=ORIENTED_EDGE('',*,*,#4674,.F.);
#3186=ORIENTED_EDGE('',*,*,#5092,.F.);
#3187=ORIENTED_EDGE('',*,*,#5093,.T.);
#3188=ORIENTED_EDGE('',*,*,#5083,.T.);
#3189=ORIENTED_EDGE('',*,*,#4692,.F.);
#3190=ORIENTED_EDGE('',*,*,#4181,.F.);
#3191=ORIENTED_EDGE('',*,*,#5094,.T.);
#3192=ORIENTED_EDGE('',*,*,#5095,.F.);
#3193=ORIENTED_EDGE('',*,*,#4641,.F.);
#3194=ORIENTED_EDGE('',*,*,#5096,.F.);
#3195=ORIENTED_EDGE('',*,*,#5087,.T.);
#3196=ORIENTED_EDGE('',*,*,#4770,.F.);
#3197=ORIENTED_EDGE('',*,*,#5088,.T.);
#3198=ORIENTED_EDGE('',*,*,#5097,.F.);
#3199=ORIENTED_EDGE('',*,*,#5098,.F.);
#3200=ORIENTED_EDGE('',*,*,#5089,.T.);
#3201=ORIENTED_EDGE('',*,*,#4776,.F.);
#3202=ORIENTED_EDGE('',*,*,#5099,.F.);
#3203=ORIENTED_EDGE('',*,*,#4259,.F.);
#3204=ORIENTED_EDGE('',*,*,#5090,.T.);
#3205=ORIENTED_EDGE('',*,*,#4266,.F.);
#3206=ORIENTED_EDGE('',*,*,#5100,.F.);
#3207=ORIENTED_EDGE('',*,*,#4677,.F.);
#3208=ORIENTED_EDGE('',*,*,#5091,.T.);
#3209=ORIENTED_EDGE('',*,*,#4184,.F.);
#3210=ORIENTED_EDGE('',*,*,#5101,.T.);
#3211=ORIENTED_EDGE('',*,*,#5092,.T.);
#3212=ORIENTED_EDGE('',*,*,#4689,.F.);
#3213=ORIENTED_EDGE('',*,*,#5102,.F.);
#3214=ORIENTED_EDGE('',*,*,#5103,.F.);
#3215=ORIENTED_EDGE('',*,*,#5095,.T.);
#3216=ORIENTED_EDGE('',*,*,#5104,.T.);
#3217=ORIENTED_EDGE('',*,*,#5105,.F.);
#3218=ORIENTED_EDGE('',*,*,#4644,.F.);
#3219=ORIENTED_EDGE('',*,*,#5096,.T.);
#3220=ORIENTED_EDGE('',*,*,#4638,.F.);
#3221=ORIENTED_EDGE('',*,*,#5106,.F.);
#3222=ORIENTED_EDGE('',*,*,#5097,.T.);
#3223=ORIENTED_EDGE('',*,*,#4773,.F.);
#3224=ORIENTED_EDGE('',*,*,#5098,.T.);
#3225=ORIENTED_EDGE('',*,*,#5107,.F.);
#3226=ORIENTED_EDGE('',*,*,#4260,.F.);
#3227=ORIENTED_EDGE('',*,*,#5099,.T.);
#3228=ORIENTED_EDGE('',*,*,#5100,.T.);
#3229=ORIENTED_EDGE('',*,*,#4265,.F.);
#3230=ORIENTED_EDGE('',*,*,#5108,.F.);
#3231=ORIENTED_EDGE('',*,*,#4680,.F.);
#3232=ORIENTED_EDGE('',*,*,#5102,.T.);
#3233=ORIENTED_EDGE('',*,*,#4686,.F.);
#3234=ORIENTED_EDGE('',*,*,#5109,.F.);
#3235=ORIENTED_EDGE('',*,*,#5110,.F.);
#3236=ORIENTED_EDGE('',*,*,#5105,.T.);
#3237=ORIENTED_EDGE('',*,*,#5111,.T.);
#3238=ORIENTED_EDGE('',*,*,#4182,.F.);
#3239=ORIENTED_EDGE('',*,*,#5103,.T.);
#3240=ORIENTED_EDGE('',*,*,#5112,.F.);
#3241=ORIENTED_EDGE('',*,*,#4646,.F.);
#3242=ORIENTED_EDGE('',*,*,#5106,.T.);
#3243=ORIENTED_EDGE('',*,*,#4635,.F.);
#3244=ORIENTED_EDGE('',*,*,#5113,.F.);
#3245=ORIENTED_EDGE('',*,*,#4261,.F.);
#3246=ORIENTED_EDGE('',*,*,#5107,.T.);
#3247=ORIENTED_EDGE('',*,*,#5108,.T.);
#3248=ORIENTED_EDGE('',*,*,#4264,.F.);
#3249=ORIENTED_EDGE('',*,*,#5114,.F.);
#3250=ORIENTED_EDGE('',*,*,#5109,.T.);
#3251=ORIENTED_EDGE('',*,*,#4683,.F.);
#3252=ORIENTED_EDGE('',*,*,#5112,.T.);
#3253=ORIENTED_EDGE('',*,*,#5110,.T.);
#3254=ORIENTED_EDGE('',*,*,#5115,.F.);
#3255=ORIENTED_EDGE('',*,*,#4626,.F.);
#3256=ORIENTED_EDGE('',*,*,#5113,.T.);
#3257=ORIENTED_EDGE('',*,*,#4632,.F.);
#3258=ORIENTED_EDGE('',*,*,#5116,.F.);
#3259=ORIENTED_EDGE('',*,*,#4262,.F.);
#3260=ORIENTED_EDGE('',*,*,#5114,.T.);
#3261=ORIENTED_EDGE('',*,*,#4263,.F.);
#3262=ORIENTED_EDGE('',*,*,#5116,.T.);
#3263=ORIENTED_EDGE('',*,*,#4629,.F.);
#3264=ORIENTED_EDGE('',*,*,#5115,.T.);
#3265=ORIENTED_EDGE('',*,*,#5117,.F.);
#3266=ORIENTED_EDGE('',*,*,#4688,.F.);
#3267=ORIENTED_EDGE('',*,*,#5118,.F.);
#3268=ORIENTED_EDGE('',*,*,#4020,.F.);
#3269=ORIENTED_EDGE('',*,*,#5118,.T.);
#3270=ORIENTED_EDGE('',*,*,#4691,.F.);
#3271=ORIENTED_EDGE('',*,*,#5119,.F.);
#3272=ORIENTED_EDGE('',*,*,#4021,.F.);
#3273=ORIENTED_EDGE('',*,*,#5117,.T.);
#3274=ORIENTED_EDGE('',*,*,#4019,.F.);
#3275=ORIENTED_EDGE('',*,*,#5120,.F.);
#3276=ORIENTED_EDGE('',*,*,#4685,.F.);
#3277=ORIENTED_EDGE('',*,*,#5119,.T.);
#3278=ORIENTED_EDGE('',*,*,#4693,.F.);
#3279=ORIENTED_EDGE('',*,*,#5121,.F.);
#3280=ORIENTED_EDGE('',*,*,#4022,.F.);
#3281=ORIENTED_EDGE('',*,*,#5120,.T.);
#3282=ORIENTED_EDGE('',*,*,#4018,.F.);
#3283=ORIENTED_EDGE('',*,*,#5122,.F.);
#3284=ORIENTED_EDGE('',*,*,#4682,.F.);
#3285=ORIENTED_EDGE('',*,*,#5121,.T.);
#3286=ORIENTED_EDGE('',*,*,#4672,.F.);
#3287=ORIENTED_EDGE('',*,*,#5123,.F.);
#3288=ORIENTED_EDGE('',*,*,#4015,.F.);
#3289=ORIENTED_EDGE('',*,*,#5122,.T.);
#3290=ORIENTED_EDGE('',*,*,#4017,.F.);
#3291=ORIENTED_EDGE('',*,*,#5124,.F.);
#3292=ORIENTED_EDGE('',*,*,#4679,.F.);
#3293=ORIENTED_EDGE('',*,*,#5123,.T.);
#3294=ORIENTED_EDGE('',*,*,#4676,.F.);
#3295=ORIENTED_EDGE('',*,*,#5124,.T.);
#3296=ORIENTED_EDGE('',*,*,#4016,.F.);
#3297=ORIENTED_EDGE('',*,*,#5125,.F.);
#3298=ORIENTED_EDGE('',*,*,#4664,.F.);
#3299=ORIENTED_EDGE('',*,*,#5126,.F.);
#3300=ORIENTED_EDGE('',*,*,#4028,.F.);
#3301=ORIENTED_EDGE('',*,*,#5126,.T.);
#3302=ORIENTED_EDGE('',*,*,#4667,.F.);
#3303=ORIENTED_EDGE('',*,*,#5127,.F.);
#3304=ORIENTED_EDGE('',*,*,#4029,.F.);
#3305=ORIENTED_EDGE('',*,*,#5125,.T.);
#3306=ORIENTED_EDGE('',*,*,#4027,.F.);
#3307=ORIENTED_EDGE('',*,*,#5128,.F.);
#3308=ORIENTED_EDGE('',*,*,#4661,.F.);
#3309=ORIENTED_EDGE('',*,*,#5127,.T.);
#3310=ORIENTED_EDGE('',*,*,#4669,.F.);
#3311=ORIENTED_EDGE('',*,*,#5129,.F.);
#3312=ORIENTED_EDGE('',*,*,#4030,.F.);
#3313=ORIENTED_EDGE('',*,*,#5128,.T.);
#3314=ORIENTED_EDGE('',*,*,#4026,.F.);
#3315=ORIENTED_EDGE('',*,*,#5130,.F.);
#3316=ORIENTED_EDGE('',*,*,#4658,.F.);
#3317=ORIENTED_EDGE('',*,*,#5129,.T.);
#3318=ORIENTED_EDGE('',*,*,#4648,.F.);
#3319=ORIENTED_EDGE('',*,*,#5131,.F.);
#3320=ORIENTED_EDGE('',*,*,#4023,.F.);
#3321=ORIENTED_EDGE('',*,*,#5130,.T.);
#3322=ORIENTED_EDGE('',*,*,#4025,.F.);
#3323=ORIENTED_EDGE('',*,*,#5132,.F.);
#3324=ORIENTED_EDGE('',*,*,#4655,.F.);
#3325=ORIENTED_EDGE('',*,*,#5131,.T.);
#3326=ORIENTED_EDGE('',*,*,#4652,.F.);
#3327=ORIENTED_EDGE('',*,*,#5132,.T.);
#3328=ORIENTED_EDGE('',*,*,#4024,.F.);
#3329=ORIENTED_EDGE('',*,*,#5133,.F.);
#3330=ORIENTED_EDGE('',*,*,#4712,.F.);
#3331=ORIENTED_EDGE('',*,*,#5134,.F.);
#3332=ORIENTED_EDGE('',*,*,#4036,.F.);
#3333=ORIENTED_EDGE('',*,*,#5134,.T.);
#3334=ORIENTED_EDGE('',*,*,#4715,.F.);
#3335=ORIENTED_EDGE('',*,*,#5135,.F.);
#3336=ORIENTED_EDGE('',*,*,#4037,.F.);
#3337=ORIENTED_EDGE('',*,*,#5133,.T.);
#3338=ORIENTED_EDGE('',*,*,#4035,.F.);
#3339=ORIENTED_EDGE('',*,*,#5136,.F.);
#3340=ORIENTED_EDGE('',*,*,#4709,.F.);
#3341=ORIENTED_EDGE('',*,*,#5135,.T.);
#3342=ORIENTED_EDGE('',*,*,#4717,.F.);
#3343=ORIENTED_EDGE('',*,*,#5137,.F.);
#3344=ORIENTED_EDGE('',*,*,#4038,.F.);
#3345=ORIENTED_EDGE('',*,*,#5136,.T.);
#3346=ORIENTED_EDGE('',*,*,#4034,.F.);
#3347=ORIENTED_EDGE('',*,*,#5138,.F.);
#3348=ORIENTED_EDGE('',*,*,#4706,.F.);
#3349=ORIENTED_EDGE('',*,*,#5137,.T.);
#3350=ORIENTED_EDGE('',*,*,#4696,.F.);
#3351=ORIENTED_EDGE('',*,*,#5139,.F.);
#3352=ORIENTED_EDGE('',*,*,#4031,.F.);
#3353=ORIENTED_EDGE('',*,*,#5138,.T.);
#3354=ORIENTED_EDGE('',*,*,#4033,.F.);
#3355=ORIENTED_EDGE('',*,*,#5140,.F.);
#3356=ORIENTED_EDGE('',*,*,#4703,.F.);
#3357=ORIENTED_EDGE('',*,*,#5139,.T.);
#3358=ORIENTED_EDGE('',*,*,#4700,.F.);
#3359=ORIENTED_EDGE('',*,*,#5140,.T.);
#3360=ORIENTED_EDGE('',*,*,#4032,.F.);
#3361=ORIENTED_EDGE('',*,*,#5141,.F.);
#3362=ORIENTED_EDGE('',*,*,#4376,.F.);
#3363=ORIENTED_EDGE('',*,*,#5142,.F.);
#3364=ORIENTED_EDGE('',*,*,#4044,.F.);
#3365=ORIENTED_EDGE('',*,*,#5142,.T.);
#3366=ORIENTED_EDGE('',*,*,#4379,.F.);
#3367=ORIENTED_EDGE('',*,*,#5143,.F.);
#3368=ORIENTED_EDGE('',*,*,#4045,.F.);
#3369=ORIENTED_EDGE('',*,*,#5141,.T.);
#3370=ORIENTED_EDGE('',*,*,#4043,.F.);
#3371=ORIENTED_EDGE('',*,*,#5144,.F.);
#3372=ORIENTED_EDGE('',*,*,#4373,.F.);
#3373=ORIENTED_EDGE('',*,*,#5143,.T.);
#3374=ORIENTED_EDGE('',*,*,#4381,.F.);
#3375=ORIENTED_EDGE('',*,*,#5145,.F.);
#3376=ORIENTED_EDGE('',*,*,#4046,.F.);
#3377=ORIENTED_EDGE('',*,*,#5144,.T.);
#3378=ORIENTED_EDGE('',*,*,#4042,.F.);
#3379=ORIENTED_EDGE('',*,*,#5146,.F.);
#3380=ORIENTED_EDGE('',*,*,#4370,.F.);
#3381=ORIENTED_EDGE('',*,*,#5145,.T.);
#3382=ORIENTED_EDGE('',*,*,#4360,.F.);
#3383=ORIENTED_EDGE('',*,*,#5147,.F.);
#3384=ORIENTED_EDGE('',*,*,#4039,.F.);
#3385=ORIENTED_EDGE('',*,*,#5146,.T.);
#3386=ORIENTED_EDGE('',*,*,#4041,.F.);
#3387=ORIENTED_EDGE('',*,*,#5148,.F.);
#3388=ORIENTED_EDGE('',*,*,#4367,.F.);
#3389=ORIENTED_EDGE('',*,*,#5147,.T.);
#3390=ORIENTED_EDGE('',*,*,#4364,.F.);
#3391=ORIENTED_EDGE('',*,*,#5148,.T.);
#3392=ORIENTED_EDGE('',*,*,#4040,.F.);
#3393=ORIENTED_EDGE('',*,*,#5149,.F.);
#3394=ORIENTED_EDGE('',*,*,#4352,.F.);
#3395=ORIENTED_EDGE('',*,*,#5150,.F.);
#3396=ORIENTED_EDGE('',*,*,#4052,.F.);
#3397=ORIENTED_EDGE('',*,*,#5150,.T.);
#3398=ORIENTED_EDGE('',*,*,#4355,.F.);
#3399=ORIENTED_EDGE('',*,*,#5151,.F.);
#3400=ORIENTED_EDGE('',*,*,#4053,.F.);
#3401=ORIENTED_EDGE('',*,*,#5149,.T.);
#3402=ORIENTED_EDGE('',*,*,#4051,.F.);
#3403=ORIENTED_EDGE('',*,*,#5152,.F.);
#3404=ORIENTED_EDGE('',*,*,#4349,.F.);
#3405=ORIENTED_EDGE('',*,*,#5151,.T.);
#3406=ORIENTED_EDGE('',*,*,#4357,.F.);
#3407=ORIENTED_EDGE('',*,*,#5153,.F.);
#3408=ORIENTED_EDGE('',*,*,#4054,.F.);
#3409=ORIENTED_EDGE('',*,*,#5152,.T.);
#3410=ORIENTED_EDGE('',*,*,#4050,.F.);
#3411=ORIENTED_EDGE('',*,*,#5154,.F.);
#3412=ORIENTED_EDGE('',*,*,#4346,.F.);
#3413=ORIENTED_EDGE('',*,*,#5153,.T.);
#3414=ORIENTED_EDGE('',*,*,#4336,.F.);
#3415=ORIENTED_EDGE('',*,*,#5155,.F.);
#3416=ORIENTED_EDGE('',*,*,#4047,.F.);
#3417=ORIENTED_EDGE('',*,*,#5154,.T.);
#3418=ORIENTED_EDGE('',*,*,#4049,.F.);
#3419=ORIENTED_EDGE('',*,*,#5156,.F.);
#3420=ORIENTED_EDGE('',*,*,#4343,.F.);
#3421=ORIENTED_EDGE('',*,*,#5155,.T.);
#3422=ORIENTED_EDGE('',*,*,#4340,.F.);
#3423=ORIENTED_EDGE('',*,*,#5156,.T.);
#3424=ORIENTED_EDGE('',*,*,#4048,.F.);
#3425=ORIENTED_EDGE('',*,*,#5157,.F.);
#3426=ORIENTED_EDGE('',*,*,#4400,.F.);
#3427=ORIENTED_EDGE('',*,*,#5158,.F.);
#3428=ORIENTED_EDGE('',*,*,#4060,.F.);
#3429=ORIENTED_EDGE('',*,*,#5158,.T.);
#3430=ORIENTED_EDGE('',*,*,#4403,.F.);
#3431=ORIENTED_EDGE('',*,*,#5159,.F.);
#3432=ORIENTED_EDGE('',*,*,#4061,.F.);
#3433=ORIENTED_EDGE('',*,*,#5157,.T.);
#3434=ORIENTED_EDGE('',*,*,#4059,.F.);
#3435=ORIENTED_EDGE('',*,*,#5160,.F.);
#3436=ORIENTED_EDGE('',*,*,#4397,.F.);
#3437=ORIENTED_EDGE('',*,*,#5159,.T.);
#3438=ORIENTED_EDGE('',*,*,#4405,.F.);
#3439=ORIENTED_EDGE('',*,*,#5161,.F.);
#3440=ORIENTED_EDGE('',*,*,#4062,.F.);
#3441=ORIENTED_EDGE('',*,*,#5160,.T.);
#3442=ORIENTED_EDGE('',*,*,#4058,.F.);
#3443=ORIENTED_EDGE('',*,*,#5162,.F.);
#3444=ORIENTED_EDGE('',*,*,#4394,.F.);
#3445=ORIENTED_EDGE('',*,*,#5161,.T.);
#3446=ORIENTED_EDGE('',*,*,#4384,.F.);
#3447=ORIENTED_EDGE('',*,*,#5163,.F.);
#3448=ORIENTED_EDGE('',*,*,#4055,.F.);
#3449=ORIENTED_EDGE('',*,*,#5162,.T.);
#3450=ORIENTED_EDGE('',*,*,#4057,.F.);
#3451=ORIENTED_EDGE('',*,*,#5164,.F.);
#3452=ORIENTED_EDGE('',*,*,#4391,.F.);
#3453=ORIENTED_EDGE('',*,*,#5163,.T.);
#3454=ORIENTED_EDGE('',*,*,#4388,.F.);
#3455=ORIENTED_EDGE('',*,*,#5164,.T.);
#3456=ORIENTED_EDGE('',*,*,#4056,.F.);
#3457=ORIENTED_EDGE('',*,*,#5165,.F.);
#3458=ORIENTED_EDGE('',*,*,#4496,.F.);
#3459=ORIENTED_EDGE('',*,*,#5166,.F.);
#3460=ORIENTED_EDGE('',*,*,#4068,.F.);
#3461=ORIENTED_EDGE('',*,*,#5166,.T.);
#3462=ORIENTED_EDGE('',*,*,#4499,.F.);
#3463=ORIENTED_EDGE('',*,*,#5167,.F.);
#3464=ORIENTED_EDGE('',*,*,#4069,.F.);
#3465=ORIENTED_EDGE('',*,*,#5165,.T.);
#3466=ORIENTED_EDGE('',*,*,#4067,.F.);
#3467=ORIENTED_EDGE('',*,*,#5168,.F.);
#3468=ORIENTED_EDGE('',*,*,#4493,.F.);
#3469=ORIENTED_EDGE('',*,*,#5167,.T.);
#3470=ORIENTED_EDGE('',*,*,#4501,.F.);
#3471=ORIENTED_EDGE('',*,*,#5169,.F.);
#3472=ORIENTED_EDGE('',*,*,#4070,.F.);
#3473=ORIENTED_EDGE('',*,*,#5168,.T.);
#3474=ORIENTED_EDGE('',*,*,#4066,.F.);
#3475=ORIENTED_EDGE('',*,*,#5170,.F.);
#3476=ORIENTED_EDGE('',*,*,#4490,.F.);
#3477=ORIENTED_EDGE('',*,*,#5169,.T.);
#3478=ORIENTED_EDGE('',*,*,#4480,.F.);
#3479=ORIENTED_EDGE('',*,*,#5171,.F.);
#3480=ORIENTED_EDGE('',*,*,#4063,.F.);
#3481=ORIENTED_EDGE('',*,*,#5170,.T.);
#3482=ORIENTED_EDGE('',*,*,#4065,.F.);
#3483=ORIENTED_EDGE('',*,*,#5172,.F.);
#3484=ORIENTED_EDGE('',*,*,#4487,.F.);
#3485=ORIENTED_EDGE('',*,*,#5171,.T.);
#3486=ORIENTED_EDGE('',*,*,#4484,.F.);
#3487=ORIENTED_EDGE('',*,*,#5172,.T.);
#3488=ORIENTED_EDGE('',*,*,#4064,.F.);
#3489=ORIENTED_EDGE('',*,*,#5173,.F.);
#3490=ORIENTED_EDGE('',*,*,#4520,.F.);
#3491=ORIENTED_EDGE('',*,*,#5174,.F.);
#3492=ORIENTED_EDGE('',*,*,#4076,.F.);
#3493=ORIENTED_EDGE('',*,*,#5174,.T.);
#3494=ORIENTED_EDGE('',*,*,#4523,.F.);
#3495=ORIENTED_EDGE('',*,*,#5175,.F.);
#3496=ORIENTED_EDGE('',*,*,#4077,.F.);
#3497=ORIENTED_EDGE('',*,*,#5173,.T.);
#3498=ORIENTED_EDGE('',*,*,#4075,.F.);
#3499=ORIENTED_EDGE('',*,*,#5176,.F.);
#3500=ORIENTED_EDGE('',*,*,#4517,.F.);
#3501=ORIENTED_EDGE('',*,*,#5175,.T.);
#3502=ORIENTED_EDGE('',*,*,#4525,.F.);
#3503=ORIENTED_EDGE('',*,*,#5177,.F.);
#3504=ORIENTED_EDGE('',*,*,#4078,.F.);
#3505=ORIENTED_EDGE('',*,*,#5176,.T.);
#3506=ORIENTED_EDGE('',*,*,#4074,.F.);
#3507=ORIENTED_EDGE('',*,*,#5178,.F.);
#3508=ORIENTED_EDGE('',*,*,#4514,.F.);
#3509=ORIENTED_EDGE('',*,*,#5177,.T.);
#3510=ORIENTED_EDGE('',*,*,#4504,.F.);
#3511=ORIENTED_EDGE('',*,*,#5179,.F.);
#3512=ORIENTED_EDGE('',*,*,#4071,.F.);
#3513=ORIENTED_EDGE('',*,*,#5178,.T.);
#3514=ORIENTED_EDGE('',*,*,#4073,.F.);
#3515=ORIENTED_EDGE('',*,*,#5180,.F.);
#3516=ORIENTED_EDGE('',*,*,#4511,.F.);
#3517=ORIENTED_EDGE('',*,*,#5179,.T.);
#3518=ORIENTED_EDGE('',*,*,#4508,.F.);
#3519=ORIENTED_EDGE('',*,*,#5180,.T.);
#3520=ORIENTED_EDGE('',*,*,#4072,.F.);
#3521=ORIENTED_EDGE('',*,*,#5181,.F.);
#3522=ORIENTED_EDGE('',*,*,#4448,.F.);
#3523=ORIENTED_EDGE('',*,*,#5182,.F.);
#3524=ORIENTED_EDGE('',*,*,#4084,.F.);
#3525=ORIENTED_EDGE('',*,*,#5182,.T.);
#3526=ORIENTED_EDGE('',*,*,#4451,.F.);
#3527=ORIENTED_EDGE('',*,*,#5183,.F.);
#3528=ORIENTED_EDGE('',*,*,#4085,.F.);
#3529=ORIENTED_EDGE('',*,*,#5181,.T.);
#3530=ORIENTED_EDGE('',*,*,#4083,.F.);
#3531=ORIENTED_EDGE('',*,*,#5184,.F.);
#3532=ORIENTED_EDGE('',*,*,#4445,.F.);
#3533=ORIENTED_EDGE('',*,*,#5183,.T.);
#3534=ORIENTED_EDGE('',*,*,#4453,.F.);
#3535=ORIENTED_EDGE('',*,*,#5185,.F.);
#3536=ORIENTED_EDGE('',*,*,#4086,.F.);
#3537=ORIENTED_EDGE('',*,*,#5184,.T.);
#3538=ORIENTED_EDGE('',*,*,#4082,.F.);
#3539=ORIENTED_EDGE('',*,*,#5186,.F.);
#3540=ORIENTED_EDGE('',*,*,#4442,.F.);
#3541=ORIENTED_EDGE('',*,*,#5185,.T.);
#3542=ORIENTED_EDGE('',*,*,#4432,.F.);
#3543=ORIENTED_EDGE('',*,*,#5187,.F.);
#3544=ORIENTED_EDGE('',*,*,#4079,.F.);
#3545=ORIENTED_EDGE('',*,*,#5186,.T.);
#3546=ORIENTED_EDGE('',*,*,#4081,.F.);
#3547=ORIENTED_EDGE('',*,*,#5188,.F.);
#3548=ORIENTED_EDGE('',*,*,#4439,.F.);
#3549=ORIENTED_EDGE('',*,*,#5187,.T.);
#3550=ORIENTED_EDGE('',*,*,#4436,.F.);
#3551=ORIENTED_EDGE('',*,*,#5188,.T.);
#3552=ORIENTED_EDGE('',*,*,#4080,.F.);
#3553=ORIENTED_EDGE('',*,*,#5189,.F.);
#3554=ORIENTED_EDGE('',*,*,#4424,.F.);
#3555=ORIENTED_EDGE('',*,*,#5190,.F.);
#3556=ORIENTED_EDGE('',*,*,#4092,.F.);
#3557=ORIENTED_EDGE('',*,*,#5190,.T.);
#3558=ORIENTED_EDGE('',*,*,#4427,.F.);
#3559=ORIENTED_EDGE('',*,*,#5191,.F.);
#3560=ORIENTED_EDGE('',*,*,#4093,.F.);
#3561=ORIENTED_EDGE('',*,*,#5189,.T.);
#3562=ORIENTED_EDGE('',*,*,#4091,.F.);
#3563=ORIENTED_EDGE('',*,*,#5192,.F.);
#3564=ORIENTED_EDGE('',*,*,#4421,.F.);
#3565=ORIENTED_EDGE('',*,*,#5191,.T.);
#3566=ORIENTED_EDGE('',*,*,#4429,.F.);
#3567=ORIENTED_EDGE('',*,*,#5193,.F.);
#3568=ORIENTED_EDGE('',*,*,#4094,.F.);
#3569=ORIENTED_EDGE('',*,*,#5192,.T.);
#3570=ORIENTED_EDGE('',*,*,#4090,.F.);
#3571=ORIENTED_EDGE('',*,*,#5194,.F.);
#3572=ORIENTED_EDGE('',*,*,#4418,.F.);
#3573=ORIENTED_EDGE('',*,*,#5193,.T.);
#3574=ORIENTED_EDGE('',*,*,#4408,.F.);
#3575=ORIENTED_EDGE('',*,*,#5195,.F.);
#3576=ORIENTED_EDGE('',*,*,#4087,.F.);
#3577=ORIENTED_EDGE('',*,*,#5194,.T.);
#3578=ORIENTED_EDGE('',*,*,#4089,.F.);
#3579=ORIENTED_EDGE('',*,*,#5196,.F.);
#3580=ORIENTED_EDGE('',*,*,#4415,.F.);
#3581=ORIENTED_EDGE('',*,*,#5195,.T.);
#3582=ORIENTED_EDGE('',*,*,#4412,.F.);
#3583=ORIENTED_EDGE('',*,*,#5196,.T.);
#3584=ORIENTED_EDGE('',*,*,#4088,.F.);
#3585=ORIENTED_EDGE('',*,*,#5197,.F.);
#3586=ORIENTED_EDGE('',*,*,#4472,.F.);
#3587=ORIENTED_EDGE('',*,*,#5198,.F.);
#3588=ORIENTED_EDGE('',*,*,#4100,.F.);
#3589=ORIENTED_EDGE('',*,*,#5198,.T.);
#3590=ORIENTED_EDGE('',*,*,#4475,.F.);
#3591=ORIENTED_EDGE('',*,*,#5199,.F.);
#3592=ORIENTED_EDGE('',*,*,#4101,.F.);
#3593=ORIENTED_EDGE('',*,*,#5197,.T.);
#3594=ORIENTED_EDGE('',*,*,#4099,.F.);
#3595=ORIENTED_EDGE('',*,*,#5200,.F.);
#3596=ORIENTED_EDGE('',*,*,#4469,.F.);
#3597=ORIENTED_EDGE('',*,*,#5199,.T.);
#3598=ORIENTED_EDGE('',*,*,#4477,.F.);
#3599=ORIENTED_EDGE('',*,*,#5201,.F.);
#3600=ORIENTED_EDGE('',*,*,#4102,.F.);
#3601=ORIENTED_EDGE('',*,*,#5200,.T.);
#3602=ORIENTED_EDGE('',*,*,#4098,.F.);
#3603=ORIENTED_EDGE('',*,*,#5202,.F.);
#3604=ORIENTED_EDGE('',*,*,#4466,.F.);
#3605=ORIENTED_EDGE('',*,*,#5201,.T.);
#3606=ORIENTED_EDGE('',*,*,#4456,.F.);
#3607=ORIENTED_EDGE('',*,*,#5203,.F.);
#3608=ORIENTED_EDGE('',*,*,#4095,.F.);
#3609=ORIENTED_EDGE('',*,*,#5202,.T.);
#3610=ORIENTED_EDGE('',*,*,#4097,.F.);
#3611=ORIENTED_EDGE('',*,*,#5204,.F.);
#3612=ORIENTED_EDGE('',*,*,#4463,.F.);
#3613=ORIENTED_EDGE('',*,*,#5203,.T.);
#3614=ORIENTED_EDGE('',*,*,#4460,.F.);
#3615=ORIENTED_EDGE('',*,*,#5204,.T.);
#3616=ORIENTED_EDGE('',*,*,#4096,.F.);
#3617=ORIENTED_EDGE('',*,*,#5205,.F.);
#3618=ORIENTED_EDGE('',*,*,#4592,.F.);
#3619=ORIENTED_EDGE('',*,*,#5206,.F.);
#3620=ORIENTED_EDGE('',*,*,#4108,.F.);
#3621=ORIENTED_EDGE('',*,*,#5206,.T.);
#3622=ORIENTED_EDGE('',*,*,#4595,.F.);
#3623=ORIENTED_EDGE('',*,*,#5207,.F.);
#3624=ORIENTED_EDGE('',*,*,#4109,.F.);
#3625=ORIENTED_EDGE('',*,*,#5205,.T.);
#3626=ORIENTED_EDGE('',*,*,#4107,.F.);
#3627=ORIENTED_EDGE('',*,*,#5208,.F.);
#3628=ORIENTED_EDGE('',*,*,#4589,.F.);
#3629=ORIENTED_EDGE('',*,*,#5207,.T.);
#3630=ORIENTED_EDGE('',*,*,#4597,.F.);
#3631=ORIENTED_EDGE('',*,*,#5209,.F.);
#3632=ORIENTED_EDGE('',*,*,#4110,.F.);
#3633=ORIENTED_EDGE('',*,*,#5208,.T.);
#3634=ORIENTED_EDGE('',*,*,#4106,.F.);
#3635=ORIENTED_EDGE('',*,*,#5210,.F.);
#3636=ORIENTED_EDGE('',*,*,#4586,.F.);
#3637=ORIENTED_EDGE('',*,*,#5209,.T.);
#3638=ORIENTED_EDGE('',*,*,#4576,.F.);
#3639=ORIENTED_EDGE('',*,*,#5211,.F.);
#3640=ORIENTED_EDGE('',*,*,#4103,.F.);
#3641=ORIENTED_EDGE('',*,*,#5210,.T.);
#3642=ORIENTED_EDGE('',*,*,#4105,.F.);
#3643=ORIENTED_EDGE('',*,*,#5212,.F.);
#3644=ORIENTED_EDGE('',*,*,#4583,.F.);
#3645=ORIENTED_EDGE('',*,*,#5211,.T.);
#3646=ORIENTED_EDGE('',*,*,#4580,.F.);
#3647=ORIENTED_EDGE('',*,*,#5212,.T.);
#3648=ORIENTED_EDGE('',*,*,#4104,.F.);
#3649=ORIENTED_EDGE('',*,*,#5213,.F.);
#3650=ORIENTED_EDGE('',*,*,#4616,.F.);
#3651=ORIENTED_EDGE('',*,*,#5214,.F.);
#3652=ORIENTED_EDGE('',*,*,#4116,.F.);
#3653=ORIENTED_EDGE('',*,*,#5214,.T.);
#3654=ORIENTED_EDGE('',*,*,#4619,.F.);
#3655=ORIENTED_EDGE('',*,*,#5215,.F.);
#3656=ORIENTED_EDGE('',*,*,#4117,.F.);
#3657=ORIENTED_EDGE('',*,*,#5213,.T.);
#3658=ORIENTED_EDGE('',*,*,#4115,.F.);
#3659=ORIENTED_EDGE('',*,*,#5216,.F.);
#3660=ORIENTED_EDGE('',*,*,#4613,.F.);
#3661=ORIENTED_EDGE('',*,*,#5215,.T.);
#3662=ORIENTED_EDGE('',*,*,#4621,.F.);
#3663=ORIENTED_EDGE('',*,*,#5217,.F.);
#3664=ORIENTED_EDGE('',*,*,#4118,.F.);
#3665=ORIENTED_EDGE('',*,*,#5216,.T.);
#3666=ORIENTED_EDGE('',*,*,#4114,.F.);
#3667=ORIENTED_EDGE('',*,*,#5218,.F.);
#3668=ORIENTED_EDGE('',*,*,#4610,.F.);
#3669=ORIENTED_EDGE('',*,*,#5217,.T.);
#3670=ORIENTED_EDGE('',*,*,#4600,.F.);
#3671=ORIENTED_EDGE('',*,*,#5219,.F.);
#3672=ORIENTED_EDGE('',*,*,#4111,.F.);
#3673=ORIENTED_EDGE('',*,*,#5218,.T.);
#3674=ORIENTED_EDGE('',*,*,#4113,.F.);
#3675=ORIENTED_EDGE('',*,*,#5220,.F.);
#3676=ORIENTED_EDGE('',*,*,#4607,.F.);
#3677=ORIENTED_EDGE('',*,*,#5219,.T.);
#3678=ORIENTED_EDGE('',*,*,#4604,.F.);
#3679=ORIENTED_EDGE('',*,*,#5220,.T.);
#3680=ORIENTED_EDGE('',*,*,#4112,.F.);
#3681=ORIENTED_EDGE('',*,*,#5221,.F.);
#3682=ORIENTED_EDGE('',*,*,#4544,.F.);
#3683=ORIENTED_EDGE('',*,*,#5222,.F.);
#3684=ORIENTED_EDGE('',*,*,#4124,.F.);
#3685=ORIENTED_EDGE('',*,*,#5222,.T.);
#3686=ORIENTED_EDGE('',*,*,#4547,.F.);
#3687=ORIENTED_EDGE('',*,*,#5223,.F.);
#3688=ORIENTED_EDGE('',*,*,#4125,.F.);
#3689=ORIENTED_EDGE('',*,*,#5221,.T.);
#3690=ORIENTED_EDGE('',*,*,#4123,.F.);
#3691=ORIENTED_EDGE('',*,*,#5224,.F.);
#3692=ORIENTED_EDGE('',*,*,#4541,.F.);
#3693=ORIENTED_EDGE('',*,*,#5223,.T.);
#3694=ORIENTED_EDGE('',*,*,#4549,.F.);
#3695=ORIENTED_EDGE('',*,*,#5225,.F.);
#3696=ORIENTED_EDGE('',*,*,#4126,.F.);
#3697=ORIENTED_EDGE('',*,*,#5224,.T.);
#3698=ORIENTED_EDGE('',*,*,#4122,.F.);
#3699=ORIENTED_EDGE('',*,*,#5226,.F.);
#3700=ORIENTED_EDGE('',*,*,#4538,.F.);
#3701=ORIENTED_EDGE('',*,*,#5225,.T.);
#3702=ORIENTED_EDGE('',*,*,#4528,.F.);
#3703=ORIENTED_EDGE('',*,*,#5227,.F.);
#3704=ORIENTED_EDGE('',*,*,#4119,.F.);
#3705=ORIENTED_EDGE('',*,*,#5226,.T.);
#3706=ORIENTED_EDGE('',*,*,#4121,.F.);
#3707=ORIENTED_EDGE('',*,*,#5228,.F.);
#3708=ORIENTED_EDGE('',*,*,#4535,.F.);
#3709=ORIENTED_EDGE('',*,*,#5227,.T.);
#3710=ORIENTED_EDGE('',*,*,#4532,.F.);
#3711=ORIENTED_EDGE('',*,*,#5228,.T.);
#3712=ORIENTED_EDGE('',*,*,#4120,.F.);
#3713=ORIENTED_EDGE('',*,*,#5229,.F.);
#3714=ORIENTED_EDGE('',*,*,#4568,.F.);
#3715=ORIENTED_EDGE('',*,*,#5230,.F.);
#3716=ORIENTED_EDGE('',*,*,#4132,.F.);
#3717=ORIENTED_EDGE('',*,*,#5230,.T.);
#3718=ORIENTED_EDGE('',*,*,#4571,.F.);
#3719=ORIENTED_EDGE('',*,*,#5231,.F.);
#3720=ORIENTED_EDGE('',*,*,#4133,.F.);
#3721=ORIENTED_EDGE('',*,*,#5229,.T.);
#3722=ORIENTED_EDGE('',*,*,#4131,.F.);
#3723=ORIENTED_EDGE('',*,*,#5232,.F.);
#3724=ORIENTED_EDGE('',*,*,#4565,.F.);
#3725=ORIENTED_EDGE('',*,*,#5231,.T.);
#3726=ORIENTED_EDGE('',*,*,#4573,.F.);
#3727=ORIENTED_EDGE('',*,*,#5233,.F.);
#3728=ORIENTED_EDGE('',*,*,#4134,.F.);
#3729=ORIENTED_EDGE('',*,*,#5232,.T.);
#3730=ORIENTED_EDGE('',*,*,#4130,.F.);
#3731=ORIENTED_EDGE('',*,*,#5234,.F.);
#3732=ORIENTED_EDGE('',*,*,#4562,.F.);
#3733=ORIENTED_EDGE('',*,*,#5233,.T.);
#3734=ORIENTED_EDGE('',*,*,#4552,.F.);
#3735=ORIENTED_EDGE('',*,*,#5235,.F.);
#3736=ORIENTED_EDGE('',*,*,#4127,.F.);
#3737=ORIENTED_EDGE('',*,*,#5234,.T.);
#3738=ORIENTED_EDGE('',*,*,#4129,.F.);
#3739=ORIENTED_EDGE('',*,*,#5236,.F.);
#3740=ORIENTED_EDGE('',*,*,#4559,.F.);
#3741=ORIENTED_EDGE('',*,*,#5235,.T.);
#3742=ORIENTED_EDGE('',*,*,#4556,.F.);
#3743=ORIENTED_EDGE('',*,*,#5236,.T.);
#3744=ORIENTED_EDGE('',*,*,#4128,.F.);
#3745=ORIENTED_EDGE('',*,*,#5237,.F.);
#3746=ORIENTED_EDGE('',*,*,#4328,.F.);
#3747=ORIENTED_EDGE('',*,*,#5238,.F.);
#3748=ORIENTED_EDGE('',*,*,#4140,.F.);
#3749=ORIENTED_EDGE('',*,*,#5238,.T.);
#3750=ORIENTED_EDGE('',*,*,#4331,.F.);
#3751=ORIENTED_EDGE('',*,*,#5239,.F.);
#3752=ORIENTED_EDGE('',*,*,#4141,.F.);
#3753=ORIENTED_EDGE('',*,*,#5237,.T.);
#3754=ORIENTED_EDGE('',*,*,#4139,.F.);
#3755=ORIENTED_EDGE('',*,*,#5240,.F.);
#3756=ORIENTED_EDGE('',*,*,#4325,.F.);
#3757=ORIENTED_EDGE('',*,*,#5239,.T.);
#3758=ORIENTED_EDGE('',*,*,#4333,.F.);
#3759=ORIENTED_EDGE('',*,*,#5241,.F.);
#3760=ORIENTED_EDGE('',*,*,#4142,.F.);
#3761=ORIENTED_EDGE('',*,*,#5240,.T.);
#3762=ORIENTED_EDGE('',*,*,#4138,.F.);
#3763=ORIENTED_EDGE('',*,*,#5242,.F.);
#3764=ORIENTED_EDGE('',*,*,#4322,.F.);
#3765=ORIENTED_EDGE('',*,*,#5241,.T.);
#3766=ORIENTED_EDGE('',*,*,#4312,.F.);
#3767=ORIENTED_EDGE('',*,*,#5243,.F.);
#3768=ORIENTED_EDGE('',*,*,#4135,.F.);
#3769=ORIENTED_EDGE('',*,*,#5242,.T.);
#3770=ORIENTED_EDGE('',*,*,#4137,.F.);
#3771=ORIENTED_EDGE('',*,*,#5244,.F.);
#3772=ORIENTED_EDGE('',*,*,#4319,.F.);
#3773=ORIENTED_EDGE('',*,*,#5243,.T.);
#3774=ORIENTED_EDGE('',*,*,#4316,.F.);
#3775=ORIENTED_EDGE('',*,*,#5244,.T.);
#3776=ORIENTED_EDGE('',*,*,#4136,.F.);
#3777=ORIENTED_EDGE('',*,*,#5245,.F.);
#3778=ORIENTED_EDGE('',*,*,#4760,.F.);
#3779=ORIENTED_EDGE('',*,*,#5246,.F.);
#3780=ORIENTED_EDGE('',*,*,#4148,.F.);
#3781=ORIENTED_EDGE('',*,*,#5246,.T.);
#3782=ORIENTED_EDGE('',*,*,#4763,.F.);
#3783=ORIENTED_EDGE('',*,*,#5247,.F.);
#3784=ORIENTED_EDGE('',*,*,#4149,.F.);
#3785=ORIENTED_EDGE('',*,*,#5245,.T.);
#3786=ORIENTED_EDGE('',*,*,#4147,.F.);
#3787=ORIENTED_EDGE('',*,*,#5248,.F.);
#3788=ORIENTED_EDGE('',*,*,#4757,.F.);
#3789=ORIENTED_EDGE('',*,*,#5247,.T.);
#3790=ORIENTED_EDGE('',*,*,#4765,.F.);
#3791=ORIENTED_EDGE('',*,*,#5249,.F.);
#3792=ORIENTED_EDGE('',*,*,#4150,.F.);
#3793=ORIENTED_EDGE('',*,*,#5248,.T.);
#3794=ORIENTED_EDGE('',*,*,#4146,.F.);
#3795=ORIENTED_EDGE('',*,*,#5250,.F.);
#3796=ORIENTED_EDGE('',*,*,#4754,.F.);
#3797=ORIENTED_EDGE('',*,*,#5249,.T.);
#3798=ORIENTED_EDGE('',*,*,#4744,.F.);
#3799=ORIENTED_EDGE('',*,*,#5251,.F.);
#3800=ORIENTED_EDGE('',*,*,#4143,.F.);
#3801=ORIENTED_EDGE('',*,*,#5250,.T.);
#3802=ORIENTED_EDGE('',*,*,#4145,.F.);
#3803=ORIENTED_EDGE('',*,*,#5252,.F.);
#3804=ORIENTED_EDGE('',*,*,#4751,.F.);
#3805=ORIENTED_EDGE('',*,*,#5251,.T.);
#3806=ORIENTED_EDGE('',*,*,#4748,.F.);
#3807=ORIENTED_EDGE('',*,*,#5252,.T.);
#3808=ORIENTED_EDGE('',*,*,#4144,.F.);
#3809=ORIENTED_EDGE('',*,*,#5253,.F.);
#3810=ORIENTED_EDGE('',*,*,#4736,.F.);
#3811=ORIENTED_EDGE('',*,*,#5254,.F.);
#3812=ORIENTED_EDGE('',*,*,#4156,.F.);
#3813=ORIENTED_EDGE('',*,*,#5254,.T.);
#3814=ORIENTED_EDGE('',*,*,#4739,.F.);
#3815=ORIENTED_EDGE('',*,*,#5255,.F.);
#3816=ORIENTED_EDGE('',*,*,#4157,.F.);
#3817=ORIENTED_EDGE('',*,*,#5253,.T.);
#3818=ORIENTED_EDGE('',*,*,#4155,.F.);
#3819=ORIENTED_EDGE('',*,*,#5256,.F.);
#3820=ORIENTED_EDGE('',*,*,#4733,.F.);
#3821=ORIENTED_EDGE('',*,*,#5255,.T.);
#3822=ORIENTED_EDGE('',*,*,#4741,.F.);
#3823=ORIENTED_EDGE('',*,*,#5257,.F.);
#3824=ORIENTED_EDGE('',*,*,#4158,.F.);
#3825=ORIENTED_EDGE('',*,*,#5256,.T.);
#3826=ORIENTED_EDGE('',*,*,#4154,.F.);
#3827=ORIENTED_EDGE('',*,*,#5258,.F.);
#3828=ORIENTED_EDGE('',*,*,#4730,.F.);
#3829=ORIENTED_EDGE('',*,*,#5257,.T.);
#3830=ORIENTED_EDGE('',*,*,#4720,.F.);
#3831=ORIENTED_EDGE('',*,*,#5259,.F.);
#3832=ORIENTED_EDGE('',*,*,#4151,.F.);
#3833=ORIENTED_EDGE('',*,*,#5258,.T.);
#3834=ORIENTED_EDGE('',*,*,#4153,.F.);
#3835=ORIENTED_EDGE('',*,*,#5260,.F.);
#3836=ORIENTED_EDGE('',*,*,#4727,.F.);
#3837=ORIENTED_EDGE('',*,*,#5259,.T.);
#3838=ORIENTED_EDGE('',*,*,#4724,.F.);
#3839=ORIENTED_EDGE('',*,*,#5260,.T.);
#3840=ORIENTED_EDGE('',*,*,#4152,.F.);
#3841=ORIENTED_EDGE('',*,*,#5261,.F.);
#3842=ORIENTED_EDGE('',*,*,#4808,.F.);
#3843=ORIENTED_EDGE('',*,*,#5262,.F.);
#3844=ORIENTED_EDGE('',*,*,#4164,.F.);
#3845=ORIENTED_EDGE('',*,*,#5262,.T.);
#3846=ORIENTED_EDGE('',*,*,#4811,.F.);
#3847=ORIENTED_EDGE('',*,*,#5263,.F.);
#3848=ORIENTED_EDGE('',*,*,#4165,.F.);
#3849=ORIENTED_EDGE('',*,*,#5261,.T.);
#3850=ORIENTED_EDGE('',*,*,#4163,.F.);
#3851=ORIENTED_EDGE('',*,*,#5264,.F.);
#3852=ORIENTED_EDGE('',*,*,#4805,.F.);
#3853=ORIENTED_EDGE('',*,*,#5263,.T.);
#3854=ORIENTED_EDGE('',*,*,#4813,.F.);
#3855=ORIENTED_EDGE('',*,*,#5265,.F.);
#3856=ORIENTED_EDGE('',*,*,#4166,.F.);
#3857=ORIENTED_EDGE('',*,*,#5264,.T.);
#3858=ORIENTED_EDGE('',*,*,#4162,.F.);
#3859=ORIENTED_EDGE('',*,*,#5266,.F.);
#3860=ORIENTED_EDGE('',*,*,#4802,.F.);
#3861=ORIENTED_EDGE('',*,*,#5265,.T.);
#3862=ORIENTED_EDGE('',*,*,#4792,.F.);
#3863=ORIENTED_EDGE('',*,*,#5267,.F.);
#3864=ORIENTED_EDGE('',*,*,#4159,.F.);
#3865=ORIENTED_EDGE('',*,*,#5266,.T.);
#3866=ORIENTED_EDGE('',*,*,#4161,.F.);
#3867=ORIENTED_EDGE('',*,*,#5268,.F.);
#3868=ORIENTED_EDGE('',*,*,#4799,.F.);
#3869=ORIENTED_EDGE('',*,*,#5267,.T.);
#3870=ORIENTED_EDGE('',*,*,#4796,.F.);
#3871=ORIENTED_EDGE('',*,*,#5268,.T.);
#3872=ORIENTED_EDGE('',*,*,#4160,.F.);
#3873=ORIENTED_EDGE('',*,*,#5269,.F.);
#3874=ORIENTED_EDGE('',*,*,#4789,.F.);
#3875=ORIENTED_EDGE('',*,*,#5270,.F.);
#3876=ORIENTED_EDGE('',*,*,#4172,.F.);
#3877=ORIENTED_EDGE('',*,*,#5270,.T.);
#3878=ORIENTED_EDGE('',*,*,#4768,.F.);
#3879=ORIENTED_EDGE('',*,*,#5271,.F.);
#3880=ORIENTED_EDGE('',*,*,#4173,.F.);
#3881=ORIENTED_EDGE('',*,*,#5269,.T.);
#3882=ORIENTED_EDGE('',*,*,#4171,.F.);
#3883=ORIENTED_EDGE('',*,*,#5272,.F.);
#3884=ORIENTED_EDGE('',*,*,#4787,.F.);
#3885=ORIENTED_EDGE('',*,*,#5271,.T.);
#3886=ORIENTED_EDGE('',*,*,#4772,.F.);
#3887=ORIENTED_EDGE('',*,*,#5273,.F.);
#3888=ORIENTED_EDGE('',*,*,#4174,.F.);
#3889=ORIENTED_EDGE('',*,*,#5272,.T.);
#3890=ORIENTED_EDGE('',*,*,#4170,.F.);
#3891=ORIENTED_EDGE('',*,*,#5274,.F.);
#3892=ORIENTED_EDGE('',*,*,#4784,.F.);
#3893=ORIENTED_EDGE('',*,*,#5273,.T.);
#3894=ORIENTED_EDGE('',*,*,#4775,.F.);
#3895=ORIENTED_EDGE('',*,*,#5275,.F.);
#3896=ORIENTED_EDGE('',*,*,#4167,.F.);
#3897=ORIENTED_EDGE('',*,*,#5274,.T.);
#3898=ORIENTED_EDGE('',*,*,#4169,.F.);
#3899=ORIENTED_EDGE('',*,*,#5276,.F.);
#3900=ORIENTED_EDGE('',*,*,#4781,.F.);
#3901=ORIENTED_EDGE('',*,*,#5275,.T.);
#3902=ORIENTED_EDGE('',*,*,#4778,.F.);
#3903=ORIENTED_EDGE('',*,*,#5276,.T.);
#3904=ORIENTED_EDGE('',*,*,#4168,.F.);
#3905=ORIENTED_EDGE('',*,*,#5066,.F.);
#3906=ORIENTED_EDGE('',*,*,#4177,.F.);
#3907=ORIENTED_EDGE('',*,*,#5058,.F.);
#3908=ORIENTED_EDGE('',*,*,#5048,.F.);
#3909=ORIENTED_EDGE('',*,*,#5038,.F.);
#3910=ORIENTED_EDGE('',*,*,#4301,.F.);
#3911=ORIENTED_EDGE('',*,*,#5030,.F.);
#3912=ORIENTED_EDGE('',*,*,#5020,.F.);
#3913=ORIENTED_EDGE('',*,*,#5010,.F.);
#3914=ORIENTED_EDGE('',*,*,#4234,.F.);
#3915=ORIENTED_EDGE('',*,*,#5002,.F.);
#3916=ORIENTED_EDGE('',*,*,#4992,.F.);
#3917=ORIENTED_EDGE('',*,*,#4982,.F.);
#3918=ORIENTED_EDGE('',*,*,#4231,.F.);
#3919=ORIENTED_EDGE('',*,*,#4974,.F.);
#3920=ORIENTED_EDGE('',*,*,#4964,.F.);
#3921=ORIENTED_EDGE('',*,*,#4954,.F.);
#3922=ORIENTED_EDGE('',*,*,#4228,.F.);
#3923=ORIENTED_EDGE('',*,*,#4946,.F.);
#3924=ORIENTED_EDGE('',*,*,#4936,.F.);
#3925=ORIENTED_EDGE('',*,*,#4926,.F.);
#3926=ORIENTED_EDGE('',*,*,#4225,.F.);
#3927=ORIENTED_EDGE('',*,*,#4918,.F.);
#3928=ORIENTED_EDGE('',*,*,#4908,.F.);
#3929=ORIENTED_EDGE('',*,*,#4898,.F.);
#3930=ORIENTED_EDGE('',*,*,#4222,.F.);
#3931=ORIENTED_EDGE('',*,*,#4890,.F.);
#3932=ORIENTED_EDGE('',*,*,#4880,.F.);
#3933=ORIENTED_EDGE('',*,*,#4870,.F.);
#3934=ORIENTED_EDGE('',*,*,#4219,.F.);
#3935=ORIENTED_EDGE('',*,*,#4862,.F.);
#3936=ORIENTED_EDGE('',*,*,#4852,.F.);
#3937=ORIENTED_EDGE('',*,*,#4842,.F.);
#3938=ORIENTED_EDGE('',*,*,#4216,.F.);
#3939=ORIENTED_EDGE('',*,*,#4834,.F.);
#3940=ORIENTED_EDGE('',*,*,#4827,.F.);
#3941=ORIENTED_EDGE('',*,*,#4823,.F.);
#3942=ORIENTED_EDGE('',*,*,#4213,.F.);
#3943=ORIENTED_EDGE('',*,*,#4832,.F.);
#3944=ORIENTED_EDGE('',*,*,#4841,.F.);
#3945=ORIENTED_EDGE('',*,*,#4849,.F.);
#3946=ORIENTED_EDGE('',*,*,#4210,.F.);
#3947=ORIENTED_EDGE('',*,*,#4860,.F.);
#3948=ORIENTED_EDGE('',*,*,#4869,.F.);
#3949=ORIENTED_EDGE('',*,*,#4877,.F.);
#3950=ORIENTED_EDGE('',*,*,#4207,.F.);
#3951=ORIENTED_EDGE('',*,*,#4888,.F.);
#3952=ORIENTED_EDGE('',*,*,#4897,.F.);
#3953=ORIENTED_EDGE('',*,*,#4905,.F.);
#3954=ORIENTED_EDGE('',*,*,#4204,.F.);
#3955=ORIENTED_EDGE('',*,*,#4916,.F.);
#3956=ORIENTED_EDGE('',*,*,#4925,.F.);
#3957=ORIENTED_EDGE('',*,*,#4933,.F.);
#3958=ORIENTED_EDGE('',*,*,#4201,.F.);
#3959=ORIENTED_EDGE('',*,*,#4944,.F.);
#3960=ORIENTED_EDGE('',*,*,#4953,.F.);
#3961=ORIENTED_EDGE('',*,*,#4961,.F.);
#3962=ORIENTED_EDGE('',*,*,#4198,.F.);
#3963=ORIENTED_EDGE('',*,*,#4972,.F.);
#3964=ORIENTED_EDGE('',*,*,#4981,.F.);
#3965=ORIENTED_EDGE('',*,*,#4989,.F.);
#3966=ORIENTED_EDGE('',*,*,#4195,.F.);
#3967=ORIENTED_EDGE('',*,*,#5000,.F.);
#3968=ORIENTED_EDGE('',*,*,#5009,.F.);
#3969=ORIENTED_EDGE('',*,*,#5017,.F.);
#3970=ORIENTED_EDGE('',*,*,#4192,.F.);
#3971=ORIENTED_EDGE('',*,*,#5028,.F.);
#3972=ORIENTED_EDGE('',*,*,#5037,.F.);
#3973=ORIENTED_EDGE('',*,*,#5045,.F.);
#3974=ORIENTED_EDGE('',*,*,#4189,.F.);
#3975=ORIENTED_EDGE('',*,*,#5056,.F.);
#3976=ORIENTED_EDGE('',*,*,#5065,.F.);
#3977=ORIENTED_EDGE('',*,*,#5073,.F.);
#3978=ORIENTED_EDGE('',*,*,#4186,.F.);
#3979=ORIENTED_EDGE('',*,*,#5084,.F.);
#3980=ORIENTED_EDGE('',*,*,#5093,.F.);
#3981=ORIENTED_EDGE('',*,*,#5101,.F.);
#3982=ORIENTED_EDGE('',*,*,#4183,.F.);
#3983=ORIENTED_EDGE('',*,*,#5111,.F.);
#3984=ORIENTED_EDGE('',*,*,#5104,.F.);
#3985=ORIENTED_EDGE('',*,*,#5094,.F.);
#3986=ORIENTED_EDGE('',*,*,#4180,.F.);
#3987=ORIENTED_EDGE('',*,*,#5086,.F.);
#3988=ORIENTED_EDGE('',*,*,#5076,.F.);
#3989=ORIENTED_EDGE('',*,*,#4308,.F.);
#3990=ORIENTED_EDGE('',*,*,#4305,.F.);
#3991=ORIENTED_EDGE('',*,*,#4236,.F.);
#3992=ORIENTED_EDGE('',*,*,#5277,.T.);
#3993=ORIENTED_EDGE('',*,*,#4175,.F.);
#3994=ORIENTED_EDGE('',*,*,#5278,.F.);
#3995=ORIENTED_EDGE('',*,*,#4303,.T.);
#3996=ORIENTED_EDGE('',*,*,#5277,.F.);
#3997=ORIENTED_EDGE('',*,*,#5278,.T.);
#3998=ORIENTED_EDGE('',*,*,#5279,.T.);
#3999=ORIENTED_EDGE('',*,*,#4005,.F.);
#4000=ORIENTED_EDGE('',*,*,#5280,.F.);
#4001=ORIENTED_EDGE('',*,*,#4006,.T.);
#4002=ORIENTED_EDGE('',*,*,#5279,.F.);
#4003=ORIENTED_EDGE('',*,*,#5280,.T.);
#4004=EDGE_CURVE('',#5281,#5281,#6012,.T.);
#4005=EDGE_CURVE('',#5282,#5282,#6013,.T.);
#4006=EDGE_CURVE('',#5283,#5283,#6014,.F.);
#4007=EDGE_CURVE('',#5284,#5285,#568,.F.);
#4008=EDGE_CURVE('',#5285,#5286,#6015,.T.);
#4009=EDGE_CURVE('',#5286,#5287,#569,.F.);
#4010=EDGE_CURVE('',#5287,#5288,#6016,.T.);
#4011=EDGE_CURVE('',#5288,#5289,#570,.F.);
#4012=EDGE_CURVE('',#5289,#5290,#6017,.T.);
#4013=EDGE_CURVE('',#5290,#5291,#571,.F.);
#4014=EDGE_CURVE('',#5291,#5284,#6018,.T.);
#4015=EDGE_CURVE('',#5292,#5293,#572,.F.);
#4016=EDGE_CURVE('',#5293,#5294,#6019,.T.);
#4017=EDGE_CURVE('',#5294,#5295,#573,.F.);
#4018=EDGE_CURVE('',#5295,#5296,#6020,.T.);
#4019=EDGE_CURVE('',#5296,#5297,#574,.F.);
#4020=EDGE_CURVE('',#5297,#5298,#6021,.T.);
#4021=EDGE_CURVE('',#5298,#5299,#575,.F.);
#4022=EDGE_CURVE('',#5299,#5292,#6022,.T.);
#4023=EDGE_CURVE('',#5300,#5301,#576,.F.);
#4024=EDGE_CURVE('',#5301,#5302,#6023,.T.);
#4025=EDGE_CURVE('',#5302,#5303,#577,.F.);
#4026=EDGE_CURVE('',#5303,#5304,#6024,.T.);
#4027=EDGE_CURVE('',#5304,#5305,#578,.F.);
#4028=EDGE_CURVE('',#5305,#5306,#6025,.T.);
#4029=EDGE_CURVE('',#5306,#5307,#579,.F.);
#4030=EDGE_CURVE('',#5307,#5300,#6026,.T.);
#4031=EDGE_CURVE('',#5308,#5309,#580,.F.);
#4032=EDGE_CURVE('',#5309,#5310,#6027,.T.);
#4033=EDGE_CURVE('',#5310,#5311,#581,.F.);
#4034=EDGE_CURVE('',#5311,#5312,#6028,.T.);
#4035=EDGE_CURVE('',#5312,#5313,#582,.F.);
#4036=EDGE_CURVE('',#5313,#5314,#6029,.T.);
#4037=EDGE_CURVE('',#5314,#5315,#583,.F.);
#4038=EDGE_CURVE('',#5315,#5308,#6030,.T.);
#4039=EDGE_CURVE('',#5316,#5317,#584,.F.);
#4040=EDGE_CURVE('',#5317,#5318,#6031,.T.);
#4041=EDGE_CURVE('',#5318,#5319,#585,.F.);
#4042=EDGE_CURVE('',#5319,#5320,#6032,.T.);
#4043=EDGE_CURVE('',#5320,#5321,#586,.F.);
#4044=EDGE_CURVE('',#5321,#5322,#6033,.T.);
#4045=EDGE_CURVE('',#5322,#5323,#587,.F.);
#4046=EDGE_CURVE('',#5323,#5316,#6034,.T.);
#4047=EDGE_CURVE('',#5324,#5325,#588,.F.);
#4048=EDGE_CURVE('',#5325,#5326,#6035,.T.);
#4049=EDGE_CURVE('',#5326,#5327,#589,.F.);
#4050=EDGE_CURVE('',#5327,#5328,#6036,.T.);
#4051=EDGE_CURVE('',#5328,#5329,#590,.F.);
#4052=EDGE_CURVE('',#5329,#5330,#6037,.T.);
#4053=EDGE_CURVE('',#5330,#5331,#591,.F.);
#4054=EDGE_CURVE('',#5331,#5324,#6038,.T.);
#4055=EDGE_CURVE('',#5332,#5333,#592,.F.);
#4056=EDGE_CURVE('',#5333,#5334,#6039,.T.);
#4057=EDGE_CURVE('',#5334,#5335,#593,.F.);
#4058=EDGE_CURVE('',#5335,#5336,#6040,.T.);
#4059=EDGE_CURVE('',#5336,#5337,#594,.F.);
#4060=EDGE_CURVE('',#5337,#5338,#6041,.T.);
#4061=EDGE_CURVE('',#5338,#5339,#595,.F.);
#4062=EDGE_CURVE('',#5339,#5332,#6042,.T.);
#4063=EDGE_CURVE('',#5340,#5341,#596,.F.);
#4064=EDGE_CURVE('',#5341,#5342,#6043,.T.);
#4065=EDGE_CURVE('',#5342,#5343,#597,.F.);
#4066=EDGE_CURVE('',#5343,#5344,#6044,.T.);
#4067=EDGE_CURVE('',#5344,#5345,#598,.F.);
#4068=EDGE_CURVE('',#5345,#5346,#6045,.T.);
#4069=EDGE_CURVE('',#5346,#5347,#599,.F.);
#4070=EDGE_CURVE('',#5347,#5340,#6046,.T.);
#4071=EDGE_CURVE('',#5348,#5349,#600,.F.);
#4072=EDGE_CURVE('',#5349,#5350,#6047,.T.);
#4073=EDGE_CURVE('',#5350,#5351,#601,.F.);
#4074=EDGE_CURVE('',#5351,#5352,#6048,.T.);
#4075=EDGE_CURVE('',#5352,#5353,#602,.F.);
#4076=EDGE_CURVE('',#5353,#5354,#6049,.T.);
#4077=EDGE_CURVE('',#5354,#5355,#603,.F.);
#4078=EDGE_CURVE('',#5355,#5348,#6050,.T.);
#4079=EDGE_CURVE('',#5356,#5357,#604,.F.);
#4080=EDGE_CURVE('',#5357,#5358,#6051,.T.);
#4081=EDGE_CURVE('',#5358,#5359,#605,.F.);
#4082=EDGE_CURVE('',#5359,#5360,#6052,.T.);
#4083=EDGE_CURVE('',#5360,#5361,#606,.F.);
#4084=EDGE_CURVE('',#5361,#5362,#6053,.T.);
#4085=EDGE_CURVE('',#5362,#5363,#607,.F.);
#4086=EDGE_CURVE('',#5363,#5356,#6054,.T.);
#4087=EDGE_CURVE('',#5364,#5365,#608,.F.);
#4088=EDGE_CURVE('',#5365,#5366,#6055,.T.);
#4089=EDGE_CURVE('',#5366,#5367,#609,.F.);
#4090=EDGE_CURVE('',#5367,#5368,#6056,.T.);
#4091=EDGE_CURVE('',#5368,#5369,#610,.F.);
#4092=EDGE_CURVE('',#5369,#5370,#6057,.T.);
#4093=EDGE_CURVE('',#5370,#5371,#611,.F.);
#4094=EDGE_CURVE('',#5371,#5364,#6058,.T.);
#4095=EDGE_CURVE('',#5372,#5373,#612,.F.);
#4096=EDGE_CURVE('',#5373,#5374,#6059,.T.);
#4097=EDGE_CURVE('',#5374,#5375,#613,.F.);
#4098=EDGE_CURVE('',#5375,#5376,#6060,.T.);
#4099=EDGE_CURVE('',#5376,#5377,#614,.F.);
#4100=EDGE_CURVE('',#5377,#5378,#6061,.T.);
#4101=EDGE_CURVE('',#5378,#5379,#615,.F.);
#4102=EDGE_CURVE('',#5379,#5372,#6062,.T.);
#4103=EDGE_CURVE('',#5380,#5381,#616,.F.);
#4104=EDGE_CURVE('',#5381,#5382,#6063,.T.);
#4105=EDGE_CURVE('',#5382,#5383,#617,.F.);
#4106=EDGE_CURVE('',#5383,#5384,#6064,.T.);
#4107=EDGE_CURVE('',#5384,#5385,#618,.F.);
#4108=EDGE_CURVE('',#5385,#5386,#6065,.T.);
#4109=EDGE_CURVE('',#5386,#5387,#619,.F.);
#4110=EDGE_CURVE('',#5387,#5380,#6066,.T.);
#4111=EDGE_CURVE('',#5388,#5389,#620,.F.);
#4112=EDGE_CURVE('',#5389,#5390,#6067,.T.);
#4113=EDGE_CURVE('',#5390,#5391,#621,.F.);
#4114=EDGE_CURVE('',#5391,#5392,#6068,.T.);
#4115=EDGE_CURVE('',#5392,#5393,#622,.F.);
#4116=EDGE_CURVE('',#5393,#5394,#6069,.T.);
#4117=EDGE_CURVE('',#5394,#5395,#623,.F.);
#4118=EDGE_CURVE('',#5395,#5388,#6070,.T.);
#4119=EDGE_CURVE('',#5396,#5397,#624,.F.);
#4120=EDGE_CURVE('',#5397,#5398,#6071,.T.);
#4121=EDGE_CURVE('',#5398,#5399,#625,.F.);
#4122=EDGE_CURVE('',#5399,#5400,#6072,.T.);
#4123=EDGE_CURVE('',#5400,#5401,#626,.F.);
#4124=EDGE_CURVE('',#5401,#5402,#6073,.T.);
#4125=EDGE_CURVE('',#5402,#5403,#627,.F.);
#4126=EDGE_CURVE('',#5403,#5396,#6074,.T.);
#4127=EDGE_CURVE('',#5404,#5405,#628,.F.);
#4128=EDGE_CURVE('',#5405,#5406,#6075,.T.);
#4129=EDGE_CURVE('',#5406,#5407,#629,.F.);
#4130=EDGE_CURVE('',#5407,#5408,#6076,.T.);
#4131=EDGE_CURVE('',#5408,#5409,#630,.F.);
#4132=EDGE_CURVE('',#5409,#5410,#6077,.T.);
#4133=EDGE_CURVE('',#5410,#5411,#631,.F.);
#4134=EDGE_CURVE('',#5411,#5404,#6078,.T.);
#4135=EDGE_CURVE('',#5412,#5413,#632,.F.);
#4136=EDGE_CURVE('',#5413,#5414,#6079,.T.);
#4137=EDGE_CURVE('',#5414,#5415,#633,.F.);
#4138=EDGE_CURVE('',#5415,#5416,#6080,.T.);
#4139=EDGE_CURVE('',#5416,#5417,#634,.F.);
#4140=EDGE_CURVE('',#5417,#5418,#6081,.T.);
#4141=EDGE_CURVE('',#5418,#5419,#635,.F.);
#4142=EDGE_CURVE('',#5419,#5412,#6082,.T.);
#4143=EDGE_CURVE('',#5420,#5421,#636,.F.);
#4144=EDGE_CURVE('',#5421,#5422,#6083,.T.);
#4145=EDGE_CURVE('',#5422,#5423,#637,.F.);
#4146=EDGE_CURVE('',#5423,#5424,#6084,.T.);
#4147=EDGE_CURVE('',#5424,#5425,#638,.F.);
#4148=EDGE_CURVE('',#5425,#5426,#6085,.T.);
#4149=EDGE_CURVE('',#5426,#5427,#639,.F.);
#4150=EDGE_CURVE('',#5427,#5420,#6086,.T.);
#4151=EDGE_CURVE('',#5428,#5429,#640,.F.);
#4152=EDGE_CURVE('',#5429,#5430,#6087,.T.);
#4153=EDGE_CURVE('',#5430,#5431,#641,.F.);
#4154=EDGE_CURVE('',#5431,#5432,#6088,.T.);
#4155=EDGE_CURVE('',#5432,#5433,#642,.F.);
#4156=EDGE_CURVE('',#5433,#5434,#6089,.T.);
#4157=EDGE_CURVE('',#5434,#5435,#643,.F.);
#4158=EDGE_CURVE('',#5435,#5428,#6090,.T.);
#4159=EDGE_CURVE('',#5436,#5437,#644,.F.);
#4160=EDGE_CURVE('',#5437,#5438,#6091,.T.);
#4161=EDGE_CURVE('',#5438,#5439,#645,.F.);
#4162=EDGE_CURVE('',#5439,#5440,#6092,.T.);
#4163=EDGE_CURVE('',#5440,#5441,#646,.F.);
#4164=EDGE_CURVE('',#5441,#5442,#6093,.T.);
#4165=EDGE_CURVE('',#5442,#5443,#647,.F.);
#4166=EDGE_CURVE('',#5443,#5436,#6094,.T.);
#4167=EDGE_CURVE('',#5444,#5445,#648,.F.);
#4168=EDGE_CURVE('',#5445,#5446,#6095,.T.);
#4169=EDGE_CURVE('',#5446,#5447,#649,.F.);
#4170=EDGE_CURVE('',#5447,#5448,#6096,.T.);
#4171=EDGE_CURVE('',#5448,#5449,#650,.F.);
#4172=EDGE_CURVE('',#5449,#5450,#6097,.T.);
#4173=EDGE_CURVE('',#5450,#5451,#651,.F.);
#4174=EDGE_CURVE('',#5451,#5444,#6098,.T.);
#4175=EDGE_CURVE('',#5452,#5452,#6099,.T.);
#4176=EDGE_CURVE('',#5453,#5454,#6100,.F.);
#4177=EDGE_CURVE('',#5454,#5455,#6101,.F.);
#4178=EDGE_CURVE('',#5455,#5453,#6102,.F.);
#4179=EDGE_CURVE('',#5456,#5457,#6103,.F.);
#4180=EDGE_CURVE('',#5457,#5458,#6104,.F.);
#4181=EDGE_CURVE('',#5458,#5456,#6105,.F.);
#4182=EDGE_CURVE('',#5459,#5460,#6106,.F.);
#4183=EDGE_CURVE('',#5460,#5461,#6107,.F.);
#4184=EDGE_CURVE('',#5461,#5459,#6108,.F.);
#4185=EDGE_CURVE('',#5462,#5463,#6109,.F.);
#4186=EDGE_CURVE('',#5463,#5464,#6110,.F.);
#4187=EDGE_CURVE('',#5464,#5462,#6111,.F.);
#4188=EDGE_CURVE('',#5465,#5466,#6112,.F.);
#4189=EDGE_CURVE('',#5466,#5467,#6113,.F.);
#4190=EDGE_CURVE('',#5467,#5465,#6114,.F.);
#4191=EDGE_CURVE('',#5468,#5469,#6115,.F.);
#4192=EDGE_CURVE('',#5469,#5470,#6116,.F.);
#4193=EDGE_CURVE('',#5470,#5468,#6117,.F.);
#4194=EDGE_CURVE('',#5471,#5472,#6118,.F.);
#4195=EDGE_CURVE('',#5472,#5473,#6119,.F.);
#4196=EDGE_CURVE('',#5473,#5471,#6120,.F.);
#4197=EDGE_CURVE('',#5474,#5475,#6121,.F.);
#4198=EDGE_CURVE('',#5475,#5476,#6122,.F.);
#4199=EDGE_CURVE('',#5476,#5474,#6123,.F.);
#4200=EDGE_CURVE('',#5477,#5478,#6124,.F.);
#4201=EDGE_CURVE('',#5478,#5479,#6125,.F.);
#4202=EDGE_CURVE('',#5479,#5477,#6126,.F.);
#4203=EDGE_CURVE('',#5480,#5481,#6127,.F.);
#4204=EDGE_CURVE('',#5481,#5482,#6128,.F.);
#4205=EDGE_CURVE('',#5482,#5480,#6129,.F.);
#4206=EDGE_CURVE('',#5483,#5484,#6130,.F.);
#4207=EDGE_CURVE('',#5484,#5485,#6131,.F.);
#4208=EDGE_CURVE('',#5485,#5483,#6132,.F.);
#4209=EDGE_CURVE('',#5486,#5487,#6133,.F.);
#4210=EDGE_CURVE('',#5487,#5488,#6134,.F.);
#4211=EDGE_CURVE('',#5488,#5486,#6135,.F.);
#4212=EDGE_CURVE('',#5489,#5490,#6136,.F.);
#4213=EDGE_CURVE('',#5490,#5491,#6137,.F.);
#4214=EDGE_CURVE('',#5491,#5489,#6138,.F.);
#4215=EDGE_CURVE('',#5492,#5493,#6139,.F.);
#4216=EDGE_CURVE('',#5493,#5494,#6140,.F.);
#4217=EDGE_CURVE('',#5494,#5492,#6141,.F.);
#4218=EDGE_CURVE('',#5495,#5496,#6142,.F.);
#4219=EDGE_CURVE('',#5496,#5497,#6143,.F.);
#4220=EDGE_CURVE('',#5497,#5495,#6144,.F.);
#4221=EDGE_CURVE('',#5498,#5499,#6145,.F.);
#4222=EDGE_CURVE('',#5499,#5500,#6146,.F.);
#4223=EDGE_CURVE('',#5500,#5498,#6147,.F.);
#4224=EDGE_CURVE('',#5501,#5502,#6148,.F.);
#4225=EDGE_CURVE('',#5502,#5503,#6149,.F.);
#4226=EDGE_CURVE('',#5503,#5501,#6150,.F.);
#4227=EDGE_CURVE('',#5504,#5505,#6151,.F.);
#4228=EDGE_CURVE('',#5505,#5506,#6152,.F.);
#4229=EDGE_CURVE('',#5506,#5504,#6153,.F.);
#4230=EDGE_CURVE('',#5507,#5508,#6154,.F.);
#4231=EDGE_CURVE('',#5508,#5509,#6155,.F.);
#4232=EDGE_CURVE('',#5509,#5507,#6156,.F.);
#4233=EDGE_CURVE('',#5510,#5511,#6157,.F.);
#4234=EDGE_CURVE('',#5511,#5512,#6158,.F.);
#4235=EDGE_CURVE('',#5512,#5510,#6159,.F.);
#4236=EDGE_CURVE('',#5513,#5513,#6160,.T.);
#4237=EDGE_CURVE('',#5514,#5515,#6161,.F.);
#4238=EDGE_CURVE('',#5515,#5516,#652,.T.);
#4239=EDGE_CURVE('',#5516,#5517,#6162,.F.);
#4240=EDGE_CURVE('',#5517,#5518,#6163,.F.);
#4241=EDGE_CURVE('',#5518,#5519,#653,.T.);
#4242=EDGE_CURVE('',#5519,#5520,#6164,.F.);
#4243=EDGE_CURVE('',#5520,#5521,#6165,.F.);
#4244=EDGE_CURVE('',#5521,#5522,#654,.T.);
#4245=EDGE_CURVE('',#5522,#5523,#6166,.F.);
#4246=EDGE_CURVE('',#5523,#5524,#6167,.F.);
#4247=EDGE_CURVE('',#5524,#5525,#655,.T.);
#4248=EDGE_CURVE('',#5525,#5526,#6168,.F.);
#4249=EDGE_CURVE('',#5526,#5527,#6169,.F.);
#4250=EDGE_CURVE('',#5527,#5528,#656,.T.);
#4251=EDGE_CURVE('',#5528,#5529,#6170,.F.);
#4252=EDGE_CURVE('',#5529,#5530,#6171,.F.);
#4253=EDGE_CURVE('',#5530,#5531,#657,.T.);
#4254=EDGE_CURVE('',#5531,#5532,#6172,.F.);
#4255=EDGE_CURVE('',#5532,#5533,#6173,.F.);
#4256=EDGE_CURVE('',#5533,#5534,#658,.T.);
#4257=EDGE_CURVE('',#5534,#5535,#6174,.F.);
#4258=EDGE_CURVE('',#5535,#5536,#6175,.F.);
#4259=EDGE_CURVE('',#5536,#5537,#659,.T.);
#4260=EDGE_CURVE('',#5537,#5538,#6176,.F.);
#4261=EDGE_CURVE('',#5538,#5539,#6177,.F.);
#4262=EDGE_CURVE('',#5539,#5540,#660,.T.);
#4263=EDGE_CURVE('',#5540,#5541,#6178,.F.);
#4264=EDGE_CURVE('',#5541,#5542,#6179,.F.);
#4265=EDGE_CURVE('',#5542,#5543,#661,.T.);
#4266=EDGE_CURVE('',#5543,#5544,#6180,.F.);
#4267=EDGE_CURVE('',#5544,#5545,#6181,.F.);
#4268=EDGE_CURVE('',#5545,#5546,#662,.T.);
#4269=EDGE_CURVE('',#5546,#5547,#6182,.F.);
#4270=EDGE_CURVE('',#5547,#5548,#6183,.F.);
#4271=EDGE_CURVE('',#5548,#5549,#663,.T.);
#4272=EDGE_CURVE('',#5549,#5550,#6184,.F.);
#4273=EDGE_CURVE('',#5550,#5551,#6185,.F.);
#4274=EDGE_CURVE('',#5551,#5552,#664,.T.);
#4275=EDGE_CURVE('',#5552,#5553,#6186,.F.);
#4276=EDGE_CURVE('',#5553,#5554,#6187,.F.);
#4277=EDGE_CURVE('',#5554,#5555,#665,.T.);
#4278=EDGE_CURVE('',#5555,#5556,#6188,.F.);
#4279=EDGE_CURVE('',#5556,#5557,#6189,.F.);
#4280=EDGE_CURVE('',#5557,#5558,#666,.T.);
#4281=EDGE_CURVE('',#5558,#5559,#6190,.F.);
#4282=EDGE_CURVE('',#5559,#5560,#6191,.F.);
#4283=EDGE_CURVE('',#5560,#5561,#667,.T.);
#4284=EDGE_CURVE('',#5561,#5562,#6192,.F.);
#4285=EDGE_CURVE('',#5562,#5563,#6193,.F.);
#4286=EDGE_CURVE('',#5563,#5564,#668,.T.);
#4287=EDGE_CURVE('',#5564,#5565,#6194,.F.);
#4288=EDGE_CURVE('',#5565,#5566,#6195,.F.);
#4289=EDGE_CURVE('',#5566,#5567,#669,.T.);
#4290=EDGE_CURVE('',#5567,#5568,#6196,.F.);
#4291=EDGE_CURVE('',#5568,#5569,#6197,.F.);
#4292=EDGE_CURVE('',#5569,#5570,#670,.T.);
#4293=EDGE_CURVE('',#5570,#5571,#6198,.F.);
#4294=EDGE_CURVE('',#5571,#5572,#6199,.F.);
#4295=EDGE_CURVE('',#5572,#5573,#671,.T.);
#4296=EDGE_CURVE('',#5573,#5574,#6200,.F.);
#4297=EDGE_CURVE('',#5574,#5575,#6201,.F.);
#4298=EDGE_CURVE('',#5575,#5576,#672,.T.);
#4299=EDGE_CURVE('',#5576,#5514,#6202,.F.);
#4300=EDGE_CURVE('',#5577,#5578,#6203,.F.);
#4301=EDGE_CURVE('',#5578,#5579,#6204,.F.);
#4302=EDGE_CURVE('',#5579,#5577,#6205,.F.);
#4303=EDGE_CURVE('',#5580,#5580,#6206,.F.);
#4304=EDGE_CURVE('',#5581,#5581,#6207,.T.);
#4305=EDGE_CURVE('',#5582,#5582,#6208,.F.);
#4306=EDGE_CURVE('',#5583,#5583,#6209,.T.);
#4307=EDGE_CURVE('',#5584,#5584,#6210,.T.);
#4308=EDGE_CURVE('',#5585,#5585,#6211,.T.);
#4309=EDGE_CURVE('',#5586,#5586,#6212,.T.);
#4310=EDGE_CURVE('',#5587,#5587,#6213,.T.);
#4311=EDGE_CURVE('',#5588,#5589,#673,.F.);
#4312=EDGE_CURVE('',#5588,#5590,#674,.T.);
#4313=EDGE_CURVE('',#5590,#5591,#675,.F.);
#4314=EDGE_CURVE('',#5591,#5589,#676,.F.);
#4315=EDGE_CURVE('',#5592,#5593,#677,.F.);
#4316=EDGE_CURVE('',#5592,#5588,#6214,.T.);
#4317=EDGE_CURVE('',#5589,#5593,#6215,.T.);
#4318=EDGE_CURVE('',#5594,#5595,#678,.F.);
#4319=EDGE_CURVE('',#5594,#5592,#679,.F.);
#4320=EDGE_CURVE('',#5593,#5595,#680,.T.);
#4321=EDGE_CURVE('',#5596,#5597,#681,.F.);
#4322=EDGE_CURVE('',#5596,#5594,#6216,.T.);
#4323=EDGE_CURVE('',#5595,#5597,#6217,.T.);
#4324=EDGE_CURVE('',#5598,#5599,#682,.F.);
#4325=EDGE_CURVE('',#5598,#5596,#683,.F.);
#4326=EDGE_CURVE('',#5597,#5599,#684,.T.);
#4327=EDGE_CURVE('',#5600,#5601,#685,.F.);
#4328=EDGE_CURVE('',#5600,#5598,#6218,.T.);
#4329=EDGE_CURVE('',#5599,#5601,#6219,.T.);
#4330=EDGE_CURVE('',#5602,#5603,#686,.F.);
#4331=EDGE_CURVE('',#5602,#5600,#687,.T.);
#4332=EDGE_CURVE('',#5601,#5603,#688,.F.);
#4333=EDGE_CURVE('',#5590,#5602,#6220,.T.);
#4334=EDGE_CURVE('',#5603,#5591,#6221,.T.);
#4335=EDGE_CURVE('',#5604,#5605,#689,.F.);
#4336=EDGE_CURVE('',#5604,#5606,#690,.T.);
#4337=EDGE_CURVE('',#5606,#5607,#691,.F.);
#4338=EDGE_CURVE('',#5607,#5605,#692,.F.);
#4339=EDGE_CURVE('',#5608,#5609,#693,.F.);
#4340=EDGE_CURVE('',#5608,#5604,#6222,.T.);
#4341=EDGE_CURVE('',#5605,#5609,#6223,.T.);
#4342=EDGE_CURVE('',#5610,#5611,#694,.F.);
#4343=EDGE_CURVE('',#5610,#5608,#695,.F.);
#4344=EDGE_CURVE('',#5609,#5611,#696,.T.);
#4345=EDGE_CURVE('',#5612,#5613,#697,.F.);
#4346=EDGE_CURVE('',#5612,#5610,#6224,.T.);
#4347=EDGE_CURVE('',#5611,#5613,#6225,.T.);
#4348=EDGE_CURVE('',#5614,#5615,#698,.F.);
#4349=EDGE_CURVE('',#5614,#5612,#699,.F.);
#4350=EDGE_CURVE('',#5613,#5615,#700,.T.);
#4351=EDGE_CURVE('',#5616,#5617,#701,.F.);
#4352=EDGE_CURVE('',#5616,#5614,#6226,.T.);
#4353=EDGE_CURVE('',#5615,#5617,#6227,.T.);
#4354=EDGE_CURVE('',#5618,#5619,#702,.F.);
#4355=EDGE_CURVE('',#5618,#5616,#703,.T.);
#4356=EDGE_CURVE('',#5617,#5619,#704,.F.);
#4357=EDGE_CURVE('',#5606,#5618,#6228,.T.);
#4358=EDGE_CURVE('',#5619,#5607,#6229,.T.);
#4359=EDGE_CURVE('',#5620,#5621,#705,.F.);
#4360=EDGE_CURVE('',#5620,#5622,#706,.T.);
#4361=EDGE_CURVE('',#5622,#5623,#707,.F.);
#4362=EDGE_CURVE('',#5623,#5621,#708,.F.);
#4363=EDGE_CURVE('',#5624,#5625,#709,.F.);
#4364=EDGE_CURVE('',#5624,#5620,#6230,.T.);
#4365=EDGE_CURVE('',#5621,#5625,#6231,.T.);
#4366=EDGE_CURVE('',#5626,#5627,#710,.F.);
#4367=EDGE_CURVE('',#5626,#5624,#711,.F.);
#4368=EDGE_CURVE('',#5625,#5627,#712,.T.);
#4369=EDGE_CURVE('',#5628,#5629,#713,.F.);
#4370=EDGE_CURVE('',#5628,#5626,#6232,.T.);
#4371=EDGE_CURVE('',#5627,#5629,#6233,.T.);
#4372=EDGE_CURVE('',#5630,#5631,#714,.F.);
#4373=EDGE_CURVE('',#5630,#5628,#715,.F.);
#4374=EDGE_CURVE('',#5629,#5631,#716,.T.);
#4375=EDGE_CURVE('',#5632,#5633,#717,.F.);
#4376=EDGE_CURVE('',#5632,#5630,#6234,.T.);
#4377=EDGE_CURVE('',#5631,#5633,#6235,.T.);
#4378=EDGE_CURVE('',#5634,#5635,#718,.F.);
#4379=EDGE_CURVE('',#5634,#5632,#719,.T.);
#4380=EDGE_CURVE('',#5633,#5635,#720,.F.);
#4381=EDGE_CURVE('',#5622,#5634,#6236,.T.);
#4382=EDGE_CURVE('',#5635,#5623,#6237,.T.);
#4383=EDGE_CURVE('',#5636,#5637,#721,.F.);
#4384=EDGE_CURVE('',#5636,#5638,#722,.T.);
#4385=EDGE_CURVE('',#5638,#5639,#723,.F.);
#4386=EDGE_CURVE('',#5639,#5637,#724,.F.);
#4387=EDGE_CURVE('',#5640,#5641,#725,.F.);
#4388=EDGE_CURVE('',#5640,#5636,#6238,.T.);
#4389=EDGE_CURVE('',#5637,#5641,#6239,.T.);
#4390=EDGE_CURVE('',#5642,#5643,#726,.F.);
#4391=EDGE_CURVE('',#5642,#5640,#727,.F.);
#4392=EDGE_CURVE('',#5641,#5643,#728,.T.);
#4393=EDGE_CURVE('',#5644,#5645,#729,.F.);
#4394=EDGE_CURVE('',#5644,#5642,#6240,.T.);
#4395=EDGE_CURVE('',#5643,#5645,#6241,.T.);
#4396=EDGE_CURVE('',#5646,#5647,#730,.F.);
#4397=EDGE_CURVE('',#5646,#5644,#731,.F.);
#4398=EDGE_CURVE('',#5645,#5647,#732,.T.);
#4399=EDGE_CURVE('',#5648,#5649,#733,.F.);
#4400=EDGE_CURVE('',#5648,#5646,#6242,.T.);
#4401=EDGE_CURVE('',#5647,#5649,#6243,.T.);
#4402=EDGE_CURVE('',#5650,#5651,#734,.F.);
#4403=EDGE_CURVE('',#5650,#5648,#735,.T.);
#4404=EDGE_CURVE('',#5649,#5651,#736,.F.);
#4405=EDGE_CURVE('',#5638,#5650,#6244,.T.);
#4406=EDGE_CURVE('',#5651,#5639,#6245,.T.);
#4407=EDGE_CURVE('',#5652,#5653,#737,.F.);
#4408=EDGE_CURVE('',#5652,#5654,#738,.T.);
#4409=EDGE_CURVE('',#5654,#5655,#739,.F.);
#4410=EDGE_CURVE('',#5655,#5653,#740,.F.);
#4411=EDGE_CURVE('',#5656,#5657,#741,.F.);
#4412=EDGE_CURVE('',#5656,#5652,#6246,.T.);
#4413=EDGE_CURVE('',#5653,#5657,#6247,.T.);
#4414=EDGE_CURVE('',#5658,#5659,#742,.F.);
#4415=EDGE_CURVE('',#5658,#5656,#743,.F.);
#4416=EDGE_CURVE('',#5657,#5659,#744,.T.);
#4417=EDGE_CURVE('',#5660,#5661,#745,.F.);
#4418=EDGE_CURVE('',#5660,#5658,#6248,.T.);
#4419=EDGE_CURVE('',#5659,#5661,#6249,.T.);
#4420=EDGE_CURVE('',#5662,#5663,#746,.F.);
#4421=EDGE_CURVE('',#5662,#5660,#747,.F.);
#4422=EDGE_CURVE('',#5661,#5663,#748,.T.);
#4423=EDGE_CURVE('',#5664,#5665,#749,.F.);
#4424=EDGE_CURVE('',#5664,#5662,#6250,.T.);
#4425=EDGE_CURVE('',#5663,#5665,#6251,.T.);
#4426=EDGE_CURVE('',#5666,#5667,#750,.F.);
#4427=EDGE_CURVE('',#5666,#5664,#751,.T.);
#4428=EDGE_CURVE('',#5665,#5667,#752,.F.);
#4429=EDGE_CURVE('',#5654,#5666,#6252,.T.);
#4430=EDGE_CURVE('',#5667,#5655,#6253,.T.);
#4431=EDGE_CURVE('',#5668,#5669,#753,.F.);
#4432=EDGE_CURVE('',#5668,#5670,#754,.T.);
#4433=EDGE_CURVE('',#5670,#5671,#755,.F.);
#4434=EDGE_CURVE('',#5671,#5669,#756,.F.);
#4435=EDGE_CURVE('',#5672,#5673,#757,.F.);
#4436=EDGE_CURVE('',#5672,#5668,#6254,.T.);
#4437=EDGE_CURVE('',#5669,#5673,#6255,.T.);
#4438=EDGE_CURVE('',#5674,#5675,#758,.F.);
#4439=EDGE_CURVE('',#5674,#5672,#759,.F.);
#4440=EDGE_CURVE('',#5673,#5675,#760,.T.);
#4441=EDGE_CURVE('',#5676,#5677,#761,.F.);
#4442=EDGE_CURVE('',#5676,#5674,#6256,.T.);
#4443=EDGE_CURVE('',#5675,#5677,#6257,.T.);
#4444=EDGE_CURVE('',#5678,#5679,#762,.F.);
#4445=EDGE_CURVE('',#5678,#5676,#763,.F.);
#4446=EDGE_CURVE('',#5677,#5679,#764,.T.);
#4447=EDGE_CURVE('',#5680,#5681,#765,.F.);
#4448=EDGE_CURVE('',#5680,#5678,#6258,.T.);
#4449=EDGE_CURVE('',#5679,#5681,#6259,.T.);
#4450=EDGE_CURVE('',#5682,#5683,#766,.F.);
#4451=EDGE_CURVE('',#5682,#5680,#767,.T.);
#4452=EDGE_CURVE('',#5681,#5683,#768,.F.);
#4453=EDGE_CURVE('',#5670,#5682,#6260,.T.);
#4454=EDGE_CURVE('',#5683,#5671,#6261,.T.);
#4455=EDGE_CURVE('',#5684,#5685,#769,.F.);
#4456=EDGE_CURVE('',#5684,#5686,#770,.T.);
#4457=EDGE_CURVE('',#5686,#5687,#771,.F.);
#4458=EDGE_CURVE('',#5687,#5685,#772,.F.);
#4459=EDGE_CURVE('',#5688,#5689,#773,.F.);
#4460=EDGE_CURVE('',#5688,#5684,#6262,.T.);
#4461=EDGE_CURVE('',#5685,#5689,#6263,.T.);
#4462=EDGE_CURVE('',#5690,#5691,#774,.F.);
#4463=EDGE_CURVE('',#5690,#5688,#775,.F.);
#4464=EDGE_CURVE('',#5689,#5691,#776,.T.);
#4465=EDGE_CURVE('',#5692,#5693,#777,.F.);
#4466=EDGE_CURVE('',#5692,#5690,#6264,.T.);
#4467=EDGE_CURVE('',#5691,#5693,#6265,.T.);
#4468=EDGE_CURVE('',#5694,#5695,#778,.F.);
#4469=EDGE_CURVE('',#5694,#5692,#779,.F.);
#4470=EDGE_CURVE('',#5693,#5695,#780,.T.);
#4471=EDGE_CURVE('',#5696,#5697,#781,.F.);
#4472=EDGE_CURVE('',#5696,#5694,#6266,.T.);
#4473=EDGE_CURVE('',#5695,#5697,#6267,.T.);
#4474=EDGE_CURVE('',#5698,#5699,#782,.F.);
#4475=EDGE_CURVE('',#5698,#5696,#783,.T.);
#4476=EDGE_CURVE('',#5697,#5699,#784,.F.);
#4477=EDGE_CURVE('',#5686,#5698,#6268,.T.);
#4478=EDGE_CURVE('',#5699,#5687,#6269,.T.);
#4479=EDGE_CURVE('',#5700,#5701,#785,.F.);
#4480=EDGE_CURVE('',#5700,#5702,#786,.T.);
#4481=EDGE_CURVE('',#5702,#5703,#787,.F.);
#4482=EDGE_CURVE('',#5703,#5701,#788,.F.);
#4483=EDGE_CURVE('',#5704,#5705,#789,.F.);
#4484=EDGE_CURVE('',#5704,#5700,#6270,.T.);
#4485=EDGE_CURVE('',#5701,#5705,#6271,.T.);
#4486=EDGE_CURVE('',#5706,#5707,#790,.F.);
#4487=EDGE_CURVE('',#5706,#5704,#791,.F.);
#4488=EDGE_CURVE('',#5705,#5707,#792,.T.);
#4489=EDGE_CURVE('',#5708,#5709,#793,.F.);
#4490=EDGE_CURVE('',#5708,#5706,#6272,.T.);
#4491=EDGE_CURVE('',#5707,#5709,#6273,.T.);
#4492=EDGE_CURVE('',#5710,#5711,#794,.F.);
#4493=EDGE_CURVE('',#5710,#5708,#795,.F.);
#4494=EDGE_CURVE('',#5709,#5711,#796,.T.);
#4495=EDGE_CURVE('',#5712,#5713,#797,.F.);
#4496=EDGE_CURVE('',#5712,#5710,#6274,.T.);
#4497=EDGE_CURVE('',#5711,#5713,#6275,.T.);
#4498=EDGE_CURVE('',#5714,#5715,#798,.F.);
#4499=EDGE_CURVE('',#5714,#5712,#799,.T.);
#4500=EDGE_CURVE('',#5713,#5715,#800,.F.);
#4501=EDGE_CURVE('',#5702,#5714,#6276,.T.);
#4502=EDGE_CURVE('',#5715,#5703,#6277,.T.);
#4503=EDGE_CURVE('',#5716,#5717,#801,.F.);
#4504=EDGE_CURVE('',#5716,#5718,#802,.T.);
#4505=EDGE_CURVE('',#5718,#5719,#803,.F.);
#4506=EDGE_CURVE('',#5719,#5717,#804,.F.);
#4507=EDGE_CURVE('',#5720,#5721,#805,.F.);
#4508=EDGE_CURVE('',#5720,#5716,#6278,.T.);
#4509=EDGE_CURVE('',#5717,#5721,#6279,.T.);
#4510=EDGE_CURVE('',#5722,#5723,#806,.F.);
#4511=EDGE_CURVE('',#5722,#5720,#807,.F.);
#4512=EDGE_CURVE('',#5721,#5723,#808,.T.);
#4513=EDGE_CURVE('',#5724,#5725,#809,.F.);
#4514=EDGE_CURVE('',#5724,#5722,#6280,.T.);
#4515=EDGE_CURVE('',#5723,#5725,#6281,.T.);
#4516=EDGE_CURVE('',#5726,#5727,#810,.F.);
#4517=EDGE_CURVE('',#5726,#5724,#811,.F.);
#4518=EDGE_CURVE('',#5725,#5727,#812,.T.);
#4519=EDGE_CURVE('',#5728,#5729,#813,.F.);
#4520=EDGE_CURVE('',#5728,#5726,#6282,.T.);
#4521=EDGE_CURVE('',#5727,#5729,#6283,.T.);
#4522=EDGE_CURVE('',#5730,#5731,#814,.F.);
#4523=EDGE_CURVE('',#5730,#5728,#815,.T.);
#4524=EDGE_CURVE('',#5729,#5731,#816,.F.);
#4525=EDGE_CURVE('',#5718,#5730,#6284,.T.);
#4526=EDGE_CURVE('',#5731,#5719,#6285,.T.);
#4527=EDGE_CURVE('',#5732,#5733,#817,.F.);
#4528=EDGE_CURVE('',#5732,#5734,#818,.T.);
#4529=EDGE_CURVE('',#5734,#5735,#819,.F.);
#4530=EDGE_CURVE('',#5735,#5733,#820,.F.);
#4531=EDGE_CURVE('',#5736,#5737,#821,.F.);
#4532=EDGE_CURVE('',#5736,#5732,#6286,.T.);
#4533=EDGE_CURVE('',#5733,#5737,#6287,.T.);
#4534=EDGE_CURVE('',#5738,#5739,#822,.F.);
#4535=EDGE_CURVE('',#5738,#5736,#823,.F.);
#4536=EDGE_CURVE('',#5737,#5739,#824,.T.);
#4537=EDGE_CURVE('',#5740,#5741,#825,.F.);
#4538=EDGE_CURVE('',#5740,#5738,#6288,.T.);
#4539=EDGE_CURVE('',#5739,#5741,#6289,.T.);
#4540=EDGE_CURVE('',#5742,#5743,#826,.F.);
#4541=EDGE_CURVE('',#5742,#5740,#827,.F.);
#4542=EDGE_CURVE('',#5741,#5743,#828,.T.);
#4543=EDGE_CURVE('',#5744,#5745,#829,.F.);
#4544=EDGE_CURVE('',#5744,#5742,#6290,.T.);
#4545=EDGE_CURVE('',#5743,#5745,#6291,.T.);
#4546=EDGE_CURVE('',#5746,#5747,#830,.F.);
#4547=EDGE_CURVE('',#5746,#5744,#831,.T.);
#4548=EDGE_CURVE('',#5745,#5747,#832,.F.);
#4549=EDGE_CURVE('',#5734,#5746,#6292,.T.);
#4550=EDGE_CURVE('',#5747,#5735,#6293,.T.);
#4551=EDGE_CURVE('',#5748,#5749,#833,.F.);
#4552=EDGE_CURVE('',#5748,#5750,#834,.T.);
#4553=EDGE_CURVE('',#5750,#5751,#835,.F.);
#4554=EDGE_CURVE('',#5751,#5749,#836,.F.);
#4555=EDGE_CURVE('',#5752,#5753,#837,.F.);
#4556=EDGE_CURVE('',#5752,#5748,#6294,.T.);
#4557=EDGE_CURVE('',#5749,#5753,#6295,.T.);
#4558=EDGE_CURVE('',#5754,#5755,#838,.F.);
#4559=EDGE_CURVE('',#5754,#5752,#839,.F.);
#4560=EDGE_CURVE('',#5753,#5755,#840,.T.);
#4561=EDGE_CURVE('',#5756,#5757,#841,.F.);
#4562=EDGE_CURVE('',#5756,#5754,#6296,.T.);
#4563=EDGE_CURVE('',#5755,#5757,#6297,.T.);
#4564=EDGE_CURVE('',#5758,#5759,#842,.F.);
#4565=EDGE_CURVE('',#5758,#5756,#843,.F.);
#4566=EDGE_CURVE('',#5757,#5759,#844,.T.);
#4567=EDGE_CURVE('',#5760,#5761,#845,.F.);
#4568=EDGE_CURVE('',#5760,#5758,#6298,.T.);
#4569=EDGE_CURVE('',#5759,#5761,#6299,.T.);
#4570=EDGE_CURVE('',#5762,#5763,#846,.F.);
#4571=EDGE_CURVE('',#5762,#5760,#847,.T.);
#4572=EDGE_CURVE('',#5761,#5763,#848,.F.);
#4573=EDGE_CURVE('',#5750,#5762,#6300,.T.);
#4574=EDGE_CURVE('',#5763,#5751,#6301,.T.);
#4575=EDGE_CURVE('',#5764,#5765,#849,.F.);
#4576=EDGE_CURVE('',#5764,#5766,#850,.T.);
#4577=EDGE_CURVE('',#5766,#5767,#851,.F.);
#4578=EDGE_CURVE('',#5767,#5765,#852,.F.);
#4579=EDGE_CURVE('',#5768,#5769,#853,.F.);
#4580=EDGE_CURVE('',#5768,#5764,#6302,.T.);
#4581=EDGE_CURVE('',#5765,#5769,#6303,.T.);
#4582=EDGE_CURVE('',#5770,#5771,#854,.F.);
#4583=EDGE_CURVE('',#5770,#5768,#855,.F.);
#4584=EDGE_CURVE('',#5769,#5771,#856,.T.);
#4585=EDGE_CURVE('',#5772,#5773,#857,.F.);
#4586=EDGE_CURVE('',#5772,#5770,#6304,.T.);
#4587=EDGE_CURVE('',#5771,#5773,#6305,.T.);
#4588=EDGE_CURVE('',#5774,#5775,#858,.F.);
#4589=EDGE_CURVE('',#5774,#5772,#859,.F.);
#4590=EDGE_CURVE('',#5773,#5775,#860,.T.);
#4591=EDGE_CURVE('',#5776,#5777,#861,.F.);
#4592=EDGE_CURVE('',#5776,#5774,#6306,.T.);
#4593=EDGE_CURVE('',#5775,#5777,#6307,.T.);
#4594=EDGE_CURVE('',#5778,#5779,#862,.F.);
#4595=EDGE_CURVE('',#5778,#5776,#863,.T.);
#4596=EDGE_CURVE('',#5777,#5779,#864,.F.);
#4597=EDGE_CURVE('',#5766,#5778,#6308,.T.);
#4598=EDGE_CURVE('',#5779,#5767,#6309,.T.);
#4599=EDGE_CURVE('',#5780,#5781,#865,.F.);
#4600=EDGE_CURVE('',#5780,#5782,#866,.T.);
#4601=EDGE_CURVE('',#5782,#5783,#867,.F.);
#4602=EDGE_CURVE('',#5783,#5781,#868,.F.);
#4603=EDGE_CURVE('',#5784,#5785,#869,.F.);
#4604=EDGE_CURVE('',#5784,#5780,#6310,.T.);
#4605=EDGE_CURVE('',#5781,#5785,#6311,.T.);
#4606=EDGE_CURVE('',#5786,#5787,#870,.F.);
#4607=EDGE_CURVE('',#5786,#5784,#871,.F.);
#4608=EDGE_CURVE('',#5785,#5787,#872,.T.);
#4609=EDGE_CURVE('',#5788,#5789,#873,.F.);
#4610=EDGE_CURVE('',#5788,#5786,#6312,.T.);
#4611=EDGE_CURVE('',#5787,#5789,#6313,.T.);
#4612=EDGE_CURVE('',#5790,#5791,#874,.F.);
#4613=EDGE_CURVE('',#5790,#5788,#875,.F.);
#4614=EDGE_CURVE('',#5789,#5791,#876,.T.);
#4615=EDGE_CURVE('',#5792,#5793,#877,.F.);
#4616=EDGE_CURVE('',#5792,#5790,#6314,.T.);
#4617=EDGE_CURVE('',#5791,#5793,#6315,.T.);
#4618=EDGE_CURVE('',#5794,#5795,#878,.F.);
#4619=EDGE_CURVE('',#5794,#5792,#879,.T.);
#4620=EDGE_CURVE('',#5793,#5795,#880,.F.);
#4621=EDGE_CURVE('',#5782,#5794,#6316,.T.);
#4622=EDGE_CURVE('',#5795,#5783,#6317,.T.);
#4623=EDGE_CURVE('',#5796,#5797,#881,.F.);
#4624=EDGE_CURVE('',#5796,#5798,#882,.T.);
#4625=EDGE_CURVE('',#5798,#5799,#883,.F.);
#4626=EDGE_CURVE('',#5799,#5797,#884,.F.);
#4627=EDGE_CURVE('',#5800,#5801,#885,.F.);
#4628=EDGE_CURVE('',#5800,#5796,#6318,.T.);
#4629=EDGE_CURVE('',#5797,#5801,#6319,.T.);
#4630=EDGE_CURVE('',#5802,#5803,#886,.F.);
#4631=EDGE_CURVE('',#5802,#5800,#887,.F.);
#4632=EDGE_CURVE('',#5801,#5803,#888,.T.);
#4633=EDGE_CURVE('',#5804,#5805,#889,.F.);
#4634=EDGE_CURVE('',#5804,#5802,#6320,.T.);
#4635=EDGE_CURVE('',#5803,#5805,#6321,.T.);
#4636=EDGE_CURVE('',#5806,#5807,#890,.F.);
#4637=EDGE_CURVE('',#5806,#5804,#891,.F.);
#4638=EDGE_CURVE('',#5805,#5807,#892,.T.);
#4639=EDGE_CURVE('',#5808,#5809,#893,.F.);
#4640=EDGE_CURVE('',#5808,#5806,#6322,.T.);
#4641=EDGE_CURVE('',#5807,#5809,#6323,.T.);
#4642=EDGE_CURVE('',#5810,#5811,#894,.F.);
#4643=EDGE_CURVE('',#5810,#5808,#895,.T.);
#4644=EDGE_CURVE('',#5809,#5811,#896,.F.);
#4645=EDGE_CURVE('',#5798,#5810,#6324,.T.);
#4646=EDGE_CURVE('',#5811,#5799,#6325,.T.);
#4647=EDGE_CURVE('',#5812,#5813,#897,.F.);
#4648=EDGE_CURVE('',#5812,#5814,#898,.T.);
#4649=EDGE_CURVE('',#5814,#5815,#899,.F.);
#4650=EDGE_CURVE('',#5815,#5813,#900,.F.);
#4651=EDGE_CURVE('',#5816,#5817,#901,.F.);
#4652=EDGE_CURVE('',#5816,#5812,#6326,.T.);
#4653=EDGE_CURVE('',#5813,#5817,#6327,.T.);
#4654=EDGE_CURVE('',#5818,#5819,#902,.F.);
#4655=EDGE_CURVE('',#5818,#5816,#903,.F.);
#4656=EDGE_CURVE('',#5817,#5819,#904,.T.);
#4657=EDGE_CURVE('',#5820,#5821,#905,.F.);
#4658=EDGE_CURVE('',#5820,#5818,#6328,.T.);
#4659=EDGE_CURVE('',#5819,#5821,#6329,.T.);
#4660=EDGE_CURVE('',#5822,#5823,#906,.F.);
#4661=EDGE_CURVE('',#5822,#5820,#907,.F.);
#4662=EDGE_CURVE('',#5821,#5823,#908,.T.);
#4663=EDGE_CURVE('',#5824,#5825,#909,.F.);
#4664=EDGE_CURVE('',#5824,#5822,#6330,.T.);
#4665=EDGE_CURVE('',#5823,#5825,#6331,.T.);
#4666=EDGE_CURVE('',#5826,#5827,#910,.F.);
#4667=EDGE_CURVE('',#5826,#5824,#911,.T.);
#4668=EDGE_CURVE('',#5825,#5827,#912,.F.);
#4669=EDGE_CURVE('',#5814,#5826,#6332,.T.);
#4670=EDGE_CURVE('',#5827,#5815,#6333,.T.);
#4671=EDGE_CURVE('',#5828,#5829,#913,.F.);
#4672=EDGE_CURVE('',#5828,#5830,#914,.T.);
#4673=EDGE_CURVE('',#5830,#5831,#915,.F.);
#4674=EDGE_CURVE('',#5831,#5829,#916,.F.);
#4675=EDGE_CURVE('',#5832,#5833,#917,.F.);
#4676=EDGE_CURVE('',#5832,#5828,#6334,.T.);
#4677=EDGE_CURVE('',#5829,#5833,#6335,.T.);
#4678=EDGE_CURVE('',#5834,#5835,#918,.F.);
#4679=EDGE_CURVE('',#5834,#5832,#919,.F.);
#4680=EDGE_CURVE('',#5833,#5835,#920,.T.);
#4681=EDGE_CURVE('',#5836,#5837,#921,.F.);
#4682=EDGE_CURVE('',#5836,#5834,#6336,.T.);
#4683=EDGE_CURVE('',#5835,#5837,#6337,.T.);
#4684=EDGE_CURVE('',#5838,#5839,#922,.F.);
#4685=EDGE_CURVE('',#5838,#5836,#923,.F.);
#4686=EDGE_CURVE('',#5837,#5839,#924,.T.);
#4687=EDGE_CURVE('',#5840,#5841,#925,.F.);
#4688=EDGE_CURVE('',#5840,#5838,#6338,.T.);
#4689=EDGE_CURVE('',#5839,#5841,#6339,.T.);
#4690=EDGE_CURVE('',#5842,#5843,#926,.F.);
#4691=EDGE_CURVE('',#5842,#5840,#927,.T.);
#4692=EDGE_CURVE('',#5841,#5843,#928,.F.);
#4693=EDGE_CURVE('',#5830,#5842,#6340,.T.);
#4694=EDGE_CURVE('',#5843,#5831,#6341,.T.);
#4695=EDGE_CURVE('',#5844,#5845,#929,.F.);
#4696=EDGE_CURVE('',#5844,#5846,#930,.T.);
#4697=EDGE_CURVE('',#5846,#5847,#931,.F.);
#4698=EDGE_CURVE('',#5847,#5845,#932,.F.);
#4699=EDGE_CURVE('',#5848,#5849,#933,.F.);
#4700=EDGE_CURVE('',#5848,#5844,#6342,.T.);
#4701=EDGE_CURVE('',#5845,#5849,#6343,.T.);
#4702=EDGE_CURVE('',#5850,#5851,#934,.F.);
#4703=EDGE_CURVE('',#5850,#5848,#935,.F.);
#4704=EDGE_CURVE('',#5849,#5851,#936,.T.);
#4705=EDGE_CURVE('',#5852,#5853,#937,.F.);
#4706=EDGE_CURVE('',#5852,#5850,#6344,.T.);
#4707=EDGE_CURVE('',#5851,#5853,#6345,.T.);
#4708=EDGE_CURVE('',#5854,#5855,#938,.F.);
#4709=EDGE_CURVE('',#5854,#5852,#939,.F.);
#4710=EDGE_CURVE('',#5853,#5855,#940,.T.);
#4711=EDGE_CURVE('',#5856,#5857,#941,.F.);
#4712=EDGE_CURVE('',#5856,#5854,#6346,.T.);
#4713=EDGE_CURVE('',#5855,#5857,#6347,.T.);
#4714=EDGE_CURVE('',#5858,#5859,#942,.F.);
#4715=EDGE_CURVE('',#5858,#5856,#943,.T.);
#4716=EDGE_CURVE('',#5857,#5859,#944,.F.);
#4717=EDGE_CURVE('',#5846,#5858,#6348,.T.);
#4718=EDGE_CURVE('',#5859,#5847,#6349,.T.);
#4719=EDGE_CURVE('',#5860,#5861,#945,.F.);
#4720=EDGE_CURVE('',#5860,#5862,#946,.T.);
#4721=EDGE_CURVE('',#5862,#5863,#947,.F.);
#4722=EDGE_CURVE('',#5863,#5861,#948,.F.);
#4723=EDGE_CURVE('',#5864,#5865,#949,.F.);
#4724=EDGE_CURVE('',#5864,#5860,#6350,.T.);
#4725=EDGE_CURVE('',#5861,#5865,#6351,.T.);
#4726=EDGE_CURVE('',#5866,#5867,#950,.F.);
#4727=EDGE_CURVE('',#5866,#5864,#951,.F.);
#4728=EDGE_CURVE('',#5865,#5867,#952,.T.);
#4729=EDGE_CURVE('',#5868,#5869,#953,.F.);
#4730=EDGE_CURVE('',#5868,#5866,#6352,.T.);
#4731=EDGE_CURVE('',#5867,#5869,#6353,.T.);
#4732=EDGE_CURVE('',#5870,#5871,#954,.F.);
#4733=EDGE_CURVE('',#5870,#5868,#955,.F.);
#4734=EDGE_CURVE('',#5869,#5871,#956,.T.);
#4735=EDGE_CURVE('',#5872,#5873,#957,.F.);
#4736=EDGE_CURVE('',#5872,#5870,#6354,.T.);
#4737=EDGE_CURVE('',#5871,#5873,#6355,.T.);
#4738=EDGE_CURVE('',#5874,#5875,#958,.F.);
#4739=EDGE_CURVE('',#5874,#5872,#959,.T.);
#4740=EDGE_CURVE('',#5873,#5875,#960,.F.);
#4741=EDGE_CURVE('',#5862,#5874,#6356,.T.);
#4742=EDGE_CURVE('',#5875,#5863,#6357,.T.);
#4743=EDGE_CURVE('',#5876,#5877,#961,.F.);
#4744=EDGE_CURVE('',#5876,#5878,#962,.T.);
#4745=EDGE_CURVE('',#5878,#5879,#963,.F.);
#4746=EDGE_CURVE('',#5879,#5877,#964,.F.);
#4747=EDGE_CURVE('',#5880,#5881,#965,.F.);
#4748=EDGE_CURVE('',#5880,#5876,#6358,.T.);
#4749=EDGE_CURVE('',#5877,#5881,#6359,.T.);
#4750=EDGE_CURVE('',#5882,#5883,#966,.F.);
#4751=EDGE_CURVE('',#5882,#5880,#967,.F.);
#4752=EDGE_CURVE('',#5881,#5883,#968,.T.);
#4753=EDGE_CURVE('',#5884,#5885,#969,.F.);
#4754=EDGE_CURVE('',#5884,#5882,#6360,.T.);
#4755=EDGE_CURVE('',#5883,#5885,#6361,.T.);
#4756=EDGE_CURVE('',#5886,#5887,#970,.F.);
#4757=EDGE_CURVE('',#5886,#5884,#971,.F.);
#4758=EDGE_CURVE('',#5885,#5887,#972,.T.);
#4759=EDGE_CURVE('',#5888,#5889,#973,.F.);
#4760=EDGE_CURVE('',#5888,#5886,#6362,.T.);
#4761=EDGE_CURVE('',#5887,#5889,#6363,.T.);
#4762=EDGE_CURVE('',#5890,#5891,#974,.F.);
#4763=EDGE_CURVE('',#5890,#5888,#975,.T.);
#4764=EDGE_CURVE('',#5889,#5891,#976,.F.);
#4765=EDGE_CURVE('',#5878,#5890,#6364,.T.);
#4766=EDGE_CURVE('',#5891,#5879,#6365,.T.);
#4767=EDGE_CURVE('',#5892,#5893,#977,.F.);
#4768=EDGE_CURVE('',#5892,#5894,#978,.T.);
#4769=EDGE_CURVE('',#5894,#5895,#979,.F.);
#4770=EDGE_CURVE('',#5895,#5893,#980,.F.);
#4771=EDGE_CURVE('',#5896,#5897,#981,.F.);
#4772=EDGE_CURVE('',#5896,#5892,#6366,.T.);
#4773=EDGE_CURVE('',#5893,#5897,#6367,.T.);
#4774=EDGE_CURVE('',#5898,#5899,#982,.F.);
#4775=EDGE_CURVE('',#5898,#5896,#983,.F.);
#4776=EDGE_CURVE('',#5897,#5899,#984,.T.);
#4777=EDGE_CURVE('',#5900,#5901,#985,.F.);
#4778=EDGE_CURVE('',#5900,#5898,#6368,.T.);
#4779=EDGE_CURVE('',#5899,#5901,#6369,.T.);
#4780=EDGE_CURVE('',#5902,#5903,#986,.F.);
#4781=EDGE_CURVE('',#5902,#5900,#987,.F.);
#4782=EDGE_CURVE('',#5901,#5903,#988,.T.);
#4783=EDGE_CURVE('',#5904,#5905,#989,.F.);
#4784=EDGE_CURVE('',#5904,#5902,#6370,.T.);
#4785=EDGE_CURVE('',#5903,#5905,#6371,.T.);
#4786=EDGE_CURVE('',#5906,#5907,#990,.F.);
#4787=EDGE_CURVE('',#5906,#5904,#991,.T.);
#4788=EDGE_CURVE('',#5905,#5907,#992,.F.);
#4789=EDGE_CURVE('',#5894,#5906,#6372,.T.);
#4790=EDGE_CURVE('',#5907,#5895,#6373,.T.);
#4791=EDGE_CURVE('',#5908,#5909,#993,.F.);
#4792=EDGE_CURVE('',#5908,#5910,#994,.T.);
#4793=EDGE_CURVE('',#5910,#5911,#995,.F.);
#4794=EDGE_CURVE('',#5911,#5909,#996,.F.);
#4795=EDGE_CURVE('',#5912,#5913,#997,.F.);
#4796=EDGE_CURVE('',#5912,#5908,#6374,.T.);
#4797=EDGE_CURVE('',#5909,#5913,#6375,.T.);
#4798=EDGE_CURVE('',#5914,#5915,#998,.F.);
#4799=EDGE_CURVE('',#5914,#5912,#999,.F.);
#4800=EDGE_CURVE('',#5913,#5915,#1000,.T.);
#4801=EDGE_CURVE('',#5916,#5917,#1001,.F.);
#4802=EDGE_CURVE('',#5916,#5914,#6376,.T.);
#4803=EDGE_CURVE('',#5915,#5917,#6377,.T.);
#4804=EDGE_CURVE('',#5918,#5919,#1002,.F.);
#4805=EDGE_CURVE('',#5918,#5916,#1003,.F.);
#4806=EDGE_CURVE('',#5917,#5919,#1004,.T.);
#4807=EDGE_CURVE('',#5920,#5921,#1005,.F.);
#4808=EDGE_CURVE('',#5920,#5918,#6378,.T.);
#4809=EDGE_CURVE('',#5919,#5921,#6379,.T.);
#4810=EDGE_CURVE('',#5922,#5923,#1006,.F.);
#4811=EDGE_CURVE('',#5922,#5920,#1007,.T.);
#4812=EDGE_CURVE('',#5921,#5923,#1008,.F.);
#4813=EDGE_CURVE('',#5910,#5922,#6380,.T.);
#4814=EDGE_CURVE('',#5923,#5911,#6381,.T.);
#4815=EDGE_CURVE('',#5806,#5289,#6382,.T.);
#4816=EDGE_CURVE('',#5290,#5808,#6383,.T.);
#4817=EDGE_CURVE('',#5291,#5810,#6384,.T.);
#4818=EDGE_CURVE('',#5804,#5288,#6385,.T.);
#4819=EDGE_CURVE('',#5284,#5798,#6386,.T.);
#4820=EDGE_CURVE('',#5802,#5287,#6387,.T.);
#4821=EDGE_CURVE('',#5285,#5796,#6388,.T.);
#4822=EDGE_CURVE('',#5800,#5286,#6389,.T.);
#4823=EDGE_CURVE('',#5491,#5924,#33,.F.);
#4824=EDGE_CURVE('',#5697,#5924,#6390,.T.);
#4825=EDGE_CURVE('',#5925,#5695,#6391,.T.);
#4826=EDGE_CURVE('',#5489,#5925,#34,.T.);
#4827=EDGE_CURVE('',#5924,#5926,#35,.T.);
#4828=EDGE_CURVE('',#5699,#5926,#6392,.T.);
#4829=EDGE_CURVE('',#5927,#5693,#6393,.T.);
#4830=EDGE_CURVE('',#5925,#5927,#12,.F.);
#4831=EDGE_CURVE('',#5928,#5667,#6394,.T.);
#4832=EDGE_CURVE('',#5928,#5490,#36,.T.);
#4833=EDGE_CURVE('',#5655,#5925,#6395,.T.);
#4834=EDGE_CURVE('',#5926,#5493,#37,.T.);
#4835=EDGE_CURVE('',#5929,#5492,#38,.F.);
#4836=EDGE_CURVE('',#5687,#5929,#6396,.T.);
#4837=EDGE_CURVE('',#5572,#5691,#6397,.T.);
#4838=EDGE_CURVE('',#5927,#5571,#39,.F.);
#4839=EDGE_CURVE('',#5653,#5927,#6398,.T.);
#4840=EDGE_CURVE('',#5930,#5665,#6399,.T.);
#4841=EDGE_CURVE('',#5930,#5928,#40,.T.);
#4842=EDGE_CURVE('',#5494,#5931,#41,.F.);
#4843=EDGE_CURVE('',#5777,#5931,#6400,.T.);
#4844=EDGE_CURVE('',#5929,#5775,#6401,.T.);
#4845=EDGE_CURVE('',#5932,#5929,#13,.T.);
#4846=EDGE_CURVE('',#5685,#5932,#6402,.T.);
#4847=EDGE_CURVE('',#5573,#5689,#6403,.T.);
#4848=EDGE_CURVE('',#5657,#5570,#6404,.T.);
#4849=EDGE_CURVE('',#5488,#5930,#42,.F.);
#4850=EDGE_CURVE('',#5933,#5663,#6405,.T.);
#4851=EDGE_CURVE('',#5486,#5933,#43,.T.);
#4852=EDGE_CURVE('',#5931,#5934,#44,.T.);
#4853=EDGE_CURVE('',#5779,#5934,#6406,.T.);
#4854=EDGE_CURVE('',#5932,#5773,#6407,.T.);
#4855=EDGE_CURVE('',#5574,#5932,#45,.T.);
#4856=EDGE_CURVE('',#5659,#5569,#6408,.T.);
#4857=EDGE_CURVE('',#5935,#5661,#6409,.T.);
#4858=EDGE_CURVE('',#5933,#5935,#14,.F.);
#4859=EDGE_CURVE('',#5936,#5683,#6410,.T.);
#4860=EDGE_CURVE('',#5936,#5487,#46,.T.);
#4861=EDGE_CURVE('',#5671,#5933,#6411,.T.);
#4862=EDGE_CURVE('',#5934,#5496,#47,.T.);
#4863=EDGE_CURVE('',#5937,#5495,#48,.F.);
#4864=EDGE_CURVE('',#5767,#5937,#6412,.T.);
#4865=EDGE_CURVE('',#5575,#5771,#6413,.T.);
#4866=EDGE_CURVE('',#5935,#5568,#49,.F.);
#4867=EDGE_CURVE('',#5669,#5935,#6414,.T.);
#4868=EDGE_CURVE('',#5938,#5681,#6415,.T.);
#4869=EDGE_CURVE('',#5938,#5936,#50,.T.);
#4870=EDGE_CURVE('',#5497,#5939,#51,.F.);
#4871=EDGE_CURVE('',#5793,#5939,#6416,.T.);
#4872=EDGE_CURVE('',#5937,#5791,#6417,.T.);
#4873=EDGE_CURVE('',#5940,#5937,#15,.T.);
#4874=EDGE_CURVE('',#5765,#5940,#6418,.T.);
#4875=EDGE_CURVE('',#5576,#5769,#6419,.T.);
#4876=EDGE_CURVE('',#5673,#5567,#6420,.T.);
#4877=EDGE_CURVE('',#5485,#5938,#52,.F.);
#4878=EDGE_CURVE('',#5941,#5679,#6421,.T.);
#4879=EDGE_CURVE('',#5483,#5941,#53,.T.);
#4880=EDGE_CURVE('',#5939,#5942,#54,.T.);
#4881=EDGE_CURVE('',#5795,#5942,#6422,.T.);
#4882=EDGE_CURVE('',#5940,#5789,#6423,.T.);
#4883=EDGE_CURVE('',#5514,#5940,#55,.T.);
#4884=EDGE_CURVE('',#5675,#5566,#6424,.T.);
#4885=EDGE_CURVE('',#5943,#5677,#6425,.T.);
#4886=EDGE_CURVE('',#5941,#5943,#16,.F.);
#4887=EDGE_CURVE('',#5944,#5731,#6426,.T.);
#4888=EDGE_CURVE('',#5944,#5484,#56,.T.);
#4889=EDGE_CURVE('',#5719,#5941,#6427,.T.);
#4890=EDGE_CURVE('',#5942,#5499,#57,.T.);
#4891=EDGE_CURVE('',#5945,#5498,#58,.F.);
#4892=EDGE_CURVE('',#5783,#5945,#6428,.T.);
#4893=EDGE_CURVE('',#5515,#5787,#6429,.T.);
#4894=EDGE_CURVE('',#5943,#5565,#59,.F.);
#4895=EDGE_CURVE('',#5717,#5943,#6430,.T.);
#4896=EDGE_CURVE('',#5946,#5729,#6431,.T.);
#4897=EDGE_CURVE('',#5946,#5944,#60,.T.);
#4898=EDGE_CURVE('',#5500,#5947,#61,.F.);
#4899=EDGE_CURVE('',#5745,#5947,#6432,.T.);
#4900=EDGE_CURVE('',#5945,#5743,#6433,.T.);
#4901=EDGE_CURVE('',#5948,#5945,#17,.T.);
#4902=EDGE_CURVE('',#5781,#5948,#6434,.T.);
#4903=EDGE_CURVE('',#5516,#5785,#6435,.T.);
#4904=EDGE_CURVE('',#5721,#5564,#6436,.T.);
#4905=EDGE_CURVE('',#5482,#5946,#62,.F.);
#4906=EDGE_CURVE('',#5949,#5727,#6437,.T.);
#4907=EDGE_CURVE('',#5480,#5949,#63,.T.);
#4908=EDGE_CURVE('',#5947,#5950,#64,.T.);
#4909=EDGE_CURVE('',#5747,#5950,#6438,.T.);
#4910=EDGE_CURVE('',#5948,#5741,#6439,.T.);
#4911=EDGE_CURVE('',#5517,#5948,#65,.T.);
#4912=EDGE_CURVE('',#5723,#5563,#6440,.T.);
#4913=EDGE_CURVE('',#5951,#5725,#6441,.T.);
#4914=EDGE_CURVE('',#5949,#5951,#18,.F.);
#4915=EDGE_CURVE('',#5952,#5715,#6442,.T.);
#4916=EDGE_CURVE('',#5952,#5481,#66,.T.);
#4917=EDGE_CURVE('',#5703,#5949,#6443,.T.);
#4918=EDGE_CURVE('',#5950,#5502,#67,.T.);
#4919=EDGE_CURVE('',#5953,#5501,#68,.F.);
#4920=EDGE_CURVE('',#5735,#5953,#6444,.T.);
#4921=EDGE_CURVE('',#5518,#5739,#6445,.T.);
#4922=EDGE_CURVE('',#5951,#5562,#69,.F.);
#4923=EDGE_CURVE('',#5701,#5951,#6446,.T.);
#4924=EDGE_CURVE('',#5954,#5713,#6447,.T.);
#4925=EDGE_CURVE('',#5954,#5952,#70,.T.);
#4926=EDGE_CURVE('',#5503,#5955,#71,.F.);
#4927=EDGE_CURVE('',#5761,#5955,#6448,.T.);
#4928=EDGE_CURVE('',#5953,#5759,#6449,.T.);
#4929=EDGE_CURVE('',#5956,#5953,#19,.T.);
#4930=EDGE_CURVE('',#5733,#5956,#6450,.T.);
#4931=EDGE_CURVE('',#5519,#5737,#6451,.T.);
#4932=EDGE_CURVE('',#5705,#5561,#6452,.T.);
#4933=EDGE_CURVE('',#5479,#5954,#72,.F.);
#4934=EDGE_CURVE('',#5957,#5711,#6453,.T.);
#4935=EDGE_CURVE('',#5477,#5957,#73,.T.);
#4936=EDGE_CURVE('',#5955,#5958,#74,.T.);
#4937=EDGE_CURVE('',#5763,#5958,#6454,.T.);
#4938=EDGE_CURVE('',#5956,#5757,#6455,.T.);
#4939=EDGE_CURVE('',#5520,#5956,#75,.T.);
#4940=EDGE_CURVE('',#5707,#5560,#6456,.T.);
#4941=EDGE_CURVE('',#5959,#5709,#6457,.T.);
#4942=EDGE_CURVE('',#5957,#5959,#20,.F.);
#4943=EDGE_CURVE('',#5960,#5651,#6458,.T.);
#4944=EDGE_CURVE('',#5960,#5478,#76,.T.);
#4945=EDGE_CURVE('',#5639,#5957,#6459,.T.);
#4946=EDGE_CURVE('',#5958,#5505,#77,.T.);
#4947=EDGE_CURVE('',#5961,#5504,#78,.F.);
#4948=EDGE_CURVE('',#5751,#5961,#6460,.T.);
#4949=EDGE_CURVE('',#5521,#5755,#6461,.T.);
#4950=EDGE_CURVE('',#5959,#5559,#79,.F.);
#4951=EDGE_CURVE('',#5637,#5959,#6462,.T.);
#4952=EDGE_CURVE('',#5962,#5649,#6463,.T.);
#4953=EDGE_CURVE('',#5962,#5960,#80,.T.);
#4954=EDGE_CURVE('',#5506,#5963,#81,.F.);
#4955=EDGE_CURVE('',#5601,#5963,#6464,.T.);
#4956=EDGE_CURVE('',#5961,#5599,#6465,.T.);
#4957=EDGE_CURVE('',#5964,#5961,#21,.T.);
#4958=EDGE_CURVE('',#5749,#5964,#6466,.T.);
#4959=EDGE_CURVE('',#5522,#5753,#6467,.T.);
#4960=EDGE_CURVE('',#5641,#5558,#6468,.T.);
#4961=EDGE_CURVE('',#5476,#5962,#82,.F.);
#4962=EDGE_CURVE('',#5965,#5647,#6469,.T.);
#4963=EDGE_CURVE('',#5474,#5965,#83,.T.);
#4964=EDGE_CURVE('',#5963,#5966,#84,.T.);
#4965=EDGE_CURVE('',#5603,#5966,#6470,.T.);
#4966=EDGE_CURVE('',#5964,#5597,#6471,.T.);
#4967=EDGE_CURVE('',#5523,#5964,#85,.T.);
#4968=EDGE_CURVE('',#5643,#5557,#6472,.T.);
#4969=EDGE_CURVE('',#5967,#5645,#6473,.T.);
#4970=EDGE_CURVE('',#5965,#5967,#22,.F.);
#4971=EDGE_CURVE('',#5968,#5619,#6474,.T.);
#4972=EDGE_CURVE('',#5968,#5475,#86,.T.);
#4973=EDGE_CURVE('',#5607,#5965,#6475,.T.);
#4974=EDGE_CURVE('',#5966,#5508,#87,.T.);
#4975=EDGE_CURVE('',#5969,#5507,#88,.F.);
#4976=EDGE_CURVE('',#5591,#5969,#6476,.T.);
#4977=EDGE_CURVE('',#5524,#5595,#6477,.T.);
#4978=EDGE_CURVE('',#5967,#5556,#89,.F.);
#4979=EDGE_CURVE('',#5605,#5967,#6478,.T.);
#4980=EDGE_CURVE('',#5970,#5617,#6479,.T.);
#4981=EDGE_CURVE('',#5970,#5968,#90,.T.);
#4982=EDGE_CURVE('',#5509,#5971,#91,.F.);
#4983=EDGE_CURVE('',#5889,#5971,#6480,.T.);
#4984=EDGE_CURVE('',#5969,#5887,#6481,.T.);
#4985=EDGE_CURVE('',#5972,#5969,#23,.T.);
#4986=EDGE_CURVE('',#5589,#5972,#6482,.T.);
#4987=EDGE_CURVE('',#5525,#5593,#6483,.T.);
#4988=EDGE_CURVE('',#5609,#5555,#6484,.T.);
#4989=EDGE_CURVE('',#5473,#5970,#92,.F.);
#4990=EDGE_CURVE('',#5973,#5615,#6485,.T.);
#4991=EDGE_CURVE('',#5471,#5973,#93,.T.);
#4992=EDGE_CURVE('',#5971,#5974,#94,.T.);
#4993=EDGE_CURVE('',#5891,#5974,#6486,.T.);
#4994=EDGE_CURVE('',#5972,#5885,#6487,.T.);
#4995=EDGE_CURVE('',#5526,#5972,#95,.T.);
#4996=EDGE_CURVE('',#5611,#5554,#6488,.T.);
#4997=EDGE_CURVE('',#5975,#5613,#6489,.T.);
#4998=EDGE_CURVE('',#5973,#5975,#24,.F.);
#4999=EDGE_CURVE('',#5976,#5635,#6490,.T.);
#5000=EDGE_CURVE('',#5976,#5472,#96,.T.);
#5001=EDGE_CURVE('',#5623,#5973,#6491,.T.);
#5002=EDGE_CURVE('',#5974,#5511,#97,.T.);
#5003=EDGE_CURVE('',#5977,#5510,#98,.F.);
#5004=EDGE_CURVE('',#5879,#5977,#6492,.T.);
#5005=EDGE_CURVE('',#5527,#5883,#6493,.T.);
#5006=EDGE_CURVE('',#5975,#5553,#99,.F.);
#5007=EDGE_CURVE('',#5621,#5975,#6494,.T.);
#5008=EDGE_CURVE('',#5978,#5633,#6495,.T.);
#5009=EDGE_CURVE('',#5978,#5976,#100,.T.);
#5010=EDGE_CURVE('',#5512,#5979,#101,.F.);
#5011=EDGE_CURVE('',#5873,#5979,#6496,.T.);
#5012=EDGE_CURVE('',#5977,#5871,#6497,.T.);
#5013=EDGE_CURVE('',#5980,#5977,#25,.T.);
#5014=EDGE_CURVE('',#5877,#5980,#6498,.T.);
#5015=EDGE_CURVE('',#5528,#5881,#6499,.T.);
#5016=EDGE_CURVE('',#5625,#5552,#6500,.T.);
#5017=EDGE_CURVE('',#5470,#5978,#102,.F.);
#5018=EDGE_CURVE('',#5981,#5631,#6501,.T.);
#5019=EDGE_CURVE('',#5468,#5981,#103,.T.);
#5020=EDGE_CURVE('',#5979,#5982,#104,.T.);
#5021=EDGE_CURVE('',#5875,#5982,#6502,.T.);
#5022=EDGE_CURVE('',#5980,#5869,#6503,.T.);
#5023=EDGE_CURVE('',#5529,#5980,#105,.T.);
#5024=EDGE_CURVE('',#5627,#5551,#6504,.T.);
#5025=EDGE_CURVE('',#5983,#5629,#6505,.T.);
#5026=EDGE_CURVE('',#5981,#5983,#26,.F.);
#5027=EDGE_CURVE('',#5984,#5859,#6506,.T.);
#5028=EDGE_CURVE('',#5984,#5469,#106,.T.);
#5029=EDGE_CURVE('',#5847,#5981,#6507,.T.);
#5030=EDGE_CURVE('',#5982,#5578,#107,.T.);
#5031=EDGE_CURVE('',#5985,#5577,#108,.F.);
#5032=EDGE_CURVE('',#5863,#5985,#6508,.T.);
#5033=EDGE_CURVE('',#5530,#5867,#6509,.T.);
#5034=EDGE_CURVE('',#5983,#5550,#109,.F.);
#5035=EDGE_CURVE('',#5845,#5983,#6510,.T.);
#5036=EDGE_CURVE('',#5986,#5857,#6511,.T.);
#5037=EDGE_CURVE('',#5986,#5984,#110,.T.);
#5038=EDGE_CURVE('',#5579,#5987,#111,.F.);
#5039=EDGE_CURVE('',#5921,#5987,#6512,.T.);
#5040=EDGE_CURVE('',#5985,#5919,#6513,.T.);
#5041=EDGE_CURVE('',#5988,#5985,#27,.T.);
#5042=EDGE_CURVE('',#5861,#5988,#6514,.T.);
#5043=EDGE_CURVE('',#5531,#5865,#6515,.T.);
#5044=EDGE_CURVE('',#5849,#5549,#6516,.T.);
#5045=EDGE_CURVE('',#5467,#5986,#112,.F.);
#5046=EDGE_CURVE('',#5989,#5855,#6517,.T.);
#5047=EDGE_CURVE('',#5465,#5989,#113,.T.);
#5048=EDGE_CURVE('',#5987,#5990,#114,.T.);
#5049=EDGE_CURVE('',#5923,#5990,#6518,.T.);
#5050=EDGE_CURVE('',#5988,#5917,#6519,.T.);
#5051=EDGE_CURVE('',#5532,#5988,#115,.T.);
#5052=EDGE_CURVE('',#5851,#5548,#6520,.T.);
#5053=EDGE_CURVE('',#5991,#5853,#6521,.T.);
#5054=EDGE_CURVE('',#5989,#5991,#28,.F.);
#5055=EDGE_CURVE('',#5992,#5827,#6522,.T.);
#5056=EDGE_CURVE('',#5992,#5466,#116,.T.);
#5057=EDGE_CURVE('',#5815,#5989,#6523,.T.);
#5058=EDGE_CURVE('',#5990,#5454,#117,.T.);
#5059=EDGE_CURVE('',#5993,#5453,#118,.F.);
#5060=EDGE_CURVE('',#5911,#5993,#6524,.T.);
#5061=EDGE_CURVE('',#5533,#5915,#6525,.T.);
#5062=EDGE_CURVE('',#5991,#5547,#119,.F.);
#5063=EDGE_CURVE('',#5813,#5991,#6526,.T.);
#5064=EDGE_CURVE('',#5994,#5825,#6527,.T.);
#5065=EDGE_CURVE('',#5994,#5992,#120,.T.);
#5066=EDGE_CURVE('',#5455,#5995,#121,.F.);
#5067=EDGE_CURVE('',#5905,#5995,#6528,.T.);
#5068=EDGE_CURVE('',#5993,#5903,#6529,.T.);
#5069=EDGE_CURVE('',#5996,#5993,#29,.T.);
#5070=EDGE_CURVE('',#5909,#5996,#6530,.T.);
#5071=EDGE_CURVE('',#5534,#5913,#6531,.T.);
#5072=EDGE_CURVE('',#5817,#5546,#6532,.T.);
#5073=EDGE_CURVE('',#5464,#5994,#122,.F.);
#5074=EDGE_CURVE('',#5997,#5823,#6533,.T.);
#5075=EDGE_CURVE('',#5462,#5997,#123,.T.);
#5076=EDGE_CURVE('',#5995,#5998,#124,.T.);
#5077=EDGE_CURVE('',#5907,#5998,#6534,.T.);
#5078=EDGE_CURVE('',#5996,#5901,#6535,.T.);
#5079=EDGE_CURVE('',#5535,#5996,#125,.T.);
#5080=EDGE_CURVE('',#5819,#5545,#6536,.T.);
#5081=EDGE_CURVE('',#5999,#5821,#6537,.T.);
#5082=EDGE_CURVE('',#5997,#5999,#30,.F.);
#5083=EDGE_CURVE('',#6000,#5843,#6538,.T.);
#5084=EDGE_CURVE('',#6000,#5463,#126,.T.);
#5085=EDGE_CURVE('',#5831,#5997,#6539,.T.);
#5086=EDGE_CURVE('',#5998,#5457,#127,.T.);
#5087=EDGE_CURVE('',#6001,#5456,#128,.F.);
#5088=EDGE_CURVE('',#5895,#6001,#6540,.T.);
#5089=EDGE_CURVE('',#5536,#5899,#6541,.T.);
#5090=EDGE_CURVE('',#5999,#5544,#129,.F.);
#5091=EDGE_CURVE('',#5829,#5999,#6542,.T.);
#5092=EDGE_CURVE('',#6002,#5841,#6543,.T.);
#5093=EDGE_CURVE('',#6002,#6000,#130,.T.);
#5094=EDGE_CURVE('',#5458,#6003,#131,.F.);
#5095=EDGE_CURVE('',#5809,#6003,#6544,.T.);
#5096=EDGE_CURVE('',#6001,#5807,#6545,.T.);
#5097=EDGE_CURVE('',#6004,#6001,#31,.F.);
#5098=EDGE_CURVE('',#5893,#6004,#6546,.T.);
#5099=EDGE_CURVE('',#5537,#5897,#6547,.T.);
#5100=EDGE_CURVE('',#5833,#5543,#6548,.T.);
#5101=EDGE_CURVE('',#5461,#6002,#132,.F.);
#5102=EDGE_CURVE('',#6005,#5839,#6549,.T.);
#5103=EDGE_CURVE('',#5459,#6005,#133,.T.);
#5104=EDGE_CURVE('',#6003,#6006,#134,.T.);
#5105=EDGE_CURVE('',#5811,#6006,#6550,.T.);
#5106=EDGE_CURVE('',#6004,#5805,#6551,.T.);
#5107=EDGE_CURVE('',#5538,#6004,#135,.T.);
#5108=EDGE_CURVE('',#5835,#5542,#6552,.T.);
#5109=EDGE_CURVE('',#6007,#5837,#6553,.T.);
#5110=EDGE_CURVE('',#6005,#6007,#32,.F.);
#5111=EDGE_CURVE('',#6006,#5460,#136,.T.);
#5112=EDGE_CURVE('',#5799,#6005,#6554,.T.);
#5113=EDGE_CURVE('',#5539,#5803,#6555,.T.);
#5114=EDGE_CURVE('',#6007,#5541,#137,.F.);
#5115=EDGE_CURVE('',#5797,#6007,#6556,.T.);
#5116=EDGE_CURVE('',#5540,#5801,#6557,.T.);
#5117=EDGE_CURVE('',#5838,#5297,#6558,.T.);
#5118=EDGE_CURVE('',#5298,#5840,#6559,.T.);
#5119=EDGE_CURVE('',#5299,#5842,#6560,.T.);
#5120=EDGE_CURVE('',#5836,#5296,#6561,.T.);
#5121=EDGE_CURVE('',#5292,#5830,#6562,.T.);
#5122=EDGE_CURVE('',#5834,#5295,#6563,.T.);
#5123=EDGE_CURVE('',#5293,#5828,#6564,.T.);
#5124=EDGE_CURVE('',#5832,#5294,#6565,.T.);
#5125=EDGE_CURVE('',#5822,#5305,#6566,.T.);
#5126=EDGE_CURVE('',#5306,#5824,#6567,.T.);
#5127=EDGE_CURVE('',#5307,#5826,#6568,.T.);
#5128=EDGE_CURVE('',#5820,#5304,#6569,.T.);
#5129=EDGE_CURVE('',#5300,#5814,#6570,.T.);
#5130=EDGE_CURVE('',#5818,#5303,#6571,.T.);
#5131=EDGE_CURVE('',#5301,#5812,#6572,.T.);
#5132=EDGE_CURVE('',#5816,#5302,#6573,.T.);
#5133=EDGE_CURVE('',#5854,#5313,#6574,.T.);
#5134=EDGE_CURVE('',#5314,#5856,#6575,.T.);
#5135=EDGE_CURVE('',#5315,#5858,#6576,.T.);
#5136=EDGE_CURVE('',#5852,#5312,#6577,.T.);
#5137=EDGE_CURVE('',#5308,#5846,#6578,.T.);
#5138=EDGE_CURVE('',#5850,#5311,#6579,.T.);
#5139=EDGE_CURVE('',#5309,#5844,#6580,.T.);
#5140=EDGE_CURVE('',#5848,#5310,#6581,.T.);
#5141=EDGE_CURVE('',#5630,#5321,#6582,.T.);
#5142=EDGE_CURVE('',#5322,#5632,#6583,.T.);
#5143=EDGE_CURVE('',#5323,#5634,#6584,.T.);
#5144=EDGE_CURVE('',#5628,#5320,#6585,.T.);
#5145=EDGE_CURVE('',#5316,#5622,#6586,.T.);
#5146=EDGE_CURVE('',#5626,#5319,#6587,.T.);
#5147=EDGE_CURVE('',#5317,#5620,#6588,.T.);
#5148=EDGE_CURVE('',#5624,#5318,#6589,.T.);
#5149=EDGE_CURVE('',#5614,#5329,#6590,.T.);
#5150=EDGE_CURVE('',#5330,#5616,#6591,.T.);
#5151=EDGE_CURVE('',#5331,#5618,#6592,.T.);
#5152=EDGE_CURVE('',#5612,#5328,#6593,.T.);
#5153=EDGE_CURVE('',#5324,#5606,#6594,.T.);
#5154=EDGE_CURVE('',#5610,#5327,#6595,.T.);
#5155=EDGE_CURVE('',#5325,#5604,#6596,.T.);
#5156=EDGE_CURVE('',#5608,#5326,#6597,.T.);
#5157=EDGE_CURVE('',#5646,#5337,#6598,.T.);
#5158=EDGE_CURVE('',#5338,#5648,#6599,.T.);
#5159=EDGE_CURVE('',#5339,#5650,#6600,.T.);
#5160=EDGE_CURVE('',#5644,#5336,#6601,.T.);
#5161=EDGE_CURVE('',#5332,#5638,#6602,.T.);
#5162=EDGE_CURVE('',#5642,#5335,#6603,.T.);
#5163=EDGE_CURVE('',#5333,#5636,#6604,.T.);
#5164=EDGE_CURVE('',#5640,#5334,#6605,.T.);
#5165=EDGE_CURVE('',#5710,#5345,#6606,.T.);
#5166=EDGE_CURVE('',#5346,#5712,#6607,.T.);
#5167=EDGE_CURVE('',#5347,#5714,#6608,.T.);
#5168=EDGE_CURVE('',#5708,#5344,#6609,.T.);
#5169=EDGE_CURVE('',#5340,#5702,#6610,.T.);
#5170=EDGE_CURVE('',#5706,#5343,#6611,.T.);
#5171=EDGE_CURVE('',#5341,#5700,#6612,.T.);
#5172=EDGE_CURVE('',#5704,#5342,#6613,.T.);
#5173=EDGE_CURVE('',#5726,#5353,#6614,.T.);
#5174=EDGE_CURVE('',#5354,#5728,#6615,.T.);
#5175=EDGE_CURVE('',#5355,#5730,#6616,.T.);
#5176=EDGE_CURVE('',#5724,#5352,#6617,.T.);
#5177=EDGE_CURVE('',#5348,#5718,#6618,.T.);
#5178=EDGE_CURVE('',#5722,#5351,#6619,.T.);
#5179=EDGE_CURVE('',#5349,#5716,#6620,.T.);
#5180=EDGE_CURVE('',#5720,#5350,#6621,.T.);
#5181=EDGE_CURVE('',#5678,#5361,#6622,.T.);
#5182=EDGE_CURVE('',#5362,#5680,#6623,.T.);
#5183=EDGE_CURVE('',#5363,#5682,#6624,.T.);
#5184=EDGE_CURVE('',#5676,#5360,#6625,.T.);
#5185=EDGE_CURVE('',#5356,#5670,#6626,.T.);
#5186=EDGE_CURVE('',#5674,#5359,#6627,.T.);
#5187=EDGE_CURVE('',#5357,#5668,#6628,.T.);
#5188=EDGE_CURVE('',#5672,#5358,#6629,.T.);
#5189=EDGE_CURVE('',#5662,#5369,#6630,.T.);
#5190=EDGE_CURVE('',#5370,#5664,#6631,.T.);
#5191=EDGE_CURVE('',#5371,#5666,#6632,.T.);
#5192=EDGE_CURVE('',#5660,#5368,#6633,.T.);
#5193=EDGE_CURVE('',#5364,#5654,#6634,.T.);
#5194=EDGE_CURVE('',#5658,#5367,#6635,.T.);
#5195=EDGE_CURVE('',#5365,#5652,#6636,.T.);
#5196=EDGE_CURVE('',#5656,#5366,#6637,.T.);
#5197=EDGE_CURVE('',#5694,#5377,#6638,.T.);
#5198=EDGE_CURVE('',#5378,#5696,#6639,.T.);
#5199=EDGE_CURVE('',#5379,#5698,#6640,.T.);
#5200=EDGE_CURVE('',#5692,#5376,#6641,.T.);
#5201=EDGE_CURVE('',#5372,#5686,#6642,.T.);
#5202=EDGE_CURVE('',#5690,#5375,#6643,.T.);
#5203=EDGE_CURVE('',#5373,#5684,#6644,.T.);
#5204=EDGE_CURVE('',#5688,#5374,#6645,.T.);
#5205=EDGE_CURVE('',#5774,#5385,#6646,.T.);
#5206=EDGE_CURVE('',#5386,#5776,#6647,.T.);
#5207=EDGE_CURVE('',#5387,#5778,#6648,.T.);
#5208=EDGE_CURVE('',#5772,#5384,#6649,.T.);
#5209=EDGE_CURVE('',#5380,#5766,#6650,.T.);
#5210=EDGE_CURVE('',#5770,#5383,#6651,.T.);
#5211=EDGE_CURVE('',#5381,#5764,#6652,.T.);
#5212=EDGE_CURVE('',#5768,#5382,#6653,.T.);
#5213=EDGE_CURVE('',#5790,#5393,#6654,.T.);
#5214=EDGE_CURVE('',#5394,#5792,#6655,.T.);
#5215=EDGE_CURVE('',#5395,#5794,#6656,.T.);
#5216=EDGE_CURVE('',#5788,#5392,#6657,.T.);
#5217=EDGE_CURVE('',#5388,#5782,#6658,.T.);
#5218=EDGE_CURVE('',#5786,#5391,#6659,.T.);
#5219=EDGE_CURVE('',#5389,#5780,#6660,.T.);
#5220=EDGE_CURVE('',#5784,#5390,#6661,.T.);
#5221=EDGE_CURVE('',#5742,#5401,#6662,.T.);
#5222=EDGE_CURVE('',#5402,#5744,#6663,.T.);
#5223=EDGE_CURVE('',#5403,#5746,#6664,.T.);
#5224=EDGE_CURVE('',#5740,#5400,#6665,.T.);
#5225=EDGE_CURVE('',#5396,#5734,#6666,.T.);
#5226=EDGE_CURVE('',#5738,#5399,#6667,.T.);
#5227=EDGE_CURVE('',#5397,#5732,#6668,.T.);
#5228=EDGE_CURVE('',#5736,#5398,#6669,.T.);
#5229=EDGE_CURVE('',#5758,#5409,#6670,.T.);
#5230=EDGE_CURVE('',#5410,#5760,#6671,.T.);
#5231=EDGE_CURVE('',#5411,#5762,#6672,.T.);
#5232=EDGE_CURVE('',#5756,#5408,#6673,.T.);
#5233=EDGE_CURVE('',#5404,#5750,#6674,.T.);
#5234=EDGE_CURVE('',#5754,#5407,#6675,.T.);
#5235=EDGE_CURVE('',#5405,#5748,#6676,.T.);
#5236=EDGE_CURVE('',#5752,#5406,#6677,.T.);
#5237=EDGE_CURVE('',#5598,#5417,#6678,.T.);
#5238=EDGE_CURVE('',#5418,#5600,#6679,.T.);
#5239=EDGE_CURVE('',#5419,#5602,#6680,.T.);
#5240=EDGE_CURVE('',#5596,#5416,#6681,.T.);
#5241=EDGE_CURVE('',#5412,#5590,#6682,.T.);
#5242=EDGE_CURVE('',#5594,#5415,#6683,.T.);
#5243=EDGE_CURVE('',#5413,#5588,#6684,.T.);
#5244=EDGE_CURVE('',#5592,#5414,#6685,.T.);
#5245=EDGE_CURVE('',#5886,#5425,#6686,.T.);
#5246=EDGE_CURVE('',#5426,#5888,#6687,.T.);
#5247=EDGE_CURVE('',#5427,#5890,#6688,.T.);
#5248=EDGE_CURVE('',#5884,#5424,#6689,.T.);
#5249=EDGE_CURVE('',#5420,#5878,#6690,.T.);
#5250=EDGE_CURVE('',#5882,#5423,#6691,.T.);
#5251=EDGE_CURVE('',#5421,#5876,#6692,.T.);
#5252=EDGE_CURVE('',#5880,#5422,#6693,.T.);
#5253=EDGE_CURVE('',#5870,#5433,#6694,.T.);
#5254=EDGE_CURVE('',#5434,#5872,#6695,.T.);
#5255=EDGE_CURVE('',#5435,#5874,#6696,.T.);
#5256=EDGE_CURVE('',#5868,#5432,#6697,.T.);
#5257=EDGE_CURVE('',#5428,#5862,#6698,.T.);
#5258=EDGE_CURVE('',#5866,#5431,#6699,.T.);
#5259=EDGE_CURVE('',#5429,#5860,#6700,.T.);
#5260=EDGE_CURVE('',#5864,#5430,#6701,.T.);
#5261=EDGE_CURVE('',#5918,#5441,#6702,.T.);
#5262=EDGE_CURVE('',#5442,#5920,#6703,.T.);
#5263=EDGE_CURVE('',#5443,#5922,#6704,.T.);
#5264=EDGE_CURVE('',#5916,#5440,#6705,.T.);
#5265=EDGE_CURVE('',#5436,#5910,#6706,.T.);
#5266=EDGE_CURVE('',#5914,#5439,#6707,.T.);
#5267=EDGE_CURVE('',#5437,#5908,#6708,.T.);
#5268=EDGE_CURVE('',#5912,#5438,#6709,.T.);
#5269=EDGE_CURVE('',#5906,#5449,#6710,.T.);
#5270=EDGE_CURVE('',#5450,#5894,#6711,.T.);
#5271=EDGE_CURVE('',#5451,#5892,#6712,.T.);
#5272=EDGE_CURVE('',#5904,#5448,#6713,.T.);
#5273=EDGE_CURVE('',#5444,#5896,#6714,.T.);
#5274=EDGE_CURVE('',#5902,#5447,#6715,.T.);
#5275=EDGE_CURVE('',#5445,#5898,#6716,.T.);
#5276=EDGE_CURVE('',#5900,#5446,#6717,.T.);
#5277=EDGE_CURVE('',#6008,#6008,#6718,.T.);
#5278=EDGE_CURVE('',#6009,#6009,#6719,.T.);
#5279=EDGE_CURVE('',#6010,#6010,#6720,.T.);
#5280=EDGE_CURVE('',#6011,#6011,#6721,.T.);
#5281=VERTEX_POINT('',#12823);
#5282=VERTEX_POINT('',#12825);
#5283=VERTEX_POINT('',#12828);
#5284=VERTEX_POINT('',#12830);
#5285=VERTEX_POINT('',#12831);
#5286=VERTEX_POINT('',#12833);
#5287=VERTEX_POINT('',#12835);
#5288=VERTEX_POINT('',#12837);
#5289=VERTEX_POINT('',#12839);
#5290=VERTEX_POINT('',#12841);
#5291=VERTEX_POINT('',#12843);
#5292=VERTEX_POINT('',#12846);
#5293=VERTEX_POINT('',#12847);
#5294=VERTEX_POINT('',#12849);
#5295=VERTEX_POINT('',#12851);
#5296=VERTEX_POINT('',#12853);
#5297=VERTEX_POINT('',#12855);
#5298=VERTEX_POINT('',#12857);
#5299=VERTEX_POINT('',#12859);
#5300=VERTEX_POINT('',#12862);
#5301=VERTEX_POINT('',#12863);
#5302=VERTEX_POINT('',#12865);
#5303=VERTEX_POINT('',#12867);
#5304=VERTEX_POINT('',#12869);
#5305=VERTEX_POINT('',#12871);
#5306=VERTEX_POINT('',#12873);
#5307=VERTEX_POINT('',#12875);
#5308=VERTEX_POINT('',#12878);
#5309=VERTEX_POINT('',#12879);
#5310=VERTEX_POINT('',#12881);
#5311=VERTEX_POINT('',#12883);
#5312=VERTEX_POINT('',#12885);
#5313=VERTEX_POINT('',#12887);
#5314=VERTEX_POINT('',#12889);
#5315=VERTEX_POINT('',#12891);
#5316=VERTEX_POINT('',#12894);
#5317=VERTEX_POINT('',#12895);
#5318=VERTEX_POINT('',#12897);
#5319=VERTEX_POINT('',#12899);
#5320=VERTEX_POINT('',#12901);
#5321=VERTEX_POINT('',#12903);
#5322=VERTEX_POINT('',#12905);
#5323=VERTEX_POINT('',#12907);
#5324=VERTEX_POINT('',#12910);
#5325=VERTEX_POINT('',#12911);
#5326=VERTEX_POINT('',#12913);
#5327=VERTEX_POINT('',#12915);
#5328=VERTEX_POINT('',#12917);
#5329=VERTEX_POINT('',#12919);
#5330=VERTEX_POINT('',#12921);
#5331=VERTEX_POINT('',#12923);
#5332=VERTEX_POINT('',#12926);
#5333=VERTEX_POINT('',#12927);
#5334=VERTEX_POINT('',#12929);
#5335=VERTEX_POINT('',#12931);
#5336=VERTEX_POINT('',#12933);
#5337=VERTEX_POINT('',#12935);
#5338=VERTEX_POINT('',#12937);
#5339=VERTEX_POINT('',#12939);
#5340=VERTEX_POINT('',#12942);
#5341=VERTEX_POINT('',#12943);
#5342=VERTEX_POINT('',#12945);
#5343=VERTEX_POINT('',#12947);
#5344=VERTEX_POINT('',#12949);
#5345=VERTEX_POINT('',#12951);
#5346=VERTEX_POINT('',#12953);
#5347=VERTEX_POINT('',#12955);
#5348=VERTEX_POINT('',#12958);
#5349=VERTEX_POINT('',#12959);
#5350=VERTEX_POINT('',#12961);
#5351=VERTEX_POINT('',#12963);
#5352=VERTEX_POINT('',#12965);
#5353=VERTEX_POINT('',#12967);
#5354=VERTEX_POINT('',#12969);
#5355=VERTEX_POINT('',#12971);
#5356=VERTEX_POINT('',#12974);
#5357=VERTEX_POINT('',#12975);
#5358=VERTEX_POINT('',#12977);
#5359=VERTEX_POINT('',#12979);
#5360=VERTEX_POINT('',#12981);
#5361=VERTEX_POINT('',#12983);
#5362=VERTEX_POINT('',#12985);
#5363=VERTEX_POINT('',#12987);
#5364=VERTEX_POINT('',#12990);
#5365=VERTEX_POINT('',#12991);
#5366=VERTEX_POINT('',#12993);
#5367=VERTEX_POINT('',#12995);
#5368=VERTEX_POINT('',#12997);
#5369=VERTEX_POINT('',#12999);
#5370=VERTEX_POINT('',#13001);
#5371=VERTEX_POINT('',#13003);
#5372=VERTEX_POINT('',#13006);
#5373=VERTEX_POINT('',#13007);
#5374=VERTEX_POINT('',#13009);
#5375=VERTEX_POINT('',#13011);
#5376=VERTEX_POINT('',#13013);
#5377=VERTEX_POINT('',#13015);
#5378=VERTEX_POINT('',#13017);
#5379=VERTEX_POINT('',#13019);
#5380=VERTEX_POINT('',#13022);
#5381=VERTEX_POINT('',#13023);
#5382=VERTEX_POINT('',#13025);
#5383=VERTEX_POINT('',#13027);
#5384=VERTEX_POINT('',#13029);
#5385=VERTEX_POINT('',#13031);
#5386=VERTEX_POINT('',#13033);
#5387=VERTEX_POINT('',#13035);
#5388=VERTEX_POINT('',#13038);
#5389=VERTEX_POINT('',#13039);
#5390=VERTEX_POINT('',#13041);
#5391=VERTEX_POINT('',#13043);
#5392=VERTEX_POINT('',#13045);
#5393=VERTEX_POINT('',#13047);
#5394=VERTEX_POINT('',#13049);
#5395=VERTEX_POINT('',#13051);
#5396=VERTEX_POINT('',#13054);
#5397=VERTEX_POINT('',#13055);
#5398=VERTEX_POINT('',#13057);
#5399=VERTEX_POINT('',#13059);
#5400=VERTEX_POINT('',#13061);
#5401=VERTEX_POINT('',#13063);
#5402=VERTEX_POINT('',#13065);
#5403=VERTEX_POINT('',#13067);
#5404=VERTEX_POINT('',#13070);
#5405=VERTEX_POINT('',#13071);
#5406=VERTEX_POINT('',#13073);
#5407=VERTEX_POINT('',#13075);
#5408=VERTEX_POINT('',#13077);
#5409=VERTEX_POINT('',#13079);
#5410=VERTEX_POINT('',#13081);
#5411=VERTEX_POINT('',#13083);
#5412=VERTEX_POINT('',#13086);
#5413=VERTEX_POINT('',#13087);
#5414=VERTEX_POINT('',#13089);
#5415=VERTEX_POINT('',#13091);
#5416=VERTEX_POINT('',#13093);
#5417=VERTEX_POINT('',#13095);
#5418=VERTEX_POINT('',#13097);
#5419=VERTEX_POINT('',#13099);
#5420=VERTEX_POINT('',#13102);
#5421=VERTEX_POINT('',#13103);
#5422=VERTEX_POINT('',#13105);
#5423=VERTEX_POINT('',#13107);
#5424=VERTEX_POINT('',#13109);
#5425=VERTEX_POINT('',#13111);
#5426=VERTEX_POINT('',#13113);
#5427=VERTEX_POINT('',#13115);
#5428=VERTEX_POINT('',#13118);
#5429=VERTEX_POINT('',#13119);
#5430=VERTEX_POINT('',#13121);
#5431=VERTEX_POINT('',#13123);
#5432=VERTEX_POINT('',#13125);
#5433=VERTEX_POINT('',#13127);
#5434=VERTEX_POINT('',#13129);
#5435=VERTEX_POINT('',#13131);
#5436=VERTEX_POINT('',#13134);
#5437=VERTEX_POINT('',#13135);
#5438=VERTEX_POINT('',#13137);
#5439=VERTEX_POINT('',#13139);
#5440=VERTEX_POINT('',#13141);
#5441=VERTEX_POINT('',#13143);
#5442=VERTEX_POINT('',#13145);
#5443=VERTEX_POINT('',#13147);
#5444=VERTEX_POINT('',#13150);
#5445=VERTEX_POINT('',#13151);
#5446=VERTEX_POINT('',#13153);
#5447=VERTEX_POINT('',#13155);
#5448=VERTEX_POINT('',#13157);
#5449=VERTEX_POINT('',#13159);
#5450=VERTEX_POINT('',#13161);
#5451=VERTEX_POINT('',#13163);
#5452=VERTEX_POINT('',#13166);
#5453=VERTEX_POINT('',#13169);
#5454=VERTEX_POINT('',#13170);
#5455=VERTEX_POINT('',#13172);
#5456=VERTEX_POINT('',#13176);
#5457=VERTEX_POINT('',#13177);
#5458=VERTEX_POINT('',#13179);
#5459=VERTEX_POINT('',#13183);
#5460=VERTEX_POINT('',#13184);
#5461=VERTEX_POINT('',#13186);
#5462=VERTEX_POINT('',#13190);
#5463=VERTEX_POINT('',#13191);
#5464=VERTEX_POINT('',#13193);
#5465=VERTEX_POINT('',#13197);
#5466=VERTEX_POINT('',#13198);
#5467=VERTEX_POINT('',#13200);
#5468=VERTEX_POINT('',#13204);
#5469=VERTEX_POINT('',#13205);
#5470=VERTEX_POINT('',#13207);
#5471=VERTEX_POINT('',#13211);
#5472=VERTEX_POINT('',#13212);
#5473=VERTEX_POINT('',#13214);
#5474=VERTEX_POINT('',#13218);
#5475=VERTEX_POINT('',#13219);
#5476=VERTEX_POINT('',#13221);
#5477=VERTEX_POINT('',#13225);
#5478=VERTEX_POINT('',#13226);
#5479=VERTEX_POINT('',#13228);
#5480=VERTEX_POINT('',#13232);
#5481=VERTEX_POINT('',#13233);
#5482=VERTEX_POINT('',#13235);
#5483=VERTEX_POINT('',#13239);
#5484=VERTEX_POINT('',#13240);
#5485=VERTEX_POINT('',#13242);
#5486=VERTEX_POINT('',#13246);
#5487=VERTEX_POINT('',#13247);
#5488=VERTEX_POINT('',#13249);
#5489=VERTEX_POINT('',#13253);
#5490=VERTEX_POINT('',#13254);
#5491=VERTEX_POINT('',#13256);
#5492=VERTEX_POINT('',#13260);
#5493=VERTEX_POINT('',#13261);
#5494=VERTEX_POINT('',#13263);
#5495=VERTEX_POINT('',#13267);
#5496=VERTEX_POINT('',#13268);
#5497=VERTEX_POINT('',#13270);
#5498=VERTEX_POINT('',#13274);
#5499=VERTEX_POINT('',#13275);
#5500=VERTEX_POINT('',#13277);
#5501=VERTEX_POINT('',#13281);
#5502=VERTEX_POINT('',#13282);
#5503=VERTEX_POINT('',#13284);
#5504=VERTEX_POINT('',#13288);
#5505=VERTEX_POINT('',#13289);
#5506=VERTEX_POINT('',#13291);
#5507=VERTEX_POINT('',#13295);
#5508=VERTEX_POINT('',#13296);
#5509=VERTEX_POINT('',#13298);
#5510=VERTEX_POINT('',#13302);
#5511=VERTEX_POINT('',#13303);
#5512=VERTEX_POINT('',#13305);
#5513=VERTEX_POINT('',#13309);
#5514=VERTEX_POINT('',#13311);
#5515=VERTEX_POINT('',#13312);
#5516=VERTEX_POINT('',#13314);
#5517=VERTEX_POINT('',#13316);
#5518=VERTEX_POINT('',#13318);
#5519=VERTEX_POINT('',#13320);
#5520=VERTEX_POINT('',#13322);
#5521=VERTEX_POINT('',#13324);
#5522=VERTEX_POINT('',#13326);
#5523=VERTEX_POINT('',#13328);
#5524=VERTEX_POINT('',#13330);
#5525=VERTEX_POINT('',#13332);
#5526=VERTEX_POINT('',#13334);
#5527=VERTEX_POINT('',#13336);
#5528=VERTEX_POINT('',#13338);
#5529=VERTEX_POINT('',#13340);
#5530=VERTEX_POINT('',#13342);
#5531=VERTEX_POINT('',#13344);
#5532=VERTEX_POINT('',#13346);
#5533=VERTEX_POINT('',#13348);
#5534=VERTEX_POINT('',#13350);
#5535=VERTEX_POINT('',#13352);
#5536=VERTEX_POINT('',#13354);
#5537=VERTEX_POINT('',#13356);
#5538=VERTEX_POINT('',#13358);
#5539=VERTEX_POINT('',#13360);
#5540=VERTEX_POINT('',#13362);
#5541=VERTEX_POINT('',#13364);
#5542=VERTEX_POINT('',#13366);
#5543=VERTEX_POINT('',#13368);
#5544=VERTEX_POINT('',#13370);
#5545=VERTEX_POINT('',#13372);
#5546=VERTEX_POINT('',#13374);
#5547=VERTEX_POINT('',#13376);
#5548=VERTEX_POINT('',#13378);
#5549=VERTEX_POINT('',#13380);
#5550=VERTEX_POINT('',#13382);
#5551=VERTEX_POINT('',#13384);
#5552=VERTEX_POINT('',#13386);
#5553=VERTEX_POINT('',#13388);
#5554=VERTEX_POINT('',#13390);
#5555=VERTEX_POINT('',#13392);
#5556=VERTEX_POINT('',#13394);
#5557=VERTEX_POINT('',#13396);
#5558=VERTEX_POINT('',#13398);
#5559=VERTEX_POINT('',#13400);
#5560=VERTEX_POINT('',#13402);
#5561=VERTEX_POINT('',#13404);
#5562=VERTEX_POINT('',#13406);
#5563=VERTEX_POINT('',#13408);
#5564=VERTEX_POINT('',#13410);
#5565=VERTEX_POINT('',#13412);
#5566=VERTEX_POINT('',#13414);
#5567=VERTEX_POINT('',#13416);
#5568=VERTEX_POINT('',#13418);
#5569=VERTEX_POINT('',#13420);
#5570=VERTEX_POINT('',#13422);
#5571=VERTEX_POINT('',#13424);
#5572=VERTEX_POINT('',#13426);
#5573=VERTEX_POINT('',#13428);
#5574=VERTEX_POINT('',#13430);
#5575=VERTEX_POINT('',#13432);
#5576=VERTEX_POINT('',#13434);
#5577=VERTEX_POINT('',#13438);
#5578=VERTEX_POINT('',#13439);
#5579=VERTEX_POINT('',#13441);
#5580=VERTEX_POINT('',#13445);
#5581=VERTEX_POINT('',#13447);
#5582=VERTEX_POINT('',#13450);
#5583=VERTEX_POINT('',#13453);
#5584=VERTEX_POINT('',#13455);
#5585=VERTEX_POINT('',#13458);
#5586=VERTEX_POINT('',#13460);
#5587=VERTEX_POINT('',#13464);
#5588=VERTEX_POINT('',#13468);
#5589=VERTEX_POINT('',#13469);
#5590=VERTEX_POINT('',#13471);
#5591=VERTEX_POINT('',#13473);
#5592=VERTEX_POINT('',#13477);
#5593=VERTEX_POINT('',#13478);
#5594=VERTEX_POINT('',#13483);
#5595=VERTEX_POINT('',#13484);
#5596=VERTEX_POINT('',#13489);
#5597=VERTEX_POINT('',#13490);
#5598=VERTEX_POINT('',#13495);
#5599=VERTEX_POINT('',#13496);
#5600=VERTEX_POINT('',#13501);
#5601=VERTEX_POINT('',#13502);
#5602=VERTEX_POINT('',#13507);
#5603=VERTEX_POINT('',#13508);
#5604=VERTEX_POINT('',#13516);
#5605=VERTEX_POINT('',#13517);
#5606=VERTEX_POINT('',#13519);
#5607=VERTEX_POINT('',#13521);
#5608=VERTEX_POINT('',#13525);
#5609=VERTEX_POINT('',#13526);
#5610=VERTEX_POINT('',#13531);
#5611=VERTEX_POINT('',#13532);
#5612=VERTEX_POINT('',#13537);
#5613=VERTEX_POINT('',#13538);
#5614=VERTEX_POINT('',#13543);
#5615=VERTEX_POINT('',#13544);
#5616=VERTEX_POINT('',#13549);
#5617=VERTEX_POINT('',#13550);
#5618=VERTEX_POINT('',#13555);
#5619=VERTEX_POINT('',#13556);
#5620=VERTEX_POINT('',#13564);
#5621=VERTEX_POINT('',#13565);
#5622=VERTEX_POINT('',#13567);
#5623=VERTEX_POINT('',#13569);
#5624=VERTEX_POINT('',#13573);
#5625=VERTEX_POINT('',#13574);
#5626=VERTEX_POINT('',#13579);
#5627=VERTEX_POINT('',#13580);
#5628=VERTEX_POINT('',#13585);
#5629=VERTEX_POINT('',#13586);
#5630=VERTEX_POINT('',#13591);
#5631=VERTEX_POINT('',#13592);
#5632=VERTEX_POINT('',#13597);
#5633=VERTEX_POINT('',#13598);
#5634=VERTEX_POINT('',#13603);
#5635=VERTEX_POINT('',#13604);
#5636=VERTEX_POINT('',#13612);
#5637=VERTEX_POINT('',#13613);
#5638=VERTEX_POINT('',#13615);
#5639=VERTEX_POINT('',#13617);
#5640=VERTEX_POINT('',#13621);
#5641=VERTEX_POINT('',#13622);
#5642=VERTEX_POINT('',#13627);
#5643=VERTEX_POINT('',#13628);
#5644=VERTEX_POINT('',#13633);
#5645=VERTEX_POINT('',#13634);
#5646=VERTEX_POINT('',#13639);
#5647=VERTEX_POINT('',#13640);
#5648=VERTEX_POINT('',#13645);
#5649=VERTEX_POINT('',#13646);
#5650=VERTEX_POINT('',#13651);
#5651=VERTEX_POINT('',#13652);
#5652=VERTEX_POINT('',#13660);
#5653=VERTEX_POINT('',#13661);
#5654=VERTEX_POINT('',#13663);
#5655=VERTEX_POINT('',#13665);
#5656=VERTEX_POINT('',#13669);
#5657=VERTEX_POINT('',#13670);
#5658=VERTEX_POINT('',#13675);
#5659=VERTEX_POINT('',#13676);
#5660=VERTEX_POINT('',#13681);
#5661=VERTEX_POINT('',#13682);
#5662=VERTEX_POINT('',#13687);
#5663=VERTEX_POINT('',#13688);
#5664=VERTEX_POINT('',#13693);
#5665=VERTEX_POINT('',#13694);
#5666=VERTEX_POINT('',#13699);
#5667=VERTEX_POINT('',#13700);
#5668=VERTEX_POINT('',#13708);
#5669=VERTEX_POINT('',#13709);
#5670=VERTEX_POINT('',#13711);
#5671=VERTEX_POINT('',#13713);
#5672=VERTEX_POINT('',#13717);
#5673=VERTEX_POINT('',#13718);
#5674=VERTEX_POINT('',#13723);
#5675=VERTEX_POINT('',#13724);
#5676=VERTEX_POINT('',#13729);
#5677=VERTEX_POINT('',#13730);
#5678=VERTEX_POINT('',#13735);
#5679=VERTEX_POINT('',#13736);
#5680=VERTEX_POINT('',#13741);
#5681=VERTEX_POINT('',#13742);
#5682=VERTEX_POINT('',#13747);
#5683=VERTEX_POINT('',#13748);
#5684=VERTEX_POINT('',#13756);
#5685=VERTEX_POINT('',#13757);
#5686=VERTEX_POINT('',#13759);
#5687=VERTEX_POINT('',#13761);
#5688=VERTEX_POINT('',#13765);
#5689=VERTEX_POINT('',#13766);
#5690=VERTEX_POINT('',#13771);
#5691=VERTEX_POINT('',#13772);
#5692=VERTEX_POINT('',#13777);
#5693=VERTEX_POINT('',#13778);
#5694=VERTEX_POINT('',#13783);
#5695=VERTEX_POINT('',#13784);
#5696=VERTEX_POINT('',#13789);
#5697=VERTEX_POINT('',#13790);
#5698=VERTEX_POINT('',#13795);
#5699=VERTEX_POINT('',#13796);
#5700=VERTEX_POINT('',#13804);
#5701=VERTEX_POINT('',#13805);
#5702=VERTEX_POINT('',#13807);
#5703=VERTEX_POINT('',#13809);
#5704=VERTEX_POINT('',#13813);
#5705=VERTEX_POINT('',#13814);
#5706=VERTEX_POINT('',#13819);
#5707=VERTEX_POINT('',#13820);
#5708=VERTEX_POINT('',#13825);
#5709=VERTEX_POINT('',#13826);
#5710=VERTEX_POINT('',#13831);
#5711=VERTEX_POINT('',#13832);
#5712=VERTEX_POINT('',#13837);
#5713=VERTEX_POINT('',#13838);
#5714=VERTEX_POINT('',#13843);
#5715=VERTEX_POINT('',#13844);
#5716=VERTEX_POINT('',#13852);
#5717=VERTEX_POINT('',#13853);
#5718=VERTEX_POINT('',#13855);
#5719=VERTEX_POINT('',#13857);
#5720=VERTEX_POINT('',#13861);
#5721=VERTEX_POINT('',#13862);
#5722=VERTEX_POINT('',#13867);
#5723=VERTEX_POINT('',#13868);
#5724=VERTEX_POINT('',#13873);
#5725=VERTEX_POINT('',#13874);
#5726=VERTEX_POINT('',#13879);
#5727=VERTEX_POINT('',#13880);
#5728=VERTEX_POINT('',#13885);
#5729=VERTEX_POINT('',#13886);
#5730=VERTEX_POINT('',#13891);
#5731=VERTEX_POINT('',#13892);
#5732=VERTEX_POINT('',#13900);
#5733=VERTEX_POINT('',#13901);
#5734=VERTEX_POINT('',#13903);
#5735=VERTEX_POINT('',#13905);
#5736=VERTEX_POINT('',#13909);
#5737=VERTEX_POINT('',#13910);
#5738=VERTEX_POINT('',#13915);
#5739=VERTEX_POINT('',#13916);
#5740=VERTEX_POINT('',#13921);
#5741=VERTEX_POINT('',#13922);
#5742=VERTEX_POINT('',#13927);
#5743=VERTEX_POINT('',#13928);
#5744=VERTEX_POINT('',#13933);
#5745=VERTEX_POINT('',#13934);
#5746=VERTEX_POINT('',#13939);
#5747=VERTEX_POINT('',#13940);
#5748=VERTEX_POINT('',#13948);
#5749=VERTEX_POINT('',#13949);
#5750=VERTEX_POINT('',#13951);
#5751=VERTEX_POINT('',#13953);
#5752=VERTEX_POINT('',#13957);
#5753=VERTEX_POINT('',#13958);
#5754=VERTEX_POINT('',#13963);
#5755=VERTEX_POINT('',#13964);
#5756=VERTEX_POINT('',#13969);
#5757=VERTEX_POINT('',#13970);
#5758=VERTEX_POINT('',#13975);
#5759=VERTEX_POINT('',#13976);
#5760=VERTEX_POINT('',#13981);
#5761=VERTEX_POINT('',#13982);
#5762=VERTEX_POINT('',#13987);
#5763=VERTEX_POINT('',#13988);
#5764=VERTEX_POINT('',#13996);
#5765=VERTEX_POINT('',#13997);
#5766=VERTEX_POINT('',#13999);
#5767=VERTEX_POINT('',#14001);
#5768=VERTEX_POINT('',#14005);
#5769=VERTEX_POINT('',#14006);
#5770=VERTEX_POINT('',#14011);
#5771=VERTEX_POINT('',#14012);
#5772=VERTEX_POINT('',#14017);
#5773=VERTEX_POINT('',#14018);
#5774=VERTEX_POINT('',#14023);
#5775=VERTEX_POINT('',#14024);
#5776=VERTEX_POINT('',#14029);
#5777=VERTEX_POINT('',#14030);
#5778=VERTEX_POINT('',#14035);
#5779=VERTEX_POINT('',#14036);
#5780=VERTEX_POINT('',#14044);
#5781=VERTEX_POINT('',#14045);
#5782=VERTEX_POINT('',#14047);
#5783=VERTEX_POINT('',#14049);
#5784=VERTEX_POINT('',#14053);
#5785=VERTEX_POINT('',#14054);
#5786=VERTEX_POINT('',#14059);
#5787=VERTEX_POINT('',#14060);
#5788=VERTEX_POINT('',#14065);
#5789=VERTEX_POINT('',#14066);
#5790=VERTEX_POINT('',#14071);
#5791=VERTEX_POINT('',#14072);
#5792=VERTEX_POINT('',#14077);
#5793=VERTEX_POINT('',#14078);
#5794=VERTEX_POINT('',#14083);
#5795=VERTEX_POINT('',#14084);
#5796=VERTEX_POINT('',#14092);
#5797=VERTEX_POINT('',#14093);
#5798=VERTEX_POINT('',#14095);
#5799=VERTEX_POINT('',#14097);
#5800=VERTEX_POINT('',#14101);
#5801=VERTEX_POINT('',#14102);
#5802=VERTEX_POINT('',#14107);
#5803=VERTEX_POINT('',#14108);
#5804=VERTEX_POINT('',#14113);
#5805=VERTEX_POINT('',#14114);
#5806=VERTEX_POINT('',#14119);
#5807=VERTEX_POINT('',#14120);
#5808=VERTEX_POINT('',#14125);
#5809=VERTEX_POINT('',#14126);
#5810=VERTEX_POINT('',#14131);
#5811=VERTEX_POINT('',#14132);
#5812=VERTEX_POINT('',#14140);
#5813=VERTEX_POINT('',#14141);
#5814=VERTEX_POINT('',#14143);
#5815=VERTEX_POINT('',#14145);
#5816=VERTEX_POINT('',#14149);
#5817=VERTEX_POINT('',#14150);
#5818=VERTEX_POINT('',#14155);
#5819=VERTEX_POINT('',#14156);
#5820=VERTEX_POINT('',#14161);
#5821=VERTEX_POINT('',#14162);
#5822=VERTEX_POINT('',#14167);
#5823=VERTEX_POINT('',#14168);
#5824=VERTEX_POINT('',#14173);
#5825=VERTEX_POINT('',#14174);
#5826=VERTEX_POINT('',#14179);
#5827=VERTEX_POINT('',#14180);
#5828=VERTEX_POINT('',#14188);
#5829=VERTEX_POINT('',#14189);
#5830=VERTEX_POINT('',#14191);
#5831=VERTEX_POINT('',#14193);
#5832=VERTEX_POINT('',#14197);
#5833=VERTEX_POINT('',#14198);
#5834=VERTEX_POINT('',#14203);
#5835=VERTEX_POINT('',#14204);
#5836=VERTEX_POINT('',#14209);
#5837=VERTEX_POINT('',#14210);
#5838=VERTEX_POINT('',#14215);
#5839=VERTEX_POINT('',#14216);
#5840=VERTEX_POINT('',#14221);
#5841=VERTEX_POINT('',#14222);
#5842=VERTEX_POINT('',#14227);
#5843=VERTEX_POINT('',#14228);
#5844=VERTEX_POINT('',#14236);
#5845=VERTEX_POINT('',#14237);
#5846=VERTEX_POINT('',#14239);
#5847=VERTEX_POINT('',#14241);
#5848=VERTEX_POINT('',#14245);
#5849=VERTEX_POINT('',#14246);
#5850=VERTEX_POINT('',#14251);
#5851=VERTEX_POINT('',#14252);
#5852=VERTEX_POINT('',#14257);
#5853=VERTEX_POINT('',#14258);
#5854=VERTEX_POINT('',#14263);
#5855=VERTEX_POINT('',#14264);
#5856=VERTEX_POINT('',#14269);
#5857=VERTEX_POINT('',#14270);
#5858=VERTEX_POINT('',#14275);
#5859=VERTEX_POINT('',#14276);
#5860=VERTEX_POINT('',#14284);
#5861=VERTEX_POINT('',#14285);
#5862=VERTEX_POINT('',#14287);
#5863=VERTEX_POINT('',#14289);
#5864=VERTEX_POINT('',#14293);
#5865=VERTEX_POINT('',#14294);
#5866=VERTEX_POINT('',#14299);
#5867=VERTEX_POINT('',#14300);
#5868=VERTEX_POINT('',#14305);
#5869=VERTEX_POINT('',#14306);
#5870=VERTEX_POINT('',#14311);
#5871=VERTEX_POINT('',#14312);
#5872=VERTEX_POINT('',#14317);
#5873=VERTEX_POINT('',#14318);
#5874=VERTEX_POINT('',#14323);
#5875=VERTEX_POINT('',#14324);
#5876=VERTEX_POINT('',#14332);
#5877=VERTEX_POINT('',#14333);
#5878=VERTEX_POINT('',#14335);
#5879=VERTEX_POINT('',#14337);
#5880=VERTEX_POINT('',#14341);
#5881=VERTEX_POINT('',#14342);
#5882=VERTEX_POINT('',#14347);
#5883=VERTEX_POINT('',#14348);
#5884=VERTEX_POINT('',#14353);
#5885=VERTEX_POINT('',#14354);
#5886=VERTEX_POINT('',#14359);
#5887=VERTEX_POINT('',#14360);
#5888=VERTEX_POINT('',#14365);
#5889=VERTEX_POINT('',#14366);
#5890=VERTEX_POINT('',#14371);
#5891=VERTEX_POINT('',#14372);
#5892=VERTEX_POINT('',#14380);
#5893=VERTEX_POINT('',#14381);
#5894=VERTEX_POINT('',#14383);
#5895=VERTEX_POINT('',#14385);
#5896=VERTEX_POINT('',#14389);
#5897=VERTEX_POINT('',#14390);
#5898=VERTEX_POINT('',#14395);
#5899=VERTEX_POINT('',#14396);
#5900=VERTEX_POINT('',#14401);
#5901=VERTEX_POINT('',#14402);
#5902=VERTEX_POINT('',#14407);
#5903=VERTEX_POINT('',#14408);
#5904=VERTEX_POINT('',#14413);
#5905=VERTEX_POINT('',#14414);
#5906=VERTEX_POINT('',#14419);
#5907=VERTEX_POINT('',#14420);
#5908=VERTEX_POINT('',#14428);
#5909=VERTEX_POINT('',#14429);
#5910=VERTEX_POINT('',#14431);
#5911=VERTEX_POINT('',#14433);
#5912=VERTEX_POINT('',#14437);
#5913=VERTEX_POINT('',#14438);
#5914=VERTEX_POINT('',#14443);
#5915=VERTEX_POINT('',#14444);
#5916=VERTEX_POINT('',#14449);
#5917=VERTEX_POINT('',#14450);
#5918=VERTEX_POINT('',#14455);
#5919=VERTEX_POINT('',#14456);
#5920=VERTEX_POINT('',#14461);
#5921=VERTEX_POINT('',#14462);
#5922=VERTEX_POINT('',#14467);
#5923=VERTEX_POINT('',#14468);
#5924=VERTEX_POINT('',#14495);
#5925=VERTEX_POINT('',#14498);
#5926=VERTEX_POINT('',#14508);
#5927=VERTEX_POINT('',#14512);
#5928=VERTEX_POINT('',#14516);
#5929=VERTEX_POINT('',#14531);
#5930=VERTEX_POINT('',#14543);
#5931=VERTEX_POINT('',#14553);
#5932=VERTEX_POINT('',#14558);
#5933=VERTEX_POINT('',#14570);
#5934=VERTEX_POINT('',#14580);
#5935=VERTEX_POINT('',#14593);
#5936=VERTEX_POINT('',#14597);
#5937=VERTEX_POINT('',#14612);
#5938=VERTEX_POINT('',#14625);
#5939=VERTEX_POINT('',#14635);
#5940=VERTEX_POINT('',#14640);
#5941=VERTEX_POINT('',#14652);
#5942=VERTEX_POINT('',#14662);
#5943=VERTEX_POINT('',#14675);
#5944=VERTEX_POINT('',#14679);
#5945=VERTEX_POINT('',#14694);
#5946=VERTEX_POINT('',#14707);
#5947=VERTEX_POINT('',#14717);
#5948=VERTEX_POINT('',#14722);
#5949=VERTEX_POINT('',#14734);
#5950=VERTEX_POINT('',#14744);
#5951=VERTEX_POINT('',#14757);
#5952=VERTEX_POINT('',#14761);
#5953=VERTEX_POINT('',#14776);
#5954=VERTEX_POINT('',#14789);
#5955=VERTEX_POINT('',#14799);
#5956=VERTEX_POINT('',#14804);
#5957=VERTEX_POINT('',#14816);
#5958=VERTEX_POINT('',#14826);
#5959=VERTEX_POINT('',#14839);
#5960=VERTEX_POINT('',#14843);
#5961=VERTEX_POINT('',#14858);
#5962=VERTEX_POINT('',#14871);
#5963=VERTEX_POINT('',#14881);
#5964=VERTEX_POINT('',#14886);
#5965=VERTEX_POINT('',#14898);
#5966=VERTEX_POINT('',#14908);
#5967=VERTEX_POINT('',#14921);
#5968=VERTEX_POINT('',#14925);
#5969=VERTEX_POINT('',#14940);
#5970=VERTEX_POINT('',#14953);
#5971=VERTEX_POINT('',#14963);
#5972=VERTEX_POINT('',#14968);
#5973=VERTEX_POINT('',#14980);
#5974=VERTEX_POINT('',#14990);
#5975=VERTEX_POINT('',#15003);
#5976=VERTEX_POINT('',#15007);
#5977=VERTEX_POINT('',#15022);
#5978=VERTEX_POINT('',#15035);
#5979=VERTEX_POINT('',#15045);
#5980=VERTEX_POINT('',#15050);
#5981=VERTEX_POINT('',#15062);
#5982=VERTEX_POINT('',#15072);
#5983=VERTEX_POINT('',#15085);
#5984=VERTEX_POINT('',#15089);
#5985=VERTEX_POINT('',#15104);
#5986=VERTEX_POINT('',#15117);
#5987=VERTEX_POINT('',#15127);
#5988=VERTEX_POINT('',#15132);
#5989=VERTEX_POINT('',#15144);
#5990=VERTEX_POINT('',#15154);
#5991=VERTEX_POINT('',#15167);
#5992=VERTEX_POINT('',#15171);
#5993=VERTEX_POINT('',#15186);
#5994=VERTEX_POINT('',#15199);
#5995=VERTEX_POINT('',#15209);
#5996=VERTEX_POINT('',#15214);
#5997=VERTEX_POINT('',#15226);
#5998=VERTEX_POINT('',#15236);
#5999=VERTEX_POINT('',#15249);
#6000=VERTEX_POINT('',#15253);
#6001=VERTEX_POINT('',#15268);
#6002=VERTEX_POINT('',#15281);
#6003=VERTEX_POINT('',#15291);
#6004=VERTEX_POINT('',#15296);
#6005=VERTEX_POINT('',#15308);
#6006=VERTEX_POINT('',#15318);
#6007=VERTEX_POINT('',#15331);
#6008=VERTEX_POINT('',#15675);
#6009=VERTEX_POINT('',#15678);
#6010=VERTEX_POINT('',#15682);
#6011=VERTEX_POINT('',#15685);
#6012=CIRCLE('',#8556,0.00530724649842686);
#6013=CIRCLE('',#8557,0.0299642073312219);
#6014=CIRCLE('',#8559,0.0307823892114895);
#6015=CIRCLE('',#8560,0.00262304830667328);
#6016=CIRCLE('',#8561,0.00262304830667329);
#6017=CIRCLE('',#8562,0.00262304830667329);
#6018=CIRCLE('',#8563,0.00262304830667328);
#6019=CIRCLE('',#8564,0.00262304830667328);
#6020=CIRCLE('',#8565,0.00262304830667329);
#6021=CIRCLE('',#8566,0.00262304830667329);
#6022=CIRCLE('',#8567,0.00262304830667328);
#6023=CIRCLE('',#8568,0.00262304830667328);
#6024=CIRCLE('',#8569,0.00262304830667329);
#6025=CIRCLE('',#8570,0.00262304830667329);
#6026=CIRCLE('',#8571,0.00262304830667328);
#6027=CIRCLE('',#8572,0.00262304830667328);
#6028=CIRCLE('',#8573,0.00262304830667329);
#6029=CIRCLE('',#8574,0.00262304830667329);
#6030=CIRCLE('',#8575,0.00262304830667328);
#6031=CIRCLE('',#8576,0.00262304830667328);
#6032=CIRCLE('',#8577,0.00262304830667329);
#6033=CIRCLE('',#8578,0.00262304830667329);
#6034=CIRCLE('',#8579,0.00262304830667328);
#6035=CIRCLE('',#8580,0.00262304830667328);
#6036=CIRCLE('',#8581,0.00262304830667329);
#6037=CIRCLE('',#8582,0.00262304830667329);
#6038=CIRCLE('',#8583,0.00262304830667328);
#6039=CIRCLE('',#8584,0.00262304830667328);
#6040=CIRCLE('',#8585,0.00262304830667329);
#6041=CIRCLE('',#8586,0.00262304830667329);
#6042=CIRCLE('',#8587,0.00262304830667328);
#6043=CIRCLE('',#8588,0.00262304830667328);
#6044=CIRCLE('',#8589,0.00262304830667329);
#6045=CIRCLE('',#8590,0.00262304830667329);
#6046=CIRCLE('',#8591,0.00262304830667328);
#6047=CIRCLE('',#8592,0.00262304830667328);
#6048=CIRCLE('',#8593,0.00262304830667329);
#6049=CIRCLE('',#8594,0.00262304830667329);
#6050=CIRCLE('',#8595,0.00262304830667328);
#6051=CIRCLE('',#8596,0.00262304830667328);
#6052=CIRCLE('',#8597,0.00262304830667329);
#6053=CIRCLE('',#8598,0.00262304830667329);
#6054=CIRCLE('',#8599,0.00262304830667328);
#6055=CIRCLE('',#8600,0.00262304830667328);
#6056=CIRCLE('',#8601,0.00262304830667329);
#6057=CIRCLE('',#8602,0.00262304830667329);
#6058=CIRCLE('',#8603,0.00262304830667328);
#6059=CIRCLE('',#8604,0.00262304830667328);
#6060=CIRCLE('',#8605,0.00262304830667329);
#6061=CIRCLE('',#8606,0.00262304830667329);
#6062=CIRCLE('',#8607,0.00262304830667328);
#6063=CIRCLE('',#8608,0.00262304830667328);
#6064=CIRCLE('',#8609,0.00262304830667329);
#6065=CIRCLE('',#8610,0.00262304830667329);
#6066=CIRCLE('',#8611,0.00262304830667328);
#6067=CIRCLE('',#8612,0.00262304830667328);
#6068=CIRCLE('',#8613,0.00262304830667329);
#6069=CIRCLE('',#8614,0.00262304830667329);
#6070=CIRCLE('',#8615,0.00262304830667328);
#6071=CIRCLE('',#8616,0.00262304830667328);
#6072=CIRCLE('',#8617,0.00262304830667329);
#6073=CIRCLE('',#8618,0.00262304830667329);
#6074=CIRCLE('',#8619,0.00262304830667328);
#6075=CIRCLE('',#8620,0.00262304830667328);
#6076=CIRCLE('',#8621,0.00262304830667329);
#6077=CIRCLE('',#8622,0.00262304830667329);
#6078=CIRCLE('',#8623,0.00262304830667328);
#6079=CIRCLE('',#8624,0.00262304830667328);
#6080=CIRCLE('',#8625,0.00262304830667329);
#6081=CIRCLE('',#8626,0.00262304830667329);
#6082=CIRCLE('',#8627,0.00262304830667328);
#6083=CIRCLE('',#8628,0.00262304830667328);
#6084=CIRCLE('',#8629,0.00262304830667329);
#6085=CIRCLE('',#8630,0.00262304830667329);
#6086=CIRCLE('',#8631,0.00262304830667328);
#6087=CIRCLE('',#8632,0.00262304830667328);
#6088=CIRCLE('',#8633,0.00262304830667329);
#6089=CIRCLE('',#8634,0.00262304830667329);
#6090=CIRCLE('',#8635,0.00262304830667328);
#6091=CIRCLE('',#8636,0.00262304830667328);
#6092=CIRCLE('',#8637,0.00262304830667329);
#6093=CIRCLE('',#8638,0.00262304830667329);
#6094=CIRCLE('',#8639,0.00262304830667328);
#6095=CIRCLE('',#8640,0.00262304830667329);
#6096=CIRCLE('',#8641,0.00262304830667329);
#6097=CIRCLE('',#8642,0.00262304830667328);
#6098=CIRCLE('',#8643,0.00262304830667328);
#6099=CIRCLE('',#8644,0.0793444453917172);
#6100=CIRCLE('',#8646,0.0044033901064442);
#6101=CIRCLE('',#8647,0.0297729066904867);
#6102=CIRCLE('',#8648,0.00440339010644421);
#6103=CIRCLE('',#8650,0.0044033901064442);
#6104=CIRCLE('',#8651,0.0297729066904867);
#6105=CIRCLE('',#8652,0.00440339010644421);
#6106=CIRCLE('',#8654,0.0044033901064442);
#6107=CIRCLE('',#8655,0.0297729066904867);
#6108=CIRCLE('',#8656,0.00440339010644421);
#6109=CIRCLE('',#8658,0.0044033901064442);
#6110=CIRCLE('',#8659,0.0297729066904867);
#6111=CIRCLE('',#8660,0.00440339010644421);
#6112=CIRCLE('',#8662,0.0044033901064442);
#6113=CIRCLE('',#8663,0.0297729066904867);
#6114=CIRCLE('',#8664,0.00440339010644421);
#6115=CIRCLE('',#8666,0.0044033901064442);
#6116=CIRCLE('',#8667,0.0297729066904867);
#6117=CIRCLE('',#8668,0.00440339010644421);
#6118=CIRCLE('',#8670,0.0044033901064442);
#6119=CIRCLE('',#8671,0.0297729066904867);
#6120=CIRCLE('',#8672,0.00440339010644421);
#6121=CIRCLE('',#8674,0.0044033901064442);
#6122=CIRCLE('',#8675,0.0297729066904867);
#6123=CIRCLE('',#8676,0.00440339010644421);
#6124=CIRCLE('',#8678,0.0044033901064442);
#6125=CIRCLE('',#8679,0.0297729066904867);
#6126=CIRCLE('',#8680,0.00440339010644421);
#6127=CIRCLE('',#8682,0.0044033901064442);
#6128=CIRCLE('',#8683,0.0297729066904867);
#6129=CIRCLE('',#8684,0.00440339010644421);
#6130=CIRCLE('',#8686,0.0044033901064442);
#6131=CIRCLE('',#8687,0.0297729066904867);
#6132=CIRCLE('',#8688,0.00440339010644421);
#6133=CIRCLE('',#8690,0.0044033901064442);
#6134=CIRCLE('',#8691,0.0297729066904867);
#6135=CIRCLE('',#8692,0.00440339010644421);
#6136=CIRCLE('',#8694,0.0044033901064442);
#6137=CIRCLE('',#8695,0.0297729066904867);
#6138=CIRCLE('',#8696,0.00440339010644421);
#6139=CIRCLE('',#8698,0.0044033901064442);
#6140=CIRCLE('',#8699,0.0297729066904867);
#6141=CIRCLE('',#8700,0.00440339010644421);
#6142=CIRCLE('',#8702,0.0044033901064442);
#6143=CIRCLE('',#8703,0.0297729066904867);
#6144=CIRCLE('',#8704,0.00440339010644421);
#6145=CIRCLE('',#8706,0.0044033901064442);
#6146=CIRCLE('',#8707,0.0297729066904867);
#6147=CIRCLE('',#8708,0.00440339010644421);
#6148=CIRCLE('',#8710,0.0044033901064442);
#6149=CIRCLE('',#8711,0.0297729066904867);
#6150=CIRCLE('',#8712,0.00440339010644421);
#6151=CIRCLE('',#8714,0.0044033901064442);
#6152=CIRCLE('',#8715,0.0297729066904867);
#6153=CIRCLE('',#8716,0.00440339010644421);
#6154=CIRCLE('',#8718,0.0044033901064442);
#6155=CIRCLE('',#8719,0.0297729066904867);
#6156=CIRCLE('',#8720,0.00440339010644421);
#6157=CIRCLE('',#8722,0.0044033901064442);
#6158=CIRCLE('',#8723,0.0297729066904867);
#6159=CIRCLE('',#8724,0.00440339010644421);
#6160=CIRCLE('',#8726,0.0805378628);
#6161=CIRCLE('',#8727,0.00440339010644421);
#6162=CIRCLE('',#8728,0.0044033901064442);
#6163=CIRCLE('',#8729,0.00440339010644421);
#6164=CIRCLE('',#8730,0.0044033901064442);
#6165=CIRCLE('',#8731,0.00440339010644421);
#6166=CIRCLE('',#8732,0.0044033901064442);
#6167=CIRCLE('',#8733,0.00440339010644421);
#6168=CIRCLE('',#8734,0.0044033901064442);
#6169=CIRCLE('',#8735,0.00440339010644421);
#6170=CIRCLE('',#8736,0.0044033901064442);
#6171=CIRCLE('',#8737,0.00440339010644421);
#6172=CIRCLE('',#8738,0.0044033901064442);
#6173=CIRCLE('',#8739,0.00440339010644421);
#6174=CIRCLE('',#8740,0.0044033901064442);
#6175=CIRCLE('',#8741,0.00440339010644421);
#6176=CIRCLE('',#8742,0.0044033901064442);
#6177=CIRCLE('',#8743,0.00440339010644421);
#6178=CIRCLE('',#8744,0.0044033901064442);
#6179=CIRCLE('',#8745,0.00440339010644421);
#6180=CIRCLE('',#8746,0.0044033901064442);
#6181=CIRCLE('',#8747,0.00440339010644421);
#6182=CIRCLE('',#8748,0.0044033901064442);
#6183=CIRCLE('',#8749,0.00440339010644421);
#6184=CIRCLE('',#8750,0.0044033901064442);
#6185=CIRCLE('',#8751,0.00440339010644421);
#6186=CIRCLE('',#8752,0.0044033901064442);
#6187=CIRCLE('',#8753,0.00440339010644421);
#6188=CIRCLE('',#8754,0.0044033901064442);
#6189=CIRCLE('',#8755,0.00440339010644421);
#6190=CIRCLE('',#8756,0.0044033901064442);
#6191=CIRCLE('',#8757,0.00440339010644421);
#6192=CIRCLE('',#8758,0.0044033901064442);
#6193=CIRCLE('',#8759,0.00440339010644421);
#6194=CIRCLE('',#8760,0.0044033901064442);
#6195=CIRCLE('',#8761,0.00440339010644421);
#6196=CIRCLE('',#8762,0.0044033901064442);
#6197=CIRCLE('',#8763,0.00440339010644421);
#6198=CIRCLE('',#8764,0.0044033901064442);
#6199=CIRCLE('',#8765,0.00440339010644421);
#6200=CIRCLE('',#8766,0.0044033901064442);
#6201=CIRCLE('',#8767,0.00440339010644421);
#6202=CIRCLE('',#8768,0.0044033901064442);
#6203=CIRCLE('',#8770,0.0044033901064442);
#6204=CIRCLE('',#8771,0.0297729066904867);
#6205=CIRCLE('',#8772,0.00440339010644421);
#6206=CIRCLE('',#8774,0.0816377391406889);
#6207=CIRCLE('',#8775,0.08255);
#6208=CIRCLE('',#8777,0.08255);
#6209=CIRCLE('',#8779,0.0239499475154622);
#6210=CIRCLE('',#8780,0.0239499475154622);
#6211=CIRCLE('',#8782,0.0277607694904867);
#6212=CIRCLE('',#8783,0.0277607694904867);
#6213=CIRCLE('',#8786,0.00530724649842686);
#6214=CIRCLE('',#8790,0.000613661416140775);
#6215=CIRCLE('',#8791,0.0023940032159117);
#6216=CIRCLE('',#8794,0.000613661416140775);
#6217=CIRCLE('',#8795,0.0023940032159117);
#6218=CIRCLE('',#8798,0.000613661416140778);
#6219=CIRCLE('',#8799,0.0023940032159117);
#6220=CIRCLE('',#8802,0.000613661416140772);
#6221=CIRCLE('',#8803,0.00239400321591169);
#6222=CIRCLE('',#8806,0.000613661416140775);
#6223=CIRCLE('',#8807,0.0023940032159117);
#6224=CIRCLE('',#8810,0.000613661416140775);
#6225=CIRCLE('',#8811,0.0023940032159117);
#6226=CIRCLE('',#8814,0.000613661416140778);
#6227=CIRCLE('',#8815,0.0023940032159117);
#6228=CIRCLE('',#8818,0.000613661416140772);
#6229=CIRCLE('',#8819,0.00239400321591169);
#6230=CIRCLE('',#8822,0.000613661416140775);
#6231=CIRCLE('',#8823,0.0023940032159117);
#6232=CIRCLE('',#8826,0.000613661416140775);
#6233=CIRCLE('',#8827,0.0023940032159117);
#6234=CIRCLE('',#8830,0.000613661416140778);
#6235=CIRCLE('',#8831,0.0023940032159117);
#6236=CIRCLE('',#8834,0.000613661416140772);
#6237=CIRCLE('',#8835,0.00239400321591169);
#6238=CIRCLE('',#8838,0.000613661416140775);
#6239=CIRCLE('',#8839,0.0023940032159117);
#6240=CIRCLE('',#8842,0.000613661416140775);
#6241=CIRCLE('',#8843,0.0023940032159117);
#6242=CIRCLE('',#8846,0.000613661416140778);
#6243=CIRCLE('',#8847,0.0023940032159117);
#6244=CIRCLE('',#8850,0.000613661416140772);
#6245=CIRCLE('',#8851,0.00239400321591169);
#6246=CIRCLE('',#8854,0.000613661416140775);
#6247=CIRCLE('',#8855,0.0023940032159117);
#6248=CIRCLE('',#8858,0.000613661416140775);
#6249=CIRCLE('',#8859,0.0023940032159117);
#6250=CIRCLE('',#8862,0.000613661416140778);
#6251=CIRCLE('',#8863,0.0023940032159117);
#6252=CIRCLE('',#8866,0.000613661416140772);
#6253=CIRCLE('',#8867,0.00239400321591169);
#6254=CIRCLE('',#8870,0.000613661416140775);
#6255=CIRCLE('',#8871,0.0023940032159117);
#6256=CIRCLE('',#8874,0.000613661416140775);
#6257=CIRCLE('',#8875,0.0023940032159117);
#6258=CIRCLE('',#8878,0.000613661416140778);
#6259=CIRCLE('',#8879,0.0023940032159117);
#6260=CIRCLE('',#8882,0.000613661416140772);
#6261=CIRCLE('',#8883,0.00239400321591169);
#6262=CIRCLE('',#8886,0.000613661416140775);
#6263=CIRCLE('',#8887,0.0023940032159117);
#6264=CIRCLE('',#8890,0.000613661416140775);
#6265=CIRCLE('',#8891,0.0023940032159117);
#6266=CIRCLE('',#8894,0.000613661416140778);
#6267=CIRCLE('',#8895,0.0023940032159117);
#6268=CIRCLE('',#8898,0.000613661416140772);
#6269=CIRCLE('',#8899,0.00239400321591169);
#6270=CIRCLE('',#8902,0.000613661416140775);
#6271=CIRCLE('',#8903,0.0023940032159117);
#6272=CIRCLE('',#8906,0.000613661416140775);
#6273=CIRCLE('',#8907,0.0023940032159117);
#6274=CIRCLE('',#8910,0.000613661416140778);
#6275=CIRCLE('',#8911,0.0023940032159117);
#6276=CIRCLE('',#8914,0.000613661416140772);
#6277=CIRCLE('',#8915,0.00239400321591169);
#6278=CIRCLE('',#8918,0.000613661416140775);
#6279=CIRCLE('',#8919,0.0023940032159117);
#6280=CIRCLE('',#8922,0.000613661416140775);
#6281=CIRCLE('',#8923,0.0023940032159117);
#6282=CIRCLE('',#8926,0.000613661416140778);
#6283=CIRCLE('',#8927,0.0023940032159117);
#6284=CIRCLE('',#8930,0.000613661416140772);
#6285=CIRCLE('',#8931,0.00239400321591169);
#6286=CIRCLE('',#8934,0.000613661416140775);
#6287=CIRCLE('',#8935,0.0023940032159117);
#6288=CIRCLE('',#8938,0.000613661416140775);
#6289=CIRCLE('',#8939,0.0023940032159117);
#6290=CIRCLE('',#8942,0.000613661416140778);
#6291=CIRCLE('',#8943,0.0023940032159117);
#6292=CIRCLE('',#8946,0.000613661416140772);
#6293=CIRCLE('',#8947,0.00239400321591169);
#6294=CIRCLE('',#8950,0.000613661416140775);
#6295=CIRCLE('',#8951,0.0023940032159117);
#6296=CIRCLE('',#8954,0.000613661416140775);
#6297=CIRCLE('',#8955,0.0023940032159117);
#6298=CIRCLE('',#8958,0.000613661416140778);
#6299=CIRCLE('',#8959,0.0023940032159117);
#6300=CIRCLE('',#8962,0.000613661416140772);
#6301=CIRCLE('',#8963,0.00239400321591169);
#6302=CIRCLE('',#8966,0.000613661416140775);
#6303=CIRCLE('',#8967,0.0023940032159117);
#6304=CIRCLE('',#8970,0.000613661416140775);
#6305=CIRCLE('',#8971,0.0023940032159117);
#6306=CIRCLE('',#8974,0.000613661416140778);
#6307=CIRCLE('',#8975,0.0023940032159117);
#6308=CIRCLE('',#8978,0.000613661416140772);
#6309=CIRCLE('',#8979,0.00239400321591169);
#6310=CIRCLE('',#8982,0.000613661416140775);
#6311=CIRCLE('',#8983,0.0023940032159117);
#6312=CIRCLE('',#8986,0.000613661416140775);
#6313=CIRCLE('',#8987,0.0023940032159117);
#6314=CIRCLE('',#8990,0.000613661416140778);
#6315=CIRCLE('',#8991,0.0023940032159117);
#6316=CIRCLE('',#8994,0.000613661416140772);
#6317=CIRCLE('',#8995,0.00239400321591169);
#6318=CIRCLE('',#8998,0.000613661416140775);
#6319=CIRCLE('',#8999,0.0023940032159117);
#6320=CIRCLE('',#9002,0.000613661416140775);
#6321=CIRCLE('',#9003,0.0023940032159117);
#6322=CIRCLE('',#9006,0.000613661416140778);
#6323=CIRCLE('',#9007,0.0023940032159117);
#6324=CIRCLE('',#9010,0.000613661416140772);
#6325=CIRCLE('',#9011,0.00239400321591169);
#6326=CIRCLE('',#9014,0.000613661416140775);
#6327=CIRCLE('',#9015,0.0023940032159117);
#6328=CIRCLE('',#9018,0.000613661416140775);
#6329=CIRCLE('',#9019,0.0023940032159117);
#6330=CIRCLE('',#9022,0.000613661416140778);
#6331=CIRCLE('',#9023,0.0023940032159117);
#6332=CIRCLE('',#9026,0.000613661416140772);
#6333=CIRCLE('',#9027,0.00239400321591169);
#6334=CIRCLE('',#9030,0.000613661416140775);
#6335=CIRCLE('',#9031,0.0023940032159117);
#6336=CIRCLE('',#9034,0.000613661416140775);
#6337=CIRCLE('',#9035,0.0023940032159117);
#6338=CIRCLE('',#9038,0.000613661416140778);
#6339=CIRCLE('',#9039,0.0023940032159117);
#6340=CIRCLE('',#9042,0.000613661416140772);
#6341=CIRCLE('',#9043,0.00239400321591169);
#6342=CIRCLE('',#9046,0.000613661416140775);
#6343=CIRCLE('',#9047,0.0023940032159117);
#6344=CIRCLE('',#9050,0.000613661416140775);
#6345=CIRCLE('',#9051,0.0023940032159117);
#6346=CIRCLE('',#9054,0.000613661416140778);
#6347=CIRCLE('',#9055,0.0023940032159117);
#6348=CIRCLE('',#9058,0.000613661416140772);
#6349=CIRCLE('',#9059,0.00239400321591169);
#6350=CIRCLE('',#9062,0.000613661416140775);
#6351=CIRCLE('',#9063,0.0023940032159117);
#6352=CIRCLE('',#9066,0.000613661416140775);
#6353=CIRCLE('',#9067,0.0023940032159117);
#6354=CIRCLE('',#9070,0.000613661416140778);
#6355=CIRCLE('',#9071,0.0023940032159117);
#6356=CIRCLE('',#9074,0.000613661416140772);
#6357=CIRCLE('',#9075,0.00239400321591169);
#6358=CIRCLE('',#9078,0.000613661416140775);
#6359=CIRCLE('',#9079,0.0023940032159117);
#6360=CIRCLE('',#9082,0.000613661416140775);
#6361=CIRCLE('',#9083,0.0023940032159117);
#6362=CIRCLE('',#9086,0.000613661416140778);
#6363=CIRCLE('',#9087,0.0023940032159117);
#6364=CIRCLE('',#9090,0.000613661416140772);
#6365=CIRCLE('',#9091,0.00239400321591169);
#6366=CIRCLE('',#9094,0.000613661416140775);
#6367=CIRCLE('',#9095,0.0023940032159117);
#6368=CIRCLE('',#9098,0.000613661416140775);
#6369=CIRCLE('',#9099,0.0023940032159117);
#6370=CIRCLE('',#9102,0.000613661416140778);
#6371=CIRCLE('',#9103,0.0023940032159117);
#6372=CIRCLE('',#9106,0.000613661416140772);
#6373=CIRCLE('',#9107,0.00239400321591169);
#6374=CIRCLE('',#9110,0.000613661416140775);
#6375=CIRCLE('',#9111,0.0023940032159117);
#6376=CIRCLE('',#9114,0.000613661416140775);
#6377=CIRCLE('',#9115,0.0023940032159117);
#6378=CIRCLE('',#9118,0.000613661416140778);
#6379=CIRCLE('',#9119,0.0023940032159117);
#6380=CIRCLE('',#9122,0.000613661416140772);
#6381=CIRCLE('',#9123,0.00239400321591169);
#6382=CIRCLE('',#9125,0.00201212754041179);
#6383=CIRCLE('',#9126,0.00201212754041179);
#6384=CIRCLE('',#9128,0.00201212754041179);
#6385=CIRCLE('',#9130,0.00201212754041179);
#6386=CIRCLE('',#9132,0.00201212754041179);
#6387=CIRCLE('',#9134,0.00201212754041179);
#6388=CIRCLE('',#9136,0.00201212754041179);
#6389=CIRCLE('',#9138,0.00201212754041179);
#6390=CIRCLE('',#9141,0.00201212754041179);
#6391=CIRCLE('',#9142,0.00201212754041179);
#6392=CIRCLE('',#9144,0.00201212754041179);
#6393=CIRCLE('',#9146,0.00201212754041179);
#6394=CIRCLE('',#9149,0.00201212754041179);
#6395=CIRCLE('',#9150,0.00201212754041179);
#6396=CIRCLE('',#9152,0.00201212754041179);
#6397=CIRCLE('',#9154,0.00201212754041179);
#6398=CIRCLE('',#9156,0.00201212754041179);
#6399=CIRCLE('',#9158,0.00201212754041179);
#6400=CIRCLE('',#9160,0.00201212754041179);
#6401=CIRCLE('',#9161,0.00201212754041179);
#6402=CIRCLE('',#9164,0.00201212754041179);
#6403=CIRCLE('',#9166,0.00201212754041179);
#6404=CIRCLE('',#9168,0.00201212754041179);
#6405=CIRCLE('',#9170,0.00201212754041179);
#6406=CIRCLE('',#9172,0.00201212754041179);
#6407=CIRCLE('',#9174,0.00201212754041179);
#6408=CIRCLE('',#9177,0.00201212754041179);
#6409=CIRCLE('',#9179,0.00201212754041179);
#6410=CIRCLE('',#9182,0.00201212754041179);
#6411=CIRCLE('',#9183,0.00201212754041179);
#6412=CIRCLE('',#9185,0.00201212754041179);
#6413=CIRCLE('',#9187,0.00201212754041179);
#6414=CIRCLE('',#9190,0.00201212754041179);
#6415=CIRCLE('',#9192,0.00201212754041179);
#6416=CIRCLE('',#9194,0.00201212754041179);
#6417=CIRCLE('',#9195,0.00201212754041179);
#6418=CIRCLE('',#9198,0.00201212754041179);
#6419=CIRCLE('',#9200,0.00201212754041179);
#6420=CIRCLE('',#9202,0.00201212754041179);
#6421=CIRCLE('',#9204,0.00201212754041179);
#6422=CIRCLE('',#9206,0.00201212754041179);
#6423=CIRCLE('',#9208,0.00201212754041179);
#6424=CIRCLE('',#9211,0.00201212754041179);
#6425=CIRCLE('',#9213,0.00201212754041179);
#6426=CIRCLE('',#9216,0.00201212754041179);
#6427=CIRCLE('',#9217,0.00201212754041179);
#6428=CIRCLE('',#9219,0.00201212754041179);
#6429=CIRCLE('',#9221,0.00201212754041179);
#6430=CIRCLE('',#9224,0.00201212754041179);
#6431=CIRCLE('',#9226,0.00201212754041179);
#6432=CIRCLE('',#9228,0.00201212754041179);
#6433=CIRCLE('',#9229,0.00201212754041179);
#6434=CIRCLE('',#9232,0.00201212754041179);
#6435=CIRCLE('',#9234,0.00201212754041179);
#6436=CIRCLE('',#9236,0.00201212754041179);
#6437=CIRCLE('',#9238,0.00201212754041179);
#6438=CIRCLE('',#9240,0.00201212754041179);
#6439=CIRCLE('',#9242,0.00201212754041179);
#6440=CIRCLE('',#9245,0.00201212754041179);
#6441=CIRCLE('',#9247,0.00201212754041179);
#6442=CIRCLE('',#9250,0.00201212754041179);
#6443=CIRCLE('',#9251,0.00201212754041179);
#6444=CIRCLE('',#9253,0.00201212754041179);
#6445=CIRCLE('',#9255,0.00201212754041179);
#6446=CIRCLE('',#9258,0.00201212754041179);
#6447=CIRCLE('',#9260,0.00201212754041179);
#6448=CIRCLE('',#9262,0.00201212754041179);
#6449=CIRCLE('',#9263,0.00201212754041179);
#6450=CIRCLE('',#9266,0.00201212754041179);
#6451=CIRCLE('',#9268,0.00201212754041179);
#6452=CIRCLE('',#9270,0.00201212754041179);
#6453=CIRCLE('',#9272,0.00201212754041179);
#6454=CIRCLE('',#9274,0.00201212754041179);
#6455=CIRCLE('',#9276,0.00201212754041179);
#6456=CIRCLE('',#9279,0.00201212754041179);
#6457=CIRCLE('',#9281,0.00201212754041179);
#6458=CIRCLE('',#9284,0.00201212754041179);
#6459=CIRCLE('',#9285,0.00201212754041179);
#6460=CIRCLE('',#9287,0.00201212754041179);
#6461=CIRCLE('',#9289,0.00201212754041179);
#6462=CIRCLE('',#9292,0.00201212754041179);
#6463=CIRCLE('',#9294,0.00201212754041179);
#6464=CIRCLE('',#9296,0.00201212754041179);
#6465=CIRCLE('',#9297,0.00201212754041179);
#6466=CIRCLE('',#9300,0.00201212754041179);
#6467=CIRCLE('',#9302,0.00201212754041179);
#6468=CIRCLE('',#9304,0.00201212754041179);
#6469=CIRCLE('',#9306,0.00201212754041179);
#6470=CIRCLE('',#9308,0.00201212754041179);
#6471=CIRCLE('',#9310,0.00201212754041179);
#6472=CIRCLE('',#9313,0.00201212754041179);
#6473=CIRCLE('',#9315,0.00201212754041179);
#6474=CIRCLE('',#9318,0.00201212754041179);
#6475=CIRCLE('',#9319,0.00201212754041179);
#6476=CIRCLE('',#9321,0.00201212754041179);
#6477=CIRCLE('',#9323,0.00201212754041179);
#6478=CIRCLE('',#9326,0.00201212754041179);
#6479=CIRCLE('',#9328,0.00201212754041179);
#6480=CIRCLE('',#9330,0.00201212754041179);
#6481=CIRCLE('',#9331,0.00201212754041179);
#6482=CIRCLE('',#9334,0.00201212754041179);
#6483=CIRCLE('',#9336,0.00201212754041179);
#6484=CIRCLE('',#9338,0.00201212754041179);
#6485=CIRCLE('',#9340,0.00201212754041179);
#6486=CIRCLE('',#9342,0.00201212754041179);
#6487=CIRCLE('',#9344,0.00201212754041179);
#6488=CIRCLE('',#9347,0.00201212754041179);
#6489=CIRCLE('',#9349,0.00201212754041179);
#6490=CIRCLE('',#9352,0.00201212754041179);
#6491=CIRCLE('',#9353,0.00201212754041179);
#6492=CIRCLE('',#9355,0.00201212754041179);
#6493=CIRCLE('',#9357,0.00201212754041179);
#6494=CIRCLE('',#9360,0.00201212754041179);
#6495=CIRCLE('',#9362,0.00201212754041179);
#6496=CIRCLE('',#9364,0.00201212754041179);
#6497=CIRCLE('',#9365,0.00201212754041179);
#6498=CIRCLE('',#9368,0.00201212754041179);
#6499=CIRCLE('',#9370,0.00201212754041179);
#6500=CIRCLE('',#9372,0.00201212754041179);
#6501=CIRCLE('',#9374,0.00201212754041179);
#6502=CIRCLE('',#9376,0.00201212754041179);
#6503=CIRCLE('',#9378,0.00201212754041179);
#6504=CIRCLE('',#9381,0.00201212754041179);
#6505=CIRCLE('',#9383,0.00201212754041179);
#6506=CIRCLE('',#9386,0.00201212754041179);
#6507=CIRCLE('',#9387,0.00201212754041179);
#6508=CIRCLE('',#9389,0.00201212754041179);
#6509=CIRCLE('',#9391,0.00201212754041179);
#6510=CIRCLE('',#9394,0.00201212754041179);
#6511=CIRCLE('',#9396,0.00201212754041179);
#6512=CIRCLE('',#9398,0.00201212754041179);
#6513=CIRCLE('',#9399,0.00201212754041179);
#6514=CIRCLE('',#9402,0.00201212754041179);
#6515=CIRCLE('',#9404,0.00201212754041179);
#6516=CIRCLE('',#9406,0.00201212754041179);
#6517=CIRCLE('',#9408,0.00201212754041179);
#6518=CIRCLE('',#9410,0.00201212754041179);
#6519=CIRCLE('',#9412,0.00201212754041179);
#6520=CIRCLE('',#9415,0.00201212754041179);
#6521=CIRCLE('',#9417,0.00201212754041179);
#6522=CIRCLE('',#9420,0.00201212754041179);
#6523=CIRCLE('',#9421,0.00201212754041179);
#6524=CIRCLE('',#9423,0.00201212754041179);
#6525=CIRCLE('',#9425,0.00201212754041179);
#6526=CIRCLE('',#9428,0.00201212754041179);
#6527=CIRCLE('',#9430,0.00201212754041179);
#6528=CIRCLE('',#9432,0.00201212754041179);
#6529=CIRCLE('',#9433,0.00201212754041179);
#6530=CIRCLE('',#9436,0.00201212754041179);
#6531=CIRCLE('',#9438,0.00201212754041179);
#6532=CIRCLE('',#9440,0.00201212754041179);
#6533=CIRCLE('',#9442,0.00201212754041179);
#6534=CIRCLE('',#9444,0.00201212754041179);
#6535=CIRCLE('',#9446,0.00201212754041179);
#6536=CIRCLE('',#9449,0.00201212754041179);
#6537=CIRCLE('',#9451,0.00201212754041179);
#6538=CIRCLE('',#9454,0.00201212754041179);
#6539=CIRCLE('',#9455,0.00201212754041179);
#6540=CIRCLE('',#9457,0.00201212754041179);
#6541=CIRCLE('',#9459,0.00201212754041179);
#6542=CIRCLE('',#9462,0.00201212754041179);
#6543=CIRCLE('',#9464,0.00201212754041179);
#6544=CIRCLE('',#9466,0.00201212754041179);
#6545=CIRCLE('',#9467,0.00201212754041179);
#6546=CIRCLE('',#9470,0.00201212754041179);
#6547=CIRCLE('',#9472,0.00201212754041179);
#6548=CIRCLE('',#9474,0.00201212754041179);
#6549=CIRCLE('',#9476,0.00201212754041179);
#6550=CIRCLE('',#9478,0.00201212754041179);
#6551=CIRCLE('',#9480,0.00201212754041179);
#6552=CIRCLE('',#9483,0.00201212754041179);
#6553=CIRCLE('',#9485,0.00201212754041179);
#6554=CIRCLE('',#9488,0.00201212754041179);
#6555=CIRCLE('',#9490,0.00201212754041179);
#6556=CIRCLE('',#9493,0.00201212754041179);
#6557=CIRCLE('',#9495,0.00201212754041179);
#6558=CIRCLE('',#9498,0.00201212754041179);
#6559=CIRCLE('',#9499,0.00201212754041179);
#6560=CIRCLE('',#9501,0.00201212754041179);
#6561=CIRCLE('',#9503,0.00201212754041179);
#6562=CIRCLE('',#9505,0.00201212754041179);
#6563=CIRCLE('',#9507,0.00201212754041179);
#6564=CIRCLE('',#9509,0.00201212754041179);
#6565=CIRCLE('',#9511,0.00201212754041179);
#6566=CIRCLE('',#9514,0.00201212754041179);
#6567=CIRCLE('',#9515,0.00201212754041179);
#6568=CIRCLE('',#9517,0.00201212754041179);
#6569=CIRCLE('',#9519,0.00201212754041179);
#6570=CIRCLE('',#9521,0.00201212754041179);
#6571=CIRCLE('',#9523,0.00201212754041179);
#6572=CIRCLE('',#9525,0.00201212754041179);
#6573=CIRCLE('',#9527,0.00201212754041179);
#6574=CIRCLE('',#9530,0.00201212754041179);
#6575=CIRCLE('',#9531,0.00201212754041179);
#6576=CIRCLE('',#9533,0.00201212754041179);
#6577=CIRCLE('',#9535,0.00201212754041179);
#6578=CIRCLE('',#9537,0.00201212754041179);
#6579=CIRCLE('',#9539,0.00201212754041179);
#6580=CIRCLE('',#9541,0.00201212754041179);
#6581=CIRCLE('',#9543,0.00201212754041179);
#6582=CIRCLE('',#9546,0.00201212754041179);
#6583=CIRCLE('',#9547,0.00201212754041179);
#6584=CIRCLE('',#9549,0.00201212754041179);
#6585=CIRCLE('',#9551,0.00201212754041179);
#6586=CIRCLE('',#9553,0.00201212754041179);
#6587=CIRCLE('',#9555,0.00201212754041179);
#6588=CIRCLE('',#9557,0.00201212754041179);
#6589=CIRCLE('',#9559,0.00201212754041179);
#6590=CIRCLE('',#9562,0.00201212754041179);
#6591=CIRCLE('',#9563,0.00201212754041179);
#6592=CIRCLE('',#9565,0.00201212754041179);
#6593=CIRCLE('',#9567,0.00201212754041179);
#6594=CIRCLE('',#9569,0.00201212754041179);
#6595=CIRCLE('',#9571,0.00201212754041179);
#6596=CIRCLE('',#9573,0.00201212754041179);
#6597=CIRCLE('',#9575,0.00201212754041179);
#6598=CIRCLE('',#9578,0.00201212754041179);
#6599=CIRCLE('',#9579,0.00201212754041179);
#6600=CIRCLE('',#9581,0.00201212754041179);
#6601=CIRCLE('',#9583,0.00201212754041179);
#6602=CIRCLE('',#9585,0.00201212754041179);
#6603=CIRCLE('',#9587,0.00201212754041179);
#6604=CIRCLE('',#9589,0.00201212754041179);
#6605=CIRCLE('',#9591,0.00201212754041179);
#6606=CIRCLE('',#9594,0.00201212754041179);
#6607=CIRCLE('',#9595,0.00201212754041179);
#6608=CIRCLE('',#9597,0.00201212754041179);
#6609=CIRCLE('',#9599,0.00201212754041179);
#6610=CIRCLE('',#9601,0.00201212754041179);
#6611=CIRCLE('',#9603,0.00201212754041179);
#6612=CIRCLE('',#9605,0.00201212754041179);
#6613=CIRCLE('',#9607,0.00201212754041179);
#6614=CIRCLE('',#9610,0.00201212754041179);
#6615=CIRCLE('',#9611,0.00201212754041179);
#6616=CIRCLE('',#9613,0.00201212754041179);
#6617=CIRCLE('',#9615,0.00201212754041179);
#6618=CIRCLE('',#9617,0.00201212754041179);
#6619=CIRCLE('',#9619,0.00201212754041179);
#6620=CIRCLE('',#9621,0.00201212754041179);
#6621=CIRCLE('',#9623,0.00201212754041179);
#6622=CIRCLE('',#9626,0.00201212754041179);
#6623=CIRCLE('',#9627,0.00201212754041179);
#6624=CIRCLE('',#9629,0.00201212754041179);
#6625=CIRCLE('',#9631,0.00201212754041179);
#6626=CIRCLE('',#9633,0.00201212754041179);
#6627=CIRCLE('',#9635,0.00201212754041179);
#6628=CIRCLE('',#9637,0.00201212754041179);
#6629=CIRCLE('',#9639,0.00201212754041179);
#6630=CIRCLE('',#9642,0.00201212754041179);
#6631=CIRCLE('',#9643,0.00201212754041179);
#6632=CIRCLE('',#9645,0.00201212754041179);
#6633=CIRCLE('',#9647,0.00201212754041179);
#6634=CIRCLE('',#9649,0.00201212754041179);
#6635=CIRCLE('',#9651,0.00201212754041179);
#6636=CIRCLE('',#9653,0.00201212754041179);
#6637=CIRCLE('',#9655,0.00201212754041179);
#6638=CIRCLE('',#9658,0.00201212754041179);
#6639=CIRCLE('',#9659,0.00201212754041179);
#6640=CIRCLE('',#9661,0.00201212754041179);
#6641=CIRCLE('',#9663,0.00201212754041179);
#6642=CIRCLE('',#9665,0.00201212754041179);
#6643=CIRCLE('',#9667,0.00201212754041179);
#6644=CIRCLE('',#9669,0.00201212754041179);
#6645=CIRCLE('',#9671,0.00201212754041179);
#6646=CIRCLE('',#9674,0.00201212754041179);
#6647=CIRCLE('',#9675,0.00201212754041179);
#6648=CIRCLE('',#9677,0.00201212754041179);
#6649=CIRCLE('',#9679,0.00201212754041179);
#6650=CIRCLE('',#9681,0.00201212754041179);
#6651=CIRCLE('',#9683,0.00201212754041179);
#6652=CIRCLE('',#9685,0.00201212754041179);
#6653=CIRCLE('',#9687,0.00201212754041179);
#6654=CIRCLE('',#9690,0.00201212754041179);
#6655=CIRCLE('',#9691,0.00201212754041179);
#6656=CIRCLE('',#9693,0.00201212754041179);
#6657=CIRCLE('',#9695,0.00201212754041179);
#6658=CIRCLE('',#9697,0.00201212754041179);
#6659=CIRCLE('',#9699,0.00201212754041179);
#6660=CIRCLE('',#9701,0.00201212754041179);
#6661=CIRCLE('',#9703,0.00201212754041179);
#6662=CIRCLE('',#9706,0.00201212754041179);
#6663=CIRCLE('',#9707,0.00201212754041179);
#6664=CIRCLE('',#9709,0.00201212754041179);
#6665=CIRCLE('',#9711,0.00201212754041179);
#6666=CIRCLE('',#9713,0.00201212754041179);
#6667=CIRCLE('',#9715,0.00201212754041179);
#6668=CIRCLE('',#9717,0.00201212754041179);
#6669=CIRCLE('',#9719,0.00201212754041179);
#6670=CIRCLE('',#9722,0.00201212754041179);
#6671=CIRCLE('',#9723,0.00201212754041179);
#6672=CIRCLE('',#9725,0.00201212754041179);
#6673=CIRCLE('',#9727,0.00201212754041179);
#6674=CIRCLE('',#9729,0.00201212754041179);
#6675=CIRCLE('',#9731,0.00201212754041179);
#6676=CIRCLE('',#9733,0.00201212754041179);
#6677=CIRCLE('',#9735,0.00201212754041179);
#6678=CIRCLE('',#9738,0.00201212754041179);
#6679=CIRCLE('',#9739,0.00201212754041179);
#6680=CIRCLE('',#9741,0.00201212754041179);
#6681=CIRCLE('',#9743,0.00201212754041179);
#6682=CIRCLE('',#9745,0.00201212754041179);
#6683=CIRCLE('',#9747,0.00201212754041179);
#6684=CIRCLE('',#9749,0.00201212754041179);
#6685=CIRCLE('',#9751,0.00201212754041179);
#6686=CIRCLE('',#9754,0.00201212754041179);
#6687=CIRCLE('',#9755,0.00201212754041179);
#6688=CIRCLE('',#9757,0.00201212754041179);
#6689=CIRCLE('',#9759,0.00201212754041179);
#6690=CIRCLE('',#9761,0.00201212754041179);
#6691=CIRCLE('',#9763,0.00201212754041179);
#6692=CIRCLE('',#9765,0.00201212754041179);
#6693=CIRCLE('',#9767,0.00201212754041179);
#6694=CIRCLE('',#9770,0.00201212754041179);
#6695=CIRCLE('',#9771,0.00201212754041179);
#6696=CIRCLE('',#9773,0.00201212754041179);
#6697=CIRCLE('',#9775,0.00201212754041179);
#6698=CIRCLE('',#9777,0.00201212754041179);
#6699=CIRCLE('',#9779,0.00201212754041179);
#6700=CIRCLE('',#9781,0.00201212754041179);
#6701=CIRCLE('',#9783,0.00201212754041179);
#6702=CIRCLE('',#9786,0.00201212754041179);
#6703=CIRCLE('',#9787,0.00201212754041179);
#6704=CIRCLE('',#9789,0.00201212754041179);
#6705=CIRCLE('',#9791,0.00201212754041179);
#6706=CIRCLE('',#9793,0.00201212754041179);
#6707=CIRCLE('',#9795,0.00201212754041179);
#6708=CIRCLE('',#9797,0.00201212754041179);
#6709=CIRCLE('',#9799,0.00201212754041179);
#6710=CIRCLE('',#9802,0.00201212754041179);
#6711=CIRCLE('',#9803,0.00201212754041179);
#6712=CIRCLE('',#9805,0.00201212754041179);
#6713=CIRCLE('',#9807,0.00201212754041179);
#6714=CIRCLE('',#9809,0.00201212754041179);
#6715=CIRCLE('',#9811,0.00201212754041179);
#6716=CIRCLE('',#9813,0.00201212754041179);
#6717=CIRCLE('',#9815,0.00201212754041179);
#6718=CIRCLE('',#9820,0.0793444453917172);
#6719=CIRCLE('',#9822,0.0816377391406889);
#6720=CIRCLE('',#9825,0.0299642073312219);
#6721=CIRCLE('',#9827,0.0307823892114895);
#6722=EDGE_LOOP('',(#1450));
#6723=EDGE_LOOP('',(#1451));
#6724=EDGE_LOOP('',(#1452));
#6725=EDGE_LOOP('',(#1453,#1454,#1455,#1456,#1457,#1458,#1459,#1460));
#6726=EDGE_LOOP('',(#1461,#1462,#1463,#1464,#1465,#1466,#1467,#1468));
#6727=EDGE_LOOP('',(#1469,#1470,#1471,#1472,#1473,#1474,#1475,#1476));
#6728=EDGE_LOOP('',(#1477,#1478,#1479,#1480,#1481,#1482,#1483,#1484));
#6729=EDGE_LOOP('',(#1485,#1486,#1487,#1488,#1489,#1490,#1491,#1492));
#6730=EDGE_LOOP('',(#1493,#1494,#1495,#1496,#1497,#1498,#1499,#1500));
#6731=EDGE_LOOP('',(#1501,#1502,#1503,#1504,#1505,#1506,#1507,#1508));
#6732=EDGE_LOOP('',(#1509,#1510,#1511,#1512,#1513,#1514,#1515,#1516));
#6733=EDGE_LOOP('',(#1517,#1518,#1519,#1520,#1521,#1522,#1523,#1524));
#6734=EDGE_LOOP('',(#1525,#1526,#1527,#1528,#1529,#1530,#1531,#1532));
#6735=EDGE_LOOP('',(#1533,#1534,#1535,#1536,#1537,#1538,#1539,#1540));
#6736=EDGE_LOOP('',(#1541,#1542,#1543,#1544,#1545,#1546,#1547,#1548));
#6737=EDGE_LOOP('',(#1549,#1550,#1551,#1552,#1553,#1554,#1555,#1556));
#6738=EDGE_LOOP('',(#1557,#1558,#1559,#1560,#1561,#1562,#1563,#1564));
#6739=EDGE_LOOP('',(#1565,#1566,#1567,#1568,#1569,#1570,#1571,#1572));
#6740=EDGE_LOOP('',(#1573,#1574,#1575,#1576,#1577,#1578,#1579,#1580));
#6741=EDGE_LOOP('',(#1581,#1582,#1583,#1584,#1585,#1586,#1587,#1588));
#6742=EDGE_LOOP('',(#1589,#1590,#1591,#1592,#1593,#1594,#1595,#1596));
#6743=EDGE_LOOP('',(#1597,#1598,#1599,#1600,#1601,#1602,#1603,#1604));
#6744=EDGE_LOOP('',(#1605,#1606,#1607,#1608,#1609,#1610,#1611,#1612));
#6745=EDGE_LOOP('',(#1613,#1614,#1615,#1616,#1617,#1618,#1619,#1620));
#6746=EDGE_LOOP('',(#1621));
#6747=EDGE_LOOP('',(#1622,#1623,#1624));
#6748=EDGE_LOOP('',(#1625,#1626,#1627));
#6749=EDGE_LOOP('',(#1628,#1629,#1630));
#6750=EDGE_LOOP('',(#1631,#1632,#1633));
#6751=EDGE_LOOP('',(#1634,#1635,#1636));
#6752=EDGE_LOOP('',(#1637,#1638,#1639));
#6753=EDGE_LOOP('',(#1640,#1641,#1642));
#6754=EDGE_LOOP('',(#1643,#1644,#1645));
#6755=EDGE_LOOP('',(#1646,#1647,#1648));
#6756=EDGE_LOOP('',(#1649,#1650,#1651));
#6757=EDGE_LOOP('',(#1652,#1653,#1654));
#6758=EDGE_LOOP('',(#1655,#1656,#1657));
#6759=EDGE_LOOP('',(#1658,#1659,#1660));
#6760=EDGE_LOOP('',(#1661,#1662,#1663));
#6761=EDGE_LOOP('',(#1664,#1665,#1666));
#6762=EDGE_LOOP('',(#1667,#1668,#1669));
#6763=EDGE_LOOP('',(#1670,#1671,#1672));
#6764=EDGE_LOOP('',(#1673,#1674,#1675));
#6765=EDGE_LOOP('',(#1676,#1677,#1678));
#6766=EDGE_LOOP('',(#1679,#1680,#1681));
#6767=EDGE_LOOP('',(#1682));
#6768=EDGE_LOOP('',(#1683,#1684,#1685,#1686,#1687,#1688,#1689,#1690,#1691,
#1692,#1693,#1694,#1695,#1696,#1697,#1698,#1699,#1700,#1701,#1702,#1703,
#1704,#1705,#1706,#1707,#1708,#1709,#1710,#1711,#1712,#1713,#1714,#1715,
#1716,#1717,#1718,#1719,#1720,#1721,#1722,#1723,#1724,#1725,#1726,#1727,
#1728,#1729,#1730,#1731,#1732,#1733,#1734,#1735,#1736,#1737,#1738,#1739,
#1740,#1741,#1742,#1743,#1744,#1745));
#6769=EDGE_LOOP('',(#1746,#1747,#1748));
#6770=EDGE_LOOP('',(#1749));
#6771=EDGE_LOOP('',(#1750));
#6772=EDGE_LOOP('',(#1751));
#6773=EDGE_LOOP('',(#1752));
#6774=EDGE_LOOP('',(#1753));
#6775=EDGE_LOOP('',(#1754));
#6776=EDGE_LOOP('',(#1755));
#6777=EDGE_LOOP('',(#1756));
#6778=EDGE_LOOP('',(#1757));
#6779=EDGE_LOOP('',(#1758));
#6780=EDGE_LOOP('',(#1759));
#6781=EDGE_LOOP('',(#1760));
#6782=EDGE_LOOP('',(#1761));
#6783=EDGE_LOOP('',(#1762));
#6784=EDGE_LOOP('',(#1763,#1764,#1765,#1766));
#6785=EDGE_LOOP('',(#1767,#1768,#1769,#1770));
#6786=EDGE_LOOP('',(#1771,#1772,#1773,#1774));
#6787=EDGE_LOOP('',(#1775,#1776,#1777,#1778));
#6788=EDGE_LOOP('',(#1779,#1780,#1781,#1782));
#6789=EDGE_LOOP('',(#1783,#1784,#1785,#1786));
#6790=EDGE_LOOP('',(#1787,#1788,#1789,#1790));
#6791=EDGE_LOOP('',(#1791,#1792,#1793,#1794));
#6792=EDGE_LOOP('',(#1795,#1796,#1797,#1798));
#6793=EDGE_LOOP('',(#1799,#1800,#1801,#1802));
#6794=EDGE_LOOP('',(#1803,#1804,#1805,#1806));
#6795=EDGE_LOOP('',(#1807,#1808,#1809,#1810));
#6796=EDGE_LOOP('',(#1811,#1812,#1813,#1814));
#6797=EDGE_LOOP('',(#1815,#1816,#1817,#1818));
#6798=EDGE_LOOP('',(#1819,#1820,#1821,#1822));
#6799=EDGE_LOOP('',(#1823,#1824,#1825,#1826));
#6800=EDGE_LOOP('',(#1827,#1828,#1829,#1830));
#6801=EDGE_LOOP('',(#1831,#1832,#1833,#1834));
#6802=EDGE_LOOP('',(#1835,#1836,#1837,#1838));
#6803=EDGE_LOOP('',(#1839,#1840,#1841,#1842));
#6804=EDGE_LOOP('',(#1843,#1844,#1845,#1846));
#6805=EDGE_LOOP('',(#1847,#1848,#1849,#1850));
#6806=EDGE_LOOP('',(#1851,#1852,#1853,#1854));
#6807=EDGE_LOOP('',(#1855,#1856,#1857,#1858));
#6808=EDGE_LOOP('',(#1859,#1860,#1861,#1862));
#6809=EDGE_LOOP('',(#1863,#1864,#1865,#1866));
#6810=EDGE_LOOP('',(#1867,#1868,#1869,#1870));
#6811=EDGE_LOOP('',(#1871,#1872,#1873,#1874));
#6812=EDGE_LOOP('',(#1875,#1876,#1877,#1878));
#6813=EDGE_LOOP('',(#1879,#1880,#1881,#1882));
#6814=EDGE_LOOP('',(#1883,#1884,#1885,#1886));
#6815=EDGE_LOOP('',(#1887,#1888,#1889,#1890));
#6816=EDGE_LOOP('',(#1891,#1892,#1893,#1894));
#6817=EDGE_LOOP('',(#1895,#1896,#1897,#1898));
#6818=EDGE_LOOP('',(#1899,#1900,#1901,#1902));
#6819=EDGE_LOOP('',(#1903,#1904,#1905,#1906));
#6820=EDGE_LOOP('',(#1907,#1908,#1909,#1910));
#6821=EDGE_LOOP('',(#1911,#1912,#1913,#1914));
#6822=EDGE_LOOP('',(#1915,#1916,#1917,#1918));
#6823=EDGE_LOOP('',(#1919,#1920,#1921,#1922));
#6824=EDGE_LOOP('',(#1923,#1924,#1925,#1926));
#6825=EDGE_LOOP('',(#1927,#1928,#1929,#1930));
#6826=EDGE_LOOP('',(#1931,#1932,#1933,#1934));
#6827=EDGE_LOOP('',(#1935,#1936,#1937,#1938));
#6828=EDGE_LOOP('',(#1939,#1940,#1941,#1942));
#6829=EDGE_LOOP('',(#1943,#1944,#1945,#1946));
#6830=EDGE_LOOP('',(#1947,#1948,#1949,#1950));
#6831=EDGE_LOOP('',(#1951,#1952,#1953,#1954));
#6832=EDGE_LOOP('',(#1955,#1956,#1957,#1958));
#6833=EDGE_LOOP('',(#1959,#1960,#1961,#1962));
#6834=EDGE_LOOP('',(#1963,#1964,#1965,#1966));
#6835=EDGE_LOOP('',(#1967,#1968,#1969,#1970));
#6836=EDGE_LOOP('',(#1971,#1972,#1973,#1974));
#6837=EDGE_LOOP('',(#1975,#1976,#1977,#1978));
#6838=EDGE_LOOP('',(#1979,#1980,#1981,#1982));
#6839=EDGE_LOOP('',(#1983,#1984,#1985,#1986));
#6840=EDGE_LOOP('',(#1987,#1988,#1989,#1990));
#6841=EDGE_LOOP('',(#1991,#1992,#1993,#1994));
#6842=EDGE_LOOP('',(#1995,#1996,#1997,#1998));
#6843=EDGE_LOOP('',(#1999,#2000,#2001,#2002));
#6844=EDGE_LOOP('',(#2003,#2004,#2005,#2006));
#6845=EDGE_LOOP('',(#2007,#2008,#2009,#2010));
#6846=EDGE_LOOP('',(#2011,#2012,#2013,#2014));
#6847=EDGE_LOOP('',(#2015,#2016,#2017,#2018));
#6848=EDGE_LOOP('',(#2019,#2020,#2021,#2022));
#6849=EDGE_LOOP('',(#2023,#2024,#2025,#2026));
#6850=EDGE_LOOP('',(#2027,#2028,#2029,#2030));
#6851=EDGE_LOOP('',(#2031,#2032,#2033,#2034));
#6852=EDGE_LOOP('',(#2035,#2036,#2037,#2038));
#6853=EDGE_LOOP('',(#2039,#2040,#2041,#2042));
#6854=EDGE_LOOP('',(#2043,#2044,#2045,#2046));
#6855=EDGE_LOOP('',(#2047,#2048,#2049,#2050));
#6856=EDGE_LOOP('',(#2051,#2052,#2053,#2054));
#6857=EDGE_LOOP('',(#2055,#2056,#2057,#2058));
#6858=EDGE_LOOP('',(#2059,#2060,#2061,#2062));
#6859=EDGE_LOOP('',(#2063,#2064,#2065,#2066));
#6860=EDGE_LOOP('',(#2067,#2068,#2069,#2070));
#6861=EDGE_LOOP('',(#2071,#2072,#2073,#2074));
#6862=EDGE_LOOP('',(#2075,#2076,#2077,#2078));
#6863=EDGE_LOOP('',(#2079,#2080,#2081,#2082));
#6864=EDGE_LOOP('',(#2083,#2084,#2085,#2086));
#6865=EDGE_LOOP('',(#2087,#2088,#2089,#2090));
#6866=EDGE_LOOP('',(#2091,#2092,#2093,#2094));
#6867=EDGE_LOOP('',(#2095,#2096,#2097,#2098));
#6868=EDGE_LOOP('',(#2099,#2100,#2101,#2102));
#6869=EDGE_LOOP('',(#2103,#2104,#2105,#2106));
#6870=EDGE_LOOP('',(#2107,#2108,#2109,#2110));
#6871=EDGE_LOOP('',(#2111,#2112,#2113,#2114));
#6872=EDGE_LOOP('',(#2115,#2116,#2117,#2118));
#6873=EDGE_LOOP('',(#2119,#2120,#2121,#2122));
#6874=EDGE_LOOP('',(#2123,#2124,#2125,#2126));
#6875=EDGE_LOOP('',(#2127,#2128,#2129,#2130));
#6876=EDGE_LOOP('',(#2131,#2132,#2133,#2134));
#6877=EDGE_LOOP('',(#2135,#2136,#2137,#2138));
#6878=EDGE_LOOP('',(#2139,#2140,#2141,#2142));
#6879=EDGE_LOOP('',(#2143,#2144,#2145,#2146));
#6880=EDGE_LOOP('',(#2147,#2148,#2149,#2150));
#6881=EDGE_LOOP('',(#2151,#2152,#2153,#2154));
#6882=EDGE_LOOP('',(#2155,#2156,#2157,#2158));
#6883=EDGE_LOOP('',(#2159,#2160,#2161,#2162));
#6884=EDGE_LOOP('',(#2163,#2164,#2165,#2166));
#6885=EDGE_LOOP('',(#2167,#2168,#2169,#2170));
#6886=EDGE_LOOP('',(#2171,#2172,#2173,#2174));
#6887=EDGE_LOOP('',(#2175,#2176,#2177,#2178));
#6888=EDGE_LOOP('',(#2179,#2180,#2181,#2182));
#6889=EDGE_LOOP('',(#2183,#2184,#2185,#2186));
#6890=EDGE_LOOP('',(#2187,#2188,#2189,#2190));
#6891=EDGE_LOOP('',(#2191,#2192,#2193,#2194));
#6892=EDGE_LOOP('',(#2195,#2196,#2197,#2198));
#6893=EDGE_LOOP('',(#2199,#2200,#2201,#2202));
#6894=EDGE_LOOP('',(#2203,#2204,#2205,#2206));
#6895=EDGE_LOOP('',(#2207,#2208,#2209,#2210));
#6896=EDGE_LOOP('',(#2211,#2212,#2213,#2214));
#6897=EDGE_LOOP('',(#2215,#2216,#2217,#2218));
#6898=EDGE_LOOP('',(#2219,#2220,#2221,#2222));
#6899=EDGE_LOOP('',(#2223,#2224,#2225,#2226));
#6900=EDGE_LOOP('',(#2227,#2228,#2229,#2230));
#6901=EDGE_LOOP('',(#2231,#2232,#2233,#2234));
#6902=EDGE_LOOP('',(#2235,#2236,#2237,#2238));
#6903=EDGE_LOOP('',(#2239,#2240,#2241,#2242));
#6904=EDGE_LOOP('',(#2243,#2244,#2245,#2246));
#6905=EDGE_LOOP('',(#2247,#2248,#2249,#2250));
#6906=EDGE_LOOP('',(#2251,#2252,#2253,#2254));
#6907=EDGE_LOOP('',(#2255,#2256,#2257,#2258));
#6908=EDGE_LOOP('',(#2259,#2260,#2261,#2262));
#6909=EDGE_LOOP('',(#2263,#2264,#2265,#2266));
#6910=EDGE_LOOP('',(#2267,#2268,#2269,#2270));
#6911=EDGE_LOOP('',(#2271,#2272,#2273,#2274));
#6912=EDGE_LOOP('',(#2275,#2276,#2277,#2278));
#6913=EDGE_LOOP('',(#2279,#2280,#2281,#2282));
#6914=EDGE_LOOP('',(#2283,#2284,#2285,#2286));
#6915=EDGE_LOOP('',(#2287,#2288,#2289,#2290));
#6916=EDGE_LOOP('',(#2291,#2292,#2293,#2294));
#6917=EDGE_LOOP('',(#2295,#2296,#2297,#2298));
#6918=EDGE_LOOP('',(#2299,#2300,#2301,#2302));
#6919=EDGE_LOOP('',(#2303,#2304,#2305,#2306));
#6920=EDGE_LOOP('',(#2307,#2308,#2309,#2310));
#6921=EDGE_LOOP('',(#2311,#2312,#2313,#2314));
#6922=EDGE_LOOP('',(#2315,#2316,#2317,#2318));
#6923=EDGE_LOOP('',(#2319,#2320,#2321,#2322));
#6924=EDGE_LOOP('',(#2323,#2324,#2325,#2326));
#6925=EDGE_LOOP('',(#2327,#2328,#2329,#2330));
#6926=EDGE_LOOP('',(#2331,#2332,#2333,#2334));
#6927=EDGE_LOOP('',(#2335,#2336,#2337,#2338));
#6928=EDGE_LOOP('',(#2339,#2340,#2341,#2342));
#6929=EDGE_LOOP('',(#2343,#2344,#2345,#2346));
#6930=EDGE_LOOP('',(#2347,#2348,#2349,#2350));
#6931=EDGE_LOOP('',(#2351,#2352,#2353,#2354));
#6932=EDGE_LOOP('',(#2355,#2356,#2357,#2358));
#6933=EDGE_LOOP('',(#2359,#2360,#2361,#2362));
#6934=EDGE_LOOP('',(#2363,#2364,#2365,#2366));
#6935=EDGE_LOOP('',(#2367,#2368,#2369,#2370));
#6936=EDGE_LOOP('',(#2371,#2372,#2373,#2374));
#6937=EDGE_LOOP('',(#2375,#2376,#2377,#2378));
#6938=EDGE_LOOP('',(#2379,#2380,#2381,#2382));
#6939=EDGE_LOOP('',(#2383,#2384,#2385,#2386));
#6940=EDGE_LOOP('',(#2387,#2388,#2389,#2390));
#6941=EDGE_LOOP('',(#2391,#2392,#2393,#2394));
#6942=EDGE_LOOP('',(#2395,#2396,#2397,#2398));
#6943=EDGE_LOOP('',(#2399,#2400,#2401,#2402));
#6944=EDGE_LOOP('',(#2403,#2404,#2405,#2406));
#6945=EDGE_LOOP('',(#2407,#2408,#2409,#2410));
#6946=EDGE_LOOP('',(#2411,#2412,#2413,#2414));
#6947=EDGE_LOOP('',(#2415,#2416,#2417,#2418));
#6948=EDGE_LOOP('',(#2419,#2420,#2421,#2422));
#6949=EDGE_LOOP('',(#2423,#2424,#2425,#2426));
#6950=EDGE_LOOP('',(#2427,#2428,#2429,#2430));
#6951=EDGE_LOOP('',(#2431,#2432,#2433,#2434));
#6952=EDGE_LOOP('',(#2435,#2436,#2437,#2438));
#6953=EDGE_LOOP('',(#2439,#2440,#2441,#2442));
#6954=EDGE_LOOP('',(#2443,#2444,#2445,#2446));
#6955=EDGE_LOOP('',(#2447,#2448,#2449,#2450));
#6956=EDGE_LOOP('',(#2451,#2452,#2453,#2454));
#6957=EDGE_LOOP('',(#2455,#2456,#2457,#2458));
#6958=EDGE_LOOP('',(#2459,#2460,#2461,#2462));
#6959=EDGE_LOOP('',(#2463,#2464,#2465,#2466));
#6960=EDGE_LOOP('',(#2467,#2468,#2469,#2470,#2471,#2472));
#6961=EDGE_LOOP('',(#2473,#2474,#2475,#2476));
#6962=EDGE_LOOP('',(#2477,#2478,#2479,#2480));
#6963=EDGE_LOOP('',(#2481,#2482,#2483,#2484,#2485,#2486));
#6964=EDGE_LOOP('',(#2487,#2488,#2489,#2490,#2491,#2492));
#6965=EDGE_LOOP('',(#2493,#2494,#2495,#2496,#2497));
#6966=EDGE_LOOP('',(#2498,#2499,#2500,#2501));
#6967=EDGE_LOOP('',(#2502,#2503,#2504,#2505));
#6968=EDGE_LOOP('',(#2506,#2507,#2508,#2509,#2510,#2511));
#6969=EDGE_LOOP('',(#2512,#2513,#2514,#2515));
#6970=EDGE_LOOP('',(#2516,#2517,#2518,#2519));
#6971=EDGE_LOOP('',(#2520,#2521,#2522,#2523,#2524));
#6972=EDGE_LOOP('',(#2525,#2526,#2527,#2528,#2529,#2530));
#6973=EDGE_LOOP('',(#2531,#2532,#2533,#2534));
#6974=EDGE_LOOP('',(#2535,#2536,#2537,#2538));
#6975=EDGE_LOOP('',(#2539,#2540,#2541,#2542,#2543));
#6976=EDGE_LOOP('',(#2544,#2545,#2546,#2547));
#6977=EDGE_LOOP('',(#2548,#2549,#2550,#2551));
#6978=EDGE_LOOP('',(#2552,#2553,#2554,#2555,#2556,#2557));
#6979=EDGE_LOOP('',(#2558,#2559,#2560,#2561,#2562,#2563));
#6980=EDGE_LOOP('',(#2564,#2565,#2566,#2567,#2568));
#6981=EDGE_LOOP('',(#2569,#2570,#2571,#2572,#2573));
#6982=EDGE_LOOP('',(#2574,#2575,#2576,#2577));
#6983=EDGE_LOOP('',(#2578,#2579,#2580,#2581));
#6984=EDGE_LOOP('',(#2582,#2583,#2584,#2585,#2586,#2587));
#6985=EDGE_LOOP('',(#2588,#2589,#2590,#2591));
#6986=EDGE_LOOP('',(#2592,#2593,#2594,#2595));
#6987=EDGE_LOOP('',(#2596,#2597,#2598,#2599,#2600));
#6988=EDGE_LOOP('',(#2601,#2602,#2603,#2604,#2605,#2606));
#6989=EDGE_LOOP('',(#2607,#2608,#2609,#2610));
#6990=EDGE_LOOP('',(#2611,#2612,#2613,#2614));
#6991=EDGE_LOOP('',(#2615,#2616,#2617,#2618,#2619));
#6992=EDGE_LOOP('',(#2620,#2621,#2622,#2623));
#6993=EDGE_LOOP('',(#2624,#2625,#2626,#2627));
#6994=EDGE_LOOP('',(#2628,#2629,#2630,#2631,#2632,#2633));
#6995=EDGE_LOOP('',(#2634,#2635,#2636,#2637,#2638,#2639));
#6996=EDGE_LOOP('',(#2640,#2641,#2642,#2643,#2644));
#6997=EDGE_LOOP('',(#2645,#2646,#2647,#2648,#2649));
#6998=EDGE_LOOP('',(#2650,#2651,#2652,#2653));
#6999=EDGE_LOOP('',(#2654,#2655,#2656,#2657));
#7000=EDGE_LOOP('',(#2658,#2659,#2660,#2661,#2662,#2663));
#7001=EDGE_LOOP('',(#2664,#2665,#2666,#2667));
#7002=EDGE_LOOP('',(#2668,#2669,#2670,#2671));
#7003=EDGE_LOOP('',(#2672,#2673,#2674,#2675,#2676));
#7004=EDGE_LOOP('',(#2677,#2678,#2679,#2680,#2681,#2682));
#7005=EDGE_LOOP('',(#2683,#2684,#2685,#2686));
#7006=EDGE_LOOP('',(#2687,#2688,#2689,#2690));
#7007=EDGE_LOOP('',(#2691,#2692,#2693,#2694,#2695));
#7008=EDGE_LOOP('',(#2696,#2697,#2698,#2699));
#7009=EDGE_LOOP('',(#2700,#2701,#2702,#2703));
#7010=EDGE_LOOP('',(#2704,#2705,#2706,#2707,#2708,#2709));
#7011=EDGE_LOOP('',(#2710,#2711,#2712,#2713,#2714,#2715));
#7012=EDGE_LOOP('',(#2716,#2717,#2718,#2719,#2720));
#7013=EDGE_LOOP('',(#2721,#2722,#2723,#2724,#2725));
#7014=EDGE_LOOP('',(#2726,#2727,#2728,#2729));
#7015=EDGE_LOOP('',(#2730,#2731,#2732,#2733));
#7016=EDGE_LOOP('',(#2734,#2735,#2736,#2737,#2738,#2739));
#7017=EDGE_LOOP('',(#2740,#2741,#2742,#2743));
#7018=EDGE_LOOP('',(#2744,#2745,#2746,#2747));
#7019=EDGE_LOOP('',(#2748,#2749,#2750,#2751,#2752));
#7020=EDGE_LOOP('',(#2753,#2754,#2755,#2756,#2757,#2758));
#7021=EDGE_LOOP('',(#2759,#2760,#2761,#2762));
#7022=EDGE_LOOP('',(#2763,#2764,#2765,#2766));
#7023=EDGE_LOOP('',(#2767,#2768,#2769,#2770,#2771));
#7024=EDGE_LOOP('',(#2772,#2773,#2774,#2775));
#7025=EDGE_LOOP('',(#2776,#2777,#2778,#2779));
#7026=EDGE_LOOP('',(#2780,#2781,#2782,#2783,#2784,#2785));
#7027=EDGE_LOOP('',(#2786,#2787,#2788,#2789,#2790,#2791));
#7028=EDGE_LOOP('',(#2792,#2793,#2794,#2795,#2796));
#7029=EDGE_LOOP('',(#2797,#2798,#2799,#2800,#2801));
#7030=EDGE_LOOP('',(#2802,#2803,#2804,#2805));
#7031=EDGE_LOOP('',(#2806,#2807,#2808,#2809));
#7032=EDGE_LOOP('',(#2810,#2811,#2812,#2813,#2814,#2815));
#7033=EDGE_LOOP('',(#2816,#2817,#2818,#2819));
#7034=EDGE_LOOP('',(#2820,#2821,#2822,#2823));
#7035=EDGE_LOOP('',(#2824,#2825,#2826,#2827,#2828));
#7036=EDGE_LOOP('',(#2829,#2830,#2831,#2832,#2833,#2834));
#7037=EDGE_LOOP('',(#2835,#2836,#2837,#2838));
#7038=EDGE_LOOP('',(#2839,#2840,#2841,#2842));
#7039=EDGE_LOOP('',(#2843,#2844,#2845,#2846,#2847));
#7040=EDGE_LOOP('',(#2848,#2849,#2850,#2851));
#7041=EDGE_LOOP('',(#2852,#2853,#2854,#2855));
#7042=EDGE_LOOP('',(#2856,#2857,#2858,#2859,#2860,#2861));
#7043=EDGE_LOOP('',(#2862,#2863,#2864,#2865,#2866,#2867));
#7044=EDGE_LOOP('',(#2868,#2869,#2870,#2871,#2872));
#7045=EDGE_LOOP('',(#2873,#2874,#2875,#2876,#2877));
#7046=EDGE_LOOP('',(#2878,#2879,#2880,#2881));
#7047=EDGE_LOOP('',(#2882,#2883,#2884,#2885));
#7048=EDGE_LOOP('',(#2886,#2887,#2888,#2889,#2890,#2891));
#7049=EDGE_LOOP('',(#2892,#2893,#2894,#2895));
#7050=EDGE_LOOP('',(#2896,#2897,#2898,#2899));
#7051=EDGE_LOOP('',(#2900,#2901,#2902,#2903,#2904));
#7052=EDGE_LOOP('',(#2905,#2906,#2907,#2908,#2909,#2910));
#7053=EDGE_LOOP('',(#2911,#2912,#2913,#2914));
#7054=EDGE_LOOP('',(#2915,#2916,#2917,#2918));
#7055=EDGE_LOOP('',(#2919,#2920,#2921,#2922,#2923));
#7056=EDGE_LOOP('',(#2924,#2925,#2926,#2927));
#7057=EDGE_LOOP('',(#2928,#2929,#2930,#2931));
#7058=EDGE_LOOP('',(#2932,#2933,#2934,#2935,#2936,#2937));
#7059=EDGE_LOOP('',(#2938,#2939,#2940,#2941,#2942,#2943));
#7060=EDGE_LOOP('',(#2944,#2945,#2946,#2947,#2948));
#7061=EDGE_LOOP('',(#2949,#2950,#2951,#2952,#2953));
#7062=EDGE_LOOP('',(#2954,#2955,#2956,#2957));
#7063=EDGE_LOOP('',(#2958,#2959,#2960,#2961));
#7064=EDGE_LOOP('',(#2962,#2963,#2964,#2965,#2966,#2967));
#7065=EDGE_LOOP('',(#2968,#2969,#2970,#2971));
#7066=EDGE_LOOP('',(#2972,#2973,#2974,#2975));
#7067=EDGE_LOOP('',(#2976,#2977,#2978,#2979,#2980));
#7068=EDGE_LOOP('',(#2981,#2982,#2983,#2984,#2985,#2986));
#7069=EDGE_LOOP('',(#2987,#2988,#2989,#2990));
#7070=EDGE_LOOP('',(#2991,#2992,#2993,#2994));
#7071=EDGE_LOOP('',(#2995,#2996,#2997,#2998,#2999));
#7072=EDGE_LOOP('',(#3000,#3001,#3002,#3003));
#7073=EDGE_LOOP('',(#3004,#3005,#3006,#3007));
#7074=EDGE_LOOP('',(#3008,#3009,#3010,#3011,#3012,#3013));
#7075=EDGE_LOOP('',(#3014,#3015,#3016,#3017,#3018,#3019));
#7076=EDGE_LOOP('',(#3020,#3021,#3022,#3023,#3024));
#7077=EDGE_LOOP('',(#3025,#3026,#3027,#3028,#3029));
#7078=EDGE_LOOP('',(#3030,#3031,#3032,#3033));
#7079=EDGE_LOOP('',(#3034,#3035,#3036,#3037));
#7080=EDGE_LOOP('',(#3038,#3039,#3040,#3041,#3042,#3043));
#7081=EDGE_LOOP('',(#3044,#3045,#3046,#3047));
#7082=EDGE_LOOP('',(#3048,#3049,#3050,#3051));
#7083=EDGE_LOOP('',(#3052,#3053,#3054,#3055,#3056));
#7084=EDGE_LOOP('',(#3057,#3058,#3059,#3060,#3061,#3062));
#7085=EDGE_LOOP('',(#3063,#3064,#3065,#3066));
#7086=EDGE_LOOP('',(#3067,#3068,#3069,#3070));
#7087=EDGE_LOOP('',(#3071,#3072,#3073,#3074,#3075));
#7088=EDGE_LOOP('',(#3076,#3077,#3078,#3079));
#7089=EDGE_LOOP('',(#3080,#3081,#3082,#3083));
#7090=EDGE_LOOP('',(#3084,#3085,#3086,#3087,#3088,#3089));
#7091=EDGE_LOOP('',(#3090,#3091,#3092,#3093,#3094,#3095));
#7092=EDGE_LOOP('',(#3096,#3097,#3098,#3099,#3100));
#7093=EDGE_LOOP('',(#3101,#3102,#3103,#3104,#3105));
#7094=EDGE_LOOP('',(#3106,#3107,#3108,#3109));
#7095=EDGE_LOOP('',(#3110,#3111,#3112,#3113));
#7096=EDGE_LOOP('',(#3114,#3115,#3116,#3117,#3118,#3119));
#7097=EDGE_LOOP('',(#3120,#3121,#3122,#3123));
#7098=EDGE_LOOP('',(#3124,#3125,#3126,#3127));
#7099=EDGE_LOOP('',(#3128,#3129,#3130,#3131,#3132));
#7100=EDGE_LOOP('',(#3133,#3134,#3135,#3136,#3137,#3138));
#7101=EDGE_LOOP('',(#3139,#3140,#3141,#3142));
#7102=EDGE_LOOP('',(#3143,#3144,#3145,#3146));
#7103=EDGE_LOOP('',(#3147,#3148,#3149,#3150,#3151));
#7104=EDGE_LOOP('',(#3152,#3153,#3154,#3155));
#7105=EDGE_LOOP('',(#3156,#3157,#3158,#3159));
#7106=EDGE_LOOP('',(#3160,#3161,#3162,#3163,#3164,#3165));
#7107=EDGE_LOOP('',(#3166,#3167,#3168,#3169,#3170,#3171));
#7108=EDGE_LOOP('',(#3172,#3173,#3174,#3175,#3176));
#7109=EDGE_LOOP('',(#3177,#3178,#3179,#3180,#3181));
#7110=EDGE_LOOP('',(#3182,#3183,#3184,#3185));
#7111=EDGE_LOOP('',(#3186,#3187,#3188,#3189));
#7112=EDGE_LOOP('',(#3190,#3191,#3192,#3193,#3194,#3195));
#7113=EDGE_LOOP('',(#3196,#3197,#3198,#3199));
#7114=EDGE_LOOP('',(#3200,#3201,#3202,#3203));
#7115=EDGE_LOOP('',(#3204,#3205,#3206,#3207,#3208));
#7116=EDGE_LOOP('',(#3209,#3210,#3211,#3212,#3213,#3214));
#7117=EDGE_LOOP('',(#3215,#3216,#3217,#3218));
#7118=EDGE_LOOP('',(#3219,#3220,#3221,#3222));
#7119=EDGE_LOOP('',(#3223,#3224,#3225,#3226,#3227));
#7120=EDGE_LOOP('',(#3228,#3229,#3230,#3231));
#7121=EDGE_LOOP('',(#3232,#3233,#3234,#3235));
#7122=EDGE_LOOP('',(#3236,#3237,#3238,#3239,#3240,#3241));
#7123=EDGE_LOOP('',(#3242,#3243,#3244,#3245,#3246));
#7124=EDGE_LOOP('',(#3247,#3248,#3249,#3250,#3251));
#7125=EDGE_LOOP('',(#3252,#3253,#3254,#3255));
#7126=EDGE_LOOP('',(#3256,#3257,#3258,#3259));
#7127=EDGE_LOOP('',(#3260,#3261,#3262,#3263,#3264));
#7128=EDGE_LOOP('',(#3265,#3266,#3267,#3268));
#7129=EDGE_LOOP('',(#3269,#3270,#3271,#3272));
#7130=EDGE_LOOP('',(#3273,#3274,#3275,#3276));
#7131=EDGE_LOOP('',(#3277,#3278,#3279,#3280));
#7132=EDGE_LOOP('',(#3281,#3282,#3283,#3284));
#7133=EDGE_LOOP('',(#3285,#3286,#3287,#3288));
#7134=EDGE_LOOP('',(#3289,#3290,#3291,#3292));
#7135=EDGE_LOOP('',(#3293,#3294,#3295,#3296));
#7136=EDGE_LOOP('',(#3297,#3298,#3299,#3300));
#7137=EDGE_LOOP('',(#3301,#3302,#3303,#3304));
#7138=EDGE_LOOP('',(#3305,#3306,#3307,#3308));
#7139=EDGE_LOOP('',(#3309,#3310,#3311,#3312));
#7140=EDGE_LOOP('',(#3313,#3314,#3315,#3316));
#7141=EDGE_LOOP('',(#3317,#3318,#3319,#3320));
#7142=EDGE_LOOP('',(#3321,#3322,#3323,#3324));
#7143=EDGE_LOOP('',(#3325,#3326,#3327,#3328));
#7144=EDGE_LOOP('',(#3329,#3330,#3331,#3332));
#7145=EDGE_LOOP('',(#3333,#3334,#3335,#3336));
#7146=EDGE_LOOP('',(#3337,#3338,#3339,#3340));
#7147=EDGE_LOOP('',(#3341,#3342,#3343,#3344));
#7148=EDGE_LOOP('',(#3345,#3346,#3347,#3348));
#7149=EDGE_LOOP('',(#3349,#3350,#3351,#3352));
#7150=EDGE_LOOP('',(#3353,#3354,#3355,#3356));
#7151=EDGE_LOOP('',(#3357,#3358,#3359,#3360));
#7152=EDGE_LOOP('',(#3361,#3362,#3363,#3364));
#7153=EDGE_LOOP('',(#3365,#3366,#3367,#3368));
#7154=EDGE_LOOP('',(#3369,#3370,#3371,#3372));
#7155=EDGE_LOOP('',(#3373,#3374,#3375,#3376));
#7156=EDGE_LOOP('',(#3377,#3378,#3379,#3380));
#7157=EDGE_LOOP('',(#3381,#3382,#3383,#3384));
#7158=EDGE_LOOP('',(#3385,#3386,#3387,#3388));
#7159=EDGE_LOOP('',(#3389,#3390,#3391,#3392));
#7160=EDGE_LOOP('',(#3393,#3394,#3395,#3396));
#7161=EDGE_LOOP('',(#3397,#3398,#3399,#3400));
#7162=EDGE_LOOP('',(#3401,#3402,#3403,#3404));
#7163=EDGE_LOOP('',(#3405,#3406,#3407,#3408));
#7164=EDGE_LOOP('',(#3409,#3410,#3411,#3412));
#7165=EDGE_LOOP('',(#3413,#3414,#3415,#3416));
#7166=EDGE_LOOP('',(#3417,#3418,#3419,#3420));
#7167=EDGE_LOOP('',(#3421,#3422,#3423,#3424));
#7168=EDGE_LOOP('',(#3425,#3426,#3427,#3428));
#7169=EDGE_LOOP('',(#3429,#3430,#3431,#3432));
#7170=EDGE_LOOP('',(#3433,#3434,#3435,#3436));
#7171=EDGE_LOOP('',(#3437,#3438,#3439,#3440));
#7172=EDGE_LOOP('',(#3441,#3442,#3443,#3444));
#7173=EDGE_LOOP('',(#3445,#3446,#3447,#3448));
#7174=EDGE_LOOP('',(#3449,#3450,#3451,#3452));
#7175=EDGE_LOOP('',(#3453,#3454,#3455,#3456));
#7176=EDGE_LOOP('',(#3457,#3458,#3459,#3460));
#7177=EDGE_LOOP('',(#3461,#3462,#3463,#3464));
#7178=EDGE_LOOP('',(#3465,#3466,#3467,#3468));
#7179=EDGE_LOOP('',(#3469,#3470,#3471,#3472));
#7180=EDGE_LOOP('',(#3473,#3474,#3475,#3476));
#7181=EDGE_LOOP('',(#3477,#3478,#3479,#3480));
#7182=EDGE_LOOP('',(#3481,#3482,#3483,#3484));
#7183=EDGE_LOOP('',(#3485,#3486,#3487,#3488));
#7184=EDGE_LOOP('',(#3489,#3490,#3491,#3492));
#7185=EDGE_LOOP('',(#3493,#3494,#3495,#3496));
#7186=EDGE_LOOP('',(#3497,#3498,#3499,#3500));
#7187=EDGE_LOOP('',(#3501,#3502,#3503,#3504));
#7188=EDGE_LOOP('',(#3505,#3506,#3507,#3508));
#7189=EDGE_LOOP('',(#3509,#3510,#3511,#3512));
#7190=EDGE_LOOP('',(#3513,#3514,#3515,#3516));
#7191=EDGE_LOOP('',(#3517,#3518,#3519,#3520));
#7192=EDGE_LOOP('',(#3521,#3522,#3523,#3524));
#7193=EDGE_LOOP('',(#3525,#3526,#3527,#3528));
#7194=EDGE_LOOP('',(#3529,#3530,#3531,#3532));
#7195=EDGE_LOOP('',(#3533,#3534,#3535,#3536));
#7196=EDGE_LOOP('',(#3537,#3538,#3539,#3540));
#7197=EDGE_LOOP('',(#3541,#3542,#3543,#3544));
#7198=EDGE_LOOP('',(#3545,#3546,#3547,#3548));
#7199=EDGE_LOOP('',(#3549,#3550,#3551,#3552));
#7200=EDGE_LOOP('',(#3553,#3554,#3555,#3556));
#7201=EDGE_LOOP('',(#3557,#3558,#3559,#3560));
#7202=EDGE_LOOP('',(#3561,#3562,#3563,#3564));
#7203=EDGE_LOOP('',(#3565,#3566,#3567,#3568));
#7204=EDGE_LOOP('',(#3569,#3570,#3571,#3572));
#7205=EDGE_LOOP('',(#3573,#3574,#3575,#3576));
#7206=EDGE_LOOP('',(#3577,#3578,#3579,#3580));
#7207=EDGE_LOOP('',(#3581,#3582,#3583,#3584));
#7208=EDGE_LOOP('',(#3585,#3586,#3587,#3588));
#7209=EDGE_LOOP('',(#3589,#3590,#3591,#3592));
#7210=EDGE_LOOP('',(#3593,#3594,#3595,#3596));
#7211=EDGE_LOOP('',(#3597,#3598,#3599,#3600));
#7212=EDGE_LOOP('',(#3601,#3602,#3603,#3604));
#7213=EDGE_LOOP('',(#3605,#3606,#3607,#3608));
#7214=EDGE_LOOP('',(#3609,#3610,#3611,#3612));
#7215=EDGE_LOOP('',(#3613,#3614,#3615,#3616));
#7216=EDGE_LOOP('',(#3617,#3618,#3619,#3620));
#7217=EDGE_LOOP('',(#3621,#3622,#3623,#3624));
#7218=EDGE_LOOP('',(#3625,#3626,#3627,#3628));
#7219=EDGE_LOOP('',(#3629,#3630,#3631,#3632));
#7220=EDGE_LOOP('',(#3633,#3634,#3635,#3636));
#7221=EDGE_LOOP('',(#3637,#3638,#3639,#3640));
#7222=EDGE_LOOP('',(#3641,#3642,#3643,#3644));
#7223=EDGE_LOOP('',(#3645,#3646,#3647,#3648));
#7224=EDGE_LOOP('',(#3649,#3650,#3651,#3652));
#7225=EDGE_LOOP('',(#3653,#3654,#3655,#3656));
#7226=EDGE_LOOP('',(#3657,#3658,#3659,#3660));
#7227=EDGE_LOOP('',(#3661,#3662,#3663,#3664));
#7228=EDGE_LOOP('',(#3665,#3666,#3667,#3668));
#7229=EDGE_LOOP('',(#3669,#3670,#3671,#3672));
#7230=EDGE_LOOP('',(#3673,#3674,#3675,#3676));
#7231=EDGE_LOOP('',(#3677,#3678,#3679,#3680));
#7232=EDGE_LOOP('',(#3681,#3682,#3683,#3684));
#7233=EDGE_LOOP('',(#3685,#3686,#3687,#3688));
#7234=EDGE_LOOP('',(#3689,#3690,#3691,#3692));
#7235=EDGE_LOOP('',(#3693,#3694,#3695,#3696));
#7236=EDGE_LOOP('',(#3697,#3698,#3699,#3700));
#7237=EDGE_LOOP('',(#3701,#3702,#3703,#3704));
#7238=EDGE_LOOP('',(#3705,#3706,#3707,#3708));
#7239=EDGE_LOOP('',(#3709,#3710,#3711,#3712));
#7240=EDGE_LOOP('',(#3713,#3714,#3715,#3716));
#7241=EDGE_LOOP('',(#3717,#3718,#3719,#3720));
#7242=EDGE_LOOP('',(#3721,#3722,#3723,#3724));
#7243=EDGE_LOOP('',(#3725,#3726,#3727,#3728));
#7244=EDGE_LOOP('',(#3729,#3730,#3731,#3732));
#7245=EDGE_LOOP('',(#3733,#3734,#3735,#3736));
#7246=EDGE_LOOP('',(#3737,#3738,#3739,#3740));
#7247=EDGE_LOOP('',(#3741,#3742,#3743,#3744));
#7248=EDGE_LOOP('',(#3745,#3746,#3747,#3748));
#7249=EDGE_LOOP('',(#3749,#3750,#3751,#3752));
#7250=EDGE_LOOP('',(#3753,#3754,#3755,#3756));
#7251=EDGE_LOOP('',(#3757,#3758,#3759,#3760));
#7252=EDGE_LOOP('',(#3761,#3762,#3763,#3764));
#7253=EDGE_LOOP('',(#3765,#3766,#3767,#3768));
#7254=EDGE_LOOP('',(#3769,#3770,#3771,#3772));
#7255=EDGE_LOOP('',(#3773,#3774,#3775,#3776));
#7256=EDGE_LOOP('',(#3777,#3778,#3779,#3780));
#7257=EDGE_LOOP('',(#3781,#3782,#3783,#3784));
#7258=EDGE_LOOP('',(#3785,#3786,#3787,#3788));
#7259=EDGE_LOOP('',(#3789,#3790,#3791,#3792));
#7260=EDGE_LOOP('',(#3793,#3794,#3795,#3796));
#7261=EDGE_LOOP('',(#3797,#3798,#3799,#3800));
#7262=EDGE_LOOP('',(#3801,#3802,#3803,#3804));
#7263=EDGE_LOOP('',(#3805,#3806,#3807,#3808));
#7264=EDGE_LOOP('',(#3809,#3810,#3811,#3812));
#7265=EDGE_LOOP('',(#3813,#3814,#3815,#3816));
#7266=EDGE_LOOP('',(#3817,#3818,#3819,#3820));
#7267=EDGE_LOOP('',(#3821,#3822,#3823,#3824));
#7268=EDGE_LOOP('',(#3825,#3826,#3827,#3828));
#7269=EDGE_LOOP('',(#3829,#3830,#3831,#3832));
#7270=EDGE_LOOP('',(#3833,#3834,#3835,#3836));
#7271=EDGE_LOOP('',(#3837,#3838,#3839,#3840));
#7272=EDGE_LOOP('',(#3841,#3842,#3843,#3844));
#7273=EDGE_LOOP('',(#3845,#3846,#3847,#3848));
#7274=EDGE_LOOP('',(#3849,#3850,#3851,#3852));
#7275=EDGE_LOOP('',(#3853,#3854,#3855,#3856));
#7276=EDGE_LOOP('',(#3857,#3858,#3859,#3860));
#7277=EDGE_LOOP('',(#3861,#3862,#3863,#3864));
#7278=EDGE_LOOP('',(#3865,#3866,#3867,#3868));
#7279=EDGE_LOOP('',(#3869,#3870,#3871,#3872));
#7280=EDGE_LOOP('',(#3873,#3874,#3875,#3876));
#7281=EDGE_LOOP('',(#3877,#3878,#3879,#3880));
#7282=EDGE_LOOP('',(#3881,#3882,#3883,#3884));
#7283=EDGE_LOOP('',(#3885,#3886,#3887,#3888));
#7284=EDGE_LOOP('',(#3889,#3890,#3891,#3892));
#7285=EDGE_LOOP('',(#3893,#3894,#3895,#3896));
#7286=EDGE_LOOP('',(#3897,#3898,#3899,#3900));
#7287=EDGE_LOOP('',(#3901,#3902,#3903,#3904));
#7288=EDGE_LOOP('',(#3905,#3906,#3907,#3908,#3909,#3910,#3911,#3912,#3913,
#3914,#3915,#3916,#3917,#3918,#3919,#3920,#3921,#3922,#3923,#3924,#3925,
#3926,#3927,#3928,#3929,#3930,#3931,#3932,#3933,#3934,#3935,#3936,#3937,
#3938,#3939,#3940,#3941,#3942,#3943,#3944,#3945,#3946,#3947,#3948,#3949,
#3950,#3951,#3952,#3953,#3954,#3955,#3956,#3957,#3958,#3959,#3960,#3961,
#3962,#3963,#3964,#3965,#3966,#3967,#3968,#3969,#3970,#3971,#3972,#3973,
#3974,#3975,#3976,#3977,#3978,#3979,#3980,#3981,#3982,#3983,#3984,#3985,
#3986,#3987,#3988));
#7289=EDGE_LOOP('',(#3989));
#7290=EDGE_LOOP('',(#3990));
#7291=EDGE_LOOP('',(#3991));
#7292=EDGE_LOOP('',(#3992));
#7293=EDGE_LOOP('',(#3993));
#7294=EDGE_LOOP('',(#3994));
#7295=EDGE_LOOP('',(#3995));
#7296=EDGE_LOOP('',(#3996));
#7297=EDGE_LOOP('',(#3997));
#7298=EDGE_LOOP('',(#3998));
#7299=EDGE_LOOP('',(#3999));
#7300=EDGE_LOOP('',(#4000));
#7301=EDGE_LOOP('',(#4001));
#7302=EDGE_LOOP('',(#4002));
#7303=EDGE_LOOP('',(#4003));
#7304=FACE_BOUND('',#6722,.T.);
#7305=FACE_BOUND('',#6723,.T.);
#7306=FACE_BOUND('',#6724,.T.);
#7307=FACE_BOUND('',#6725,.T.);
#7308=FACE_BOUND('',#6726,.T.);
#7309=FACE_BOUND('',#6727,.T.);
#7310=FACE_BOUND('',#6728,.T.);
#7311=FACE_BOUND('',#6729,.T.);
#7312=FACE_BOUND('',#6730,.T.);
#7313=FACE_BOUND('',#6731,.T.);
#7314=FACE_BOUND('',#6732,.T.);
#7315=FACE_BOUND('',#6733,.T.);
#7316=FACE_BOUND('',#6734,.T.);
#7317=FACE_BOUND('',#6735,.T.);
#7318=FACE_BOUND('',#6736,.T.);
#7319=FACE_BOUND('',#6737,.T.);
#7320=FACE_BOUND('',#6738,.T.);
#7321=FACE_BOUND('',#6739,.T.);
#7322=FACE_BOUND('',#6740,.T.);
#7323=FACE_BOUND('',#6741,.T.);
#7324=FACE_BOUND('',#6742,.T.);
#7325=FACE_BOUND('',#6743,.T.);
#7326=FACE_BOUND('',#6744,.T.);
#7327=FACE_BOUND('',#6745,.T.);
#7328=FACE_BOUND('',#6746,.T.);
#7329=FACE_BOUND('',#6747,.T.);
#7330=FACE_BOUND('',#6748,.T.);
#7331=FACE_BOUND('',#6749,.T.);
#7332=FACE_BOUND('',#6750,.T.);
#7333=FACE_BOUND('',#6751,.T.);
#7334=FACE_BOUND('',#6752,.T.);
#7335=FACE_BOUND('',#6753,.T.);
#7336=FACE_BOUND('',#6754,.T.);
#7337=FACE_BOUND('',#6755,.T.);
#7338=FACE_BOUND('',#6756,.T.);
#7339=FACE_BOUND('',#6757,.T.);
#7340=FACE_BOUND('',#6758,.T.);
#7341=FACE_BOUND('',#6759,.T.);
#7342=FACE_BOUND('',#6760,.T.);
#7343=FACE_BOUND('',#6761,.T.);
#7344=FACE_BOUND('',#6762,.T.);
#7345=FACE_BOUND('',#6763,.T.);
#7346=FACE_BOUND('',#6764,.T.);
#7347=FACE_BOUND('',#6765,.T.);
#7348=FACE_BOUND('',#6766,.T.);
#7349=FACE_BOUND('',#6767,.T.);
#7350=FACE_BOUND('',#6768,.T.);
#7351=FACE_BOUND('',#6769,.T.);
#7352=FACE_BOUND('',#6770,.T.);
#7353=FACE_BOUND('',#6771,.T.);
#7354=FACE_BOUND('',#6772,.T.);
#7355=FACE_BOUND('',#6773,.T.);
#7356=FACE_BOUND('',#6774,.T.);
#7357=FACE_BOUND('',#6775,.T.);
#7358=FACE_BOUND('',#6776,.T.);
#7359=FACE_BOUND('',#6777,.T.);
#7360=FACE_BOUND('',#6778,.T.);
#7361=FACE_BOUND('',#6779,.T.);
#7362=FACE_BOUND('',#6780,.T.);
#7363=FACE_BOUND('',#6781,.T.);
#7364=FACE_BOUND('',#6782,.T.);
#7365=FACE_BOUND('',#6783,.T.);
#7366=FACE_BOUND('',#6784,.T.);
#7367=FACE_BOUND('',#6785,.T.);
#7368=FACE_BOUND('',#6786,.T.);
#7369=FACE_BOUND('',#6787,.T.);
#7370=FACE_BOUND('',#6788,.T.);
#7371=FACE_BOUND('',#6789,.T.);
#7372=FACE_BOUND('',#6790,.T.);
#7373=FACE_BOUND('',#6791,.T.);
#7374=FACE_BOUND('',#6792,.T.);
#7375=FACE_BOUND('',#6793,.T.);
#7376=FACE_BOUND('',#6794,.T.);
#7377=FACE_BOUND('',#6795,.T.);
#7378=FACE_BOUND('',#6796,.T.);
#7379=FACE_BOUND('',#6797,.T.);
#7380=FACE_BOUND('',#6798,.T.);
#7381=FACE_BOUND('',#6799,.T.);
#7382=FACE_BOUND('',#6800,.T.);
#7383=FACE_BOUND('',#6801,.T.);
#7384=FACE_BOUND('',#6802,.T.);
#7385=FACE_BOUND('',#6803,.T.);
#7386=FACE_BOUND('',#6804,.T.);
#7387=FACE_BOUND('',#6805,.T.);
#7388=FACE_BOUND('',#6806,.T.);
#7389=FACE_BOUND('',#6807,.T.);
#7390=FACE_BOUND('',#6808,.T.);
#7391=FACE_BOUND('',#6809,.T.);
#7392=FACE_BOUND('',#6810,.T.);
#7393=FACE_BOUND('',#6811,.T.);
#7394=FACE_BOUND('',#6812,.T.);
#7395=FACE_BOUND('',#6813,.T.);
#7396=FACE_BOUND('',#6814,.T.);
#7397=FACE_BOUND('',#6815,.T.);
#7398=FACE_BOUND('',#6816,.T.);
#7399=FACE_BOUND('',#6817,.T.);
#7400=FACE_BOUND('',#6818,.T.);
#7401=FACE_BOUND('',#6819,.T.);
#7402=FACE_BOUND('',#6820,.T.);
#7403=FACE_BOUND('',#6821,.T.);
#7404=FACE_BOUND('',#6822,.T.);
#7405=FACE_BOUND('',#6823,.T.);
#7406=FACE_BOUND('',#6824,.T.);
#7407=FACE_BOUND('',#6825,.T.);
#7408=FACE_BOUND('',#6826,.T.);
#7409=FACE_BOUND('',#6827,.T.);
#7410=FACE_BOUND('',#6828,.T.);
#7411=FACE_BOUND('',#6829,.T.);
#7412=FACE_BOUND('',#6830,.T.);
#7413=FACE_BOUND('',#6831,.T.);
#7414=FACE_BOUND('',#6832,.T.);
#7415=FACE_BOUND('',#6833,.T.);
#7416=FACE_BOUND('',#6834,.T.);
#7417=FACE_BOUND('',#6835,.T.);
#7418=FACE_BOUND('',#6836,.T.);
#7419=FACE_BOUND('',#6837,.T.);
#7420=FACE_BOUND('',#6838,.T.);
#7421=FACE_BOUND('',#6839,.T.);
#7422=FACE_BOUND('',#6840,.T.);
#7423=FACE_BOUND('',#6841,.T.);
#7424=FACE_BOUND('',#6842,.T.);
#7425=FACE_BOUND('',#6843,.T.);
#7426=FACE_BOUND('',#6844,.T.);
#7427=FACE_BOUND('',#6845,.T.);
#7428=FACE_BOUND('',#6846,.T.);
#7429=FACE_BOUND('',#6847,.T.);
#7430=FACE_BOUND('',#6848,.T.);
#7431=FACE_BOUND('',#6849,.T.);
#7432=FACE_BOUND('',#6850,.T.);
#7433=FACE_BOUND('',#6851,.T.);
#7434=FACE_BOUND('',#6852,.T.);
#7435=FACE_BOUND('',#6853,.T.);
#7436=FACE_BOUND('',#6854,.T.);
#7437=FACE_BOUND('',#6855,.T.);
#7438=FACE_BOUND('',#6856,.T.);
#7439=FACE_BOUND('',#6857,.T.);
#7440=FACE_BOUND('',#6858,.T.);
#7441=FACE_BOUND('',#6859,.T.);
#7442=FACE_BOUND('',#6860,.T.);
#7443=FACE_BOUND('',#6861,.T.);
#7444=FACE_BOUND('',#6862,.T.);
#7445=FACE_BOUND('',#6863,.T.);
#7446=FACE_BOUND('',#6864,.T.);
#7447=FACE_BOUND('',#6865,.T.);
#7448=FACE_BOUND('',#6866,.T.);
#7449=FACE_BOUND('',#6867,.T.);
#7450=FACE_BOUND('',#6868,.T.);
#7451=FACE_BOUND('',#6869,.T.);
#7452=FACE_BOUND('',#6870,.T.);
#7453=FACE_BOUND('',#6871,.T.);
#7454=FACE_BOUND('',#6872,.T.);
#7455=FACE_BOUND('',#6873,.T.);
#7456=FACE_BOUND('',#6874,.T.);
#7457=FACE_BOUND('',#6875,.T.);
#7458=FACE_BOUND('',#6876,.T.);
#7459=FACE_BOUND('',#6877,.T.);
#7460=FACE_BOUND('',#6878,.T.);
#7461=FACE_BOUND('',#6879,.T.);
#7462=FACE_BOUND('',#6880,.T.);
#7463=FACE_BOUND('',#6881,.T.);
#7464=FACE_BOUND('',#6882,.T.);
#7465=FACE_BOUND('',#6883,.T.);
#7466=FACE_BOUND('',#6884,.T.);
#7467=FACE_BOUND('',#6885,.T.);
#7468=FACE_BOUND('',#6886,.T.);
#7469=FACE_BOUND('',#6887,.T.);
#7470=FACE_BOUND('',#6888,.T.);
#7471=FACE_BOUND('',#6889,.T.);
#7472=FACE_BOUND('',#6890,.T.);
#7473=FACE_BOUND('',#6891,.T.);
#7474=FACE_BOUND('',#6892,.T.);
#7475=FACE_BOUND('',#6893,.T.);
#7476=FACE_BOUND('',#6894,.T.);
#7477=FACE_BOUND('',#6895,.T.);
#7478=FACE_BOUND('',#6896,.T.);
#7479=FACE_BOUND('',#6897,.T.);
#7480=FACE_BOUND('',#6898,.T.);
#7481=FACE_BOUND('',#6899,.T.);
#7482=FACE_BOUND('',#6900,.T.);
#7483=FACE_BOUND('',#6901,.T.);
#7484=FACE_BOUND('',#6902,.T.);
#7485=FACE_BOUND('',#6903,.T.);
#7486=FACE_BOUND('',#6904,.T.);
#7487=FACE_BOUND('',#6905,.T.);
#7488=FACE_BOUND('',#6906,.T.);
#7489=FACE_BOUND('',#6907,.T.);
#7490=FACE_BOUND('',#6908,.T.);
#7491=FACE_BOUND('',#6909,.T.);
#7492=FACE_BOUND('',#6910,.T.);
#7493=FACE_BOUND('',#6911,.T.);
#7494=FACE_BOUND('',#6912,.T.);
#7495=FACE_BOUND('',#6913,.T.);
#7496=FACE_BOUND('',#6914,.T.);
#7497=FACE_BOUND('',#6915,.T.);
#7498=FACE_BOUND('',#6916,.T.);
#7499=FACE_BOUND('',#6917,.T.);
#7500=FACE_BOUND('',#6918,.T.);
#7501=FACE_BOUND('',#6919,.T.);
#7502=FACE_BOUND('',#6920,.T.);
#7503=FACE_BOUND('',#6921,.T.);
#7504=FACE_BOUND('',#6922,.T.);
#7505=FACE_BOUND('',#6923,.T.);
#7506=FACE_BOUND('',#6924,.T.);
#7507=FACE_BOUND('',#6925,.T.);
#7508=FACE_BOUND('',#6926,.T.);
#7509=FACE_BOUND('',#6927,.T.);
#7510=FACE_BOUND('',#6928,.T.);
#7511=FACE_BOUND('',#6929,.T.);
#7512=FACE_BOUND('',#6930,.T.);
#7513=FACE_BOUND('',#6931,.T.);
#7514=FACE_BOUND('',#6932,.T.);
#7515=FACE_BOUND('',#6933,.T.);
#7516=FACE_BOUND('',#6934,.T.);
#7517=FACE_BOUND('',#6935,.T.);
#7518=FACE_BOUND('',#6936,.T.);
#7519=FACE_BOUND('',#6937,.T.);
#7520=FACE_BOUND('',#6938,.T.);
#7521=FACE_BOUND('',#6939,.T.);
#7522=FACE_BOUND('',#6940,.T.);
#7523=FACE_BOUND('',#6941,.T.);
#7524=FACE_BOUND('',#6942,.T.);
#7525=FACE_BOUND('',#6943,.T.);
#7526=FACE_BOUND('',#6944,.T.);
#7527=FACE_BOUND('',#6945,.T.);
#7528=FACE_BOUND('',#6946,.T.);
#7529=FACE_BOUND('',#6947,.T.);
#7530=FACE_BOUND('',#6948,.T.);
#7531=FACE_BOUND('',#6949,.T.);
#7532=FACE_BOUND('',#6950,.T.);
#7533=FACE_BOUND('',#6951,.T.);
#7534=FACE_BOUND('',#6952,.T.);
#7535=FACE_BOUND('',#6953,.T.);
#7536=FACE_BOUND('',#6954,.T.);
#7537=FACE_BOUND('',#6955,.T.);
#7538=FACE_BOUND('',#6956,.T.);
#7539=FACE_BOUND('',#6957,.T.);
#7540=FACE_BOUND('',#6958,.T.);
#7541=FACE_BOUND('',#6959,.T.);
#7542=FACE_BOUND('',#6960,.T.);
#7543=FACE_BOUND('',#6961,.T.);
#7544=FACE_BOUND('',#6962,.T.);
#7545=FACE_BOUND('',#6963,.T.);
#7546=FACE_BOUND('',#6964,.T.);
#7547=FACE_BOUND('',#6965,.T.);
#7548=FACE_BOUND('',#6966,.T.);
#7549=FACE_BOUND('',#6967,.T.);
#7550=FACE_BOUND('',#6968,.T.);
#7551=FACE_BOUND('',#6969,.T.);
#7552=FACE_BOUND('',#6970,.T.);
#7553=FACE_BOUND('',#6971,.T.);
#7554=FACE_BOUND('',#6972,.T.);
#7555=FACE_BOUND('',#6973,.T.);
#7556=FACE_BOUND('',#6974,.T.);
#7557=FACE_BOUND('',#6975,.T.);
#7558=FACE_BOUND('',#6976,.T.);
#7559=FACE_BOUND('',#6977,.T.);
#7560=FACE_BOUND('',#6978,.T.);
#7561=FACE_BOUND('',#6979,.T.);
#7562=FACE_BOUND('',#6980,.T.);
#7563=FACE_BOUND('',#6981,.T.);
#7564=FACE_BOUND('',#6982,.T.);
#7565=FACE_BOUND('',#6983,.T.);
#7566=FACE_BOUND('',#6984,.T.);
#7567=FACE_BOUND('',#6985,.T.);
#7568=FACE_BOUND('',#6986,.T.);
#7569=FACE_BOUND('',#6987,.T.);
#7570=FACE_BOUND('',#6988,.T.);
#7571=FACE_BOUND('',#6989,.T.);
#7572=FACE_BOUND('',#6990,.T.);
#7573=FACE_BOUND('',#6991,.T.);
#7574=FACE_BOUND('',#6992,.T.);
#7575=FACE_BOUND('',#6993,.T.);
#7576=FACE_BOUND('',#6994,.T.);
#7577=FACE_BOUND('',#6995,.T.);
#7578=FACE_BOUND('',#6996,.T.);
#7579=FACE_BOUND('',#6997,.T.);
#7580=FACE_BOUND('',#6998,.T.);
#7581=FACE_BOUND('',#6999,.T.);
#7582=FACE_BOUND('',#7000,.T.);
#7583=FACE_BOUND('',#7001,.T.);
#7584=FACE_BOUND('',#7002,.T.);
#7585=FACE_BOUND('',#7003,.T.);
#7586=FACE_BOUND('',#7004,.T.);
#7587=FACE_BOUND('',#7005,.T.);
#7588=FACE_BOUND('',#7006,.T.);
#7589=FACE_BOUND('',#7007,.T.);
#7590=FACE_BOUND('',#7008,.T.);
#7591=FACE_BOUND('',#7009,.T.);
#7592=FACE_BOUND('',#7010,.T.);
#7593=FACE_BOUND('',#7011,.T.);
#7594=FACE_BOUND('',#7012,.T.);
#7595=FACE_BOUND('',#7013,.T.);
#7596=FACE_BOUND('',#7014,.T.);
#7597=FACE_BOUND('',#7015,.T.);
#7598=FACE_BOUND('',#7016,.T.);
#7599=FACE_BOUND('',#7017,.T.);
#7600=FACE_BOUND('',#7018,.T.);
#7601=FACE_BOUND('',#7019,.T.);
#7602=FACE_BOUND('',#7020,.T.);
#7603=FACE_BOUND('',#7021,.T.);
#7604=FACE_BOUND('',#7022,.T.);
#7605=FACE_BOUND('',#7023,.T.);
#7606=FACE_BOUND('',#7024,.T.);
#7607=FACE_BOUND('',#7025,.T.);
#7608=FACE_BOUND('',#7026,.T.);
#7609=FACE_BOUND('',#7027,.T.);
#7610=FACE_BOUND('',#7028,.T.);
#7611=FACE_BOUND('',#7029,.T.);
#7612=FACE_BOUND('',#7030,.T.);
#7613=FACE_BOUND('',#7031,.T.);
#7614=FACE_BOUND('',#7032,.T.);
#7615=FACE_BOUND('',#7033,.T.);
#7616=FACE_BOUND('',#7034,.T.);
#7617=FACE_BOUND('',#7035,.T.);
#7618=FACE_BOUND('',#7036,.T.);
#7619=FACE_BOUND('',#7037,.T.);
#7620=FACE_BOUND('',#7038,.T.);
#7621=FACE_BOUND('',#7039,.T.);
#7622=FACE_BOUND('',#7040,.T.);
#7623=FACE_BOUND('',#7041,.T.);
#7624=FACE_BOUND('',#7042,.T.);
#7625=FACE_BOUND('',#7043,.T.);
#7626=FACE_BOUND('',#7044,.T.);
#7627=FACE_BOUND('',#7045,.T.);
#7628=FACE_BOUND('',#7046,.T.);
#7629=FACE_BOUND('',#7047,.T.);
#7630=FACE_BOUND('',#7048,.T.);
#7631=FACE_BOUND('',#7049,.T.);
#7632=FACE_BOUND('',#7050,.T.);
#7633=FACE_BOUND('',#7051,.T.);
#7634=FACE_BOUND('',#7052,.T.);
#7635=FACE_BOUND('',#7053,.T.);
#7636=FACE_BOUND('',#7054,.T.);
#7637=FACE_BOUND('',#7055,.T.);
#7638=FACE_BOUND('',#7056,.T.);
#7639=FACE_BOUND('',#7057,.T.);
#7640=FACE_BOUND('',#7058,.T.);
#7641=FACE_BOUND('',#7059,.T.);
#7642=FACE_BOUND('',#7060,.T.);
#7643=FACE_BOUND('',#7061,.T.);
#7644=FACE_BOUND('',#7062,.T.);
#7645=FACE_BOUND('',#7063,.T.);
#7646=FACE_BOUND('',#7064,.T.);
#7647=FACE_BOUND('',#7065,.T.);
#7648=FACE_BOUND('',#7066,.T.);
#7649=FACE_BOUND('',#7067,.T.);
#7650=FACE_BOUND('',#7068,.T.);
#7651=FACE_BOUND('',#7069,.T.);
#7652=FACE_BOUND('',#7070,.T.);
#7653=FACE_BOUND('',#7071,.T.);
#7654=FACE_BOUND('',#7072,.T.);
#7655=FACE_BOUND('',#7073,.T.);
#7656=FACE_BOUND('',#7074,.T.);
#7657=FACE_BOUND('',#7075,.T.);
#7658=FACE_BOUND('',#7076,.T.);
#7659=FACE_BOUND('',#7077,.T.);
#7660=FACE_BOUND('',#7078,.T.);
#7661=FACE_BOUND('',#7079,.T.);
#7662=FACE_BOUND('',#7080,.T.);
#7663=FACE_BOUND('',#7081,.T.);
#7664=FACE_BOUND('',#7082,.T.);
#7665=FACE_BOUND('',#7083,.T.);
#7666=FACE_BOUND('',#7084,.T.);
#7667=FACE_BOUND('',#7085,.T.);
#7668=FACE_BOUND('',#7086,.T.);
#7669=FACE_BOUND('',#7087,.T.);
#7670=FACE_BOUND('',#7088,.T.);
#7671=FACE_BOUND('',#7089,.T.);
#7672=FACE_BOUND('',#7090,.T.);
#7673=FACE_BOUND('',#7091,.T.);
#7674=FACE_BOUND('',#7092,.T.);
#7675=FACE_BOUND('',#7093,.T.);
#7676=FACE_BOUND('',#7094,.T.);
#7677=FACE_BOUND('',#7095,.T.);
#7678=FACE_BOUND('',#7096,.T.);
#7679=FACE_BOUND('',#7097,.T.);
#7680=FACE_BOUND('',#7098,.T.);
#7681=FACE_BOUND('',#7099,.T.);
#7682=FACE_BOUND('',#7100,.T.);
#7683=FACE_BOUND('',#7101,.T.);
#7684=FACE_BOUND('',#7102,.T.);
#7685=FACE_BOUND('',#7103,.T.);
#7686=FACE_BOUND('',#7104,.T.);
#7687=FACE_BOUND('',#7105,.T.);
#7688=FACE_BOUND('',#7106,.T.);
#7689=FACE_BOUND('',#7107,.T.);
#7690=FACE_BOUND('',#7108,.T.);
#7691=FACE_BOUND('',#7109,.T.);
#7692=FACE_BOUND('',#7110,.T.);
#7693=FACE_BOUND('',#7111,.T.);
#7694=FACE_BOUND('',#7112,.T.);
#7695=FACE_BOUND('',#7113,.T.);
#7696=FACE_BOUND('',#7114,.T.);
#7697=FACE_BOUND('',#7115,.T.);
#7698=FACE_BOUND('',#7116,.T.);
#7699=FACE_BOUND('',#7117,.T.);
#7700=FACE_BOUND('',#7118,.T.);
#7701=FACE_BOUND('',#7119,.T.);
#7702=FACE_BOUND('',#7120,.T.);
#7703=FACE_BOUND('',#7121,.T.);
#7704=FACE_BOUND('',#7122,.T.);
#7705=FACE_BOUND('',#7123,.T.);
#7706=FACE_BOUND('',#7124,.T.);
#7707=FACE_BOUND('',#7125,.T.);
#7708=FACE_BOUND('',#7126,.T.);
#7709=FACE_BOUND('',#7127,.T.);
#7710=FACE_BOUND('',#7128,.T.);
#7711=FACE_BOUND('',#7129,.T.);
#7712=FACE_BOUND('',#7130,.T.);
#7713=FACE_BOUND('',#7131,.T.);
#7714=FACE_BOUND('',#7132,.T.);
#7715=FACE_BOUND('',#7133,.T.);
#7716=FACE_BOUND('',#7134,.T.);
#7717=FACE_BOUND('',#7135,.T.);
#7718=FACE_BOUND('',#7136,.T.);
#7719=FACE_BOUND('',#7137,.T.);
#7720=FACE_BOUND('',#7138,.T.);
#7721=FACE_BOUND('',#7139,.T.);
#7722=FACE_BOUND('',#7140,.T.);
#7723=FACE_BOUND('',#7141,.T.);
#7724=FACE_BOUND('',#7142,.T.);
#7725=FACE_BOUND('',#7143,.T.);
#7726=FACE_BOUND('',#7144,.T.);
#7727=FACE_BOUND('',#7145,.T.);
#7728=FACE_BOUND('',#7146,.T.);
#7729=FACE_BOUND('',#7147,.T.);
#7730=FACE_BOUND('',#7148,.T.);
#7731=FACE_BOUND('',#7149,.T.);
#7732=FACE_BOUND('',#7150,.T.);
#7733=FACE_BOUND('',#7151,.T.);
#7734=FACE_BOUND('',#7152,.T.);
#7735=FACE_BOUND('',#7153,.T.);
#7736=FACE_BOUND('',#7154,.T.);
#7737=FACE_BOUND('',#7155,.T.);
#7738=FACE_BOUND('',#7156,.T.);
#7739=FACE_BOUND('',#7157,.T.);
#7740=FACE_BOUND('',#7158,.T.);
#7741=FACE_BOUND('',#7159,.T.);
#7742=FACE_BOUND('',#7160,.T.);
#7743=FACE_BOUND('',#7161,.T.);
#7744=FACE_BOUND('',#7162,.T.);
#7745=FACE_BOUND('',#7163,.T.);
#7746=FACE_BOUND('',#7164,.T.);
#7747=FACE_BOUND('',#7165,.T.);
#7748=FACE_BOUND('',#7166,.T.);
#7749=FACE_BOUND('',#7167,.T.);
#7750=FACE_BOUND('',#7168,.T.);
#7751=FACE_BOUND('',#7169,.T.);
#7752=FACE_BOUND('',#7170,.T.);
#7753=FACE_BOUND('',#7171,.T.);
#7754=FACE_BOUND('',#7172,.T.);
#7755=FACE_BOUND('',#7173,.T.);
#7756=FACE_BOUND('',#7174,.T.);
#7757=FACE_BOUND('',#7175,.T.);
#7758=FACE_BOUND('',#7176,.T.);
#7759=FACE_BOUND('',#7177,.T.);
#7760=FACE_BOUND('',#7178,.T.);
#7761=FACE_BOUND('',#7179,.T.);
#7762=FACE_BOUND('',#7180,.T.);
#7763=FACE_BOUND('',#7181,.T.);
#7764=FACE_BOUND('',#7182,.T.);
#7765=FACE_BOUND('',#7183,.T.);
#7766=FACE_BOUND('',#7184,.T.);
#7767=FACE_BOUND('',#7185,.T.);
#7768=FACE_BOUND('',#7186,.T.);
#7769=FACE_BOUND('',#7187,.T.);
#7770=FACE_BOUND('',#7188,.T.);
#7771=FACE_BOUND('',#7189,.T.);
#7772=FACE_BOUND('',#7190,.T.);
#7773=FACE_BOUND('',#7191,.T.);
#7774=FACE_BOUND('',#7192,.T.);
#7775=FACE_BOUND('',#7193,.T.);
#7776=FACE_BOUND('',#7194,.T.);
#7777=FACE_BOUND('',#7195,.T.);
#7778=FACE_BOUND('',#7196,.T.);
#7779=FACE_BOUND('',#7197,.T.);
#7780=FACE_BOUND('',#7198,.T.);
#7781=FACE_BOUND('',#7199,.T.);
#7782=FACE_BOUND('',#7200,.T.);
#7783=FACE_BOUND('',#7201,.T.);
#7784=FACE_BOUND('',#7202,.T.);
#7785=FACE_BOUND('',#7203,.T.);
#7786=FACE_BOUND('',#7204,.T.);
#7787=FACE_BOUND('',#7205,.T.);
#7788=FACE_BOUND('',#7206,.T.);
#7789=FACE_BOUND('',#7207,.T.);
#7790=FACE_BOUND('',#7208,.T.);
#7791=FACE_BOUND('',#7209,.T.);
#7792=FACE_BOUND('',#7210,.T.);
#7793=FACE_BOUND('',#7211,.T.);
#7794=FACE_BOUND('',#7212,.T.);
#7795=FACE_BOUND('',#7213,.T.);
#7796=FACE_BOUND('',#7214,.T.);
#7797=FACE_BOUND('',#7215,.T.);
#7798=FACE_BOUND('',#7216,.T.);
#7799=FACE_BOUND('',#7217,.T.);
#7800=FACE_BOUND('',#7218,.T.);
#7801=FACE_BOUND('',#7219,.T.);
#7802=FACE_BOUND('',#7220,.T.);
#7803=FACE_BOUND('',#7221,.T.);
#7804=FACE_BOUND('',#7222,.T.);
#7805=FACE_BOUND('',#7223,.T.);
#7806=FACE_BOUND('',#7224,.T.);
#7807=FACE_BOUND('',#7225,.T.);
#7808=FACE_BOUND('',#7226,.T.);
#7809=FACE_BOUND('',#7227,.T.);
#7810=FACE_BOUND('',#7228,.T.);
#7811=FACE_BOUND('',#7229,.T.);
#7812=FACE_BOUND('',#7230,.T.);
#7813=FACE_BOUND('',#7231,.T.);
#7814=FACE_BOUND('',#7232,.T.);
#7815=FACE_BOUND('',#7233,.T.);
#7816=FACE_BOUND('',#7234,.T.);
#7817=FACE_BOUND('',#7235,.T.);
#7818=FACE_BOUND('',#7236,.T.);
#7819=FACE_BOUND('',#7237,.T.);
#7820=FACE_BOUND('',#7238,.T.);
#7821=FACE_BOUND('',#7239,.T.);
#7822=FACE_BOUND('',#7240,.T.);
#7823=FACE_BOUND('',#7241,.T.);
#7824=FACE_BOUND('',#7242,.T.);
#7825=FACE_BOUND('',#7243,.T.);
#7826=FACE_BOUND('',#7244,.T.);
#7827=FACE_BOUND('',#7245,.T.);
#7828=FACE_BOUND('',#7246,.T.);
#7829=FACE_BOUND('',#7247,.T.);
#7830=FACE_BOUND('',#7248,.T.);
#7831=FACE_BOUND('',#7249,.T.);
#7832=FACE_BOUND('',#7250,.T.);
#7833=FACE_BOUND('',#7251,.T.);
#7834=FACE_BOUND('',#7252,.T.);
#7835=FACE_BOUND('',#7253,.T.);
#7836=FACE_BOUND('',#7254,.T.);
#7837=FACE_BOUND('',#7255,.T.);
#7838=FACE_BOUND('',#7256,.T.);
#7839=FACE_BOUND('',#7257,.T.);
#7840=FACE_BOUND('',#7258,.T.);
#7841=FACE_BOUND('',#7259,.T.);
#7842=FACE_BOUND('',#7260,.T.);
#7843=FACE_BOUND('',#7261,.T.);
#7844=FACE_BOUND('',#7262,.T.);
#7845=FACE_BOUND('',#7263,.T.);
#7846=FACE_BOUND('',#7264,.T.);
#7847=FACE_BOUND('',#7265,.T.);
#7848=FACE_BOUND('',#7266,.T.);
#7849=FACE_BOUND('',#7267,.T.);
#7850=FACE_BOUND('',#7268,.T.);
#7851=FACE_BOUND('',#7269,.T.);
#7852=FACE_BOUND('',#7270,.T.);
#7853=FACE_BOUND('',#7271,.T.);
#7854=FACE_BOUND('',#7272,.T.);
#7855=FACE_BOUND('',#7273,.T.);
#7856=FACE_BOUND('',#7274,.T.);
#7857=FACE_BOUND('',#7275,.T.);
#7858=FACE_BOUND('',#7276,.T.);
#7859=FACE_BOUND('',#7277,.T.);
#7860=FACE_BOUND('',#7278,.T.);
#7861=FACE_BOUND('',#7279,.T.);
#7862=FACE_BOUND('',#7280,.T.);
#7863=FACE_BOUND('',#7281,.T.);
#7864=FACE_BOUND('',#7282,.T.);
#7865=FACE_BOUND('',#7283,.T.);
#7866=FACE_BOUND('',#7284,.T.);
#7867=FACE_BOUND('',#7285,.T.);
#7868=FACE_BOUND('',#7286,.T.);
#7869=FACE_BOUND('',#7287,.T.);
#7870=FACE_BOUND('',#7288,.T.);
#7871=FACE_BOUND('',#7289,.T.);
#7872=FACE_BOUND('',#7290,.T.);
#7873=FACE_BOUND('',#7291,.T.);
#7874=FACE_BOUND('',#7292,.T.);
#7875=FACE_BOUND('',#7293,.T.);
#7876=FACE_BOUND('',#7294,.T.);
#7877=FACE_BOUND('',#7295,.T.);
#7878=FACE_BOUND('',#7296,.T.);
#7879=FACE_BOUND('',#7297,.T.);
#7880=FACE_BOUND('',#7298,.T.);
#7881=FACE_BOUND('',#7299,.T.);
#7882=FACE_BOUND('',#7300,.T.);
#7883=FACE_BOUND('',#7301,.T.);
#7884=FACE_BOUND('',#7302,.T.);
#7885=FACE_BOUND('',#7303,.T.);
#7886=PLANE('',#8555);
#7887=PLANE('',#8558);
#7888=PLANE('',#8645);
#7889=PLANE('',#8649);
#7890=PLANE('',#8653);
#7891=PLANE('',#8657);
#7892=PLANE('',#8661);
#7893=PLANE('',#8665);
#7894=PLANE('',#8669);
#7895=PLANE('',#8673);
#7896=PLANE('',#8677);
#7897=PLANE('',#8681);
#7898=PLANE('',#8685);
#7899=PLANE('',#8689);
#7900=PLANE('',#8693);
#7901=PLANE('',#8697);
#7902=PLANE('',#8701);
#7903=PLANE('',#8705);
#7904=PLANE('',#8709);
#7905=PLANE('',#8713);
#7906=PLANE('',#8717);
#7907=PLANE('',#8721);
#7908=PLANE('',#8725);
#7909=PLANE('',#8769);
#7910=PLANE('',#8773);
#7911=PLANE('',#8784);
#7912=PLANE('',#8785);
#7913=PLANE('',#8788);
#7914=PLANE('',#8792);
#7915=PLANE('',#8796);
#7916=PLANE('',#8800);
#7917=PLANE('',#8804);
#7918=PLANE('',#8808);
#7919=PLANE('',#8812);
#7920=PLANE('',#8816);
#7921=PLANE('',#8820);
#7922=PLANE('',#8824);
#7923=PLANE('',#8828);
#7924=PLANE('',#8832);
#7925=PLANE('',#8836);
#7926=PLANE('',#8840);
#7927=PLANE('',#8844);
#7928=PLANE('',#8848);
#7929=PLANE('',#8852);
#7930=PLANE('',#8856);
#7931=PLANE('',#8860);
#7932=PLANE('',#8864);
#7933=PLANE('',#8868);
#7934=PLANE('',#8872);
#7935=PLANE('',#8876);
#7936=PLANE('',#8880);
#7937=PLANE('',#8884);
#7938=PLANE('',#8888);
#7939=PLANE('',#8892);
#7940=PLANE('',#8896);
#7941=PLANE('',#8900);
#7942=PLANE('',#8904);
#7943=PLANE('',#8908);
#7944=PLANE('',#8912);
#7945=PLANE('',#8916);
#7946=PLANE('',#8920);
#7947=PLANE('',#8924);
#7948=PLANE('',#8928);
#7949=PLANE('',#8932);
#7950=PLANE('',#8936);
#7951=PLANE('',#8940);
#7952=PLANE('',#8944);
#7953=PLANE('',#8948);
#7954=PLANE('',#8952);
#7955=PLANE('',#8956);
#7956=PLANE('',#8960);
#7957=PLANE('',#8964);
#7958=PLANE('',#8968);
#7959=PLANE('',#8972);
#7960=PLANE('',#8976);
#7961=PLANE('',#8980);
#7962=PLANE('',#8984);
#7963=PLANE('',#8988);
#7964=PLANE('',#8992);
#7965=PLANE('',#8996);
#7966=PLANE('',#9000);
#7967=PLANE('',#9004);
#7968=PLANE('',#9008);
#7969=PLANE('',#9012);
#7970=PLANE('',#9016);
#7971=PLANE('',#9020);
#7972=PLANE('',#9024);
#7973=PLANE('',#9028);
#7974=PLANE('',#9032);
#7975=PLANE('',#9036);
#7976=PLANE('',#9040);
#7977=PLANE('',#9044);
#7978=PLANE('',#9048);
#7979=PLANE('',#9052);
#7980=PLANE('',#9056);
#7981=PLANE('',#9060);
#7982=PLANE('',#9064);
#7983=PLANE('',#9068);
#7984=PLANE('',#9072);
#7985=PLANE('',#9076);
#7986=PLANE('',#9080);
#7987=PLANE('',#9084);
#7988=PLANE('',#9088);
#7989=PLANE('',#9092);
#7990=PLANE('',#9096);
#7991=PLANE('',#9100);
#7992=PLANE('',#9104);
#7993=PLANE('',#9108);
#7994=PLANE('',#9112);
#7995=PLANE('',#9116);
#7996=PLANE('',#9120);
#7997=PLANE('',#9823);
#7998=PLANE('',#9828);
#7999=ADVANCED_FACE('',(#7304,#7305),#7886,.F.);
#8000=ADVANCED_FACE('',(#7306,#7307,#7308,#7309,#7310,#7311,#7312,#7313,
#7314,#7315,#7316,#7317,#7318,#7319,#7320,#7321,#7322,#7323,#7324,#7325,
#7326,#7327,#7328),#7887,.F.);
#8001=ADVANCED_FACE('',(#7329),#7888,.T.);
#8002=ADVANCED_FACE('',(#7330),#7889,.T.);
#8003=ADVANCED_FACE('',(#7331),#7890,.T.);
#8004=ADVANCED_FACE('',(#7332),#7891,.T.);
#8005=ADVANCED_FACE('',(#7333),#7892,.T.);
#8006=ADVANCED_FACE('',(#7334),#7893,.T.);
#8007=ADVANCED_FACE('',(#7335),#7894,.T.);
#8008=ADVANCED_FACE('',(#7336),#7895,.T.);
#8009=ADVANCED_FACE('',(#7337),#7896,.T.);
#8010=ADVANCED_FACE('',(#7338),#7897,.T.);
#8011=ADVANCED_FACE('',(#7339),#7898,.T.);
#8012=ADVANCED_FACE('',(#7340),#7899,.T.);
#8013=ADVANCED_FACE('',(#7341),#7900,.T.);
#8014=ADVANCED_FACE('',(#7342),#7901,.T.);
#8015=ADVANCED_FACE('',(#7343),#7902,.T.);
#8016=ADVANCED_FACE('',(#7344),#7903,.T.);
#8017=ADVANCED_FACE('',(#7345),#7904,.T.);
#8018=ADVANCED_FACE('',(#7346),#7905,.T.);
#8019=ADVANCED_FACE('',(#7347),#7906,.T.);
#8020=ADVANCED_FACE('',(#7348),#7907,.T.);
#8021=ADVANCED_FACE('',(#7349,#7350),#7908,.T.);
#8022=ADVANCED_FACE('',(#7351),#7909,.T.);
#8023=ADVANCED_FACE('',(#7352,#7353),#7910,.F.);
#8024=ADVANCED_FACE('',(#7354,#7355),#392,.T.);
#8025=ADVANCED_FACE('',(#7356,#7357),#393,.T.);
#8026=ADVANCED_FACE('',(#7358,#7359),#394,.F.);
#8027=ADVANCED_FACE('',(#7360,#7361),#7911,.T.);
#8028=ADVANCED_FACE('',(#7362,#7363),#7912,.T.);
#8029=ADVANCED_FACE('',(#7364,#7365),#395,.F.);
#8030=ADVANCED_FACE('',(#7366),#7913,.T.);
#8031=ADVANCED_FACE('',(#7367),#308,.F.);
#8032=ADVANCED_FACE('',(#7368),#7914,.T.);
#8033=ADVANCED_FACE('',(#7369),#309,.F.);
#8034=ADVANCED_FACE('',(#7370),#7915,.T.);
#8035=ADVANCED_FACE('',(#7371),#310,.F.);
#8036=ADVANCED_FACE('',(#7372),#7916,.T.);
#8037=ADVANCED_FACE('',(#7373),#311,.F.);
#8038=ADVANCED_FACE('',(#7374),#7917,.T.);
#8039=ADVANCED_FACE('',(#7375),#312,.F.);
#8040=ADVANCED_FACE('',(#7376),#7918,.T.);
#8041=ADVANCED_FACE('',(#7377),#313,.F.);
#8042=ADVANCED_FACE('',(#7378),#7919,.T.);
#8043=ADVANCED_FACE('',(#7379),#314,.F.);
#8044=ADVANCED_FACE('',(#7380),#7920,.T.);
#8045=ADVANCED_FACE('',(#7381),#315,.F.);
#8046=ADVANCED_FACE('',(#7382),#7921,.T.);
#8047=ADVANCED_FACE('',(#7383),#316,.F.);
#8048=ADVANCED_FACE('',(#7384),#7922,.T.);
#8049=ADVANCED_FACE('',(#7385),#317,.F.);
#8050=ADVANCED_FACE('',(#7386),#7923,.T.);
#8051=ADVANCED_FACE('',(#7387),#318,.F.);
#8052=ADVANCED_FACE('',(#7388),#7924,.T.);
#8053=ADVANCED_FACE('',(#7389),#319,.F.);
#8054=ADVANCED_FACE('',(#7390),#7925,.T.);
#8055=ADVANCED_FACE('',(#7391),#320,.F.);
#8056=ADVANCED_FACE('',(#7392),#7926,.T.);
#8057=ADVANCED_FACE('',(#7393),#321,.F.);
#8058=ADVANCED_FACE('',(#7394),#7927,.T.);
#8059=ADVANCED_FACE('',(#7395),#322,.F.);
#8060=ADVANCED_FACE('',(#7396),#7928,.T.);
#8061=ADVANCED_FACE('',(#7397),#323,.F.);
#8062=ADVANCED_FACE('',(#7398),#7929,.T.);
#8063=ADVANCED_FACE('',(#7399),#324,.F.);
#8064=ADVANCED_FACE('',(#7400),#7930,.T.);
#8065=ADVANCED_FACE('',(#7401),#325,.F.);
#8066=ADVANCED_FACE('',(#7402),#7931,.T.);
#8067=ADVANCED_FACE('',(#7403),#326,.F.);
#8068=ADVANCED_FACE('',(#7404),#7932,.T.);
#8069=ADVANCED_FACE('',(#7405),#327,.F.);
#8070=ADVANCED_FACE('',(#7406),#7933,.T.);
#8071=ADVANCED_FACE('',(#7407),#328,.F.);
#8072=ADVANCED_FACE('',(#7408),#7934,.T.);
#8073=ADVANCED_FACE('',(#7409),#329,.F.);
#8074=ADVANCED_FACE('',(#7410),#7935,.T.);
#8075=ADVANCED_FACE('',(#7411),#330,.F.);
#8076=ADVANCED_FACE('',(#7412),#7936,.T.);
#8077=ADVANCED_FACE('',(#7413),#331,.F.);
#8078=ADVANCED_FACE('',(#7414),#7937,.T.);
#8079=ADVANCED_FACE('',(#7415),#332,.F.);
#8080=ADVANCED_FACE('',(#7416),#7938,.T.);
#8081=ADVANCED_FACE('',(#7417),#333,.F.);
#8082=ADVANCED_FACE('',(#7418),#7939,.T.);
#8083=ADVANCED_FACE('',(#7419),#334,.F.);
#8084=ADVANCED_FACE('',(#7420),#7940,.T.);
#8085=ADVANCED_FACE('',(#7421),#335,.F.);
#8086=ADVANCED_FACE('',(#7422),#7941,.T.);
#8087=ADVANCED_FACE('',(#7423),#336,.F.);
#8088=ADVANCED_FACE('',(#7424),#7942,.T.);
#8089=ADVANCED_FACE('',(#7425),#337,.F.);
#8090=ADVANCED_FACE('',(#7426),#7943,.T.);
#8091=ADVANCED_FACE('',(#7427),#338,.F.);
#8092=ADVANCED_FACE('',(#7428),#7944,.T.);
#8093=ADVANCED_FACE('',(#7429),#339,.F.);
#8094=ADVANCED_FACE('',(#7430),#7945,.T.);
#8095=ADVANCED_FACE('',(#7431),#340,.F.);
#8096=ADVANCED_FACE('',(#7432),#7946,.T.);
#8097=ADVANCED_FACE('',(#7433),#341,.F.);
#8098=ADVANCED_FACE('',(#7434),#7947,.T.);
#8099=ADVANCED_FACE('',(#7435),#342,.F.);
#8100=ADVANCED_FACE('',(#7436),#7948,.T.);
#8101=ADVANCED_FACE('',(#7437),#343,.F.);
#8102=ADVANCED_FACE('',(#7438),#7949,.T.);
#8103=ADVANCED_FACE('',(#7439),#344,.F.);
#8104=ADVANCED_FACE('',(#7440),#7950,.T.);
#8105=ADVANCED_FACE('',(#7441),#345,.F.);
#8106=ADVANCED_FACE('',(#7442),#7951,.T.);
#8107=ADVANCED_FACE('',(#7443),#346,.F.);
#8108=ADVANCED_FACE('',(#7444),#7952,.T.);
#8109=ADVANCED_FACE('',(#7445),#347,.F.);
#8110=ADVANCED_FACE('',(#7446),#7953,.T.);
#8111=ADVANCED_FACE('',(#7447),#348,.F.);
#8112=ADVANCED_FACE('',(#7448),#7954,.T.);
#8113=ADVANCED_FACE('',(#7449),#349,.F.);
#8114=ADVANCED_FACE('',(#7450),#7955,.T.);
#8115=ADVANCED_FACE('',(#7451),#350,.F.);
#8116=ADVANCED_FACE('',(#7452),#7956,.T.);
#8117=ADVANCED_FACE('',(#7453),#351,.F.);
#8118=ADVANCED_FACE('',(#7454),#7957,.T.);
#8119=ADVANCED_FACE('',(#7455),#352,.F.);
#8120=ADVANCED_FACE('',(#7456),#7958,.T.);
#8121=ADVANCED_FACE('',(#7457),#353,.F.);
#8122=ADVANCED_FACE('',(#7458),#7959,.T.);
#8123=ADVANCED_FACE('',(#7459),#354,.F.);
#8124=ADVANCED_FACE('',(#7460),#7960,.T.);
#8125=ADVANCED_FACE('',(#7461),#355,.F.);
#8126=ADVANCED_FACE('',(#7462),#7961,.T.);
#8127=ADVANCED_FACE('',(#7463),#356,.F.);
#8128=ADVANCED_FACE('',(#7464),#7962,.T.);
#8129=ADVANCED_FACE('',(#7465),#357,.F.);
#8130=ADVANCED_FACE('',(#7466),#7963,.T.);
#8131=ADVANCED_FACE('',(#7467),#358,.F.);
#8132=ADVANCED_FACE('',(#7468),#7964,.T.);
#8133=ADVANCED_FACE('',(#7469),#359,.F.);
#8134=ADVANCED_FACE('',(#7470),#7965,.T.);
#8135=ADVANCED_FACE('',(#7471),#360,.F.);
#8136=ADVANCED_FACE('',(#7472),#7966,.T.);
#8137=ADVANCED_FACE('',(#7473),#361,.F.);
#8138=ADVANCED_FACE('',(#7474),#7967,.T.);
#8139=ADVANCED_FACE('',(#7475),#362,.F.);
#8140=ADVANCED_FACE('',(#7476),#7968,.T.);
#8141=ADVANCED_FACE('',(#7477),#363,.F.);
#8142=ADVANCED_FACE('',(#7478),#7969,.T.);
#8143=ADVANCED_FACE('',(#7479),#364,.F.);
#8144=ADVANCED_FACE('',(#7480),#7970,.T.);
#8145=ADVANCED_FACE('',(#7481),#365,.F.);
#8146=ADVANCED_FACE('',(#7482),#7971,.T.);
#8147=ADVANCED_FACE('',(#7483),#366,.F.);
#8148=ADVANCED_FACE('',(#7484),#7972,.T.);
#8149=ADVANCED_FACE('',(#7485),#367,.F.);
#8150=ADVANCED_FACE('',(#7486),#7973,.T.);
#8151=ADVANCED_FACE('',(#7487),#368,.F.);
#8152=ADVANCED_FACE('',(#7488),#7974,.T.);
#8153=ADVANCED_FACE('',(#7489),#369,.F.);
#8154=ADVANCED_FACE('',(#7490),#7975,.T.);
#8155=ADVANCED_FACE('',(#7491),#370,.F.);
#8156=ADVANCED_FACE('',(#7492),#7976,.T.);
#8157=ADVANCED_FACE('',(#7493),#371,.F.);
#8158=ADVANCED_FACE('',(#7494),#7977,.T.);
#8159=ADVANCED_FACE('',(#7495),#372,.F.);
#8160=ADVANCED_FACE('',(#7496),#7978,.T.);
#8161=ADVANCED_FACE('',(#7497),#373,.F.);
#8162=ADVANCED_FACE('',(#7498),#7979,.T.);
#8163=ADVANCED_FACE('',(#7499),#374,.F.);
#8164=ADVANCED_FACE('',(#7500),#7980,.T.);
#8165=ADVANCED_FACE('',(#7501),#375,.F.);
#8166=ADVANCED_FACE('',(#7502),#7981,.T.);
#8167=ADVANCED_FACE('',(#7503),#376,.F.);
#8168=ADVANCED_FACE('',(#7504),#7982,.T.);
#8169=ADVANCED_FACE('',(#7505),#377,.F.);
#8170=ADVANCED_FACE('',(#7506),#7983,.T.);
#8171=ADVANCED_FACE('',(#7507),#378,.F.);
#8172=ADVANCED_FACE('',(#7508),#7984,.T.);
#8173=ADVANCED_FACE('',(#7509),#379,.F.);
#8174=ADVANCED_FACE('',(#7510),#7985,.T.);
#8175=ADVANCED_FACE('',(#7511),#380,.F.);
#8176=ADVANCED_FACE('',(#7512),#7986,.T.);
#8177=ADVANCED_FACE('',(#7513),#381,.F.);
#8178=ADVANCED_FACE('',(#7514),#7987,.T.);
#8179=ADVANCED_FACE('',(#7515),#382,.F.);
#8180=ADVANCED_FACE('',(#7516),#7988,.T.);
#8181=ADVANCED_FACE('',(#7517),#383,.F.);
#8182=ADVANCED_FACE('',(#7518),#7989,.T.);
#8183=ADVANCED_FACE('',(#7519),#384,.F.);
#8184=ADVANCED_FACE('',(#7520),#7990,.T.);
#8185=ADVANCED_FACE('',(#7521),#385,.F.);
#8186=ADVANCED_FACE('',(#7522),#7991,.T.);
#8187=ADVANCED_FACE('',(#7523),#386,.F.);
#8188=ADVANCED_FACE('',(#7524),#7992,.T.);
#8189=ADVANCED_FACE('',(#7525),#387,.F.);
#8190=ADVANCED_FACE('',(#7526),#7993,.T.);
#8191=ADVANCED_FACE('',(#7527),#388,.F.);
#8192=ADVANCED_FACE('',(#7528),#7994,.T.);
#8193=ADVANCED_FACE('',(#7529),#389,.F.);
#8194=ADVANCED_FACE('',(#7530),#7995,.T.);
#8195=ADVANCED_FACE('',(#7531),#390,.F.);
#8196=ADVANCED_FACE('',(#7532),#7996,.T.);
#8197=ADVANCED_FACE('',(#7533),#391,.F.);
#8198=ADVANCED_FACE('',(#7534),#138,.T.);
#8199=ADVANCED_FACE('',(#7535),#396,.T.);
#8200=ADVANCED_FACE('',(#7536),#397,.T.);
#8201=ADVANCED_FACE('',(#7537),#139,.T.);
#8202=ADVANCED_FACE('',(#7538),#140,.T.);
#8203=ADVANCED_FACE('',(#7539),#398,.T.);
#8204=ADVANCED_FACE('',(#7540),#399,.T.);
#8205=ADVANCED_FACE('',(#7541),#141,.T.);
#8206=ADVANCED_FACE('',(#7542),#142,.T.);
#8207=ADVANCED_FACE('',(#7543),#400,.T.);
#8208=ADVANCED_FACE('',(#7544),#401,.T.);
#8209=ADVANCED_FACE('',(#7545),#143,.T.);
#8210=ADVANCED_FACE('',(#7546),#144,.T.);
#8211=ADVANCED_FACE('',(#7547),#145,.T.);
#8212=ADVANCED_FACE('',(#7548),#402,.T.);
#8213=ADVANCED_FACE('',(#7549),#403,.T.);
#8214=ADVANCED_FACE('',(#7550),#146,.T.);
#8215=ADVANCED_FACE('',(#7551),#404,.T.);
#8216=ADVANCED_FACE('',(#7552),#405,.T.);
#8217=ADVANCED_FACE('',(#7553),#147,.T.);
#8218=ADVANCED_FACE('',(#7554),#148,.T.);
#8219=ADVANCED_FACE('',(#7555),#406,.T.);
#8220=ADVANCED_FACE('',(#7556),#407,.T.);
#8221=ADVANCED_FACE('',(#7557),#149,.T.);
#8222=ADVANCED_FACE('',(#7558),#408,.T.);
#8223=ADVANCED_FACE('',(#7559),#409,.T.);
#8224=ADVANCED_FACE('',(#7560),#150,.T.);
#8225=ADVANCED_FACE('',(#7561),#151,.T.);
#8226=ADVANCED_FACE('',(#7562),#152,.T.);
#8227=ADVANCED_FACE('',(#7563),#153,.T.);
#8228=ADVANCED_FACE('',(#7564),#410,.T.);
#8229=ADVANCED_FACE('',(#7565),#411,.T.);
#8230=ADVANCED_FACE('',(#7566),#154,.T.);
#8231=ADVANCED_FACE('',(#7567),#412,.T.);
#8232=ADVANCED_FACE('',(#7568),#413,.T.);
#8233=ADVANCED_FACE('',(#7569),#155,.T.);
#8234=ADVANCED_FACE('',(#7570),#156,.T.);
#8235=ADVANCED_FACE('',(#7571),#414,.T.);
#8236=ADVANCED_FACE('',(#7572),#415,.T.);
#8237=ADVANCED_FACE('',(#7573),#157,.T.);
#8238=ADVANCED_FACE('',(#7574),#416,.T.);
#8239=ADVANCED_FACE('',(#7575),#417,.T.);
#8240=ADVANCED_FACE('',(#7576),#158,.T.);
#8241=ADVANCED_FACE('',(#7577),#159,.T.);
#8242=ADVANCED_FACE('',(#7578),#160,.T.);
#8243=ADVANCED_FACE('',(#7579),#161,.T.);
#8244=ADVANCED_FACE('',(#7580),#418,.T.);
#8245=ADVANCED_FACE('',(#7581),#419,.T.);
#8246=ADVANCED_FACE('',(#7582),#162,.T.);
#8247=ADVANCED_FACE('',(#7583),#420,.T.);
#8248=ADVANCED_FACE('',(#7584),#421,.T.);
#8249=ADVANCED_FACE('',(#7585),#163,.T.);
#8250=ADVANCED_FACE('',(#7586),#164,.T.);
#8251=ADVANCED_FACE('',(#7587),#422,.T.);
#8252=ADVANCED_FACE('',(#7588),#423,.T.);
#8253=ADVANCED_FACE('',(#7589),#165,.T.);
#8254=ADVANCED_FACE('',(#7590),#424,.T.);
#8255=ADVANCED_FACE('',(#7591),#425,.T.);
#8256=ADVANCED_FACE('',(#7592),#166,.T.);
#8257=ADVANCED_FACE('',(#7593),#167,.T.);
#8258=ADVANCED_FACE('',(#7594),#168,.T.);
#8259=ADVANCED_FACE('',(#7595),#169,.T.);
#8260=ADVANCED_FACE('',(#7596),#426,.T.);
#8261=ADVANCED_FACE('',(#7597),#427,.T.);
#8262=ADVANCED_FACE('',(#7598),#170,.T.);
#8263=ADVANCED_FACE('',(#7599),#428,.T.);
#8264=ADVANCED_FACE('',(#7600),#429,.T.);
#8265=ADVANCED_FACE('',(#7601),#171,.T.);
#8266=ADVANCED_FACE('',(#7602),#172,.T.);
#8267=ADVANCED_FACE('',(#7603),#430,.T.);
#8268=ADVANCED_FACE('',(#7604),#431,.T.);
#8269=ADVANCED_FACE('',(#7605),#173,.T.);
#8270=ADVANCED_FACE('',(#7606),#432,.T.);
#8271=ADVANCED_FACE('',(#7607),#433,.T.);
#8272=ADVANCED_FACE('',(#7608),#174,.T.);
#8273=ADVANCED_FACE('',(#7609),#175,.T.);
#8274=ADVANCED_FACE('',(#7610),#176,.T.);
#8275=ADVANCED_FACE('',(#7611),#177,.T.);
#8276=ADVANCED_FACE('',(#7612),#434,.T.);
#8277=ADVANCED_FACE('',(#7613),#435,.T.);
#8278=ADVANCED_FACE('',(#7614),#178,.T.);
#8279=ADVANCED_FACE('',(#7615),#436,.T.);
#8280=ADVANCED_FACE('',(#7616),#437,.T.);
#8281=ADVANCED_FACE('',(#7617),#179,.T.);
#8282=ADVANCED_FACE('',(#7618),#180,.T.);
#8283=ADVANCED_FACE('',(#7619),#438,.T.);
#8284=ADVANCED_FACE('',(#7620),#439,.T.);
#8285=ADVANCED_FACE('',(#7621),#181,.T.);
#8286=ADVANCED_FACE('',(#7622),#440,.T.);
#8287=ADVANCED_FACE('',(#7623),#441,.T.);
#8288=ADVANCED_FACE('',(#7624),#182,.T.);
#8289=ADVANCED_FACE('',(#7625),#183,.T.);
#8290=ADVANCED_FACE('',(#7626),#184,.T.);
#8291=ADVANCED_FACE('',(#7627),#185,.T.);
#8292=ADVANCED_FACE('',(#7628),#442,.T.);
#8293=ADVANCED_FACE('',(#7629),#443,.T.);
#8294=ADVANCED_FACE('',(#7630),#186,.T.);
#8295=ADVANCED_FACE('',(#7631),#444,.T.);
#8296=ADVANCED_FACE('',(#7632),#445,.T.);
#8297=ADVANCED_FACE('',(#7633),#187,.T.);
#8298=ADVANCED_FACE('',(#7634),#188,.T.);
#8299=ADVANCED_FACE('',(#7635),#446,.T.);
#8300=ADVANCED_FACE('',(#7636),#447,.T.);
#8301=ADVANCED_FACE('',(#7637),#189,.T.);
#8302=ADVANCED_FACE('',(#7638),#448,.T.);
#8303=ADVANCED_FACE('',(#7639),#449,.T.);
#8304=ADVANCED_FACE('',(#7640),#190,.T.);
#8305=ADVANCED_FACE('',(#7641),#191,.T.);
#8306=ADVANCED_FACE('',(#7642),#192,.T.);
#8307=ADVANCED_FACE('',(#7643),#193,.T.);
#8308=ADVANCED_FACE('',(#7644),#450,.T.);
#8309=ADVANCED_FACE('',(#7645),#451,.T.);
#8310=ADVANCED_FACE('',(#7646),#194,.T.);
#8311=ADVANCED_FACE('',(#7647),#452,.T.);
#8312=ADVANCED_FACE('',(#7648),#453,.T.);
#8313=ADVANCED_FACE('',(#7649),#195,.T.);
#8314=ADVANCED_FACE('',(#7650),#196,.T.);
#8315=ADVANCED_FACE('',(#7651),#454,.T.);
#8316=ADVANCED_FACE('',(#7652),#455,.T.);
#8317=ADVANCED_FACE('',(#7653),#197,.T.);
#8318=ADVANCED_FACE('',(#7654),#456,.T.);
#8319=ADVANCED_FACE('',(#7655),#457,.T.);
#8320=ADVANCED_FACE('',(#7656),#198,.T.);
#8321=ADVANCED_FACE('',(#7657),#199,.T.);
#8322=ADVANCED_FACE('',(#7658),#200,.T.);
#8323=ADVANCED_FACE('',(#7659),#201,.T.);
#8324=ADVANCED_FACE('',(#7660),#458,.T.);
#8325=ADVANCED_FACE('',(#7661),#459,.T.);
#8326=ADVANCED_FACE('',(#7662),#202,.T.);
#8327=ADVANCED_FACE('',(#7663),#460,.T.);
#8328=ADVANCED_FACE('',(#7664),#461,.T.);
#8329=ADVANCED_FACE('',(#7665),#203,.T.);
#8330=ADVANCED_FACE('',(#7666),#204,.T.);
#8331=ADVANCED_FACE('',(#7667),#462,.T.);
#8332=ADVANCED_FACE('',(#7668),#463,.T.);
#8333=ADVANCED_FACE('',(#7669),#205,.T.);
#8334=ADVANCED_FACE('',(#7670),#464,.T.);
#8335=ADVANCED_FACE('',(#7671),#465,.T.);
#8336=ADVANCED_FACE('',(#7672),#206,.T.);
#8337=ADVANCED_FACE('',(#7673),#207,.T.);
#8338=ADVANCED_FACE('',(#7674),#208,.T.);
#8339=ADVANCED_FACE('',(#7675),#209,.T.);
#8340=ADVANCED_FACE('',(#7676),#466,.T.);
#8341=ADVANCED_FACE('',(#7677),#467,.T.);
#8342=ADVANCED_FACE('',(#7678),#210,.T.);
#8343=ADVANCED_FACE('',(#7679),#468,.T.);
#8344=ADVANCED_FACE('',(#7680),#469,.T.);
#8345=ADVANCED_FACE('',(#7681),#211,.T.);
#8346=ADVANCED_FACE('',(#7682),#212,.T.);
#8347=ADVANCED_FACE('',(#7683),#470,.T.);
#8348=ADVANCED_FACE('',(#7684),#471,.T.);
#8349=ADVANCED_FACE('',(#7685),#213,.T.);
#8350=ADVANCED_FACE('',(#7686),#472,.T.);
#8351=ADVANCED_FACE('',(#7687),#473,.T.);
#8352=ADVANCED_FACE('',(#7688),#214,.T.);
#8353=ADVANCED_FACE('',(#7689),#215,.T.);
#8354=ADVANCED_FACE('',(#7690),#216,.T.);
#8355=ADVANCED_FACE('',(#7691),#217,.T.);
#8356=ADVANCED_FACE('',(#7692),#474,.T.);
#8357=ADVANCED_FACE('',(#7693),#475,.T.);
#8358=ADVANCED_FACE('',(#7694),#218,.T.);
#8359=ADVANCED_FACE('',(#7695),#476,.T.);
#8360=ADVANCED_FACE('',(#7696),#477,.T.);
#8361=ADVANCED_FACE('',(#7697),#219,.T.);
#8362=ADVANCED_FACE('',(#7698),#220,.T.);
#8363=ADVANCED_FACE('',(#7699),#478,.T.);
#8364=ADVANCED_FACE('',(#7700),#479,.T.);
#8365=ADVANCED_FACE('',(#7701),#221,.T.);
#8366=ADVANCED_FACE('',(#7702),#480,.T.);
#8367=ADVANCED_FACE('',(#7703),#481,.T.);
#8368=ADVANCED_FACE('',(#7704),#222,.T.);
#8369=ADVANCED_FACE('',(#7705),#223,.T.);
#8370=ADVANCED_FACE('',(#7706),#224,.T.);
#8371=ADVANCED_FACE('',(#7707),#482,.T.);
#8372=ADVANCED_FACE('',(#7708),#483,.T.);
#8373=ADVANCED_FACE('',(#7709),#225,.T.);
#8374=ADVANCED_FACE('',(#7710),#226,.T.);
#8375=ADVANCED_FACE('',(#7711),#484,.T.);
#8376=ADVANCED_FACE('',(#7712),#485,.T.);
#8377=ADVANCED_FACE('',(#7713),#227,.T.);
#8378=ADVANCED_FACE('',(#7714),#228,.T.);
#8379=ADVANCED_FACE('',(#7715),#486,.T.);
#8380=ADVANCED_FACE('',(#7716),#487,.T.);
#8381=ADVANCED_FACE('',(#7717),#229,.T.);
#8382=ADVANCED_FACE('',(#7718),#230,.T.);
#8383=ADVANCED_FACE('',(#7719),#488,.T.);
#8384=ADVANCED_FACE('',(#7720),#489,.T.);
#8385=ADVANCED_FACE('',(#7721),#231,.T.);
#8386=ADVANCED_FACE('',(#7722),#232,.T.);
#8387=ADVANCED_FACE('',(#7723),#490,.T.);
#8388=ADVANCED_FACE('',(#7724),#491,.T.);
#8389=ADVANCED_FACE('',(#7725),#233,.T.);
#8390=ADVANCED_FACE('',(#7726),#234,.T.);
#8391=ADVANCED_FACE('',(#7727),#492,.T.);
#8392=ADVANCED_FACE('',(#7728),#493,.T.);
#8393=ADVANCED_FACE('',(#7729),#235,.T.);
#8394=ADVANCED_FACE('',(#7730),#236,.T.);
#8395=ADVANCED_FACE('',(#7731),#494,.T.);
#8396=ADVANCED_FACE('',(#7732),#495,.T.);
#8397=ADVANCED_FACE('',(#7733),#237,.T.);
#8398=ADVANCED_FACE('',(#7734),#238,.T.);
#8399=ADVANCED_FACE('',(#7735),#496,.T.);
#8400=ADVANCED_FACE('',(#7736),#497,.T.);
#8401=ADVANCED_FACE('',(#7737),#239,.T.);
#8402=ADVANCED_FACE('',(#7738),#240,.T.);
#8403=ADVANCED_FACE('',(#7739),#498,.T.);
#8404=ADVANCED_FACE('',(#7740),#499,.T.);
#8405=ADVANCED_FACE('',(#7741),#241,.T.);
#8406=ADVANCED_FACE('',(#7742),#242,.T.);
#8407=ADVANCED_FACE('',(#7743),#500,.T.);
#8408=ADVANCED_FACE('',(#7744),#501,.T.);
#8409=ADVANCED_FACE('',(#7745),#243,.T.);
#8410=ADVANCED_FACE('',(#7746),#244,.T.);
#8411=ADVANCED_FACE('',(#7747),#502,.T.);
#8412=ADVANCED_FACE('',(#7748),#503,.T.);
#8413=ADVANCED_FACE('',(#7749),#245,.T.);
#8414=ADVANCED_FACE('',(#7750),#246,.T.);
#8415=ADVANCED_FACE('',(#7751),#504,.T.);
#8416=ADVANCED_FACE('',(#7752),#505,.T.);
#8417=ADVANCED_FACE('',(#7753),#247,.T.);
#8418=ADVANCED_FACE('',(#7754),#248,.T.);
#8419=ADVANCED_FACE('',(#7755),#506,.T.);
#8420=ADVANCED_FACE('',(#7756),#507,.T.);
#8421=ADVANCED_FACE('',(#7757),#249,.T.);
#8422=ADVANCED_FACE('',(#7758),#250,.T.);
#8423=ADVANCED_FACE('',(#7759),#508,.T.);
#8424=ADVANCED_FACE('',(#7760),#509,.T.);
#8425=ADVANCED_FACE('',(#7761),#251,.T.);
#8426=ADVANCED_FACE('',(#7762),#252,.T.);
#8427=ADVANCED_FACE('',(#7763),#510,.T.);
#8428=ADVANCED_FACE('',(#7764),#511,.T.);
#8429=ADVANCED_FACE('',(#7765),#253,.T.);
#8430=ADVANCED_FACE('',(#7766),#254,.T.);
#8431=ADVANCED_FACE('',(#7767),#512,.T.);
#8432=ADVANCED_FACE('',(#7768),#513,.T.);
#8433=ADVANCED_FACE('',(#7769),#255,.T.);
#8434=ADVANCED_FACE('',(#7770),#256,.T.);
#8435=ADVANCED_FACE('',(#7771),#514,.T.);
#8436=ADVANCED_FACE('',(#7772),#515,.T.);
#8437=ADVANCED_FACE('',(#7773),#257,.T.);
#8438=ADVANCED_FACE('',(#7774),#258,.T.);
#8439=ADVANCED_FACE('',(#7775),#516,.T.);
#8440=ADVANCED_FACE('',(#7776),#517,.T.);
#8441=ADVANCED_FACE('',(#7777),#259,.T.);
#8442=ADVANCED_FACE('',(#7778),#260,.T.);
#8443=ADVANCED_FACE('',(#7779),#518,.T.);
#8444=ADVANCED_FACE('',(#7780),#519,.T.);
#8445=ADVANCED_FACE('',(#7781),#261,.T.);
#8446=ADVANCED_FACE('',(#7782),#262,.T.);
#8447=ADVANCED_FACE('',(#7783),#520,.T.);
#8448=ADVANCED_FACE('',(#7784),#521,.T.);
#8449=ADVANCED_FACE('',(#7785),#263,.T.);
#8450=ADVANCED_FACE('',(#7786),#264,.T.);
#8451=ADVANCED_FACE('',(#7787),#522,.T.);
#8452=ADVANCED_FACE('',(#7788),#523,.T.);
#8453=ADVANCED_FACE('',(#7789),#265,.T.);
#8454=ADVANCED_FACE('',(#7790),#266,.T.);
#8455=ADVANCED_FACE('',(#7791),#524,.T.);
#8456=ADVANCED_FACE('',(#7792),#525,.T.);
#8457=ADVANCED_FACE('',(#7793),#267,.T.);
#8458=ADVANCED_FACE('',(#7794),#268,.T.);
#8459=ADVANCED_FACE('',(#7795),#526,.T.);
#8460=ADVANCED_FACE('',(#7796),#527,.T.);
#8461=ADVANCED_FACE('',(#7797),#269,.T.);
#8462=ADVANCED_FACE('',(#7798),#270,.T.);
#8463=ADVANCED_FACE('',(#7799),#528,.T.);
#8464=ADVANCED_FACE('',(#7800),#529,.T.);
#8465=ADVANCED_FACE('',(#7801),#271,.T.);
#8466=ADVANCED_FACE('',(#7802),#272,.T.);
#8467=ADVANCED_FACE('',(#7803),#530,.T.);
#8468=ADVANCED_FACE('',(#7804),#531,.T.);
#8469=ADVANCED_FACE('',(#7805),#273,.T.);
#8470=ADVANCED_FACE('',(#7806),#274,.T.);
#8471=ADVANCED_FACE('',(#7807),#532,.T.);
#8472=ADVANCED_FACE('',(#7808),#533,.T.);
#8473=ADVANCED_FACE('',(#7809),#275,.T.);
#8474=ADVANCED_FACE('',(#7810),#276,.T.);
#8475=ADVANCED_FACE('',(#7811),#534,.T.);
#8476=ADVANCED_FACE('',(#7812),#535,.T.);
#8477=ADVANCED_FACE('',(#7813),#277,.T.);
#8478=ADVANCED_FACE('',(#7814),#278,.T.);
#8479=ADVANCED_FACE('',(#7815),#536,.T.);
#8480=ADVANCED_FACE('',(#7816),#537,.T.);
#8481=ADVANCED_FACE('',(#7817),#279,.T.);
#8482=ADVANCED_FACE('',(#7818),#280,.T.);
#8483=ADVANCED_FACE('',(#7819),#538,.T.);
#8484=ADVANCED_FACE('',(#7820),#539,.T.);
#8485=ADVANCED_FACE('',(#7821),#281,.T.);
#8486=ADVANCED_FACE('',(#7822),#282,.T.);
#8487=ADVANCED_FACE('',(#7823),#540,.T.);
#8488=ADVANCED_FACE('',(#7824),#541,.T.);
#8489=ADVANCED_FACE('',(#7825),#283,.T.);
#8490=ADVANCED_FACE('',(#7826),#284,.T.);
#8491=ADVANCED_FACE('',(#7827),#542,.T.);
#8492=ADVANCED_FACE('',(#7828),#543,.T.);
#8493=ADVANCED_FACE('',(#7829),#285,.T.);
#8494=ADVANCED_FACE('',(#7830),#286,.T.);
#8495=ADVANCED_FACE('',(#7831),#544,.T.);
#8496=ADVANCED_FACE('',(#7832),#545,.T.);
#8497=ADVANCED_FACE('',(#7833),#287,.T.);
#8498=ADVANCED_FACE('',(#7834),#288,.T.);
#8499=ADVANCED_FACE('',(#7835),#546,.T.);
#8500=ADVANCED_FACE('',(#7836),#547,.T.);
#8501=ADVANCED_FACE('',(#7837),#289,.T.);
#8502=ADVANCED_FACE('',(#7838),#290,.T.);
#8503=ADVANCED_FACE('',(#7839),#548,.T.);
#8504=ADVANCED_FACE('',(#7840),#549,.T.);
#8505=ADVANCED_FACE('',(#7841),#291,.T.);
#8506=ADVANCED_FACE('',(#7842),#292,.T.);
#8507=ADVANCED_FACE('',(#7843),#550,.T.);
#8508=ADVANCED_FACE('',(#7844),#551,.T.);
#8509=ADVANCED_FACE('',(#7845),#293,.T.);
#8510=ADVANCED_FACE('',(#7846),#294,.T.);
#8511=ADVANCED_FACE('',(#7847),#552,.T.);
#8512=ADVANCED_FACE('',(#7848),#553,.T.);
#8513=ADVANCED_FACE('',(#7849),#295,.T.);
#8514=ADVANCED_FACE('',(#7850),#296,.T.);
#8515=ADVANCED_FACE('',(#7851),#554,.T.);
#8516=ADVANCED_FACE('',(#7852),#555,.T.);
#8517=ADVANCED_FACE('',(#7853),#297,.T.);
#8518=ADVANCED_FACE('',(#7854),#298,.T.);
#8519=ADVANCED_FACE('',(#7855),#556,.T.);
#8520=ADVANCED_FACE('',(#7856),#557,.T.);
#8521=ADVANCED_FACE('',(#7857),#299,.T.);
#8522=ADVANCED_FACE('',(#7858),#300,.T.);
#8523=ADVANCED_FACE('',(#7859),#558,.T.);
#8524=ADVANCED_FACE('',(#7860),#559,.T.);
#8525=ADVANCED_FACE('',(#7861),#301,.T.);
#8526=ADVANCED_FACE('',(#7862),#302,.T.);
#8527=ADVANCED_FACE('',(#7863),#560,.T.);
#8528=ADVANCED_FACE('',(#7864),#561,.T.);
#8529=ADVANCED_FACE('',(#7865),#303,.T.);
#8530=ADVANCED_FACE('',(#7866),#304,.T.);
#8531=ADVANCED_FACE('',(#7867),#562,.T.);
#8532=ADVANCED_FACE('',(#7868),#563,.T.);
#8533=ADVANCED_FACE('',(#7869),#305,.T.);
#8534=ADVANCED_FACE('',(#7870,#7871),#306,.T.);
#8535=ADVANCED_FACE('',(#7872,#7873),#307,.T.);
#8536=ADVANCED_FACE('',(#7874,#7875),#564,.F.);
#8537=ADVANCED_FACE('',(#7876,#7877),#565,.T.);
#8538=ADVANCED_FACE('',(#7878,#7879),#7997,.T.);
#8539=ADVANCED_FACE('',(#7880,#7881),#566,.F.);
#8540=ADVANCED_FACE('',(#7882,#7883),#567,.T.);
#8541=ADVANCED_FACE('',(#7884,#7885),#7998,.T.);
#8542=CLOSED_SHELL('',(#7999,#8000,#8001,#8002,#8003,#8004,#8005,#8006,
#8007,#8008,#8009,#8010,#8011,#8012,#8013,#8014,#8015,#8016,#8017,#8018,
#8019,#8020,#8021,#8022,#8023,#8024,#8025,#8026,#8027,#8028,#8029,#8030,
#8031,#8032,#8033,#8034,#8035,#8036,#8037,#8038,#8039,#8040,#8041,#8042,
#8043,#8044,#8045,#8046,#8047,#8048,#8049,#8050,#8051,#8052,#8053,#8054,
#8055,#8056,#8057,#8058,#8059,#8060,#8061,#8062,#8063,#8064,#8065,#8066,
#8067,#8068,#8069,#8070,#8071,#8072,#8073,#8074,#8075,#8076,#8077,#8078,
#8079,#8080,#8081,#8082,#8083,#8084,#8085,#8086,#8087,#8088,#8089,#8090,
#8091,#8092,#8093,#8094,#8095,#8096,#8097,#8098,#8099,#8100,#8101,#8102,
#8103,#8104,#8105,#8106,#8107,#8108,#8109,#8110,#8111,#8112,#8113,#8114,
#8115,#8116,#8117,#8118,#8119,#8120,#8121,#8122,#8123,#8124,#8125,#8126,
#8127,#8128,#8129,#8130,#8131,#8132,#8133,#8134,#8135,#8136,#8137,#8138,
#8139,#8140,#8141,#8142,#8143,#8144,#8145,#8146,#8147,#8148,#8149,#8150,
#8151,#8152,#8153,#8154,#8155,#8156,#8157,#8158,#8159,#8160,#8161,#8162,
#8163,#8164,#8165,#8166,#8167,#8168,#8169,#8170,#8171,#8172,#8173,#8174,
#8175,#8176,#8177,#8178,#8179,#8180,#8181,#8182,#8183,#8184,#8185,#8186,
#8187,#8188,#8189,#8190,#8191,#8192,#8193,#8194,#8195,#8196,#8197,#8198,
#8199,#8200,#8201,#8202,#8203,#8204,#8205,#8206,#8207,#8208,#8209,#8210,
#8211,#8212,#8213,#8214,#8215,#8216,#8217,#8218,#8219,#8220,#8221,#8222,
#8223,#8224,#8225,#8226,#8227,#8228,#8229,#8230,#8231,#8232,#8233,#8234,
#8235,#8236,#8237,#8238,#8239,#8240,#8241,#8242,#8243,#8244,#8245,#8246,
#8247,#8248,#8249,#8250,#8251,#8252,#8253,#8254,#8255,#8256,#8257,#8258,
#8259,#8260,#8261,#8262,#8263,#8264,#8265,#8266,#8267,#8268,#8269,#8270,
#8271,#8272,#8273,#8274,#8275,#8276,#8277,#8278,#8279,#8280,#8281,#8282,
#8283,#8284,#8285,#8286,#8287,#8288,#8289,#8290,#8291,#8292,#8293,#8294,
#8295,#8296,#8297,#8298,#8299,#8300,#8301,#8302,#8303,#8304,#8305,#8306,
#8307,#8308,#8309,#8310,#8311,#8312,#8313,#8314,#8315,#8316,#8317,#8318,
#8319,#8320,#8321,#8322,#8323,#8324,#8325,#8326,#8327,#8328,#8329,#8330,
#8331,#8332,#8333,#8334,#8335,#8336,#8337,#8338,#8339,#8340,#8341,#8342,
#8343,#8344,#8345,#8346,#8347,#8348,#8349,#8350,#8351,#8352,#8353,#8354,
#8355,#8356,#8357,#8358,#8359,#8360,#8361,#8362,#8363,#8364,#8365,#8366,
#8367,#8368,#8369,#8370,#8371,#8372,#8373,#8374,#8375,#8376,#8377,#8378,
#8379,#8380,#8381,#8382,#8383,#8384,#8385,#8386,#8387,#8388,#8389,#8390,
#8391,#8392,#8393,#8394,#8395,#8396,#8397,#8398,#8399,#8400,#8401,#8402,
#8403,#8404,#8405,#8406,#8407,#8408,#8409,#8410,#8411,#8412,#8413,#8414,
#8415,#8416,#8417,#8418,#8419,#8420,#8421,#8422,#8423,#8424,#8425,#8426,
#8427,#8428,#8429,#8430,#8431,#8432,#8433,#8434,#8435,#8436,#8437,#8438,
#8439,#8440,#8441,#8442,#8443,#8444,#8445,#8446,#8447,#8448,#8449,#8450,
#8451,#8452,#8453,#8454,#8455,#8456,#8457,#8458,#8459,#8460,#8461,#8462,
#8463,#8464,#8465,#8466,#8467,#8468,#8469,#8470,#8471,#8472,#8473,#8474,
#8475,#8476,#8477,#8478,#8479,#8480,#8481,#8482,#8483,#8484,#8485,#8486,
#8487,#8488,#8489,#8490,#8491,#8492,#8493,#8494,#8495,#8496,#8497,#8498,
#8499,#8500,#8501,#8502,#8503,#8504,#8505,#8506,#8507,#8508,#8509,#8510,
#8511,#8512,#8513,#8514,#8515,#8516,#8517,#8518,#8519,#8520,#8521,#8522,
#8523,#8524,#8525,#8526,#8527,#8528,#8529,#8530,#8531,#8532,#8533,#8534,
#8535,#8536,#8537,#8538,#8539,#8540,#8541));
#8543=STYLED_ITEM('',(#8544),#8551);
#8544=PRESENTATION_STYLE_ASSIGNMENT((#8545));
#8545=SURFACE_STYLE_USAGE(.BOTH.,#8546);
#8546=SURFACE_SIDE_STYLE('',(#8547));
#8547=SURFACE_STYLE_FILL_AREA(#8548);
#8548=FILL_AREA_STYLE('',(#8549));
#8549=FILL_AREA_STYLE_COLOUR('',#8550);
#8550=COLOUR_RGB('',0.325490196078431,0.529411764705882,0.752941176470588);
#8551=MANIFOLD_SOLID_BREP('Part 1',#8542);
#8552=SHAPE_DEFINITION_REPRESENTATION(#15693,#8553);
#8553=SHAPE_REPRESENTATION('Part 1',(#8554),#15688);
#8554=AXIS2_PLACEMENT_3D('',#12820,#9829,#9830);
#8555=AXIS2_PLACEMENT_3D('',#12821,#9831,#9832);
#8556=AXIS2_PLACEMENT_3D('',#12822,#9833,#9834);
#8557=AXIS2_PLACEMENT_3D('',#12824,#9835,#9836);
#8558=AXIS2_PLACEMENT_3D('',#12826,#9837,#9838);
#8559=AXIS2_PLACEMENT_3D('',#12827,#9839,#9840);
#8560=AXIS2_PLACEMENT_3D('',#12832,#9842,#9843);
#8561=AXIS2_PLACEMENT_3D('',#12836,#9845,#9846);
#8562=AXIS2_PLACEMENT_3D('',#12840,#9848,#9849);
#8563=AXIS2_PLACEMENT_3D('',#12844,#9851,#9852);
#8564=AXIS2_PLACEMENT_3D('',#12848,#9854,#9855);
#8565=AXIS2_PLACEMENT_3D('',#12852,#9857,#9858);
#8566=AXIS2_PLACEMENT_3D('',#12856,#9860,#9861);
#8567=AXIS2_PLACEMENT_3D('',#12860,#9863,#9864);
#8568=AXIS2_PLACEMENT_3D('',#12864,#9866,#9867);
#8569=AXIS2_PLACEMENT_3D('',#12868,#9869,#9870);
#8570=AXIS2_PLACEMENT_3D('',#12872,#9872,#9873);
#8571=AXIS2_PLACEMENT_3D('',#12876,#9875,#9876);
#8572=AXIS2_PLACEMENT_3D('',#12880,#9878,#9879);
#8573=AXIS2_PLACEMENT_3D('',#12884,#9881,#9882);
#8574=AXIS2_PLACEMENT_3D('',#12888,#9884,#9885);
#8575=AXIS2_PLACEMENT_3D('',#12892,#9887,#9888);
#8576=AXIS2_PLACEMENT_3D('',#12896,#9890,#9891);
#8577=AXIS2_PLACEMENT_3D('',#12900,#9893,#9894);
#8578=AXIS2_PLACEMENT_3D('',#12904,#9896,#9897);
#8579=AXIS2_PLACEMENT_3D('',#12908,#9899,#9900);
#8580=AXIS2_PLACEMENT_3D('',#12912,#9902,#9903);
#8581=AXIS2_PLACEMENT_3D('',#12916,#9905,#9906);
#8582=AXIS2_PLACEMENT_3D('',#12920,#9908,#9909);
#8583=AXIS2_PLACEMENT_3D('',#12924,#9911,#9912);
#8584=AXIS2_PLACEMENT_3D('',#12928,#9914,#9915);
#8585=AXIS2_PLACEMENT_3D('',#12932,#9917,#9918);
#8586=AXIS2_PLACEMENT_3D('',#12936,#9920,#9921);
#8587=AXIS2_PLACEMENT_3D('',#12940,#9923,#9924);
#8588=AXIS2_PLACEMENT_3D('',#12944,#9926,#9927);
#8589=AXIS2_PLACEMENT_3D('',#12948,#9929,#9930);
#8590=AXIS2_PLACEMENT_3D('',#12952,#9932,#9933);
#8591=AXIS2_PLACEMENT_3D('',#12956,#9935,#9936);
#8592=AXIS2_PLACEMENT_3D('',#12960,#9938,#9939);
#8593=AXIS2_PLACEMENT_3D('',#12964,#9941,#9942);
#8594=AXIS2_PLACEMENT_3D('',#12968,#9944,#9945);
#8595=AXIS2_PLACEMENT_3D('',#12972,#9947,#9948);
#8596=AXIS2_PLACEMENT_3D('',#12976,#9950,#9951);
#8597=AXIS2_PLACEMENT_3D('',#12980,#9953,#9954);
#8598=AXIS2_PLACEMENT_3D('',#12984,#9956,#9957);
#8599=AXIS2_PLACEMENT_3D('',#12988,#9959,#9960);
#8600=AXIS2_PLACEMENT_3D('',#12992,#9962,#9963);
#8601=AXIS2_PLACEMENT_3D('',#12996,#9965,#9966);
#8602=AXIS2_PLACEMENT_3D('',#13000,#9968,#9969);
#8603=AXIS2_PLACEMENT_3D('',#13004,#9971,#9972);
#8604=AXIS2_PLACEMENT_3D('',#13008,#9974,#9975);
#8605=AXIS2_PLACEMENT_3D('',#13012,#9977,#9978);
#8606=AXIS2_PLACEMENT_3D('',#13016,#9980,#9981);
#8607=AXIS2_PLACEMENT_3D('',#13020,#9983,#9984);
#8608=AXIS2_PLACEMENT_3D('',#13024,#9986,#9987);
#8609=AXIS2_PLACEMENT_3D('',#13028,#9989,#9990);
#8610=AXIS2_PLACEMENT_3D('',#13032,#9992,#9993);
#8611=AXIS2_PLACEMENT_3D('',#13036,#9995,#9996);
#8612=AXIS2_PLACEMENT_3D('',#13040,#9998,#9999);
#8613=AXIS2_PLACEMENT_3D('',#13044,#10001,#10002);
#8614=AXIS2_PLACEMENT_3D('',#13048,#10004,#10005);
#8615=AXIS2_PLACEMENT_3D('',#13052,#10007,#10008);
#8616=AXIS2_PLACEMENT_3D('',#13056,#10010,#10011);
#8617=AXIS2_PLACEMENT_3D('',#13060,#10013,#10014);
#8618=AXIS2_PLACEMENT_3D('',#13064,#10016,#10017);
#8619=AXIS2_PLACEMENT_3D('',#13068,#10019,#10020);
#8620=AXIS2_PLACEMENT_3D('',#13072,#10022,#10023);
#8621=AXIS2_PLACEMENT_3D('',#13076,#10025,#10026);
#8622=AXIS2_PLACEMENT_3D('',#13080,#10028,#10029);
#8623=AXIS2_PLACEMENT_3D('',#13084,#10031,#10032);
#8624=AXIS2_PLACEMENT_3D('',#13088,#10034,#10035);
#8625=AXIS2_PLACEMENT_3D('',#13092,#10037,#10038);
#8626=AXIS2_PLACEMENT_3D('',#13096,#10040,#10041);
#8627=AXIS2_PLACEMENT_3D('',#13100,#10043,#10044);
#8628=AXIS2_PLACEMENT_3D('',#13104,#10046,#10047);
#8629=AXIS2_PLACEMENT_3D('',#13108,#10049,#10050);
#8630=AXIS2_PLACEMENT_3D('',#13112,#10052,#10053);
#8631=AXIS2_PLACEMENT_3D('',#13116,#10055,#10056);
#8632=AXIS2_PLACEMENT_3D('',#13120,#10058,#10059);
#8633=AXIS2_PLACEMENT_3D('',#13124,#10061,#10062);
#8634=AXIS2_PLACEMENT_3D('',#13128,#10064,#10065);
#8635=AXIS2_PLACEMENT_3D('',#13132,#10067,#10068);
#8636=AXIS2_PLACEMENT_3D('',#13136,#10070,#10071);
#8637=AXIS2_PLACEMENT_3D('',#13140,#10073,#10074);
#8638=AXIS2_PLACEMENT_3D('',#13144,#10076,#10077);
#8639=AXIS2_PLACEMENT_3D('',#13148,#10079,#10080);
#8640=AXIS2_PLACEMENT_3D('',#13152,#10082,#10083);
#8641=AXIS2_PLACEMENT_3D('',#13156,#10085,#10086);
#8642=AXIS2_PLACEMENT_3D('',#13160,#10088,#10089);
#8643=AXIS2_PLACEMENT_3D('',#13164,#10091,#10092);
#8644=AXIS2_PLACEMENT_3D('',#13165,#10093,#10094);
#8645=AXIS2_PLACEMENT_3D('',#13167,#10095,#10096);
#8646=AXIS2_PLACEMENT_3D('',#13168,#10097,#10098);
#8647=AXIS2_PLACEMENT_3D('',#13171,#10099,#10100);
#8648=AXIS2_PLACEMENT_3D('',#13173,#10101,#10102);
#8649=AXIS2_PLACEMENT_3D('',#13174,#10103,#10104);
#8650=AXIS2_PLACEMENT_3D('',#13175,#10105,#10106);
#8651=AXIS2_PLACEMENT_3D('',#13178,#10107,#10108);
#8652=AXIS2_PLACEMENT_3D('',#13180,#10109,#10110);
#8653=AXIS2_PLACEMENT_3D('',#13181,#10111,#10112);
#8654=AXIS2_PLACEMENT_3D('',#13182,#10113,#10114);
#8655=AXIS2_PLACEMENT_3D('',#13185,#10115,#10116);
#8656=AXIS2_PLACEMENT_3D('',#13187,#10117,#10118);
#8657=AXIS2_PLACEMENT_3D('',#13188,#10119,#10120);
#8658=AXIS2_PLACEMENT_3D('',#13189,#10121,#10122);
#8659=AXIS2_PLACEMENT_3D('',#13192,#10123,#10124);
#8660=AXIS2_PLACEMENT_3D('',#13194,#10125,#10126);
#8661=AXIS2_PLACEMENT_3D('',#13195,#10127,#10128);
#8662=AXIS2_PLACEMENT_3D('',#13196,#10129,#10130);
#8663=AXIS2_PLACEMENT_3D('',#13199,#10131,#10132);
#8664=AXIS2_PLACEMENT_3D('',#13201,#10133,#10134);
#8665=AXIS2_PLACEMENT_3D('',#13202,#10135,#10136);
#8666=AXIS2_PLACEMENT_3D('',#13203,#10137,#10138);
#8667=AXIS2_PLACEMENT_3D('',#13206,#10139,#10140);
#8668=AXIS2_PLACEMENT_3D('',#13208,#10141,#10142);
#8669=AXIS2_PLACEMENT_3D('',#13209,#10143,#10144);
#8670=AXIS2_PLACEMENT_3D('',#13210,#10145,#10146);
#8671=AXIS2_PLACEMENT_3D('',#13213,#10147,#10148);
#8672=AXIS2_PLACEMENT_3D('',#13215,#10149,#10150);
#8673=AXIS2_PLACEMENT_3D('',#13216,#10151,#10152);
#8674=AXIS2_PLACEMENT_3D('',#13217,#10153,#10154);
#8675=AXIS2_PLACEMENT_3D('',#13220,#10155,#10156);
#8676=AXIS2_PLACEMENT_3D('',#13222,#10157,#10158);
#8677=AXIS2_PLACEMENT_3D('',#13223,#10159,#10160);
#8678=AXIS2_PLACEMENT_3D('',#13224,#10161,#10162);
#8679=AXIS2_PLACEMENT_3D('',#13227,#10163,#10164);
#8680=AXIS2_PLACEMENT_3D('',#13229,#10165,#10166);
#8681=AXIS2_PLACEMENT_3D('',#13230,#10167,#10168);
#8682=AXIS2_PLACEMENT_3D('',#13231,#10169,#10170);
#8683=AXIS2_PLACEMENT_3D('',#13234,#10171,#10172);
#8684=AXIS2_PLACEMENT_3D('',#13236,#10173,#10174);
#8685=AXIS2_PLACEMENT_3D('',#13237,#10175,#10176);
#8686=AXIS2_PLACEMENT_3D('',#13238,#10177,#10178);
#8687=AXIS2_PLACEMENT_3D('',#13241,#10179,#10180);
#8688=AXIS2_PLACEMENT_3D('',#13243,#10181,#10182);
#8689=AXIS2_PLACEMENT_3D('',#13244,#10183,#10184);
#8690=AXIS2_PLACEMENT_3D('',#13245,#10185,#10186);
#8691=AXIS2_PLACEMENT_3D('',#13248,#10187,#10188);
#8692=AXIS2_PLACEMENT_3D('',#13250,#10189,#10190);
#8693=AXIS2_PLACEMENT_3D('',#13251,#10191,#10192);
#8694=AXIS2_PLACEMENT_3D('',#13252,#10193,#10194);
#8695=AXIS2_PLACEMENT_3D('',#13255,#10195,#10196);
#8696=AXIS2_PLACEMENT_3D('',#13257,#10197,#10198);
#8697=AXIS2_PLACEMENT_3D('',#13258,#10199,#10200);
#8698=AXIS2_PLACEMENT_3D('',#13259,#10201,#10202);
#8699=AXIS2_PLACEMENT_3D('',#13262,#10203,#10204);
#8700=AXIS2_PLACEMENT_3D('',#13264,#10205,#10206);
#8701=AXIS2_PLACEMENT_3D('',#13265,#10207,#10208);
#8702=AXIS2_PLACEMENT_3D('',#13266,#10209,#10210);
#8703=AXIS2_PLACEMENT_3D('',#13269,#10211,#10212);
#8704=AXIS2_PLACEMENT_3D('',#13271,#10213,#10214);
#8705=AXIS2_PLACEMENT_3D('',#13272,#10215,#10216);
#8706=AXIS2_PLACEMENT_3D('',#13273,#10217,#10218);
#8707=AXIS2_PLACEMENT_3D('',#13276,#10219,#10220);
#8708=AXIS2_PLACEMENT_3D('',#13278,#10221,#10222);
#8709=AXIS2_PLACEMENT_3D('',#13279,#10223,#10224);
#8710=AXIS2_PLACEMENT_3D('',#13280,#10225,#10226);
#8711=AXIS2_PLACEMENT_3D('',#13283,#10227,#10228);
#8712=AXIS2_PLACEMENT_3D('',#13285,#10229,#10230);
#8713=AXIS2_PLACEMENT_3D('',#13286,#10231,#10232);
#8714=AXIS2_PLACEMENT_3D('',#13287,#10233,#10234);
#8715=AXIS2_PLACEMENT_3D('',#13290,#10235,#10236);
#8716=AXIS2_PLACEMENT_3D('',#13292,#10237,#10238);
#8717=AXIS2_PLACEMENT_3D('',#13293,#10239,#10240);
#8718=AXIS2_PLACEMENT_3D('',#13294,#10241,#10242);
#8719=AXIS2_PLACEMENT_3D('',#13297,#10243,#10244);
#8720=AXIS2_PLACEMENT_3D('',#13299,#10245,#10246);
#8721=AXIS2_PLACEMENT_3D('',#13300,#10247,#10248);
#8722=AXIS2_PLACEMENT_3D('',#13301,#10249,#10250);
#8723=AXIS2_PLACEMENT_3D('',#13304,#10251,#10252);
#8724=AXIS2_PLACEMENT_3D('',#13306,#10253,#10254);
#8725=AXIS2_PLACEMENT_3D('',#13307,#10255,#10256);
#8726=AXIS2_PLACEMENT_3D('',#13308,#10257,#10258);
#8727=AXIS2_PLACEMENT_3D('',#13310,#10259,#10260);
#8728=AXIS2_PLACEMENT_3D('',#13315,#10262,#10263);
#8729=AXIS2_PLACEMENT_3D('',#13317,#10264,#10265);
#8730=AXIS2_PLACEMENT_3D('',#13321,#10267,#10268);
#8731=AXIS2_PLACEMENT_3D('',#13323,#10269,#10270);
#8732=AXIS2_PLACEMENT_3D('',#13327,#10272,#10273);
#8733=AXIS2_PLACEMENT_3D('',#13329,#10274,#10275);
#8734=AXIS2_PLACEMENT_3D('',#13333,#10277,#10278);
#8735=AXIS2_PLACEMENT_3D('',#13335,#10279,#10280);
#8736=AXIS2_PLACEMENT_3D('',#13339,#10282,#10283);
#8737=AXIS2_PLACEMENT_3D('',#13341,#10284,#10285);
#8738=AXIS2_PLACEMENT_3D('',#13345,#10287,#10288);
#8739=AXIS2_PLACEMENT_3D('',#13347,#10289,#10290);
#8740=AXIS2_PLACEMENT_3D('',#13351,#10292,#10293);
#8741=AXIS2_PLACEMENT_3D('',#13353,#10294,#10295);
#8742=AXIS2_PLACEMENT_3D('',#13357,#10297,#10298);
#8743=AXIS2_PLACEMENT_3D('',#13359,#10299,#10300);
#8744=AXIS2_PLACEMENT_3D('',#13363,#10302,#10303);
#8745=AXIS2_PLACEMENT_3D('',#13365,#10304,#10305);
#8746=AXIS2_PLACEMENT_3D('',#13369,#10307,#10308);
#8747=AXIS2_PLACEMENT_3D('',#13371,#10309,#10310);
#8748=AXIS2_PLACEMENT_3D('',#13375,#10312,#10313);
#8749=AXIS2_PLACEMENT_3D('',#13377,#10314,#10315);
#8750=AXIS2_PLACEMENT_3D('',#13381,#10317,#10318);
#8751=AXIS2_PLACEMENT_3D('',#13383,#10319,#10320);
#8752=AXIS2_PLACEMENT_3D('',#13387,#10322,#10323);
#8753=AXIS2_PLACEMENT_3D('',#13389,#10324,#10325);
#8754=AXIS2_PLACEMENT_3D('',#13393,#10327,#10328);
#8755=AXIS2_PLACEMENT_3D('',#13395,#10329,#10330);
#8756=AXIS2_PLACEMENT_3D('',#13399,#10332,#10333);
#8757=AXIS2_PLACEMENT_3D('',#13401,#10334,#10335);
#8758=AXIS2_PLACEMENT_3D('',#13405,#10337,#10338);
#8759=AXIS2_PLACEMENT_3D('',#13407,#10339,#10340);
#8760=AXIS2_PLACEMENT_3D('',#13411,#10342,#10343);
#8761=AXIS2_PLACEMENT_3D('',#13413,#10344,#10345);
#8762=AXIS2_PLACEMENT_3D('',#13417,#10347,#10348);
#8763=AXIS2_PLACEMENT_3D('',#13419,#10349,#10350);
#8764=AXIS2_PLACEMENT_3D('',#13423,#10352,#10353);
#8765=AXIS2_PLACEMENT_3D('',#13425,#10354,#10355);
#8766=AXIS2_PLACEMENT_3D('',#13429,#10357,#10358);
#8767=AXIS2_PLACEMENT_3D('',#13431,#10359,#10360);
#8768=AXIS2_PLACEMENT_3D('',#13435,#10362,#10363);
#8769=AXIS2_PLACEMENT_3D('',#13436,#10364,#10365);
#8770=AXIS2_PLACEMENT_3D('',#13437,#10366,#10367);
#8771=AXIS2_PLACEMENT_3D('',#13440,#10368,#10369);
#8772=AXIS2_PLACEMENT_3D('',#13442,#10370,#10371);
#8773=AXIS2_PLACEMENT_3D('',#13443,#10372,#10373);
#8774=AXIS2_PLACEMENT_3D('',#13444,#10374,#10375);
#8775=AXIS2_PLACEMENT_3D('',#13446,#10376,#10377);
#8776=AXIS2_PLACEMENT_3D('',#13448,#10378,#10379);
#8777=AXIS2_PLACEMENT_3D('',#13449,#10380,#10381);
#8778=AXIS2_PLACEMENT_3D('',#13451,#10382,#10383);
#8779=AXIS2_PLACEMENT_3D('',#13452,#10384,#10385);
#8780=AXIS2_PLACEMENT_3D('',#13454,#10386,#10387);
#8781=AXIS2_PLACEMENT_3D('',#13456,#10388,#10389);
#8782=AXIS2_PLACEMENT_3D('',#13457,#10390,#10391);
#8783=AXIS2_PLACEMENT_3D('',#13459,#10392,#10393);
#8784=AXIS2_PLACEMENT_3D('',#13461,#10394,#10395);
#8785=AXIS2_PLACEMENT_3D('',#13462,#10396,#10397);
#8786=AXIS2_PLACEMENT_3D('',#13463,#10398,#10399);
#8787=AXIS2_PLACEMENT_3D('',#13465,#10400,#10401);
#8788=AXIS2_PLACEMENT_3D('',#13466,#10402,#10403);
#8789=AXIS2_PLACEMENT_3D('',#13475,#10408,#10409);
#8790=AXIS2_PLACEMENT_3D('',#13479,#10411,#10412);
#8791=AXIS2_PLACEMENT_3D('',#13480,#10413,#10414);
#8792=AXIS2_PLACEMENT_3D('',#13481,#10415,#10416);
#8793=AXIS2_PLACEMENT_3D('',#13487,#10420,#10421);
#8794=AXIS2_PLACEMENT_3D('',#13491,#10423,#10424);
#8795=AXIS2_PLACEMENT_3D('',#13492,#10425,#10426);
#8796=AXIS2_PLACEMENT_3D('',#13493,#10427,#10428);
#8797=AXIS2_PLACEMENT_3D('',#13499,#10432,#10433);
#8798=AXIS2_PLACEMENT_3D('',#13503,#10435,#10436);
#8799=AXIS2_PLACEMENT_3D('',#13504,#10437,#10438);
#8800=AXIS2_PLACEMENT_3D('',#13505,#10439,#10440);
#8801=AXIS2_PLACEMENT_3D('',#13511,#10444,#10445);
#8802=AXIS2_PLACEMENT_3D('',#13512,#10446,#10447);
#8803=AXIS2_PLACEMENT_3D('',#13513,#10448,#10449);
#8804=AXIS2_PLACEMENT_3D('',#13514,#10450,#10451);
#8805=AXIS2_PLACEMENT_3D('',#13523,#10456,#10457);
#8806=AXIS2_PLACEMENT_3D('',#13527,#10459,#10460);
#8807=AXIS2_PLACEMENT_3D('',#13528,#10461,#10462);
#8808=AXIS2_PLACEMENT_3D('',#13529,#10463,#10464);
#8809=AXIS2_PLACEMENT_3D('',#13535,#10468,#10469);
#8810=AXIS2_PLACEMENT_3D('',#13539,#10471,#10472);
#8811=AXIS2_PLACEMENT_3D('',#13540,#10473,#10474);
#8812=AXIS2_PLACEMENT_3D('',#13541,#10475,#10476);
#8813=AXIS2_PLACEMENT_3D('',#13547,#10480,#10481);
#8814=AXIS2_PLACEMENT_3D('',#13551,#10483,#10484);
#8815=AXIS2_PLACEMENT_3D('',#13552,#10485,#10486);
#8816=AXIS2_PLACEMENT_3D('',#13553,#10487,#10488);
#8817=AXIS2_PLACEMENT_3D('',#13559,#10492,#10493);
#8818=AXIS2_PLACEMENT_3D('',#13560,#10494,#10495);
#8819=AXIS2_PLACEMENT_3D('',#13561,#10496,#10497);
#8820=AXIS2_PLACEMENT_3D('',#13562,#10498,#10499);
#8821=AXIS2_PLACEMENT_3D('',#13571,#10504,#10505);
#8822=AXIS2_PLACEMENT_3D('',#13575,#10507,#10508);
#8823=AXIS2_PLACEMENT_3D('',#13576,#10509,#10510);
#8824=AXIS2_PLACEMENT_3D('',#13577,#10511,#10512);
#8825=AXIS2_PLACEMENT_3D('',#13583,#10516,#10517);
#8826=AXIS2_PLACEMENT_3D('',#13587,#10519,#10520);
#8827=AXIS2_PLACEMENT_3D('',#13588,#10521,#10522);
#8828=AXIS2_PLACEMENT_3D('',#13589,#10523,#10524);
#8829=AXIS2_PLACEMENT_3D('',#13595,#10528,#10529);
#8830=AXIS2_PLACEMENT_3D('',#13599,#10531,#10532);
#8831=AXIS2_PLACEMENT_3D('',#13600,#10533,#10534);
#8832=AXIS2_PLACEMENT_3D('',#13601,#10535,#10536);
#8833=AXIS2_PLACEMENT_3D('',#13607,#10540,#10541);
#8834=AXIS2_PLACEMENT_3D('',#13608,#10542,#10543);
#8835=AXIS2_PLACEMENT_3D('',#13609,#10544,#10545);
#8836=AXIS2_PLACEMENT_3D('',#13610,#10546,#10547);
#8837=AXIS2_PLACEMENT_3D('',#13619,#10552,#10553);
#8838=AXIS2_PLACEMENT_3D('',#13623,#10555,#10556);
#8839=AXIS2_PLACEMENT_3D('',#13624,#10557,#10558);
#8840=AXIS2_PLACEMENT_3D('',#13625,#10559,#10560);
#8841=AXIS2_PLACEMENT_3D('',#13631,#10564,#10565);
#8842=AXIS2_PLACEMENT_3D('',#13635,#10567,#10568);
#8843=AXIS2_PLACEMENT_3D('',#13636,#10569,#10570);
#8844=AXIS2_PLACEMENT_3D('',#13637,#10571,#10572);
#8845=AXIS2_PLACEMENT_3D('',#13643,#10576,#10577);
#8846=AXIS2_PLACEMENT_3D('',#13647,#10579,#10580);
#8847=AXIS2_PLACEMENT_3D('',#13648,#10581,#10582);
#8848=AXIS2_PLACEMENT_3D('',#13649,#10583,#10584);
#8849=AXIS2_PLACEMENT_3D('',#13655,#10588,#10589);
#8850=AXIS2_PLACEMENT_3D('',#13656,#10590,#10591);
#8851=AXIS2_PLACEMENT_3D('',#13657,#10592,#10593);
#8852=AXIS2_PLACEMENT_3D('',#13658,#10594,#10595);
#8853=AXIS2_PLACEMENT_3D('',#13667,#10600,#10601);
#8854=AXIS2_PLACEMENT_3D('',#13671,#10603,#10604);
#8855=AXIS2_PLACEMENT_3D('',#13672,#10605,#10606);
#8856=AXIS2_PLACEMENT_3D('',#13673,#10607,#10608);
#8857=AXIS2_PLACEMENT_3D('',#13679,#10612,#10613);
#8858=AXIS2_PLACEMENT_3D('',#13683,#10615,#10616);
#8859=AXIS2_PLACEMENT_3D('',#13684,#10617,#10618);
#8860=AXIS2_PLACEMENT_3D('',#13685,#10619,#10620);
#8861=AXIS2_PLACEMENT_3D('',#13691,#10624,#10625);
#8862=AXIS2_PLACEMENT_3D('',#13695,#10627,#10628);
#8863=AXIS2_PLACEMENT_3D('',#13696,#10629,#10630);
#8864=AXIS2_PLACEMENT_3D('',#13697,#10631,#10632);
#8865=AXIS2_PLACEMENT_3D('',#13703,#10636,#10637);
#8866=AXIS2_PLACEMENT_3D('',#13704,#10638,#10639);
#8867=AXIS2_PLACEMENT_3D('',#13705,#10640,#10641);
#8868=AXIS2_PLACEMENT_3D('',#13706,#10642,#10643);
#8869=AXIS2_PLACEMENT_3D('',#13715,#10648,#10649);
#8870=AXIS2_PLACEMENT_3D('',#13719,#10651,#10652);
#8871=AXIS2_PLACEMENT_3D('',#13720,#10653,#10654);
#8872=AXIS2_PLACEMENT_3D('',#13721,#10655,#10656);
#8873=AXIS2_PLACEMENT_3D('',#13727,#10660,#10661);
#8874=AXIS2_PLACEMENT_3D('',#13731,#10663,#10664);
#8875=AXIS2_PLACEMENT_3D('',#13732,#10665,#10666);
#8876=AXIS2_PLACEMENT_3D('',#13733,#10667,#10668);
#8877=AXIS2_PLACEMENT_3D('',#13739,#10672,#10673);
#8878=AXIS2_PLACEMENT_3D('',#13743,#10675,#10676);
#8879=AXIS2_PLACEMENT_3D('',#13744,#10677,#10678);
#8880=AXIS2_PLACEMENT_3D('',#13745,#10679,#10680);
#8881=AXIS2_PLACEMENT_3D('',#13751,#10684,#10685);
#8882=AXIS2_PLACEMENT_3D('',#13752,#10686,#10687);
#8883=AXIS2_PLACEMENT_3D('',#13753,#10688,#10689);
#8884=AXIS2_PLACEMENT_3D('',#13754,#10690,#10691);
#8885=AXIS2_PLACEMENT_3D('',#13763,#10696,#10697);
#8886=AXIS2_PLACEMENT_3D('',#13767,#10699,#10700);
#8887=AXIS2_PLACEMENT_3D('',#13768,#10701,#10702);
#8888=AXIS2_PLACEMENT_3D('',#13769,#10703,#10704);
#8889=AXIS2_PLACEMENT_3D('',#13775,#10708,#10709);
#8890=AXIS2_PLACEMENT_3D('',#13779,#10711,#10712);
#8891=AXIS2_PLACEMENT_3D('',#13780,#10713,#10714);
#8892=AXIS2_PLACEMENT_3D('',#13781,#10715,#10716);
#8893=AXIS2_PLACEMENT_3D('',#13787,#10720,#10721);
#8894=AXIS2_PLACEMENT_3D('',#13791,#10723,#10724);
#8895=AXIS2_PLACEMENT_3D('',#13792,#10725,#10726);
#8896=AXIS2_PLACEMENT_3D('',#13793,#10727,#10728);
#8897=AXIS2_PLACEMENT_3D('',#13799,#10732,#10733);
#8898=AXIS2_PLACEMENT_3D('',#13800,#10734,#10735);
#8899=AXIS2_PLACEMENT_3D('',#13801,#10736,#10737);
#8900=AXIS2_PLACEMENT_3D('',#13802,#10738,#10739);
#8901=AXIS2_PLACEMENT_3D('',#13811,#10744,#10745);
#8902=AXIS2_PLACEMENT_3D('',#13815,#10747,#10748);
#8903=AXIS2_PLACEMENT_3D('',#13816,#10749,#10750);
#8904=AXIS2_PLACEMENT_3D('',#13817,#10751,#10752);
#8905=AXIS2_PLACEMENT_3D('',#13823,#10756,#10757);
#8906=AXIS2_PLACEMENT_3D('',#13827,#10759,#10760);
#8907=AXIS2_PLACEMENT_3D('',#13828,#10761,#10762);
#8908=AXIS2_PLACEMENT_3D('',#13829,#10763,#10764);
#8909=AXIS2_PLACEMENT_3D('',#13835,#10768,#10769);
#8910=AXIS2_PLACEMENT_3D('',#13839,#10771,#10772);
#8911=AXIS2_PLACEMENT_3D('',#13840,#10773,#10774);
#8912=AXIS2_PLACEMENT_3D('',#13841,#10775,#10776);
#8913=AXIS2_PLACEMENT_3D('',#13847,#10780,#10781);
#8914=AXIS2_PLACEMENT_3D('',#13848,#10782,#10783);
#8915=AXIS2_PLACEMENT_3D('',#13849,#10784,#10785);
#8916=AXIS2_PLACEMENT_3D('',#13850,#10786,#10787);
#8917=AXIS2_PLACEMENT_3D('',#13859,#10792,#10793);
#8918=AXIS2_PLACEMENT_3D('',#13863,#10795,#10796);
#8919=AXIS2_PLACEMENT_3D('',#13864,#10797,#10798);
#8920=AXIS2_PLACEMENT_3D('',#13865,#10799,#10800);
#8921=AXIS2_PLACEMENT_3D('',#13871,#10804,#10805);
#8922=AXIS2_PLACEMENT_3D('',#13875,#10807,#10808);
#8923=AXIS2_PLACEMENT_3D('',#13876,#10809,#10810);
#8924=AXIS2_PLACEMENT_3D('',#13877,#10811,#10812);
#8925=AXIS2_PLACEMENT_3D('',#13883,#10816,#10817);
#8926=AXIS2_PLACEMENT_3D('',#13887,#10819,#10820);
#8927=AXIS2_PLACEMENT_3D('',#13888,#10821,#10822);
#8928=AXIS2_PLACEMENT_3D('',#13889,#10823,#10824);
#8929=AXIS2_PLACEMENT_3D('',#13895,#10828,#10829);
#8930=AXIS2_PLACEMENT_3D('',#13896,#10830,#10831);
#8931=AXIS2_PLACEMENT_3D('',#13897,#10832,#10833);
#8932=AXIS2_PLACEMENT_3D('',#13898,#10834,#10835);
#8933=AXIS2_PLACEMENT_3D('',#13907,#10840,#10841);
#8934=AXIS2_PLACEMENT_3D('',#13911,#10843,#10844);
#8935=AXIS2_PLACEMENT_3D('',#13912,#10845,#10846);
#8936=AXIS2_PLACEMENT_3D('',#13913,#10847,#10848);
#8937=AXIS2_PLACEMENT_3D('',#13919,#10852,#10853);
#8938=AXIS2_PLACEMENT_3D('',#13923,#10855,#10856);
#8939=AXIS2_PLACEMENT_3D('',#13924,#10857,#10858);
#8940=AXIS2_PLACEMENT_3D('',#13925,#10859,#10860);
#8941=AXIS2_PLACEMENT_3D('',#13931,#10864,#10865);
#8942=AXIS2_PLACEMENT_3D('',#13935,#10867,#10868);
#8943=AXIS2_PLACEMENT_3D('',#13936,#10869,#10870);
#8944=AXIS2_PLACEMENT_3D('',#13937,#10871,#10872);
#8945=AXIS2_PLACEMENT_3D('',#13943,#10876,#10877);
#8946=AXIS2_PLACEMENT_3D('',#13944,#10878,#10879);
#8947=AXIS2_PLACEMENT_3D('',#13945,#10880,#10881);
#8948=AXIS2_PLACEMENT_3D('',#13946,#10882,#10883);
#8949=AXIS2_PLACEMENT_3D('',#13955,#10888,#10889);
#8950=AXIS2_PLACEMENT_3D('',#13959,#10891,#10892);
#8951=AXIS2_PLACEMENT_3D('',#13960,#10893,#10894);
#8952=AXIS2_PLACEMENT_3D('',#13961,#10895,#10896);
#8953=AXIS2_PLACEMENT_3D('',#13967,#10900,#10901);
#8954=AXIS2_PLACEMENT_3D('',#13971,#10903,#10904);
#8955=AXIS2_PLACEMENT_3D('',#13972,#10905,#10906);
#8956=AXIS2_PLACEMENT_3D('',#13973,#10907,#10908);
#8957=AXIS2_PLACEMENT_3D('',#13979,#10912,#10913);
#8958=AXIS2_PLACEMENT_3D('',#13983,#10915,#10916);
#8959=AXIS2_PLACEMENT_3D('',#13984,#10917,#10918);
#8960=AXIS2_PLACEMENT_3D('',#13985,#10919,#10920);
#8961=AXIS2_PLACEMENT_3D('',#13991,#10924,#10925);
#8962=AXIS2_PLACEMENT_3D('',#13992,#10926,#10927);
#8963=AXIS2_PLACEMENT_3D('',#13993,#10928,#10929);
#8964=AXIS2_PLACEMENT_3D('',#13994,#10930,#10931);
#8965=AXIS2_PLACEMENT_3D('',#14003,#10936,#10937);
#8966=AXIS2_PLACEMENT_3D('',#14007,#10939,#10940);
#8967=AXIS2_PLACEMENT_3D('',#14008,#10941,#10942);
#8968=AXIS2_PLACEMENT_3D('',#14009,#10943,#10944);
#8969=AXIS2_PLACEMENT_3D('',#14015,#10948,#10949);
#8970=AXIS2_PLACEMENT_3D('',#14019,#10951,#10952);
#8971=AXIS2_PLACEMENT_3D('',#14020,#10953,#10954);
#8972=AXIS2_PLACEMENT_3D('',#14021,#10955,#10956);
#8973=AXIS2_PLACEMENT_3D('',#14027,#10960,#10961);
#8974=AXIS2_PLACEMENT_3D('',#14031,#10963,#10964);
#8975=AXIS2_PLACEMENT_3D('',#14032,#10965,#10966);
#8976=AXIS2_PLACEMENT_3D('',#14033,#10967,#10968);
#8977=AXIS2_PLACEMENT_3D('',#14039,#10972,#10973);
#8978=AXIS2_PLACEMENT_3D('',#14040,#10974,#10975);
#8979=AXIS2_PLACEMENT_3D('',#14041,#10976,#10977);
#8980=AXIS2_PLACEMENT_3D('',#14042,#10978,#10979);
#8981=AXIS2_PLACEMENT_3D('',#14051,#10984,#10985);
#8982=AXIS2_PLACEMENT_3D('',#14055,#10987,#10988);
#8983=AXIS2_PLACEMENT_3D('',#14056,#10989,#10990);
#8984=AXIS2_PLACEMENT_3D('',#14057,#10991,#10992);
#8985=AXIS2_PLACEMENT_3D('',#14063,#10996,#10997);
#8986=AXIS2_PLACEMENT_3D('',#14067,#10999,#11000);
#8987=AXIS2_PLACEMENT_3D('',#14068,#11001,#11002);
#8988=AXIS2_PLACEMENT_3D('',#14069,#11003,#11004);
#8989=AXIS2_PLACEMENT_3D('',#14075,#11008,#11009);
#8990=AXIS2_PLACEMENT_3D('',#14079,#11011,#11012);
#8991=AXIS2_PLACEMENT_3D('',#14080,#11013,#11014);
#8992=AXIS2_PLACEMENT_3D('',#14081,#11015,#11016);
#8993=AXIS2_PLACEMENT_3D('',#14087,#11020,#11021);
#8994=AXIS2_PLACEMENT_3D('',#14088,#11022,#11023);
#8995=AXIS2_PLACEMENT_3D('',#14089,#11024,#11025);
#8996=AXIS2_PLACEMENT_3D('',#14090,#11026,#11027);
#8997=AXIS2_PLACEMENT_3D('',#14099,#11032,#11033);
#8998=AXIS2_PLACEMENT_3D('',#14103,#11035,#11036);
#8999=AXIS2_PLACEMENT_3D('',#14104,#11037,#11038);
#9000=AXIS2_PLACEMENT_3D('',#14105,#11039,#11040);
#9001=AXIS2_PLACEMENT_3D('',#14111,#11044,#11045);
#9002=AXIS2_PLACEMENT_3D('',#14115,#11047,#11048);
#9003=AXIS2_PLACEMENT_3D('',#14116,#11049,#11050);
#9004=AXIS2_PLACEMENT_3D('',#14117,#11051,#11052);
#9005=AXIS2_PLACEMENT_3D('',#14123,#11056,#11057);
#9006=AXIS2_PLACEMENT_3D('',#14127,#11059,#11060);
#9007=AXIS2_PLACEMENT_3D('',#14128,#11061,#11062);
#9008=AXIS2_PLACEMENT_3D('',#14129,#11063,#11064);
#9009=AXIS2_PLACEMENT_3D('',#14135,#11068,#11069);
#9010=AXIS2_PLACEMENT_3D('',#14136,#11070,#11071);
#9011=AXIS2_PLACEMENT_3D('',#14137,#11072,#11073);
#9012=AXIS2_PLACEMENT_3D('',#14138,#11074,#11075);
#9013=AXIS2_PLACEMENT_3D('',#14147,#11080,#11081);
#9014=AXIS2_PLACEMENT_3D('',#14151,#11083,#11084);
#9015=AXIS2_PLACEMENT_3D('',#14152,#11085,#11086);
#9016=AXIS2_PLACEMENT_3D('',#14153,#11087,#11088);
#9017=AXIS2_PLACEMENT_3D('',#14159,#11092,#11093);
#9018=AXIS2_PLACEMENT_3D('',#14163,#11095,#11096);
#9019=AXIS2_PLACEMENT_3D('',#14164,#11097,#11098);
#9020=AXIS2_PLACEMENT_3D('',#14165,#11099,#11100);
#9021=AXIS2_PLACEMENT_3D('',#14171,#11104,#11105);
#9022=AXIS2_PLACEMENT_3D('',#14175,#11107,#11108);
#9023=AXIS2_PLACEMENT_3D('',#14176,#11109,#11110);
#9024=AXIS2_PLACEMENT_3D('',#14177,#11111,#11112);
#9025=AXIS2_PLACEMENT_3D('',#14183,#11116,#11117);
#9026=AXIS2_PLACEMENT_3D('',#14184,#11118,#11119);
#9027=AXIS2_PLACEMENT_3D('',#14185,#11120,#11121);
#9028=AXIS2_PLACEMENT_3D('',#14186,#11122,#11123);
#9029=AXIS2_PLACEMENT_3D('',#14195,#11128,#11129);
#9030=AXIS2_PLACEMENT_3D('',#14199,#11131,#11132);
#9031=AXIS2_PLACEMENT_3D('',#14200,#11133,#11134);
#9032=AXIS2_PLACEMENT_3D('',#14201,#11135,#11136);
#9033=AXIS2_PLACEMENT_3D('',#14207,#11140,#11141);
#9034=AXIS2_PLACEMENT_3D('',#14211,#11143,#11144);
#9035=AXIS2_PLACEMENT_3D('',#14212,#11145,#11146);
#9036=AXIS2_PLACEMENT_3D('',#14213,#11147,#11148);
#9037=AXIS2_PLACEMENT_3D('',#14219,#11152,#11153);
#9038=AXIS2_PLACEMENT_3D('',#14223,#11155,#11156);
#9039=AXIS2_PLACEMENT_3D('',#14224,#11157,#11158);
#9040=AXIS2_PLACEMENT_3D('',#14225,#11159,#11160);
#9041=AXIS2_PLACEMENT_3D('',#14231,#11164,#11165);
#9042=AXIS2_PLACEMENT_3D('',#14232,#11166,#11167);
#9043=AXIS2_PLACEMENT_3D('',#14233,#11168,#11169);
#9044=AXIS2_PLACEMENT_3D('',#14234,#11170,#11171);
#9045=AXIS2_PLACEMENT_3D('',#14243,#11176,#11177);
#9046=AXIS2_PLACEMENT_3D('',#14247,#11179,#11180);
#9047=AXIS2_PLACEMENT_3D('',#14248,#11181,#11182);
#9048=AXIS2_PLACEMENT_3D('',#14249,#11183,#11184);
#9049=AXIS2_PLACEMENT_3D('',#14255,#11188,#11189);
#9050=AXIS2_PLACEMENT_3D('',#14259,#11191,#11192);
#9051=AXIS2_PLACEMENT_3D('',#14260,#11193,#11194);
#9052=AXIS2_PLACEMENT_3D('',#14261,#11195,#11196);
#9053=AXIS2_PLACEMENT_3D('',#14267,#11200,#11201);
#9054=AXIS2_PLACEMENT_3D('',#14271,#11203,#11204);
#9055=AXIS2_PLACEMENT_3D('',#14272,#11205,#11206);
#9056=AXIS2_PLACEMENT_3D('',#14273,#11207,#11208);
#9057=AXIS2_PLACEMENT_3D('',#14279,#11212,#11213);
#9058=AXIS2_PLACEMENT_3D('',#14280,#11214,#11215);
#9059=AXIS2_PLACEMENT_3D('',#14281,#11216,#11217);
#9060=AXIS2_PLACEMENT_3D('',#14282,#11218,#11219);
#9061=AXIS2_PLACEMENT_3D('',#14291,#11224,#11225);
#9062=AXIS2_PLACEMENT_3D('',#14295,#11227,#11228);
#9063=AXIS2_PLACEMENT_3D('',#14296,#11229,#11230);
#9064=AXIS2_PLACEMENT_3D('',#14297,#11231,#11232);
#9065=AXIS2_PLACEMENT_3D('',#14303,#11236,#11237);
#9066=AXIS2_PLACEMENT_3D('',#14307,#11239,#11240);
#9067=AXIS2_PLACEMENT_3D('',#14308,#11241,#11242);
#9068=AXIS2_PLACEMENT_3D('',#14309,#11243,#11244);
#9069=AXIS2_PLACEMENT_3D('',#14315,#11248,#11249);
#9070=AXIS2_PLACEMENT_3D('',#14319,#11251,#11252);
#9071=AXIS2_PLACEMENT_3D('',#14320,#11253,#11254);
#9072=AXIS2_PLACEMENT_3D('',#14321,#11255,#11256);
#9073=AXIS2_PLACEMENT_3D('',#14327,#11260,#11261);
#9074=AXIS2_PLACEMENT_3D('',#14328,#11262,#11263);
#9075=AXIS2_PLACEMENT_3D('',#14329,#11264,#11265);
#9076=AXIS2_PLACEMENT_3D('',#14330,#11266,#11267);
#9077=AXIS2_PLACEMENT_3D('',#14339,#11272,#11273);
#9078=AXIS2_PLACEMENT_3D('',#14343,#11275,#11276);
#9079=AXIS2_PLACEMENT_3D('',#14344,#11277,#11278);
#9080=AXIS2_PLACEMENT_3D('',#14345,#11279,#11280);
#9081=AXIS2_PLACEMENT_3D('',#14351,#11284,#11285);
#9082=AXIS2_PLACEMENT_3D('',#14355,#11287,#11288);
#9083=AXIS2_PLACEMENT_3D('',#14356,#11289,#11290);
#9084=AXIS2_PLACEMENT_3D('',#14357,#11291,#11292);
#9085=AXIS2_PLACEMENT_3D('',#14363,#11296,#11297);
#9086=AXIS2_PLACEMENT_3D('',#14367,#11299,#11300);
#9087=AXIS2_PLACEMENT_3D('',#14368,#11301,#11302);
#9088=AXIS2_PLACEMENT_3D('',#14369,#11303,#11304);
#9089=AXIS2_PLACEMENT_3D('',#14375,#11308,#11309);
#9090=AXIS2_PLACEMENT_3D('',#14376,#11310,#11311);
#9091=AXIS2_PLACEMENT_3D('',#14377,#11312,#11313);
#9092=AXIS2_PLACEMENT_3D('',#14378,#11314,#11315);
#9093=AXIS2_PLACEMENT_3D('',#14387,#11320,#11321);
#9094=AXIS2_PLACEMENT_3D('',#14391,#11323,#11324);
#9095=AXIS2_PLACEMENT_3D('',#14392,#11325,#11326);
#9096=AXIS2_PLACEMENT_3D('',#14393,#11327,#11328);
#9097=AXIS2_PLACEMENT_3D('',#14399,#11332,#11333);
#9098=AXIS2_PLACEMENT_3D('',#14403,#11335,#11336);
#9099=AXIS2_PLACEMENT_3D('',#14404,#11337,#11338);
#9100=AXIS2_PLACEMENT_3D('',#14405,#11339,#11340);
#9101=AXIS2_PLACEMENT_3D('',#14411,#11344,#11345);
#9102=AXIS2_PLACEMENT_3D('',#14415,#11347,#11348);
#9103=AXIS2_PLACEMENT_3D('',#14416,#11349,#11350);
#9104=AXIS2_PLACEMENT_3D('',#14417,#11351,#11352);
#9105=AXIS2_PLACEMENT_3D('',#14423,#11356,#11357);
#9106=AXIS2_PLACEMENT_3D('',#14424,#11358,#11359);
#9107=AXIS2_PLACEMENT_3D('',#14425,#11360,#11361);
#9108=AXIS2_PLACEMENT_3D('',#14426,#11362,#11363);
#9109=AXIS2_PLACEMENT_3D('',#14435,#11368,#11369);
#9110=AXIS2_PLACEMENT_3D('',#14439,#11371,#11372);
#9111=AXIS2_PLACEMENT_3D('',#14440,#11373,#11374);
#9112=AXIS2_PLACEMENT_3D('',#14441,#11375,#11376);
#9113=AXIS2_PLACEMENT_3D('',#14447,#11380,#11381);
#9114=AXIS2_PLACEMENT_3D('',#14451,#11383,#11384);
#9115=AXIS2_PLACEMENT_3D('',#14452,#11385,#11386);
#9116=AXIS2_PLACEMENT_3D('',#14453,#11387,#11388);
#9117=AXIS2_PLACEMENT_3D('',#14459,#11392,#11393);
#9118=AXIS2_PLACEMENT_3D('',#14463,#11395,#11396);
#9119=AXIS2_PLACEMENT_3D('',#14464,#11397,#11398);
#9120=AXIS2_PLACEMENT_3D('',#14465,#11399,#11400);
#9121=AXIS2_PLACEMENT_3D('',#14471,#11404,#11405);
#9122=AXIS2_PLACEMENT_3D('',#14472,#11406,#11407);
#9123=AXIS2_PLACEMENT_3D('',#14473,#11408,#11409);
#9124=AXIS2_PLACEMENT_3D('',#14474,#11410,#11411);
#9125=AXIS2_PLACEMENT_3D('',#14475,#11412,#11413);
#9126=AXIS2_PLACEMENT_3D('',#14476,#11414,#11415);
#9127=AXIS2_PLACEMENT_3D('',#14477,#11416,#11417);
#9128=AXIS2_PLACEMENT_3D('',#14478,#11418,#11419);
#9129=AXIS2_PLACEMENT_3D('',#14479,#11420,#11421);
#9130=AXIS2_PLACEMENT_3D('',#14480,#11422,#11423);
#9131=AXIS2_PLACEMENT_3D('',#14481,#11424,#11425);
#9132=AXIS2_PLACEMENT_3D('',#14482,#11426,#11427);
#9133=AXIS2_PLACEMENT_3D('',#14483,#11428,#11429);
#9134=AXIS2_PLACEMENT_3D('',#14484,#11430,#11431);
#9135=AXIS2_PLACEMENT_3D('',#14485,#11432,#11433);
#9136=AXIS2_PLACEMENT_3D('',#14486,#11434,#11435);
#9137=AXIS2_PLACEMENT_3D('',#14487,#11436,#11437);
#9138=AXIS2_PLACEMENT_3D('',#14488,#11438,#11439);
#9139=AXIS2_PLACEMENT_3D('',#14489,#11440,#11441);
#9140=AXIS2_PLACEMENT_3D('',#14490,#11442,#11443);
#9141=AXIS2_PLACEMENT_3D('',#14496,#11444,#11445);
#9142=AXIS2_PLACEMENT_3D('',#14497,#11446,#11447);
#9143=AXIS2_PLACEMENT_3D('',#14503,#11448,#11449);
#9144=AXIS2_PLACEMENT_3D('',#14509,#11450,#11451);
#9145=AXIS2_PLACEMENT_3D('',#14510,#11452,#11453);
#9146=AXIS2_PLACEMENT_3D('',#14511,#11454,#11455);
#9147=AXIS2_PLACEMENT_3D('',#14513,#11456,#11457);
#9148=AXIS2_PLACEMENT_3D('',#14514,#11458,#11459);
#9149=AXIS2_PLACEMENT_3D('',#14515,#11460,#11461);
#9150=AXIS2_PLACEMENT_3D('',#14521,#11462,#11463);
#9151=AXIS2_PLACEMENT_3D('',#14522,#11464,#11465);
#9152=AXIS2_PLACEMENT_3D('',#14532,#11466,#11467);
#9153=AXIS2_PLACEMENT_3D('',#14533,#11468,#11469);
#9154=AXIS2_PLACEMENT_3D('',#14534,#11470,#11471);
#9155=AXIS2_PLACEMENT_3D('',#14539,#11472,#11473);
#9156=AXIS2_PLACEMENT_3D('',#14540,#11474,#11475);
#9157=AXIS2_PLACEMENT_3D('',#14541,#11476,#11477);
#9158=AXIS2_PLACEMENT_3D('',#14542,#11478,#11479);
#9159=AXIS2_PLACEMENT_3D('',#14548,#11480,#11481);
#9160=AXIS2_PLACEMENT_3D('',#14554,#11482,#11483);
#9161=AXIS2_PLACEMENT_3D('',#14555,#11484,#11485);
#9162=AXIS2_PLACEMENT_3D('',#14556,#11486,#11487);
#9163=AXIS2_PLACEMENT_3D('',#14557,#11488,#11489);
#9164=AXIS2_PLACEMENT_3D('',#14559,#11490,#11491);
#9165=AXIS2_PLACEMENT_3D('',#14560,#11492,#11493);
#9166=AXIS2_PLACEMENT_3D('',#14561,#11494,#11495);
#9167=AXIS2_PLACEMENT_3D('',#14562,#11496,#11497);
#9168=AXIS2_PLACEMENT_3D('',#14563,#11498,#11499);
#9169=AXIS2_PLACEMENT_3D('',#14564,#11500,#11501);
#9170=AXIS2_PLACEMENT_3D('',#14569,#11502,#11503);
#9171=AXIS2_PLACEMENT_3D('',#14575,#11504,#11505);
#9172=AXIS2_PLACEMENT_3D('',#14581,#11506,#11507);
#9173=AXIS2_PLACEMENT_3D('',#14582,#11508,#11509);
#9174=AXIS2_PLACEMENT_3D('',#14583,#11510,#11511);
#9175=AXIS2_PLACEMENT_3D('',#14584,#11512,#11513);
#9176=AXIS2_PLACEMENT_3D('',#14589,#11514,#11515);
#9177=AXIS2_PLACEMENT_3D('',#14590,#11516,#11517);
#9178=AXIS2_PLACEMENT_3D('',#14591,#11518,#11519);
#9179=AXIS2_PLACEMENT_3D('',#14592,#11520,#11521);
#9180=AXIS2_PLACEMENT_3D('',#14594,#11522,#11523);
#9181=AXIS2_PLACEMENT_3D('',#14595,#11524,#11525);
#9182=AXIS2_PLACEMENT_3D('',#14596,#11526,#11527);
#9183=AXIS2_PLACEMENT_3D('',#14602,#11528,#11529);
#9184=AXIS2_PLACEMENT_3D('',#14603,#11530,#11531);
#9185=AXIS2_PLACEMENT_3D('',#14613,#11532,#11533);
#9186=AXIS2_PLACEMENT_3D('',#14614,#11534,#11535);
#9187=AXIS2_PLACEMENT_3D('',#14615,#11536,#11537);
#9188=AXIS2_PLACEMENT_3D('',#14616,#11538,#11539);
#9189=AXIS2_PLACEMENT_3D('',#14621,#11540,#11541);
#9190=AXIS2_PLACEMENT_3D('',#14622,#11542,#11543);
#9191=AXIS2_PLACEMENT_3D('',#14623,#11544,#11545);
#9192=AXIS2_PLACEMENT_3D('',#14624,#11546,#11547);
#9193=AXIS2_PLACEMENT_3D('',#14630,#11548,#11549);
#9194=AXIS2_PLACEMENT_3D('',#14636,#11550,#11551);
#9195=AXIS2_PLACEMENT_3D('',#14637,#11552,#11553);
#9196=AXIS2_PLACEMENT_3D('',#14638,#11554,#11555);
#9197=AXIS2_PLACEMENT_3D('',#14639,#11556,#11557);
#9198=AXIS2_PLACEMENT_3D('',#14641,#11558,#11559);
#9199=AXIS2_PLACEMENT_3D('',#14642,#11560,#11561);
#9200=AXIS2_PLACEMENT_3D('',#14643,#11562,#11563);
#9201=AXIS2_PLACEMENT_3D('',#14644,#11564,#11565);
#9202=AXIS2_PLACEMENT_3D('',#14645,#11566,#11567);
#9203=AXIS2_PLACEMENT_3D('',#14646,#11568,#11569);
#9204=AXIS2_PLACEMENT_3D('',#14651,#11570,#11571);
#9205=AXIS2_PLACEMENT_3D('',#14657,#11572,#11573);
#9206=AXIS2_PLACEMENT_3D('',#14663,#11574,#11575);
#9207=AXIS2_PLACEMENT_3D('',#14664,#11576,#11577);
#9208=AXIS2_PLACEMENT_3D('',#14665,#11578,#11579);
#9209=AXIS2_PLACEMENT_3D('',#14666,#11580,#11581);
#9210=AXIS2_PLACEMENT_3D('',#14671,#11582,#11583);
#9211=AXIS2_PLACEMENT_3D('',#14672,#11584,#11585);
#9212=AXIS2_PLACEMENT_3D('',#14673,#11586,#11587);
#9213=AXIS2_PLACEMENT_3D('',#14674,#11588,#11589);
#9214=AXIS2_PLACEMENT_3D('',#14676,#11590,#11591);
#9215=AXIS2_PLACEMENT_3D('',#14677,#11592,#11593);
#9216=AXIS2_PLACEMENT_3D('',#14678,#11594,#11595);
#9217=AXIS2_PLACEMENT_3D('',#14684,#11596,#11597);
#9218=AXIS2_PLACEMENT_3D('',#14685,#11598,#11599);
#9219=AXIS2_PLACEMENT_3D('',#14695,#11600,#11601);
#9220=AXIS2_PLACEMENT_3D('',#14696,#11602,#11603);
#9221=AXIS2_PLACEMENT_3D('',#14697,#11604,#11605);
#9222=AXIS2_PLACEMENT_3D('',#14698,#11606,#11607);
#9223=AXIS2_PLACEMENT_3D('',#14703,#11608,#11609);
#9224=AXIS2_PLACEMENT_3D('',#14704,#11610,#11611);
#9225=AXIS2_PLACEMENT_3D('',#14705,#11612,#11613);
#9226=AXIS2_PLACEMENT_3D('',#14706,#11614,#11615);
#9227=AXIS2_PLACEMENT_3D('',#14712,#11616,#11617);
#9228=AXIS2_PLACEMENT_3D('',#14718,#11618,#11619);
#9229=AXIS2_PLACEMENT_3D('',#14719,#11620,#11621);
#9230=AXIS2_PLACEMENT_3D('',#14720,#11622,#11623);
#9231=AXIS2_PLACEMENT_3D('',#14721,#11624,#11625);
#9232=AXIS2_PLACEMENT_3D('',#14723,#11626,#11627);
#9233=AXIS2_PLACEMENT_3D('',#14724,#11628,#11629);
#9234=AXIS2_PLACEMENT_3D('',#14725,#11630,#11631);
#9235=AXIS2_PLACEMENT_3D('',#14726,#11632,#11633);
#9236=AXIS2_PLACEMENT_3D('',#14727,#11634,#11635);
#9237=AXIS2_PLACEMENT_3D('',#14728,#11636,#11637);
#9238=AXIS2_PLACEMENT_3D('',#14733,#11638,#11639);
#9239=AXIS2_PLACEMENT_3D('',#14739,#11640,#11641);
#9240=AXIS2_PLACEMENT_3D('',#14745,#11642,#11643);
#9241=AXIS2_PLACEMENT_3D('',#14746,#11644,#11645);
#9242=AXIS2_PLACEMENT_3D('',#14747,#11646,#11647);
#9243=AXIS2_PLACEMENT_3D('',#14748,#11648,#11649);
#9244=AXIS2_PLACEMENT_3D('',#14753,#11650,#11651);
#9245=AXIS2_PLACEMENT_3D('',#14754,#11652,#11653);
#9246=AXIS2_PLACEMENT_3D('',#14755,#11654,#11655);
#9247=AXIS2_PLACEMENT_3D('',#14756,#11656,#11657);
#9248=AXIS2_PLACEMENT_3D('',#14758,#11658,#11659);
#9249=AXIS2_PLACEMENT_3D('',#14759,#11660,#11661);
#9250=AXIS2_PLACEMENT_3D('',#14760,#11662,#11663);
#9251=AXIS2_PLACEMENT_3D('',#14766,#11664,#11665);
#9252=AXIS2_PLACEMENT_3D('',#14767,#11666,#11667);
#9253=AXIS2_PLACEMENT_3D('',#14777,#11668,#11669);
#9254=AXIS2_PLACEMENT_3D('',#14778,#11670,#11671);
#9255=AXIS2_PLACEMENT_3D('',#14779,#11672,#11673);
#9256=AXIS2_PLACEMENT_3D('',#14780,#11674,#11675);
#9257=AXIS2_PLACEMENT_3D('',#14785,#11676,#11677);
#9258=AXIS2_PLACEMENT_3D('',#14786,#11678,#11679);
#9259=AXIS2_PLACEMENT_3D('',#14787,#11680,#11681);
#9260=AXIS2_PLACEMENT_3D('',#14788,#11682,#11683);
#9261=AXIS2_PLACEMENT_3D('',#14794,#11684,#11685);
#9262=AXIS2_PLACEMENT_3D('',#14800,#11686,#11687);
#9263=AXIS2_PLACEMENT_3D('',#14801,#11688,#11689);
#9264=AXIS2_PLACEMENT_3D('',#14802,#11690,#11691);
#9265=AXIS2_PLACEMENT_3D('',#14803,#11692,#11693);
#9266=AXIS2_PLACEMENT_3D('',#14805,#11694,#11695);
#9267=AXIS2_PLACEMENT_3D('',#14806,#11696,#11697);
#9268=AXIS2_PLACEMENT_3D('',#14807,#11698,#11699);
#9269=AXIS2_PLACEMENT_3D('',#14808,#11700,#11701);
#9270=AXIS2_PLACEMENT_3D('',#14809,#11702,#11703);
#9271=AXIS2_PLACEMENT_3D('',#14810,#11704,#11705);
#9272=AXIS2_PLACEMENT_3D('',#14815,#11706,#11707);
#9273=AXIS2_PLACEMENT_3D('',#14821,#11708,#11709);
#9274=AXIS2_PLACEMENT_3D('',#14827,#11710,#11711);
#9275=AXIS2_PLACEMENT_3D('',#14828,#11712,#11713);
#9276=AXIS2_PLACEMENT_3D('',#14829,#11714,#11715);
#9277=AXIS2_PLACEMENT_3D('',#14830,#11716,#11717);
#9278=AXIS2_PLACEMENT_3D('',#14835,#11718,#11719);
#9279=AXIS2_PLACEMENT_3D('',#14836,#11720,#11721);
#9280=AXIS2_PLACEMENT_3D('',#14837,#11722,#11723);
#9281=AXIS2_PLACEMENT_3D('',#14838,#11724,#11725);
#9282=AXIS2_PLACEMENT_3D('',#14840,#11726,#11727);
#9283=AXIS2_PLACEMENT_3D('',#14841,#11728,#11729);
#9284=AXIS2_PLACEMENT_3D('',#14842,#11730,#11731);
#9285=AXIS2_PLACEMENT_3D('',#14848,#11732,#11733);
#9286=AXIS2_PLACEMENT_3D('',#14849,#11734,#11735);
#9287=AXIS2_PLACEMENT_3D('',#14859,#11736,#11737);
#9288=AXIS2_PLACEMENT_3D('',#14860,#11738,#11739);
#9289=AXIS2_PLACEMENT_3D('',#14861,#11740,#11741);
#9290=AXIS2_PLACEMENT_3D('',#14862,#11742,#11743);
#9291=AXIS2_PLACEMENT_3D('',#14867,#11744,#11745);
#9292=AXIS2_PLACEMENT_3D('',#14868,#11746,#11747);
#9293=AXIS2_PLACEMENT_3D('',#14869,#11748,#11749);
#9294=AXIS2_PLACEMENT_3D('',#14870,#11750,#11751);
#9295=AXIS2_PLACEMENT_3D('',#14876,#11752,#11753);
#9296=AXIS2_PLACEMENT_3D('',#14882,#11754,#11755);
#9297=AXIS2_PLACEMENT_3D('',#14883,#11756,#11757);
#9298=AXIS2_PLACEMENT_3D('',#14884,#11758,#11759);
#9299=AXIS2_PLACEMENT_3D('',#14885,#11760,#11761);
#9300=AXIS2_PLACEMENT_3D('',#14887,#11762,#11763);
#9301=AXIS2_PLACEMENT_3D('',#14888,#11764,#11765);
#9302=AXIS2_PLACEMENT_3D('',#14889,#11766,#11767);
#9303=AXIS2_PLACEMENT_3D('',#14890,#11768,#11769);
#9304=AXIS2_PLACEMENT_3D('',#14891,#11770,#11771);
#9305=AXIS2_PLACEMENT_3D('',#14892,#11772,#11773);
#9306=AXIS2_PLACEMENT_3D('',#14897,#11774,#11775);
#9307=AXIS2_PLACEMENT_3D('',#14903,#11776,#11777);
#9308=AXIS2_PLACEMENT_3D('',#14909,#11778,#11779);
#9309=AXIS2_PLACEMENT_3D('',#14910,#11780,#11781);
#9310=AXIS2_PLACEMENT_3D('',#14911,#11782,#11783);
#9311=AXIS2_PLACEMENT_3D('',#14912,#11784,#11785);
#9312=AXIS2_PLACEMENT_3D('',#14917,#11786,#11787);
#9313=AXIS2_PLACEMENT_3D('',#14918,#11788,#11789);
#9314=AXIS2_PLACEMENT_3D('',#14919,#11790,#11791);
#9315=AXIS2_PLACEMENT_3D('',#14920,#11792,#11793);
#9316=AXIS2_PLACEMENT_3D('',#14922,#11794,#11795);
#9317=AXIS2_PLACEMENT_3D('',#14923,#11796,#11797);
#9318=AXIS2_PLACEMENT_3D('',#14924,#11798,#11799);
#9319=AXIS2_PLACEMENT_3D('',#14930,#11800,#11801);
#9320=AXIS2_PLACEMENT_3D('',#14931,#11802,#11803);
#9321=AXIS2_PLACEMENT_3D('',#14941,#11804,#11805);
#9322=AXIS2_PLACEMENT_3D('',#14942,#11806,#11807);
#9323=AXIS2_PLACEMENT_3D('',#14943,#11808,#11809);
#9324=AXIS2_PLACEMENT_3D('',#14944,#11810,#11811);
#9325=AXIS2_PLACEMENT_3D('',#14949,#11812,#11813);
#9326=AXIS2_PLACEMENT_3D('',#14950,#11814,#11815);
#9327=AXIS2_PLACEMENT_3D('',#14951,#11816,#11817);
#9328=AXIS2_PLACEMENT_3D('',#14952,#11818,#11819);
#9329=AXIS2_PLACEMENT_3D('',#14958,#11820,#11821);
#9330=AXIS2_PLACEMENT_3D('',#14964,#11822,#11823);
#9331=AXIS2_PLACEMENT_3D('',#14965,#11824,#11825);
#9332=AXIS2_PLACEMENT_3D('',#14966,#11826,#11827);
#9333=AXIS2_PLACEMENT_3D('',#14967,#11828,#11829);
#9334=AXIS2_PLACEMENT_3D('',#14969,#11830,#11831);
#9335=AXIS2_PLACEMENT_3D('',#14970,#11832,#11833);
#9336=AXIS2_PLACEMENT_3D('',#14971,#11834,#11835);
#9337=AXIS2_PLACEMENT_3D('',#14972,#11836,#11837);
#9338=AXIS2_PLACEMENT_3D('',#14973,#11838,#11839);
#9339=AXIS2_PLACEMENT_3D('',#14974,#11840,#11841);
#9340=AXIS2_PLACEMENT_3D('',#14979,#11842,#11843);
#9341=AXIS2_PLACEMENT_3D('',#14985,#11844,#11845);
#9342=AXIS2_PLACEMENT_3D('',#14991,#11846,#11847);
#9343=AXIS2_PLACEMENT_3D('',#14992,#11848,#11849);
#9344=AXIS2_PLACEMENT_3D('',#14993,#11850,#11851);
#9345=AXIS2_PLACEMENT_3D('',#14994,#11852,#11853);
#9346=AXIS2_PLACEMENT_3D('',#14999,#11854,#11855);
#9347=AXIS2_PLACEMENT_3D('',#15000,#11856,#11857);
#9348=AXIS2_PLACEMENT_3D('',#15001,#11858,#11859);
#9349=AXIS2_PLACEMENT_3D('',#15002,#11860,#11861);
#9350=AXIS2_PLACEMENT_3D('',#15004,#11862,#11863);
#9351=AXIS2_PLACEMENT_3D('',#15005,#11864,#11865);
#9352=AXIS2_PLACEMENT_3D('',#15006,#11866,#11867);
#9353=AXIS2_PLACEMENT_3D('',#15012,#11868,#11869);
#9354=AXIS2_PLACEMENT_3D('',#15013,#11870,#11871);
#9355=AXIS2_PLACEMENT_3D('',#15023,#11872,#11873);
#9356=AXIS2_PLACEMENT_3D('',#15024,#11874,#11875);
#9357=AXIS2_PLACEMENT_3D('',#15025,#11876,#11877);
#9358=AXIS2_PLACEMENT_3D('',#15026,#11878,#11879);
#9359=AXIS2_PLACEMENT_3D('',#15031,#11880,#11881);
#9360=AXIS2_PLACEMENT_3D('',#15032,#11882,#11883);
#9361=AXIS2_PLACEMENT_3D('',#15033,#11884,#11885);
#9362=AXIS2_PLACEMENT_3D('',#15034,#11886,#11887);
#9363=AXIS2_PLACEMENT_3D('',#15040,#11888,#11889);
#9364=AXIS2_PLACEMENT_3D('',#15046,#11890,#11891);
#9365=AXIS2_PLACEMENT_3D('',#15047,#11892,#11893);
#9366=AXIS2_PLACEMENT_3D('',#15048,#11894,#11895);
#9367=AXIS2_PLACEMENT_3D('',#15049,#11896,#11897);
#9368=AXIS2_PLACEMENT_3D('',#15051,#11898,#11899);
#9369=AXIS2_PLACEMENT_3D('',#15052,#11900,#11901);
#9370=AXIS2_PLACEMENT_3D('',#15053,#11902,#11903);
#9371=AXIS2_PLACEMENT_3D('',#15054,#11904,#11905);
#9372=AXIS2_PLACEMENT_3D('',#15055,#11906,#11907);
#9373=AXIS2_PLACEMENT_3D('',#15056,#11908,#11909);
#9374=AXIS2_PLACEMENT_3D('',#15061,#11910,#11911);
#9375=AXIS2_PLACEMENT_3D('',#15067,#11912,#11913);
#9376=AXIS2_PLACEMENT_3D('',#15073,#11914,#11915);
#9377=AXIS2_PLACEMENT_3D('',#15074,#11916,#11917);
#9378=AXIS2_PLACEMENT_3D('',#15075,#11918,#11919);
#9379=AXIS2_PLACEMENT_3D('',#15076,#11920,#11921);
#9380=AXIS2_PLACEMENT_3D('',#15081,#11922,#11923);
#9381=AXIS2_PLACEMENT_3D('',#15082,#11924,#11925);
#9382=AXIS2_PLACEMENT_3D('',#15083,#11926,#11927);
#9383=AXIS2_PLACEMENT_3D('',#15084,#11928,#11929);
#9384=AXIS2_PLACEMENT_3D('',#15086,#11930,#11931);
#9385=AXIS2_PLACEMENT_3D('',#15087,#11932,#11933);
#9386=AXIS2_PLACEMENT_3D('',#15088,#11934,#11935);
#9387=AXIS2_PLACEMENT_3D('',#15094,#11936,#11937);
#9388=AXIS2_PLACEMENT_3D('',#15095,#11938,#11939);
#9389=AXIS2_PLACEMENT_3D('',#15105,#11940,#11941);
#9390=AXIS2_PLACEMENT_3D('',#15106,#11942,#11943);
#9391=AXIS2_PLACEMENT_3D('',#15107,#11944,#11945);
#9392=AXIS2_PLACEMENT_3D('',#15108,#11946,#11947);
#9393=AXIS2_PLACEMENT_3D('',#15113,#11948,#11949);
#9394=AXIS2_PLACEMENT_3D('',#15114,#11950,#11951);
#9395=AXIS2_PLACEMENT_3D('',#15115,#11952,#11953);
#9396=AXIS2_PLACEMENT_3D('',#15116,#11954,#11955);
#9397=AXIS2_PLACEMENT_3D('',#15122,#11956,#11957);
#9398=AXIS2_PLACEMENT_3D('',#15128,#11958,#11959);
#9399=AXIS2_PLACEMENT_3D('',#15129,#11960,#11961);
#9400=AXIS2_PLACEMENT_3D('',#15130,#11962,#11963);
#9401=AXIS2_PLACEMENT_3D('',#15131,#11964,#11965);
#9402=AXIS2_PLACEMENT_3D('',#15133,#11966,#11967);
#9403=AXIS2_PLACEMENT_3D('',#15134,#11968,#11969);
#9404=AXIS2_PLACEMENT_3D('',#15135,#11970,#11971);
#9405=AXIS2_PLACEMENT_3D('',#15136,#11972,#11973);
#9406=AXIS2_PLACEMENT_3D('',#15137,#11974,#11975);
#9407=AXIS2_PLACEMENT_3D('',#15138,#11976,#11977);
#9408=AXIS2_PLACEMENT_3D('',#15143,#11978,#11979);
#9409=AXIS2_PLACEMENT_3D('',#15149,#11980,#11981);
#9410=AXIS2_PLACEMENT_3D('',#15155,#11982,#11983);
#9411=AXIS2_PLACEMENT_3D('',#15156,#11984,#11985);
#9412=AXIS2_PLACEMENT_3D('',#15157,#11986,#11987);
#9413=AXIS2_PLACEMENT_3D('',#15158,#11988,#11989);
#9414=AXIS2_PLACEMENT_3D('',#15163,#11990,#11991);
#9415=AXIS2_PLACEMENT_3D('',#15164,#11992,#11993);
#9416=AXIS2_PLACEMENT_3D('',#15165,#11994,#11995);
#9417=AXIS2_PLACEMENT_3D('',#15166,#11996,#11997);
#9418=AXIS2_PLACEMENT_3D('',#15168,#11998,#11999);
#9419=AXIS2_PLACEMENT_3D('',#15169,#12000,#12001);
#9420=AXIS2_PLACEMENT_3D('',#15170,#12002,#12003);
#9421=AXIS2_PLACEMENT_3D('',#15176,#12004,#12005);
#9422=AXIS2_PLACEMENT_3D('',#15177,#12006,#12007);
#9423=AXIS2_PLACEMENT_3D('',#15187,#12008,#12009);
#9424=AXIS2_PLACEMENT_3D('',#15188,#12010,#12011);
#9425=AXIS2_PLACEMENT_3D('',#15189,#12012,#12013);
#9426=AXIS2_PLACEMENT_3D('',#15190,#12014,#12015);
#9427=AXIS2_PLACEMENT_3D('',#15195,#12016,#12017);
#9428=AXIS2_PLACEMENT_3D('',#15196,#12018,#12019);
#9429=AXIS2_PLACEMENT_3D('',#15197,#12020,#12021);
#9430=AXIS2_PLACEMENT_3D('',#15198,#12022,#12023);
#9431=AXIS2_PLACEMENT_3D('',#15204,#12024,#12025);
#9432=AXIS2_PLACEMENT_3D('',#15210,#12026,#12027);
#9433=AXIS2_PLACEMENT_3D('',#15211,#12028,#12029);
#9434=AXIS2_PLACEMENT_3D('',#15212,#12030,#12031);
#9435=AXIS2_PLACEMENT_3D('',#15213,#12032,#12033);
#9436=AXIS2_PLACEMENT_3D('',#15215,#12034,#12035);
#9437=AXIS2_PLACEMENT_3D('',#15216,#12036,#12037);
#9438=AXIS2_PLACEMENT_3D('',#15217,#12038,#12039);
#9439=AXIS2_PLACEMENT_3D('',#15218,#12040,#12041);
#9440=AXIS2_PLACEMENT_3D('',#15219,#12042,#12043);
#9441=AXIS2_PLACEMENT_3D('',#15220,#12044,#12045);
#9442=AXIS2_PLACEMENT_3D('',#15225,#12046,#12047);
#9443=AXIS2_PLACEMENT_3D('',#15231,#12048,#12049);
#9444=AXIS2_PLACEMENT_3D('',#15237,#12050,#12051);
#9445=AXIS2_PLACEMENT_3D('',#15238,#12052,#12053);
#9446=AXIS2_PLACEMENT_3D('',#15239,#12054,#12055);
#9447=AXIS2_PLACEMENT_3D('',#15240,#12056,#12057);
#9448=AXIS2_PLACEMENT_3D('',#15245,#12058,#12059);
#9449=AXIS2_PLACEMENT_3D('',#15246,#12060,#12061);
#9450=AXIS2_PLACEMENT_3D('',#15247,#12062,#12063);
#9451=AXIS2_PLACEMENT_3D('',#15248,#12064,#12065);
#9452=AXIS2_PLACEMENT_3D('',#15250,#12066,#12067);
#9453=AXIS2_PLACEMENT_3D('',#15251,#12068,#12069);
#9454=AXIS2_PLACEMENT_3D('',#15252,#12070,#12071);
#9455=AXIS2_PLACEMENT_3D('',#15258,#12072,#12073);
#9456=AXIS2_PLACEMENT_3D('',#15259,#12074,#12075);
#9457=AXIS2_PLACEMENT_3D('',#15269,#12076,#12077);
#9458=AXIS2_PLACEMENT_3D('',#15270,#12078,#12079);
#9459=AXIS2_PLACEMENT_3D('',#15271,#12080,#12081);
#9460=AXIS2_PLACEMENT_3D('',#15272,#12082,#12083);
#9461=AXIS2_PLACEMENT_3D('',#15277,#12084,#12085);
#9462=AXIS2_PLACEMENT_3D('',#15278,#12086,#12087);
#9463=AXIS2_PLACEMENT_3D('',#15279,#12088,#12089);
#9464=AXIS2_PLACEMENT_3D('',#15280,#12090,#12091);
#9465=AXIS2_PLACEMENT_3D('',#15286,#12092,#12093);
#9466=AXIS2_PLACEMENT_3D('',#15292,#12094,#12095);
#9467=AXIS2_PLACEMENT_3D('',#15293,#12096,#12097);
#9468=AXIS2_PLACEMENT_3D('',#15294,#12098,#12099);
#9469=AXIS2_PLACEMENT_3D('',#15295,#12100,#12101);
#9470=AXIS2_PLACEMENT_3D('',#15297,#12102,#12103);
#9471=AXIS2_PLACEMENT_3D('',#15298,#12104,#12105);
#9472=AXIS2_PLACEMENT_3D('',#15299,#12106,#12107);
#9473=AXIS2_PLACEMENT_3D('',#15300,#12108,#12109);
#9474=AXIS2_PLACEMENT_3D('',#15301,#12110,#12111);
#9475=AXIS2_PLACEMENT_3D('',#15302,#12112,#12113);
#9476=AXIS2_PLACEMENT_3D('',#15307,#12114,#12115);
#9477=AXIS2_PLACEMENT_3D('',#15313,#12116,#12117);
#9478=AXIS2_PLACEMENT_3D('',#15319,#12118,#12119);
#9479=AXIS2_PLACEMENT_3D('',#15320,#12120,#12121);
#9480=AXIS2_PLACEMENT_3D('',#15321,#12122,#12123);
#9481=AXIS2_PLACEMENT_3D('',#15322,#12124,#12125);
#9482=AXIS2_PLACEMENT_3D('',#15327,#12126,#12127);
#9483=AXIS2_PLACEMENT_3D('',#15328,#12128,#12129);
#9484=AXIS2_PLACEMENT_3D('',#15329,#12130,#12131);
#9485=AXIS2_PLACEMENT_3D('',#15330,#12132,#12133);
#9486=AXIS2_PLACEMENT_3D('',#15332,#12134,#12135);
#9487=AXIS2_PLACEMENT_3D('',#15333,#12136,#12137);
#9488=AXIS2_PLACEMENT_3D('',#15338,#12138,#12139);
#9489=AXIS2_PLACEMENT_3D('',#15339,#12140,#12141);
#9490=AXIS2_PLACEMENT_3D('',#15340,#12142,#12143);
#9491=AXIS2_PLACEMENT_3D('',#15341,#12144,#12145);
#9492=AXIS2_PLACEMENT_3D('',#15346,#12146,#12147);
#9493=AXIS2_PLACEMENT_3D('',#15347,#12148,#12149);
#9494=AXIS2_PLACEMENT_3D('',#15348,#12150,#12151);
#9495=AXIS2_PLACEMENT_3D('',#15349,#12152,#12153);
#9496=AXIS2_PLACEMENT_3D('',#15350,#12154,#12155);
#9497=AXIS2_PLACEMENT_3D('',#15351,#12156,#12157);
#9498=AXIS2_PLACEMENT_3D('',#15352,#12158,#12159);
#9499=AXIS2_PLACEMENT_3D('',#15353,#12160,#12161);
#9500=AXIS2_PLACEMENT_3D('',#15354,#12162,#12163);
#9501=AXIS2_PLACEMENT_3D('',#15355,#12164,#12165);
#9502=AXIS2_PLACEMENT_3D('',#15356,#12166,#12167);
#9503=AXIS2_PLACEMENT_3D('',#15357,#12168,#12169);
#9504=AXIS2_PLACEMENT_3D('',#15358,#12170,#12171);
#9505=AXIS2_PLACEMENT_3D('',#15359,#12172,#12173);
#9506=AXIS2_PLACEMENT_3D('',#15360,#12174,#12175);
#9507=AXIS2_PLACEMENT_3D('',#15361,#12176,#12177);
#9508=AXIS2_PLACEMENT_3D('',#15362,#12178,#12179);
#9509=AXIS2_PLACEMENT_3D('',#15363,#12180,#12181);
#9510=AXIS2_PLACEMENT_3D('',#15364,#12182,#12183);
#9511=AXIS2_PLACEMENT_3D('',#15365,#12184,#12185);
#9512=AXIS2_PLACEMENT_3D('',#15366,#12186,#12187);
#9513=AXIS2_PLACEMENT_3D('',#15367,#12188,#12189);
#9514=AXIS2_PLACEMENT_3D('',#15368,#12190,#12191);
#9515=AXIS2_PLACEMENT_3D('',#15369,#12192,#12193);
#9516=AXIS2_PLACEMENT_3D('',#15370,#12194,#12195);
#9517=AXIS2_PLACEMENT_3D('',#15371,#12196,#12197);
#9518=AXIS2_PLACEMENT_3D('',#15372,#12198,#12199);
#9519=AXIS2_PLACEMENT_3D('',#15373,#12200,#12201);
#9520=AXIS2_PLACEMENT_3D('',#15374,#12202,#12203);
#9521=AXIS2_PLACEMENT_3D('',#15375,#12204,#12205);
#9522=AXIS2_PLACEMENT_3D('',#15376,#12206,#12207);
#9523=AXIS2_PLACEMENT_3D('',#15377,#12208,#12209);
#9524=AXIS2_PLACEMENT_3D('',#15378,#12210,#12211);
#9525=AXIS2_PLACEMENT_3D('',#15379,#12212,#12213);
#9526=AXIS2_PLACEMENT_3D('',#15380,#12214,#12215);
#9527=AXIS2_PLACEMENT_3D('',#15381,#12216,#12217);
#9528=AXIS2_PLACEMENT_3D('',#15382,#12218,#12219);
#9529=AXIS2_PLACEMENT_3D('',#15383,#12220,#12221);
#9530=AXIS2_PLACEMENT_3D('',#15384,#12222,#12223);
#9531=AXIS2_PLACEMENT_3D('',#15385,#12224,#12225);
#9532=AXIS2_PLACEMENT_3D('',#15386,#12226,#12227);
#9533=AXIS2_PLACEMENT_3D('',#15387,#12228,#12229);
#9534=AXIS2_PLACEMENT_3D('',#15388,#12230,#12231);
#9535=AXIS2_PLACEMENT_3D('',#15389,#12232,#12233);
#9536=AXIS2_PLACEMENT_3D('',#15390,#12234,#12235);
#9537=AXIS2_PLACEMENT_3D('',#15391,#12236,#12237);
#9538=AXIS2_PLACEMENT_3D('',#15392,#12238,#12239);
#9539=AXIS2_PLACEMENT_3D('',#15393,#12240,#12241);
#9540=AXIS2_PLACEMENT_3D('',#15394,#12242,#12243);
#9541=AXIS2_PLACEMENT_3D('',#15395,#12244,#12245);
#9542=AXIS2_PLACEMENT_3D('',#15396,#12246,#12247);
#9543=AXIS2_PLACEMENT_3D('',#15397,#12248,#12249);
#9544=AXIS2_PLACEMENT_3D('',#15398,#12250,#12251);
#9545=AXIS2_PLACEMENT_3D('',#15399,#12252,#12253);
#9546=AXIS2_PLACEMENT_3D('',#15400,#12254,#12255);
#9547=AXIS2_PLACEMENT_3D('',#15401,#12256,#12257);
#9548=AXIS2_PLACEMENT_3D('',#15402,#12258,#12259);
#9549=AXIS2_PLACEMENT_3D('',#15403,#12260,#12261);
#9550=AXIS2_PLACEMENT_3D('',#15404,#12262,#12263);
#9551=AXIS2_PLACEMENT_3D('',#15405,#12264,#12265);
#9552=AXIS2_PLACEMENT_3D('',#15406,#12266,#12267);
#9553=AXIS2_PLACEMENT_3D('',#15407,#12268,#12269);
#9554=AXIS2_PLACEMENT_3D('',#15408,#12270,#12271);
#9555=AXIS2_PLACEMENT_3D('',#15409,#12272,#12273);
#9556=AXIS2_PLACEMENT_3D('',#15410,#12274,#12275);
#9557=AXIS2_PLACEMENT_3D('',#15411,#12276,#12277);
#9558=AXIS2_PLACEMENT_3D('',#15412,#12278,#12279);
#9559=AXIS2_PLACEMENT_3D('',#15413,#12280,#12281);
#9560=AXIS2_PLACEMENT_3D('',#15414,#12282,#12283);
#9561=AXIS2_PLACEMENT_3D('',#15415,#12284,#12285);
#9562=AXIS2_PLACEMENT_3D('',#15416,#12286,#12287);
#9563=AXIS2_PLACEMENT_3D('',#15417,#12288,#12289);
#9564=AXIS2_PLACEMENT_3D('',#15418,#12290,#12291);
#9565=AXIS2_PLACEMENT_3D('',#15419,#12292,#12293);
#9566=AXIS2_PLACEMENT_3D('',#15420,#12294,#12295);
#9567=AXIS2_PLACEMENT_3D('',#15421,#12296,#12297);
#9568=AXIS2_PLACEMENT_3D('',#15422,#12298,#12299);
#9569=AXIS2_PLACEMENT_3D('',#15423,#12300,#12301);
#9570=AXIS2_PLACEMENT_3D('',#15424,#12302,#12303);
#9571=AXIS2_PLACEMENT_3D('',#15425,#12304,#12305);
#9572=AXIS2_PLACEMENT_3D('',#15426,#12306,#12307);
#9573=AXIS2_PLACEMENT_3D('',#15427,#12308,#12309);
#9574=AXIS2_PLACEMENT_3D('',#15428,#12310,#12311);
#9575=AXIS2_PLACEMENT_3D('',#15429,#12312,#12313);
#9576=AXIS2_PLACEMENT_3D('',#15430,#12314,#12315);
#9577=AXIS2_PLACEMENT_3D('',#15431,#12316,#12317);
#9578=AXIS2_PLACEMENT_3D('',#15432,#12318,#12319);
#9579=AXIS2_PLACEMENT_3D('',#15433,#12320,#12321);
#9580=AXIS2_PLACEMENT_3D('',#15434,#12322,#12323);
#9581=AXIS2_PLACEMENT_3D('',#15435,#12324,#12325);
#9582=AXIS2_PLACEMENT_3D('',#15436,#12326,#12327);
#9583=AXIS2_PLACEMENT_3D('',#15437,#12328,#12329);
#9584=AXIS2_PLACEMENT_3D('',#15438,#12330,#12331);
#9585=AXIS2_PLACEMENT_3D('',#15439,#12332,#12333);
#9586=AXIS2_PLACEMENT_3D('',#15440,#12334,#12335);
#9587=AXIS2_PLACEMENT_3D('',#15441,#12336,#12337);
#9588=AXIS2_PLACEMENT_3D('',#15442,#12338,#12339);
#9589=AXIS2_PLACEMENT_3D('',#15443,#12340,#12341);
#9590=AXIS2_PLACEMENT_3D('',#15444,#12342,#12343);
#9591=AXIS2_PLACEMENT_3D('',#15445,#12344,#12345);
#9592=AXIS2_PLACEMENT_3D('',#15446,#12346,#12347);
#9593=AXIS2_PLACEMENT_3D('',#15447,#12348,#12349);
#9594=AXIS2_PLACEMENT_3D('',#15448,#12350,#12351);
#9595=AXIS2_PLACEMENT_3D('',#15449,#12352,#12353);
#9596=AXIS2_PLACEMENT_3D('',#15450,#12354,#12355);
#9597=AXIS2_PLACEMENT_3D('',#15451,#12356,#12357);
#9598=AXIS2_PLACEMENT_3D('',#15452,#12358,#12359);
#9599=AXIS2_PLACEMENT_3D('',#15453,#12360,#12361);
#9600=AXIS2_PLACEMENT_3D('',#15454,#12362,#12363);
#9601=AXIS2_PLACEMENT_3D('',#15455,#12364,#12365);
#9602=AXIS2_PLACEMENT_3D('',#15456,#12366,#12367);
#9603=AXIS2_PLACEMENT_3D('',#15457,#12368,#12369);
#9604=AXIS2_PLACEMENT_3D('',#15458,#12370,#12371);
#9605=AXIS2_PLACEMENT_3D('',#15459,#12372,#12373);
#9606=AXIS2_PLACEMENT_3D('',#15460,#12374,#12375);
#9607=AXIS2_PLACEMENT_3D('',#15461,#12376,#12377);
#9608=AXIS2_PLACEMENT_3D('',#15462,#12378,#12379);
#9609=AXIS2_PLACEMENT_3D('',#15463,#12380,#12381);
#9610=AXIS2_PLACEMENT_3D('',#15464,#12382,#12383);
#9611=AXIS2_PLACEMENT_3D('',#15465,#12384,#12385);
#9612=AXIS2_PLACEMENT_3D('',#15466,#12386,#12387);
#9613=AXIS2_PLACEMENT_3D('',#15467,#12388,#12389);
#9614=AXIS2_PLACEMENT_3D('',#15468,#12390,#12391);
#9615=AXIS2_PLACEMENT_3D('',#15469,#12392,#12393);
#9616=AXIS2_PLACEMENT_3D('',#15470,#12394,#12395);
#9617=AXIS2_PLACEMENT_3D('',#15471,#12396,#12397);
#9618=AXIS2_PLACEMENT_3D('',#15472,#12398,#12399);
#9619=AXIS2_PLACEMENT_3D('',#15473,#12400,#12401);
#9620=AXIS2_PLACEMENT_3D('',#15474,#12402,#12403);
#9621=AXIS2_PLACEMENT_3D('',#15475,#12404,#12405);
#9622=AXIS2_PLACEMENT_3D('',#15476,#12406,#12407);
#9623=AXIS2_PLACEMENT_3D('',#15477,#12408,#12409);
#9624=AXIS2_PLACEMENT_3D('',#15478,#12410,#12411);
#9625=AXIS2_PLACEMENT_3D('',#15479,#12412,#12413);
#9626=AXIS2_PLACEMENT_3D('',#15480,#12414,#12415);
#9627=AXIS2_PLACEMENT_3D('',#15481,#12416,#12417);
#9628=AXIS2_PLACEMENT_3D('',#15482,#12418,#12419);
#9629=AXIS2_PLACEMENT_3D('',#15483,#12420,#12421);
#9630=AXIS2_PLACEMENT_3D('',#15484,#12422,#12423);
#9631=AXIS2_PLACEMENT_3D('',#15485,#12424,#12425);
#9632=AXIS2_PLACEMENT_3D('',#15486,#12426,#12427);
#9633=AXIS2_PLACEMENT_3D('',#15487,#12428,#12429);
#9634=AXIS2_PLACEMENT_3D('',#15488,#12430,#12431);
#9635=AXIS2_PLACEMENT_3D('',#15489,#12432,#12433);
#9636=AXIS2_PLACEMENT_3D('',#15490,#12434,#12435);
#9637=AXIS2_PLACEMENT_3D('',#15491,#12436,#12437);
#9638=AXIS2_PLACEMENT_3D('',#15492,#12438,#12439);
#9639=AXIS2_PLACEMENT_3D('',#15493,#12440,#12441);
#9640=AXIS2_PLACEMENT_3D('',#15494,#12442,#12443);
#9641=AXIS2_PLACEMENT_3D('',#15495,#12444,#12445);
#9642=AXIS2_PLACEMENT_3D('',#15496,#12446,#12447);
#9643=AXIS2_PLACEMENT_3D('',#15497,#12448,#12449);
#9644=AXIS2_PLACEMENT_3D('',#15498,#12450,#12451);
#9645=AXIS2_PLACEMENT_3D('',#15499,#12452,#12453);
#9646=AXIS2_PLACEMENT_3D('',#15500,#12454,#12455);
#9647=AXIS2_PLACEMENT_3D('',#15501,#12456,#12457);
#9648=AXIS2_PLACEMENT_3D('',#15502,#12458,#12459);
#9649=AXIS2_PLACEMENT_3D('',#15503,#12460,#12461);
#9650=AXIS2_PLACEMENT_3D('',#15504,#12462,#12463);
#9651=AXIS2_PLACEMENT_3D('',#15505,#12464,#12465);
#9652=AXIS2_PLACEMENT_3D('',#15506,#12466,#12467);
#9653=AXIS2_PLACEMENT_3D('',#15507,#12468,#12469);
#9654=AXIS2_PLACEMENT_3D('',#15508,#12470,#12471);
#9655=AXIS2_PLACEMENT_3D('',#15509,#12472,#12473);
#9656=AXIS2_PLACEMENT_3D('',#15510,#12474,#12475);
#9657=AXIS2_PLACEMENT_3D('',#15511,#12476,#12477);
#9658=AXIS2_PLACEMENT_3D('',#15512,#12478,#12479);
#9659=AXIS2_PLACEMENT_3D('',#15513,#12480,#12481);
#9660=AXIS2_PLACEMENT_3D('',#15514,#12482,#12483);
#9661=AXIS2_PLACEMENT_3D('',#15515,#12484,#12485);
#9662=AXIS2_PLACEMENT_3D('',#15516,#12486,#12487);
#9663=AXIS2_PLACEMENT_3D('',#15517,#12488,#12489);
#9664=AXIS2_PLACEMENT_3D('',#15518,#12490,#12491);
#9665=AXIS2_PLACEMENT_3D('',#15519,#12492,#12493);
#9666=AXIS2_PLACEMENT_3D('',#15520,#12494,#12495);
#9667=AXIS2_PLACEMENT_3D('',#15521,#12496,#12497);
#9668=AXIS2_PLACEMENT_3D('',#15522,#12498,#12499);
#9669=AXIS2_PLACEMENT_3D('',#15523,#12500,#12501);
#9670=AXIS2_PLACEMENT_3D('',#15524,#12502,#12503);
#9671=AXIS2_PLACEMENT_3D('',#15525,#12504,#12505);
#9672=AXIS2_PLACEMENT_3D('',#15526,#12506,#12507);
#9673=AXIS2_PLACEMENT_3D('',#15527,#12508,#12509);
#9674=AXIS2_PLACEMENT_3D('',#15528,#12510,#12511);
#9675=AXIS2_PLACEMENT_3D('',#15529,#12512,#12513);
#9676=AXIS2_PLACEMENT_3D('',#15530,#12514,#12515);
#9677=AXIS2_PLACEMENT_3D('',#15531,#12516,#12517);
#9678=AXIS2_PLACEMENT_3D('',#15532,#12518,#12519);
#9679=AXIS2_PLACEMENT_3D('',#15533,#12520,#12521);
#9680=AXIS2_PLACEMENT_3D('',#15534,#12522,#12523);
#9681=AXIS2_PLACEMENT_3D('',#15535,#12524,#12525);
#9682=AXIS2_PLACEMENT_3D('',#15536,#12526,#12527);
#9683=AXIS2_PLACEMENT_3D('',#15537,#12528,#12529);
#9684=AXIS2_PLACEMENT_3D('',#15538,#12530,#12531);
#9685=AXIS2_PLACEMENT_3D('',#15539,#12532,#12533);
#9686=AXIS2_PLACEMENT_3D('',#15540,#12534,#12535);
#9687=AXIS2_PLACEMENT_3D('',#15541,#12536,#12537);
#9688=AXIS2_PLACEMENT_3D('',#15542,#12538,#12539);
#9689=AXIS2_PLACEMENT_3D('',#15543,#12540,#12541);
#9690=AXIS2_PLACEMENT_3D('',#15544,#12542,#12543);
#9691=AXIS2_PLACEMENT_3D('',#15545,#12544,#12545);
#9692=AXIS2_PLACEMENT_3D('',#15546,#12546,#12547);
#9693=AXIS2_PLACEMENT_3D('',#15547,#12548,#12549);
#9694=AXIS2_PLACEMENT_3D('',#15548,#12550,#12551);
#9695=AXIS2_PLACEMENT_3D('',#15549,#12552,#12553);
#9696=AXIS2_PLACEMENT_3D('',#15550,#12554,#12555);
#9697=AXIS2_PLACEMENT_3D('',#15551,#12556,#12557);
#9698=AXIS2_PLACEMENT_3D('',#15552,#12558,#12559);
#9699=AXIS2_PLACEMENT_3D('',#15553,#12560,#12561);
#9700=AXIS2_PLACEMENT_3D('',#15554,#12562,#12563);
#9701=AXIS2_PLACEMENT_3D('',#15555,#12564,#12565);
#9702=AXIS2_PLACEMENT_3D('',#15556,#12566,#12567);
#9703=AXIS2_PLACEMENT_3D('',#15557,#12568,#12569);
#9704=AXIS2_PLACEMENT_3D('',#15558,#12570,#12571);
#9705=AXIS2_PLACEMENT_3D('',#15559,#12572,#12573);
#9706=AXIS2_PLACEMENT_3D('',#15560,#12574,#12575);
#9707=AXIS2_PLACEMENT_3D('',#15561,#12576,#12577);
#9708=AXIS2_PLACEMENT_3D('',#15562,#12578,#12579);
#9709=AXIS2_PLACEMENT_3D('',#15563,#12580,#12581);
#9710=AXIS2_PLACEMENT_3D('',#15564,#12582,#12583);
#9711=AXIS2_PLACEMENT_3D('',#15565,#12584,#12585);
#9712=AXIS2_PLACEMENT_3D('',#15566,#12586,#12587);
#9713=AXIS2_PLACEMENT_3D('',#15567,#12588,#12589);
#9714=AXIS2_PLACEMENT_3D('',#15568,#12590,#12591);
#9715=AXIS2_PLACEMENT_3D('',#15569,#12592,#12593);
#9716=AXIS2_PLACEMENT_3D('',#15570,#12594,#12595);
#9717=AXIS2_PLACEMENT_3D('',#15571,#12596,#12597);
#9718=AXIS2_PLACEMENT_3D('',#15572,#12598,#12599);
#9719=AXIS2_PLACEMENT_3D('',#15573,#12600,#12601);
#9720=AXIS2_PLACEMENT_3D('',#15574,#12602,#12603);
#9721=AXIS2_PLACEMENT_3D('',#15575,#12604,#12605);
#9722=AXIS2_PLACEMENT_3D('',#15576,#12606,#12607);
#9723=AXIS2_PLACEMENT_3D('',#15577,#12608,#12609);
#9724=AXIS2_PLACEMENT_3D('',#15578,#12610,#12611);
#9725=AXIS2_PLACEMENT_3D('',#15579,#12612,#12613);
#9726=AXIS2_PLACEMENT_3D('',#15580,#12614,#12615);
#9727=AXIS2_PLACEMENT_3D('',#15581,#12616,#12617);
#9728=AXIS2_PLACEMENT_3D('',#15582,#12618,#12619);
#9729=AXIS2_PLACEMENT_3D('',#15583,#12620,#12621);
#9730=AXIS2_PLACEMENT_3D('',#15584,#12622,#12623);
#9731=AXIS2_PLACEMENT_3D('',#15585,#12624,#12625);
#9732=AXIS2_PLACEMENT_3D('',#15586,#12626,#12627);
#9733=AXIS2_PLACEMENT_3D('',#15587,#12628,#12629);
#9734=AXIS2_PLACEMENT_3D('',#15588,#12630,#12631);
#9735=AXIS2_PLACEMENT_3D('',#15589,#12632,#12633);
#9736=AXIS2_PLACEMENT_3D('',#15590,#12634,#12635);
#9737=AXIS2_PLACEMENT_3D('',#15591,#12636,#12637);
#9738=AXIS2_PLACEMENT_3D('',#15592,#12638,#12639);
#9739=AXIS2_PLACEMENT_3D('',#15593,#12640,#12641);
#9740=AXIS2_PLACEMENT_3D('',#15594,#12642,#12643);
#9741=AXIS2_PLACEMENT_3D('',#15595,#12644,#12645);
#9742=AXIS2_PLACEMENT_3D('',#15596,#12646,#12647);
#9743=AXIS2_PLACEMENT_3D('',#15597,#12648,#12649);
#9744=AXIS2_PLACEMENT_3D('',#15598,#12650,#12651);
#9745=AXIS2_PLACEMENT_3D('',#15599,#12652,#12653);
#9746=AXIS2_PLACEMENT_3D('',#15600,#12654,#12655);
#9747=AXIS2_PLACEMENT_3D('',#15601,#12656,#12657);
#9748=AXIS2_PLACEMENT_3D('',#15602,#12658,#12659);
#9749=AXIS2_PLACEMENT_3D('',#15603,#12660,#12661);
#9750=AXIS2_PLACEMENT_3D('',#15604,#12662,#12663);
#9751=AXIS2_PLACEMENT_3D('',#15605,#12664,#12665);
#9752=AXIS2_PLACEMENT_3D('',#15606,#12666,#12667);
#9753=AXIS2_PLACEMENT_3D('',#15607,#12668,#12669);
#9754=AXIS2_PLACEMENT_3D('',#15608,#12670,#12671);
#9755=AXIS2_PLACEMENT_3D('',#15609,#12672,#12673);
#9756=AXIS2_PLACEMENT_3D('',#15610,#12674,#12675);
#9757=AXIS2_PLACEMENT_3D('',#15611,#12676,#12677);
#9758=AXIS2_PLACEMENT_3D('',#15612,#12678,#12679);
#9759=AXIS2_PLACEMENT_3D('',#15613,#12680,#12681);
#9760=AXIS2_PLACEMENT_3D('',#15614,#12682,#12683);
#9761=AXIS2_PLACEMENT_3D('',#15615,#12684,#12685);
#9762=AXIS2_PLACEMENT_3D('',#15616,#12686,#12687);
#9763=AXIS2_PLACEMENT_3D('',#15617,#12688,#12689);
#9764=AXIS2_PLACEMENT_3D('',#15618,#12690,#12691);
#9765=AXIS2_PLACEMENT_3D('',#15619,#12692,#12693);
#9766=AXIS2_PLACEMENT_3D('',#15620,#12694,#12695);
#9767=AXIS2_PLACEMENT_3D('',#15621,#12696,#12697);
#9768=AXIS2_PLACEMENT_3D('',#15622,#12698,#12699);
#9769=AXIS2_PLACEMENT_3D('',#15623,#12700,#12701);
#9770=AXIS2_PLACEMENT_3D('',#15624,#12702,#12703);
#9771=AXIS2_PLACEMENT_3D('',#15625,#12704,#12705);
#9772=AXIS2_PLACEMENT_3D('',#15626,#12706,#12707);
#9773=AXIS2_PLACEMENT_3D('',#15627,#12708,#12709);
#9774=AXIS2_PLACEMENT_3D('',#15628,#12710,#12711);
#9775=AXIS2_PLACEMENT_3D('',#15629,#12712,#12713);
#9776=AXIS2_PLACEMENT_3D('',#15630,#12714,#12715);
#9777=AXIS2_PLACEMENT_3D('',#15631,#12716,#12717);
#9778=AXIS2_PLACEMENT_3D('',#15632,#12718,#12719);
#9779=AXIS2_PLACEMENT_3D('',#15633,#12720,#12721);
#9780=AXIS2_PLACEMENT_3D('',#15634,#12722,#12723);
#9781=AXIS2_PLACEMENT_3D('',#15635,#12724,#12725);
#9782=AXIS2_PLACEMENT_3D('',#15636,#12726,#12727);
#9783=AXIS2_PLACEMENT_3D('',#15637,#12728,#12729);
#9784=AXIS2_PLACEMENT_3D('',#15638,#12730,#12731);
#9785=AXIS2_PLACEMENT_3D('',#15639,#12732,#12733);
#9786=AXIS2_PLACEMENT_3D('',#15640,#12734,#12735);
#9787=AXIS2_PLACEMENT_3D('',#15641,#12736,#12737);
#9788=AXIS2_PLACEMENT_3D('',#15642,#12738,#12739);
#9789=AXIS2_PLACEMENT_3D('',#15643,#12740,#12741);
#9790=AXIS2_PLACEMENT_3D('',#15644,#12742,#12743);
#9791=AXIS2_PLACEMENT_3D('',#15645,#12744,#12745);
#9792=AXIS2_PLACEMENT_3D('',#15646,#12746,#12747);
#9793=AXIS2_PLACEMENT_3D('',#15647,#12748,#12749);
#9794=AXIS2_PLACEMENT_3D('',#15648,#12750,#12751);
#9795=AXIS2_PLACEMENT_3D('',#15649,#12752,#12753);
#9796=AXIS2_PLACEMENT_3D('',#15650,#12754,#12755);
#9797=AXIS2_PLACEMENT_3D('',#15651,#12756,#12757);
#9798=AXIS2_PLACEMENT_3D('',#15652,#12758,#12759);
#9799=AXIS2_PLACEMENT_3D('',#15653,#12760,#12761);
#9800=AXIS2_PLACEMENT_3D('',#15654,#12762,#12763);
#9801=AXIS2_PLACEMENT_3D('',#15655,#12764,#12765);
#9802=AXIS2_PLACEMENT_3D('',#15656,#12766,#12767);
#9803=AXIS2_PLACEMENT_3D('',#15657,#12768,#12769);
#9804=AXIS2_PLACEMENT_3D('',#15658,#12770,#12771);
#9805=AXIS2_PLACEMENT_3D('',#15659,#12772,#12773);
#9806=AXIS2_PLACEMENT_3D('',#15660,#12774,#12775);
#9807=AXIS2_PLACEMENT_3D('',#15661,#12776,#12777);
#9808=AXIS2_PLACEMENT_3D('',#15662,#12778,#12779);
#9809=AXIS2_PLACEMENT_3D('',#15663,#12780,#12781);
#9810=AXIS2_PLACEMENT_3D('',#15664,#12782,#12783);
#9811=AXIS2_PLACEMENT_3D('',#15665,#12784,#12785);
#9812=AXIS2_PLACEMENT_3D('',#15666,#12786,#12787);
#9813=AXIS2_PLACEMENT_3D('',#15667,#12788,#12789);
#9814=AXIS2_PLACEMENT_3D('',#15668,#12790,#12791);
#9815=AXIS2_PLACEMENT_3D('',#15669,#12792,#12793);
#9816=AXIS2_PLACEMENT_3D('',#15670,#12794,#12795);
#9817=AXIS2_PLACEMENT_3D('',#15671,#12796,#12797);
#9818=AXIS2_PLACEMENT_3D('',#15672,#12798,#12799);
#9819=AXIS2_PLACEMENT_3D('',#15673,#12800,#12801);
#9820=AXIS2_PLACEMENT_3D('',#15674,#12802,#12803);
#9821=AXIS2_PLACEMENT_3D('',#15676,#12804,#12805);
#9822=AXIS2_PLACEMENT_3D('',#15677,#12806,#12807);
#9823=AXIS2_PLACEMENT_3D('',#15679,#12808,#12809);
#9824=AXIS2_PLACEMENT_3D('',#15680,#12810,#12811);
#9825=AXIS2_PLACEMENT_3D('',#15681,#12812,#12813);
#9826=AXIS2_PLACEMENT_3D('',#15683,#12814,#12815);
#9827=AXIS2_PLACEMENT_3D('',#15684,#12816,#12817);
#9828=AXIS2_PLACEMENT_3D('',#15686,#12818,#12819);
#9829=DIRECTION('',(0.,0.,1.));
#9830=DIRECTION('',(1.,0.,0.));
#9831=DIRECTION('',(0.,0.,1.));
#9832=DIRECTION('',(1.,0.,0.));
#9833=DIRECTION('',(0.,0.,1.));
#9834=DIRECTION('',(1.,0.,0.));
#9835=DIRECTION('',(0.,0.,-1.));
#9836=DIRECTION('',(-1.,0.,0.));
#9837=DIRECTION('',(0.,0.,1.));
#9838=DIRECTION('',(1.,0.,0.));
#9839=DIRECTION('',(0.,0.,1.));
#9840=DIRECTION('',(1.,0.,0.));
#9841=DIRECTION('',(-0.972577401305768,-0.232579445500498,0.));
#9842=DIRECTION('',(0.,0.,1.));
#9843=DIRECTION('',(1.,0.,0.));
#9844=DIRECTION('',(0.365341024366396,-0.930873748644204,0.));
#9845=DIRECTION('',(0.,0.,1.));
#9846=DIRECTION('',(1.,0.,0.));
#9847=DIRECTION('',(0.871143882721898,0.491027835866987,0.));
#9848=DIRECTION('',(0.,0.,1.));
#9849=DIRECTION('',(1.,0.,0.));
#9850=DIRECTION('',(-0.365341024366413,0.930873748644197,0.));
#9851=DIRECTION('',(0.,0.,1.));
#9852=DIRECTION('',(1.,0.,0.));
#9853=DIRECTION('',(-0.997922511232837,0.0644256282448896,0.));
#9854=DIRECTION('',(0.,0.,1.));
#9855=DIRECTION('',(1.,0.,0.));
#9856=DIRECTION('',(0.0747300935864244,-0.99720379718118,0.));
#9857=DIRECTION('',(0.,0.,1.));
#9858=DIRECTION('',(1.,0.,0.));
#9859=DIRECTION('',(0.977174399657579,0.212438679749828,0.));
#9860=DIRECTION('',(0.,0.,1.));
#9861=DIRECTION('',(1.,0.,0.));
#9862=DIRECTION('',(-0.0747300935864425,0.997203797181179,0.));
#9863=DIRECTION('',(0.,0.,1.));
#9864=DIRECTION('',(1.,0.,0.));
#9865=DIRECTION('',(-0.934597826726059,0.355706202193507,0.));
#9866=DIRECTION('',(0.,0.,1.));
#9867=DIRECTION('',(1.,0.,0.));
#9868=DIRECTION('',(-0.222520933956315,-0.974927912181824,0.));
#9869=DIRECTION('',(0.,0.,1.));
#9870=DIRECTION('',(1.,0.,0.));
#9871=DIRECTION('',(0.996378682924463,-0.085026585334894,0.));
#9872=DIRECTION('',(0.,0.,1.));
#9873=DIRECTION('',(1.,0.,0.));
#9874=DIRECTION('',(0.222520933956297,0.974927912181828,0.));
#9875=DIRECTION('',(0.,0.,1.));
#9876=DIRECTION('',(1.,0.,0.));
#9877=DIRECTION('',(-0.788230023899662,0.615380719086273,0.));
#9878=DIRECTION('',(0.,0.,1.));
#9879=DIRECTION('',(1.,0.,0.));
#9880=DIRECTION('',(-0.5,-0.866025403784439,0.));
#9881=DIRECTION('',(0.,0.,1.));
#9882=DIRECTION('',(1.,0.,0.));
#9883=DIRECTION('',(0.927050347677679,-0.374936865179586,0.));
#9884=DIRECTION('',(0.,0.,1.));
#9885=DIRECTION('',(1.,0.,0.));
#9886=DIRECTION('',(0.499999999999984,0.866025403784448,0.));
#9887=DIRECTION('',(0.,0.,1.));
#9888=DIRECTION('',(1.,0.,0.));
#9889=DIRECTION('',(-0.571824524359295,0.820375958534419,0.));
#9890=DIRECTION('',(0.,0.,1.));
#9891=DIRECTION('',(1.,0.,0.));
#9892=DIRECTION('',(-0.733051871829826,-0.68017273777092,0.));
#9893=DIRECTION('',(0.,0.,1.));
#9894=DIRECTION('',(1.,0.,0.));
#9895=DIRECTION('',(0.77534952074629,-0.631532359169741,0.));
#9896=DIRECTION('',(0.,0.,1.));
#9897=DIRECTION('',(1.,0.,0.));
#9898=DIRECTION('',(0.733051871829814,0.680172737770933,0.));
#9899=DIRECTION('',(0.,0.,1.));
#9900=DIRECTION('',(1.,0.,0.));
#9901=DIRECTION('',(-0.304609906419011,0.952477193906185,0.));
#9902=DIRECTION('',(0.,0.,1.));
#9903=DIRECTION('',(1.,0.,0.));
#9904=DIRECTION('',(-0.900968867902419,-0.433883739117558,0.));
#9905=DIRECTION('',(0.,0.,1.));
#9906=DIRECTION('',(1.,0.,0.));
#9907=DIRECTION('',(0.554755486331265,-0.832013431613554,0.));
#9908=DIRECTION('',(0.,0.,1.));
#9909=DIRECTION('',(1.,0.,0.));
#9910=DIRECTION('',(0.900968867902411,0.433883739117574,0.));
#9911=DIRECTION('',(0.,0.,1.));
#9912=DIRECTION('',(1.,0.,0.));
#9913=DIRECTION('',(-0.0103293615348423,0.999946650722069,0.));
#9914=DIRECTION('',(0.,0.,1.));
#9915=DIRECTION('',(1.,0.,0.));
#9916=DIRECTION('',(-0.988830826225129,-0.149042266176174,0.));
#9917=DIRECTION('',(0.,0.,1.));
#9918=DIRECTION('',(1.,0.,0.));
#9919=DIRECTION('',(0.284868992451354,-0.958566459427697,0.));
#9920=DIRECTION('',(0.,0.,1.));
#9921=DIRECTION('',(1.,0.,0.));
#9922=DIRECTION('',(0.988830826225126,0.149042266176192,0.));
#9923=DIRECTION('',(0.,0.,1.));
#9924=DIRECTION('',(1.,0.,0.));
#9925=DIRECTION('',(0.284868992451354,0.958566459427697,0.));
#9926=DIRECTION('',(0.,0.,1.));
#9927=DIRECTION('',(1.,0.,0.));
#9928=DIRECTION('',(-0.988830826225129,0.149042266176174,0.));
#9929=DIRECTION('',(0.,0.,1.));
#9930=DIRECTION('',(1.,0.,0.));
#9931=DIRECTION('',(-0.0103293615348424,-0.999946650722069,0.));
#9932=DIRECTION('',(0.,0.,1.));
#9933=DIRECTION('',(1.,0.,0.));
#9934=DIRECTION('',(0.988830826225131,-0.149042266176156,0.));
#9935=DIRECTION('',(0.,0.,1.));
#9936=DIRECTION('',(1.,0.,0.));
#9937=DIRECTION('',(0.554755486331265,0.832013431613554,0.));
#9938=DIRECTION('',(0.,0.,1.));
#9939=DIRECTION('',(1.,0.,0.));
#9940=DIRECTION('',(-0.900968867902419,0.433883739117559,0.));
#9941=DIRECTION('',(0.,0.,1.));
#9942=DIRECTION('',(1.,0.,0.));
#9943=DIRECTION('',(-0.304609906419012,-0.952477193906185,0.));
#9944=DIRECTION('',(0.,0.,1.));
#9945=DIRECTION('',(1.,0.,0.));
#9946=DIRECTION('',(0.900968867902427,-0.433883739117542,0.));
#9947=DIRECTION('',(0.,0.,1.));
#9948=DIRECTION('',(1.,0.,0.));
#9949=DIRECTION('',(0.77534952074629,0.631532359169741,0.));
#9950=DIRECTION('',(0.,0.,1.));
#9951=DIRECTION('',(1.,0.,0.));
#9952=DIRECTION('',(-0.733051871829827,0.68017273777092,0.));
#9953=DIRECTION('',(0.,0.,1.));
#9954=DIRECTION('',(1.,0.,0.));
#9955=DIRECTION('',(-0.571824524359295,-0.820375958534419,0.));
#9956=DIRECTION('',(0.,0.,1.));
#9957=DIRECTION('',(1.,0.,0.));
#9958=DIRECTION('',(0.733051871829839,-0.680172737770906,0.));
#9959=DIRECTION('',(0.,0.,1.));
#9960=DIRECTION('',(1.,0.,0.));
#9961=DIRECTION('',(0.927050347677678,0.374936865179587,0.));
#9962=DIRECTION('',(0.,0.,1.));
#9963=DIRECTION('',(1.,0.,0.));
#9964=DIRECTION('',(-0.5,0.866025403784439,0.));
#9965=DIRECTION('',(0.,0.,1.));
#9966=DIRECTION('',(1.,0.,0.));
#9967=DIRECTION('',(-0.788230023899662,-0.615380719086273,0.));
#9968=DIRECTION('',(0.,0.,1.));
#9969=DIRECTION('',(1.,0.,0.));
#9970=DIRECTION('',(0.500000000000016,-0.86602540378443,0.));
#9971=DIRECTION('',(0.,0.,1.));
#9972=DIRECTION('',(1.,0.,0.));
#9973=DIRECTION('',(0.996378682924463,0.0850265853348935,0.));
#9974=DIRECTION('',(0.,0.,1.));
#9975=DIRECTION('',(1.,0.,0.));
#9976=DIRECTION('',(-0.222520933956315,0.974927912181824,0.));
#9977=DIRECTION('',(0.,0.,1.));
#9978=DIRECTION('',(1.,0.,0.));
#9979=DIRECTION('',(-0.934597826726059,-0.355706202193506,0.));
#9980=DIRECTION('',(0.,0.,1.));
#9981=DIRECTION('',(1.,0.,0.));
#9982=DIRECTION('',(0.222520933956332,-0.97492791218182,0.));
#9983=DIRECTION('',(0.,0.,1.));
#9984=DIRECTION('',(1.,0.,0.));
#9985=DIRECTION('',(0.977174399657579,-0.212438679749828,0.));
#9986=DIRECTION('',(0.,0.,1.));
#9987=DIRECTION('',(1.,0.,0.));
#9988=DIRECTION('',(0.0747300935864242,0.99720379718118,0.));
#9989=DIRECTION('',(0.,0.,1.));
#9990=DIRECTION('',(1.,0.,0.));
#9991=DIRECTION('',(-0.997922511232837,-0.0644256282448896,0.));
#9992=DIRECTION('',(0.,0.,1.));
#9993=DIRECTION('',(1.,0.,0.));
#9994=DIRECTION('',(-0.0747300935864061,-0.997203797181182,0.));
#9995=DIRECTION('',(0.,0.,1.));
#9996=DIRECTION('',(1.,0.,0.));
#9997=DIRECTION('',(0.871143882721898,-0.491027835866987,0.));
#9998=DIRECTION('',(0.,0.,1.));
#9999=DIRECTION('',(1.,0.,0.));
#10000=DIRECTION('',(0.365341024366395,0.930873748644204,0.));
#10001=DIRECTION('',(0.,0.,1.));
#10002=DIRECTION('',(1.,0.,0.));
#10003=DIRECTION('',(-0.972577401305768,0.232579445500498,0.));
#10004=DIRECTION('',(0.,0.,1.));
#10005=DIRECTION('',(1.,0.,0.));
#10006=DIRECTION('',(-0.365341024366378,-0.930873748644211,0.));
#10007=DIRECTION('',(0.,0.,1.));
#10008=DIRECTION('',(1.,0.,0.));
#10009=DIRECTION('',(0.687708408854414,-0.725987013927199,0.));
#10010=DIRECTION('',(0.,0.,1.));
#10011=DIRECTION('',(1.,0.,0.));
#10012=DIRECTION('',(0.623489801858734,0.78183148246803,0.));
#10013=DIRECTION('',(0.,0.,1.));
#10014=DIRECTION('',(1.,0.,0.));
#10015=DIRECTION('',(-0.860814521187055,0.508918814855082,0.));
#10016=DIRECTION('',(0.,0.,1.));
#10017=DIRECTION('',(1.,0.,0.));
#10018=DIRECTION('',(-0.623489801858719,-0.781831482468041,0.));
#10019=DIRECTION('',(0.,0.,1.));
#10020=DIRECTION('',(1.,0.,0.));
#10021=DIRECTION('',(0.443167024901572,-0.896439059858444,0.));
#10022=DIRECTION('',(0.,0.,1.));
#10023=DIRECTION('',(1.,0.,0.));
#10024=DIRECTION('',(0.826238774315995,0.563320058063622,0.));
#10025=DIRECTION('',(0.,0.,1.));
#10026=DIRECTION('',(1.,0.,0.));
#10027=DIRECTION('',(-0.672564493238567,0.740038514156357,0.));
#10028=DIRECTION('',(0.,0.,1.));
#10029=DIRECTION('',(1.,0.,0.));
#10030=DIRECTION('',(-0.826238774315985,-0.563320058063637,0.));
#10031=DIRECTION('',(0.,0.,1.));
#10032=DIRECTION('',(1.,0.,0.));
#10033=DIRECTION('',(0.159248305979769,-0.987238561363247,0.));
#10034=DIRECTION('',(0.,0.,1.));
#10035=DIRECTION('',(1.,0.,0.));
#10036=DIRECTION('',(0.955572805786141,0.294755174410904,0.));
#10037=DIRECTION('',(0.,0.,1.));
#10038=DIRECTION('',(1.,0.,0.));
#10039=DIRECTION('',(-0.424554158565168,0.905402543869312,0.));
#10040=DIRECTION('',(0.,0.,1.));
#10041=DIRECTION('',(1.,0.,0.));
#10042=DIRECTION('',(-0.955572805786135,-0.294755174410922,0.));
#10043=DIRECTION('',(0.,0.,1.));
#10044=DIRECTION('',(1.,0.,0.));
#10045=DIRECTION('',(-0.138820323778016,-0.990317584265859,0.));
#10046=DIRECTION('',(0.,0.,1.));
#10047=DIRECTION('',(1.,0.,0.));
#10048=DIRECTION('',(1.,0.,0.));
#10049=DIRECTION('',(0.,0.,1.));
#10050=DIRECTION('',(1.,0.,0.));
#10051=DIRECTION('',(-0.138820323778016,0.990317584265859,0.));
#10052=DIRECTION('',(0.,0.,1.));
#10053=DIRECTION('',(1.,0.,0.));
#10054=DIRECTION('',(-1.,-1.81430997492452E-14,0.));
#10055=DIRECTION('',(0.,0.,1.));
#10056=DIRECTION('',(1.,0.,0.));
#10057=DIRECTION('',(-0.424554158565168,-0.905402543869312,0.));
#10058=DIRECTION('',(0.,0.,1.));
#10059=DIRECTION('',(1.,0.,0.));
#10060=DIRECTION('',(0.955572805786141,-0.294755174410904,0.));
#10061=DIRECTION('',(0.,0.,1.));
#10062=DIRECTION('',(1.,0.,0.));
#10063=DIRECTION('',(0.159248305979769,0.987238561363247,0.));
#10064=DIRECTION('',(0.,0.,1.));
#10065=DIRECTION('',(1.,0.,0.));
#10066=DIRECTION('',(-0.955572805786146,0.294755174410887,0.));
#10067=DIRECTION('',(0.,0.,1.));
#10068=DIRECTION('',(1.,0.,0.));
#10069=DIRECTION('',(-0.672564493238568,-0.740038514156357,0.));
#10070=DIRECTION('',(0.,0.,1.));
#10071=DIRECTION('',(1.,0.,0.));
#10072=DIRECTION('',(0.826238774315995,-0.563320058063622,0.));
#10073=DIRECTION('',(0.,0.,1.));
#10074=DIRECTION('',(1.,0.,0.));
#10075=DIRECTION('',(0.443167024901572,0.896439059858443,0.));
#10076=DIRECTION('',(0.,0.,1.));
#10077=DIRECTION('',(1.,0.,0.));
#10078=DIRECTION('',(-0.826238774316005,0.563320058063607,0.));
#10079=DIRECTION('',(0.,0.,1.));
#10080=DIRECTION('',(1.,0.,0.));
#10081=DIRECTION('',(0.623489801858733,-0.78183148246803,0.));
#10082=DIRECTION('',(0.,0.,1.));
#10083=DIRECTION('',(1.,0.,0.));
#10084=DIRECTION('',(0.687708408854414,0.725987013927198,0.));
#10085=DIRECTION('',(0.,0.,1.));
#10086=DIRECTION('',(1.,0.,0.));
#10087=DIRECTION('',(-0.623489801858748,0.781831482468019,0.));
#10088=DIRECTION('',(0.,0.,1.));
#10089=DIRECTION('',(1.,0.,0.));
#10090=DIRECTION('',(-0.860814521187055,-0.508918814855081,0.));
#10091=DIRECTION('',(0.,0.,1.));
#10092=DIRECTION('',(1.,0.,0.));
#10093=DIRECTION('',(0.,0.,-1.));
#10094=DIRECTION('',(-1.,0.,0.));
#10095=DIRECTION('',(0.,0.,1.));
#10096=DIRECTION('',(1.,0.,0.));
#10097=DIRECTION('',(0.,0.,1.));
#10098=DIRECTION('',(1.,0.,0.));
#10099=DIRECTION('',(0.,0.,1.));
#10100=DIRECTION('',(1.,0.,0.));
#10101=DIRECTION('',(0.,0.,1.));
#10102=DIRECTION('',(1.,0.,0.));
#10103=DIRECTION('',(0.,0.,1.));
#10104=DIRECTION('',(1.,0.,0.));
#10105=DIRECTION('',(0.,0.,1.));
#10106=DIRECTION('',(1.,0.,0.));
#10107=DIRECTION('',(0.,0.,1.));
#10108=DIRECTION('',(1.,0.,0.));
#10109=DIRECTION('',(0.,0.,1.));
#10110=DIRECTION('',(1.,0.,0.));
#10111=DIRECTION('',(0.,0.,1.));
#10112=DIRECTION('',(1.,0.,0.));
#10113=DIRECTION('',(0.,0.,1.));
#10114=DIRECTION('',(1.,0.,0.));
#10115=DIRECTION('',(0.,0.,1.));
#10116=DIRECTION('',(1.,0.,0.));
#10117=DIRECTION('',(0.,0.,1.));
#10118=DIRECTION('',(1.,0.,0.));
#10119=DIRECTION('',(0.,0.,1.));
#10120=DIRECTION('',(1.,0.,0.));
#10121=DIRECTION('',(0.,0.,1.));
#10122=DIRECTION('',(1.,0.,0.));
#10123=DIRECTION('',(0.,0.,1.));
#10124=DIRECTION('',(1.,0.,0.));
#10125=DIRECTION('',(0.,0.,1.));
#10126=DIRECTION('',(1.,0.,0.));
#10127=DIRECTION('',(0.,0.,1.));
#10128=DIRECTION('',(1.,0.,0.));
#10129=DIRECTION('',(0.,0.,1.));
#10130=DIRECTION('',(1.,0.,0.));
#10131=DIRECTION('',(0.,0.,1.));
#10132=DIRECTION('',(1.,0.,0.));
#10133=DIRECTION('',(0.,0.,1.));
#10134=DIRECTION('',(1.,0.,0.));
#10135=DIRECTION('',(0.,0.,1.));
#10136=DIRECTION('',(1.,0.,0.));
#10137=DIRECTION('',(0.,0.,1.));
#10138=DIRECTION('',(1.,0.,0.));
#10139=DIRECTION('',(0.,0.,1.));
#10140=DIRECTION('',(1.,0.,0.));
#10141=DIRECTION('',(0.,0.,1.));
#10142=DIRECTION('',(1.,0.,0.));
#10143=DIRECTION('',(0.,0.,1.));
#10144=DIRECTION('',(1.,0.,0.));
#10145=DIRECTION('',(0.,0.,1.));
#10146=DIRECTION('',(1.,0.,0.));
#10147=DIRECTION('',(0.,0.,1.));
#10148=DIRECTION('',(1.,0.,0.));
#10149=DIRECTION('',(0.,0.,1.));
#10150=DIRECTION('',(1.,0.,0.));
#10151=DIRECTION('',(0.,0.,1.));
#10152=DIRECTION('',(1.,0.,0.));
#10153=DIRECTION('',(0.,0.,1.));
#10154=DIRECTION('',(1.,0.,0.));
#10155=DIRECTION('',(0.,0.,1.));
#10156=DIRECTION('',(1.,0.,0.));
#10157=DIRECTION('',(0.,0.,1.));
#10158=DIRECTION('',(1.,0.,0.));
#10159=DIRECTION('',(0.,0.,1.));
#10160=DIRECTION('',(1.,0.,0.));
#10161=DIRECTION('',(0.,0.,1.));
#10162=DIRECTION('',(1.,0.,0.));
#10163=DIRECTION('',(0.,0.,1.));
#10164=DIRECTION('',(1.,0.,0.));
#10165=DIRECTION('',(0.,0.,1.));
#10166=DIRECTION('',(1.,0.,0.));
#10167=DIRECTION('',(0.,0.,1.));
#10168=DIRECTION('',(1.,0.,0.));
#10169=DIRECTION('',(0.,0.,1.));
#10170=DIRECTION('',(1.,0.,0.));
#10171=DIRECTION('',(0.,0.,1.));
#10172=DIRECTION('',(1.,0.,0.));
#10173=DIRECTION('',(0.,0.,1.));
#10174=DIRECTION('',(1.,0.,0.));
#10175=DIRECTION('',(0.,0.,1.));
#10176=DIRECTION('',(1.,0.,0.));
#10177=DIRECTION('',(0.,0.,1.));
#10178=DIRECTION('',(1.,0.,0.));
#10179=DIRECTION('',(0.,0.,1.));
#10180=DIRECTION('',(1.,0.,0.));
#10181=DIRECTION('',(0.,0.,1.));
#10182=DIRECTION('',(1.,0.,0.));
#10183=DIRECTION('',(0.,0.,1.));
#10184=DIRECTION('',(1.,0.,0.));
#10185=DIRECTION('',(0.,0.,1.));
#10186=DIRECTION('',(1.,0.,0.));
#10187=DIRECTION('',(0.,0.,1.));
#10188=DIRECTION('',(1.,0.,0.));
#10189=DIRECTION('',(0.,0.,1.));
#10190=DIRECTION('',(1.,0.,0.));
#10191=DIRECTION('',(0.,0.,1.));
#10192=DIRECTION('',(1.,0.,0.));
#10193=DIRECTION('',(0.,0.,1.));
#10194=DIRECTION('',(1.,0.,0.));
#10195=DIRECTION('',(0.,0.,1.));
#10196=DIRECTION('',(1.,0.,0.));
#10197=DIRECTION('',(0.,0.,1.));
#10198=DIRECTION('',(1.,0.,0.));
#10199=DIRECTION('',(0.,0.,1.));
#10200=DIRECTION('',(1.,0.,0.));
#10201=DIRECTION('',(0.,0.,1.));
#10202=DIRECTION('',(1.,0.,0.));
#10203=DIRECTION('',(0.,0.,1.));
#10204=DIRECTION('',(1.,0.,0.));
#10205=DIRECTION('',(0.,0.,1.));
#10206=DIRECTION('',(1.,0.,0.));
#10207=DIRECTION('',(0.,0.,1.));
#10208=DIRECTION('',(1.,0.,0.));
#10209=DIRECTION('',(0.,0.,1.));
#10210=DIRECTION('',(1.,0.,0.));
#10211=DIRECTION('',(0.,0.,1.));
#10212=DIRECTION('',(1.,0.,0.));
#10213=DIRECTION('',(0.,0.,1.));
#10214=DIRECTION('',(1.,0.,0.));
#10215=DIRECTION('',(0.,0.,1.));
#10216=DIRECTION('',(1.,0.,0.));
#10217=DIRECTION('',(0.,0.,1.));
#10218=DIRECTION('',(1.,0.,0.));
#10219=DIRECTION('',(0.,0.,1.));
#10220=DIRECTION('',(1.,0.,0.));
#10221=DIRECTION('',(0.,0.,1.));
#10222=DIRECTION('',(1.,0.,0.));
#10223=DIRECTION('',(0.,0.,1.));
#10224=DIRECTION('',(1.,0.,0.));
#10225=DIRECTION('',(0.,0.,1.));
#10226=DIRECTION('',(1.,0.,0.));
#10227=DIRECTION('',(0.,0.,1.));
#10228=DIRECTION('',(1.,0.,0.));
#10229=DIRECTION('',(0.,0.,1.));
#10230=DIRECTION('',(1.,0.,0.));
#10231=DIRECTION('',(0.,0.,1.));
#10232=DIRECTION('',(1.,0.,0.));
#10233=DIRECTION('',(0.,0.,1.));
#10234=DIRECTION('',(1.,0.,0.));
#10235=DIRECTION('',(0.,0.,1.));
#10236=DIRECTION('',(1.,0.,0.));
#10237=DIRECTION('',(0.,0.,1.));
#10238=DIRECTION('',(1.,0.,0.));
#10239=DIRECTION('',(0.,0.,1.));
#10240=DIRECTION('',(1.,0.,0.));
#10241=DIRECTION('',(0.,0.,1.));
#10242=DIRECTION('',(1.,0.,0.));
#10243=DIRECTION('',(0.,0.,1.));
#10244=DIRECTION('',(1.,0.,0.));
#10245=DIRECTION('',(0.,0.,1.));
#10246=DIRECTION('',(1.,0.,0.));
#10247=DIRECTION('',(0.,0.,1.));
#10248=DIRECTION('',(1.,0.,0.));
#10249=DIRECTION('',(0.,0.,1.));
#10250=DIRECTION('',(1.,0.,0.));
#10251=DIRECTION('',(0.,0.,1.));
#10252=DIRECTION('',(1.,0.,0.));
#10253=DIRECTION('',(0.,0.,1.));
#10254=DIRECTION('',(1.,0.,0.));
#10255=DIRECTION('',(0.,0.,1.));
#10256=DIRECTION('',(1.,0.,0.));
#10257=DIRECTION('',(0.,0.,1.));
#10258=DIRECTION('',(1.,0.,0.));
#10259=DIRECTION('',(0.,0.,1.));
#10260=DIRECTION('',(1.,0.,0.));
#10261=DIRECTION('',(0.365341024366395,0.930873748644204,0.));
#10262=DIRECTION('',(0.,0.,1.));
#10263=DIRECTION('',(1.,0.,0.));
#10264=DIRECTION('',(0.,0.,1.));
#10265=DIRECTION('',(1.,0.,0.));
#10266=DIRECTION('',(0.623489801858734,0.78183148246803,0.));
#10267=DIRECTION('',(0.,0.,1.));
#10268=DIRECTION('',(1.,0.,0.));
#10269=DIRECTION('',(0.,0.,1.));
#10270=DIRECTION('',(1.,0.,0.));
#10271=DIRECTION('',(0.826238774315995,0.563320058063622,0.));
#10272=DIRECTION('',(0.,0.,1.));
#10273=DIRECTION('',(1.,0.,0.));
#10274=DIRECTION('',(0.,0.,1.));
#10275=DIRECTION('',(1.,0.,0.));
#10276=DIRECTION('',(0.955572805786141,0.294755174410904,0.));
#10277=DIRECTION('',(0.,0.,1.));
#10278=DIRECTION('',(1.,0.,0.));
#10279=DIRECTION('',(0.,0.,1.));
#10280=DIRECTION('',(1.,0.,0.));
#10281=DIRECTION('',(1.,0.,0.));
#10282=DIRECTION('',(0.,0.,1.));
#10283=DIRECTION('',(1.,0.,0.));
#10284=DIRECTION('',(0.,0.,1.));
#10285=DIRECTION('',(1.,0.,0.));
#10286=DIRECTION('',(0.955572805786141,-0.294755174410904,0.));
#10287=DIRECTION('',(0.,0.,1.));
#10288=DIRECTION('',(1.,0.,0.));
#10289=DIRECTION('',(0.,0.,1.));
#10290=DIRECTION('',(1.,0.,0.));
#10291=DIRECTION('',(0.826238774315995,-0.563320058063622,0.));
#10292=DIRECTION('',(0.,0.,1.));
#10293=DIRECTION('',(1.,0.,0.));
#10294=DIRECTION('',(0.,0.,1.));
#10295=DIRECTION('',(1.,0.,0.));
#10296=DIRECTION('',(0.623489801858733,-0.78183148246803,0.));
#10297=DIRECTION('',(0.,0.,1.));
#10298=DIRECTION('',(1.,0.,0.));
#10299=DIRECTION('',(0.,0.,1.));
#10300=DIRECTION('',(1.,0.,0.));
#10301=DIRECTION('',(0.365341024366396,-0.930873748644204,0.));
#10302=DIRECTION('',(0.,0.,1.));
#10303=DIRECTION('',(1.,0.,0.));
#10304=DIRECTION('',(0.,0.,1.));
#10305=DIRECTION('',(1.,0.,0.));
#10306=DIRECTION('',(0.0747300935864244,-0.99720379718118,0.));
#10307=DIRECTION('',(0.,0.,1.));
#10308=DIRECTION('',(1.,0.,0.));
#10309=DIRECTION('',(0.,0.,1.));
#10310=DIRECTION('',(1.,0.,0.));
#10311=DIRECTION('',(-0.222520933956315,-0.974927912181824,0.));
#10312=DIRECTION('',(0.,0.,1.));
#10313=DIRECTION('',(1.,0.,0.));
#10314=DIRECTION('',(0.,0.,1.));
#10315=DIRECTION('',(1.,0.,0.));
#10316=DIRECTION('',(-0.5,-0.866025403784439,0.));
#10317=DIRECTION('',(0.,0.,1.));
#10318=DIRECTION('',(1.,0.,0.));
#10319=DIRECTION('',(0.,0.,1.));
#10320=DIRECTION('',(1.,0.,0.));
#10321=DIRECTION('',(-0.733051871829826,-0.68017273777092,0.));
#10322=DIRECTION('',(0.,0.,1.));
#10323=DIRECTION('',(1.,0.,0.));
#10324=DIRECTION('',(0.,0.,1.));
#10325=DIRECTION('',(1.,0.,0.));
#10326=DIRECTION('',(-0.900968867902419,-0.433883739117558,0.));
#10327=DIRECTION('',(0.,0.,1.));
#10328=DIRECTION('',(1.,0.,0.));
#10329=DIRECTION('',(0.,0.,1.));
#10330=DIRECTION('',(1.,0.,0.));
#10331=DIRECTION('',(-0.988830826225129,-0.149042266176174,0.));
#10332=DIRECTION('',(0.,0.,1.));
#10333=DIRECTION('',(1.,0.,0.));
#10334=DIRECTION('',(0.,0.,1.));
#10335=DIRECTION('',(1.,0.,0.));
#10336=DIRECTION('',(-0.988830826225129,0.149042266176174,0.));
#10337=DIRECTION('',(0.,0.,1.));
#10338=DIRECTION('',(1.,0.,0.));
#10339=DIRECTION('',(0.,0.,1.));
#10340=DIRECTION('',(1.,0.,0.));
#10341=DIRECTION('',(-0.900968867902419,0.433883739117559,0.));
#10342=DIRECTION('',(0.,0.,1.));
#10343=DIRECTION('',(1.,0.,0.));
#10344=DIRECTION('',(0.,0.,1.));
#10345=DIRECTION('',(1.,0.,0.));
#10346=DIRECTION('',(-0.733051871829827,0.68017273777092,0.));
#10347=DIRECTION('',(0.,0.,1.));
#10348=DIRECTION('',(1.,0.,0.));
#10349=DIRECTION('',(0.,0.,1.));
#10350=DIRECTION('',(1.,0.,0.));
#10351=DIRECTION('',(-0.5,0.866025403784439,0.));
#10352=DIRECTION('',(0.,0.,1.));
#10353=DIRECTION('',(1.,0.,0.));
#10354=DIRECTION('',(0.,0.,1.));
#10355=DIRECTION('',(1.,0.,0.));
#10356=DIRECTION('',(-0.222520933956315,0.974927912181824,0.));
#10357=DIRECTION('',(0.,0.,1.));
#10358=DIRECTION('',(1.,0.,0.));
#10359=DIRECTION('',(0.,0.,1.));
#10360=DIRECTION('',(1.,0.,0.));
#10361=DIRECTION('',(0.0747300935864242,0.99720379718118,0.));
#10362=DIRECTION('',(0.,0.,1.));
#10363=DIRECTION('',(1.,0.,0.));
#10364=DIRECTION('',(0.,0.,1.));
#10365=DIRECTION('',(1.,0.,0.));
#10366=DIRECTION('',(0.,0.,1.));
#10367=DIRECTION('',(1.,0.,0.));
#10368=DIRECTION('',(0.,0.,1.));
#10369=DIRECTION('',(1.,0.,0.));
#10370=DIRECTION('',(0.,0.,1.));
#10371=DIRECTION('',(1.,0.,0.));
#10372=DIRECTION('',(0.,0.,1.));
#10373=DIRECTION('',(1.,0.,0.));
#10374=DIRECTION('',(0.,0.,1.));
#10375=DIRECTION('',(1.,0.,0.));
#10376=DIRECTION('',(0.,0.,1.));
#10377=DIRECTION('',(1.,0.,0.));
#10378=DIRECTION('',(0.,0.,-1.));
#10379=DIRECTION('',(-1.,0.,0.));
#10380=DIRECTION('',(0.,0.,1.));
#10381=DIRECTION('',(1.,0.,0.));
#10382=DIRECTION('',(0.,0.,1.));
#10383=DIRECTION('',(1.,0.,0.));
#10384=DIRECTION('',(0.,0.,1.));
#10385=DIRECTION('',(1.,0.,0.));
#10386=DIRECTION('',(0.,0.,1.));
#10387=DIRECTION('',(1.,0.,0.));
#10388=DIRECTION('',(0.,0.,1.));
#10389=DIRECTION('',(1.,0.,0.));
#10390=DIRECTION('',(0.,0.,1.));
#10391=DIRECTION('',(1.,0.,0.));
#10392=DIRECTION('',(0.,0.,1.));
#10393=DIRECTION('',(1.,0.,0.));
#10394=DIRECTION('',(0.,0.,1.));
#10395=DIRECTION('',(1.,0.,0.));
#10396=DIRECTION('',(0.,0.,1.));
#10397=DIRECTION('',(1.,0.,0.));
#10398=DIRECTION('',(0.,0.,1.));
#10399=DIRECTION('',(1.,0.,0.));
#10400=DIRECTION('',(0.,0.,1.));
#10401=DIRECTION('',(1.,0.,0.));
#10402=DIRECTION('',(-0.985893877594607,-0.15903139932659,0.0521754362674255));
#10403=DIRECTION('',(0.051509602639153,0.00830884983934291,0.998637934313685));
#10404=DIRECTION('',(-0.0515096026391529,-0.00830884983934333,-0.998637934313685));
#10405=DIRECTION('',(0.159248305979769,-0.987238561363247,-1.72764470452399E-18));
#10406=DIRECTION('',(-0.051509602639153,-0.00830884983934291,-0.998637934313685));
#10407=DIRECTION('',(0.159248305979769,-0.987238561363247,-1.73236066865493E-18));
#10408=DIRECTION('',(0.,0.,1.));
#10409=DIRECTION('',(1.,0.,0.));
#10410=DIRECTION('',(0.01537897981697,-0.0498574280271798,-0.998637934313685));
#10411=DIRECTION('',(0.,0.,-1.));
#10412=DIRECTION('',(-1.,0.,0.));
#10413=DIRECTION('',(0.,0.,1.));
#10414=DIRECTION('',(1.,0.,0.));
#10415=DIRECTION('',(0.294353698501976,-0.954271252856604,0.0521754362674255));
#10416=DIRECTION('',(-0.01537897981697,0.0498574280271798,0.998637934313685));
#10417=DIRECTION('',(0.01537897981697,-0.0498574280271798,-0.998637934313685));
#10418=DIRECTION('',(-0.955572805786141,-0.294755174410904,0.));
#10419=DIRECTION('',(-0.955572805786141,-0.294755174410904,0.));
#10420=DIRECTION('',(0.,0.,1.));
#10421=DIRECTION('',(1.,0.,0.));
#10422=DIRECTION('',(0.0472397727240183,0.0221512984422874,-0.998637934313685));
#10423=DIRECTION('',(0.,0.,-1.));
#10424=DIRECTION('',(-1.,0.,0.));
#10425=DIRECTION('',(0.,0.,1.));
#10426=DIRECTION('',(1.,0.,0.));
#10427=DIRECTION('',(0.904169326132006,0.423975887913804,0.0521754362674255));
#10428=DIRECTION('',(-0.0472397727240183,-0.0221512984422874,0.998637934313685));
#10429=DIRECTION('',(0.0472397727240183,0.0221512984422874,-0.998637934313685));
#10430=DIRECTION('',(0.424554158565168,-0.905402543869312,-3.47260591617471E-18));
#10431=DIRECTION('',(0.424554158565168,-0.905402543869312,-2.89631853319792E-18));
#10432=DIRECTION('',(0.,0.,1.));
#10433=DIRECTION('',(1.,0.,0.));
#10434=DIRECTION('',(-0.015378979816971,0.0498574280271795,-0.998637934313685));
#10435=DIRECTION('',(0.,0.,-1.));
#10436=DIRECTION('',(-1.,0.,0.));
#10437=DIRECTION('',(0.,0.,1.));
#10438=DIRECTION('',(1.,0.,0.));
#10439=DIRECTION('',(-0.294353698501993,0.954271252856599,0.0521754362674255));
#10440=DIRECTION('',(0.015378979816971,-0.0498574280271795,0.998637934313685));
#10441=DIRECTION('',(-0.0153789798169705,0.0498574280271797,-0.998637934313685));
#10442=DIRECTION('',(-0.955572805786135,-0.294755174410922,1.16867382867393E-18));
#10443=DIRECTION('',(-0.955572805786135,-0.294755174410922,1.74024524751978E-18));
#10444=DIRECTION('',(0.,0.,1.));
#10445=DIRECTION('',(1.,0.,0.));
#10446=DIRECTION('',(0.,0.,-1.));
#10447=DIRECTION('',(-1.,0.,0.));
#10448=DIRECTION('',(0.,0.,1.));
#10449=DIRECTION('',(1.,0.,0.));
#10450=DIRECTION('',(0.951179857403368,0.304195007717767,0.0521754362674255));
#10451=DIRECTION('',(-0.0496959131268285,-0.0158931547587916,0.998637934313685));
#10452=DIRECTION('',(0.0496959131268284,0.0158931547587918,-0.998637934313685));
#10453=DIRECTION('',(-0.304609906419011,0.952477193906185,1.73235424520202E-18));
#10454=DIRECTION('',(0.0496959131268285,0.0158931547587916,-0.998637934313685));
#10455=DIRECTION('',(-0.304609906419011,0.952477193906185,1.73707020933297E-18));
#10456=DIRECTION('',(0.,0.,1.));
#10457=DIRECTION('',(1.,0.,0.));
#10458=DIRECTION('',(-0.0226380733778004,0.0470084437461772,-0.998637934313685));
#10459=DIRECTION('',(0.,0.,-1.));
#10460=DIRECTION('',(-1.,0.,0.));
#10461=DIRECTION('',(0.,0.,1.));
#10462=DIRECTION('',(1.,0.,0.));
#10463=DIRECTION('',(-0.433292760964656,0.899741689123011,0.0521754362674255));
#10464=DIRECTION('',(0.0226380733778004,-0.0470084437461772,0.998637934313685));
#10465=DIRECTION('',(-0.0226380733778003,0.0470084437461773,-0.998637934313685));
#10466=DIRECTION('',(0.900968867902419,0.433883739117558,9.41908135605994E-21));
#10467=DIRECTION('',(0.900968867902419,0.433883739117558,9.41908135606017E-21));
#10468=DIRECTION('',(0.,0.,1.));
#10469=DIRECTION('',(1.,0.,0.));
#10470=DIRECTION('',(-0.043410663774795,-0.0289446095210815,-0.998637934313685));
#10471=DIRECTION('',(0.,0.,-1.));
#10472=DIRECTION('',(-1.,0.,0.));
#10473=DIRECTION('',(0.,0.,1.));
#10474=DIRECTION('',(1.,0.,0.));
#10475=DIRECTION('',(-0.8308801746678,-0.553999872919038,0.0521754362674255));
#10476=DIRECTION('',(0.043410663774795,0.0289446095210815,0.998637934313685));
#10477=DIRECTION('',(-0.043410663774795,-0.0289446095210815,-0.998637934313685));
#10478=DIRECTION('',(-0.554755486331265,0.832013431613554,-3.44741767708896E-18));
#10479=DIRECTION('',(-0.554755486331265,0.832013431613554,-5.49551794493992E-19));
#10480=DIRECTION('',(0.,0.,1.));
#10481=DIRECTION('',(1.,0.,0.));
#10482=DIRECTION('',(0.0226380733778013,-0.0470084437461768,-0.998637934313685));
#10483=DIRECTION('',(0.,0.,-1.));
#10484=DIRECTION('',(-1.,0.,0.));
#10485=DIRECTION('',(0.,0.,1.));
#10486=DIRECTION('',(1.,0.,0.));
#10487=DIRECTION('',(0.433292760964673,-0.899741689123004,0.0521754362674255));
#10488=DIRECTION('',(-0.0226380733778013,0.0470084437461768,0.998637934313685));
#10489=DIRECTION('',(0.0226380733778008,-0.047008443746177,-0.998637934313685));
#10490=DIRECTION('',(0.900968867902411,0.433883739117574,3.45528940904796E-18));
#10491=DIRECTION('',(0.900968867902411,0.433883739117574,3.46472133730987E-18));
#10492=DIRECTION('',(0.,0.,1.));
#10493=DIRECTION('',(1.,0.,0.));
#10494=DIRECTION('',(0.,0.,-1.));
#10495=DIRECTION('',(-1.,0.,0.));
#10496=DIRECTION('',(0.,0.,1.));
#10497=DIRECTION('',(1.,0.,0.));
#10498=DIRECTION('',(0.819258552591421,0.571045661796072,0.0521754362674255));
#10499=DIRECTION('',(-0.0428034735398407,-0.0298351940268593,0.998637934313685));
#10500=DIRECTION('',(0.0428034735398407,0.0298351940268594,-0.998637934313685));
#10501=DIRECTION('',(-0.571824524359295,0.820375958534419,0.));
#10502=DIRECTION('',(0.0428034735398407,0.0298351940268593,-0.998637934313685));
#10503=DIRECTION('',(-0.571824524359295,0.820375958534419,0.));
#10504=DIRECTION('',(0.,0.,1.));
#10505=DIRECTION('',(1.,0.,0.));
#10506=DIRECTION('',(-0.0354883093304069,0.0382473012193741,-0.998637934313685));
#10507=DIRECTION('',(0.,0.,-1.));
#10508=DIRECTION('',(-1.,0.,0.));
#10509=DIRECTION('',(0.,0.,1.));
#10510=DIRECTION('',(1.,0.,0.));
#10511=DIRECTION('',(-0.679246297824035,0.732053407028918,0.0521754362674255));
#10512=DIRECTION('',(0.0354883093304069,-0.0382473012193741,0.998637934313685));
#10513=DIRECTION('',(-0.0354883093304069,0.0382473012193741,-0.998637934313685));
#10514=DIRECTION('',(0.733051871829826,0.68017273777092,-9.41908135605994E-21));
#10515=DIRECTION('',(0.733051871829826,0.68017273777092,-9.41908135606017E-21));
#10516=DIRECTION('',(0.,0.,1.));
#10517=DIRECTION('',(1.,0.,0.));
#10518=DIRECTION('',(-0.0329504763566777,-0.040454199504677,-0.998637934313685));
#10519=DIRECTION('',(0.,0.,-1.));
#10520=DIRECTION('',(-1.,0.,0.));
#10521=DIRECTION('',(0.,0.,1.));
#10522=DIRECTION('',(1.,0.,0.));
#10523=DIRECTION('',(-0.630672170613518,-0.774293443769181,0.0521754362674255));
#10524=DIRECTION('',(0.0329504763566777,0.040454199504677,0.998637934313685));
#10525=DIRECTION('',(-0.0329504763566778,-0.040454199504677,-0.998637934313685));
#10526=DIRECTION('',(-0.77534952074629,0.631532359169741,6.93097717711095E-18));
#10527=DIRECTION('',(-0.77534952074629,0.631532359169741,4.02367936625407E-18));
#10528=DIRECTION('',(0.,0.,1.));
#10529=DIRECTION('',(1.,0.,0.));
#10530=DIRECTION('',(0.0354883093304076,-0.0382473012193734,-0.998637934313685));
#10531=DIRECTION('',(0.,0.,-1.));
#10532=DIRECTION('',(-1.,0.,0.));
#10533=DIRECTION('',(0.,0.,1.));
#10534=DIRECTION('',(1.,0.,0.));
#10535=DIRECTION('',(0.679246297824048,-0.732053407028906,0.0521754362674255));
#10536=DIRECTION('',(-0.0354883093304076,0.0382473012193734,0.998637934313685));
#10537=DIRECTION('',(0.0354883093304073,-0.0382473012193738,-0.998637934313685));
#10538=DIRECTION('',(0.733051871829814,0.680172737770933,-5.58970875850053E-19));
#10539=DIRECTION('',(0.733051871829814,0.680172737770933,-3.45683675844502E-18));
#10540=DIRECTION('',(0.,0.,1.));
#10541=DIRECTION('',(1.,0.,0.));
#10542=DIRECTION('',(0.,0.,-1.));
#10543=DIRECTION('',(-1.,0.,0.));
#10544=DIRECTION('',(0.,0.,1.));
#10545=DIRECTION('',(1.,0.,0.));
#10546=DIRECTION('',(0.998584657700974,0.0103152922659342,0.0521754362674255));
#10547=DIRECTION('',(-0.0521726527455749,-0.000538938944444362,0.998637934313685));
#10548=DIRECTION('',(0.0521726527455749,0.000538938944444654,-0.998637934313685));
#10549=DIRECTION('',(-0.0103293615348423,0.999946650722069,9.05099541624348E-20));
#10550=DIRECTION('',(0.0521726527455749,0.000538938944444362,-0.998637934313685));
#10551=DIRECTION('',(-0.0103293615348423,0.999946650722069,2.46393089526498E-22));
#10552=DIRECTION('',(0.,0.,1.));
#10553=DIRECTION('',(1.,0.,0.));
#10554=DIRECTION('',(-0.00777634526002767,0.0515926797529749,-0.998637934313685));
#10555=DIRECTION('',(0.,0.,-1.));
#10556=DIRECTION('',(-1.,0.,0.));
#10557=DIRECTION('',(0.,0.,1.));
#10558=DIRECTION('',(1.,0.,0.));
#10559=DIRECTION('',(-0.148839260819605,0.987483973687157,0.0521754362674255));
#10560=DIRECTION('',(0.00777634526002766,-0.0515926797529749,0.998637934313685));
#10561=DIRECTION('',(-0.00777634526002766,0.0515926797529749,-0.998637934313685));
#10562=DIRECTION('',(0.988830826225129,0.149042266176174,-8.66180334327467E-19));
#10563=DIRECTION('',(0.988830826225129,0.149042266176174,-8.63822352261991E-19));
#10564=DIRECTION('',(0.,0.,1.));
#10565=DIRECTION('',(1.,0.,0.));
#10566=DIRECTION('',(-0.0500136232119616,-0.0148631639602113,-0.998637934313685));
#10567=DIRECTION('',(0.,0.,-1.));
#10568=DIRECTION('',(-1.,0.,0.));
#10569=DIRECTION('',(0.,0.,1.));
#10570=DIRECTION('',(1.,0.,0.));
#10571=DIRECTION('',(-0.957260828945258,-0.284480982171641,0.0521754362674255));
#10572=DIRECTION('',(0.0500136232119615,0.0148631639602113,0.998637934313685));
#10573=DIRECTION('',(-0.0500136232119616,-0.0148631639602112,-0.998637934313685));
#10574=DIRECTION('',(-0.284868992451354,0.958566459427697,3.17503818681719E-21));
#10575=DIRECTION('',(-0.284868992451354,0.958566459427697,-5.63680416528082E-19));
#10576=DIRECTION('',(0.,0.,1.));
#10577=DIRECTION('',(1.,0.,0.));
#10578=DIRECTION('',(0.0077763452600286,-0.0515926797529748,-0.998637934313685));
#10579=DIRECTION('',(0.,0.,-1.));
#10580=DIRECTION('',(-1.,0.,0.));
#10581=DIRECTION('',(0.,0.,1.));
#10582=DIRECTION('',(1.,0.,0.));
#10583=DIRECTION('',(0.148839260819623,-0.987483973687154,0.0521754362674255));
#10584=DIRECTION('',(-0.0077763452600286,0.0515926797529748,0.998637934313685));
#10585=DIRECTION('',(0.00777634526002812,-0.0515926797529748,-0.998637934313685));
#10586=DIRECTION('',(0.988830826225126,0.149042266176192,1.14566256052603E-18));
#10587=DIRECTION('',(0.988830826225126,0.149042266176192,1.73077314956152E-18));
#10588=DIRECTION('',(0.,0.,1.));
#10589=DIRECTION('',(1.,0.,0.));
#10590=DIRECTION('',(0.,0.,-1.));
#10591=DIRECTION('',(-1.,0.,0.));
#10592=DIRECTION('',(0.,0.,1.));
#10593=DIRECTION('',(1.,0.,0.));
#10594=DIRECTION('',(0.374426176540991,-0.92578764420962,0.0521754362674255));
#10595=DIRECTION('',(-0.0195624945134859,0.0483692563319514,0.998637934313685));
#10596=DIRECTION('',(0.0195624945134859,-0.0483692563319514,-0.998637934313685));
#10597=DIRECTION('',(0.927050347677679,0.374936865179587,-2.90573761455397E-18));
#10598=DIRECTION('',(0.0195624945134859,-0.0483692563319514,-0.998637934313685));
#10599=DIRECTION('',(0.927050347677679,0.374936865179587,-3.48202499753078E-18));
#10600=DIRECTION('',(0.,0.,1.));
#10601=DIRECTION('',(1.,0.,0.));
#10602=DIRECTION('',(0.0451852532611264,0.0260877181337128,-0.998637934313685));
#10603=DIRECTION('',(0.,0.,-1.));
#10604=DIRECTION('',(-1.,0.,0.));
#10605=DIRECTION('',(0.,0.,1.));
#10606=DIRECTION('',(1.,0.,0.));
#10607=DIRECTION('',(0.864845820298467,0.499318967156843,0.0521754362674255));
#10608=DIRECTION('',(-0.0451852532611264,-0.0260877181337128,0.998637934313685));
#10609=DIRECTION('',(0.0451852532611264,0.0260877181337128,-0.998637934313685));
#10610=DIRECTION('',(0.5,-0.866025403784439,3.48355950002199E-18));
#10611=DIRECTION('',(0.5,-0.866025403784439,3.47412757176008E-18));
#10612=DIRECTION('',(0.,0.,1.));
#10613=DIRECTION('',(1.,0.,0.));
#10614=DIRECTION('',(-0.0321077574888883,0.0411262453760481,-0.998637934313685));
#10615=DIRECTION('',(0.,0.,-1.));
#10616=DIRECTION('',(-1.,0.,0.));
#10617=DIRECTION('',(0.,0.,1.));
#10618=DIRECTION('',(1.,0.,0.));
#10619=DIRECTION('',(-0.614542530124786,0.787156402831185,0.0521754362674255));
#10620=DIRECTION('',(0.0321077574888883,-0.0411262453760481,0.998637934313685));
#10621=DIRECTION('',(-0.0321077574888883,0.0411262453760481,-0.998637934313685));
#10622=DIRECTION('',(0.788230023899662,0.615380719086273,-6.95463091370549E-18));
#10623=DIRECTION('',(0.788230023899662,0.615380719086273,-5.80205614775189E-18));
#10624=DIRECTION('',(0.,0.,1.));
#10625=DIRECTION('',(1.,0.,0.));
#10626=DIRECTION('',(-0.045185253261126,-0.0260877181337136,-0.998637934313685));
#10627=DIRECTION('',(0.,0.,-1.));
#10628=DIRECTION('',(-1.,0.,0.));
#10629=DIRECTION('',(0.,0.,1.));
#10630=DIRECTION('',(1.,0.,0.));
#10631=DIRECTION('',(-0.864845820298458,-0.499318967156859,0.0521754362674255));
#10632=DIRECTION('',(0.045185253261126,0.0260877181337136,0.998637934313685));
#10633=DIRECTION('',(-0.0451852532611262,-0.0260877181337132,-0.998637934313685));
#10634=DIRECTION('',(0.500000000000016,-0.866025403784429,-5.68389957206112E-19));
#10635=DIRECTION('',(0.500000000000016,-0.866025403784429,-3.46625583980108E-18));
#10636=DIRECTION('',(0.,0.,1.));
#10637=DIRECTION('',(1.,0.,0.));
#10638=DIRECTION('',(0.,0.,-1.));
#10639=DIRECTION('',(-1.,0.,0.));
#10640=DIRECTION('',(0.,0.,1.));
#10641=DIRECTION('',(1.,0.,0.));
#10642=DIRECTION('',(0.630672170613518,-0.774293443769181,0.0521754362674255));
#10643=DIRECTION('',(-0.0329504763566777,0.040454199504677,0.998637934313685));
#10644=DIRECTION('',(0.0329504763566777,-0.040454199504677,-0.998637934313685));
#10645=DIRECTION('',(0.77534952074629,0.631532359169741,-2.90573761455397E-18));
#10646=DIRECTION('',(0.0329504763566777,-0.040454199504677,-0.998637934313685));
#10647=DIRECTION('',(0.77534952074629,0.631532359169741,-1.73036602209075E-20));
#10648=DIRECTION('',(0.,0.,1.));
#10649=DIRECTION('',(1.,0.,0.));
#10650=DIRECTION('',(0.0354883093304069,0.0382473012193741,-0.998637934313685));
#10651=DIRECTION('',(0.,0.,-1.));
#10652=DIRECTION('',(-1.,0.,0.));
#10653=DIRECTION('',(0.,0.,1.));
#10654=DIRECTION('',(1.,0.,0.));
#10655=DIRECTION('',(0.679246297824035,0.732053407028918,0.0521754362674255));
#10656=DIRECTION('',(-0.0354883093304069,-0.0382473012193741,0.998637934313685));
#10657=DIRECTION('',(0.0354883093304069,0.0382473012193741,-0.998637934313685));
#10658=DIRECTION('',(0.733051871829827,-0.68017273777092,1.73036602209075E-20));
#10659=DIRECTION('',(0.733051871829827,-0.68017273777092,2.90573761455397E-18));
#10660=DIRECTION('',(0.,0.,1.));
#10661=DIRECTION('',(1.,0.,0.));
#10662=DIRECTION('',(-0.0428034735398407,0.0298351940268593,-0.998637934313685));
#10663=DIRECTION('',(0.,0.,-1.));
#10664=DIRECTION('',(-1.,0.,0.));
#10665=DIRECTION('',(0.,0.,1.));
#10666=DIRECTION('',(1.,0.,0.));
#10667=DIRECTION('',(-0.819258552591421,0.571045661796072,0.0521754362674255));
#10668=DIRECTION('',(0.0428034735398407,-0.0298351940268594,0.998637934313685));
#10669=DIRECTION('',(-0.0428034735398407,0.0298351940268594,-0.998637934313685));
#10670=DIRECTION('',(0.571824524359295,0.820375958534419,0.));
#10671=DIRECTION('',(0.571824524359295,0.820375958534419,0.));
#10672=DIRECTION('',(0.,0.,1.));
#10673=DIRECTION('',(1.,0.,0.));
#10674=DIRECTION('',(-0.0354883093304062,-0.0382473012193748,-0.998637934313685));
#10675=DIRECTION('',(0.,0.,-1.));
#10676=DIRECTION('',(-1.,0.,0.));
#10677=DIRECTION('',(0.,0.,1.));
#10678=DIRECTION('',(1.,0.,0.));
#10679=DIRECTION('',(-0.679246297824022,-0.73205340702893,0.0521754362674255));
#10680=DIRECTION('',(0.0354883093304062,0.0382473012193748,0.998637934313685));
#10681=DIRECTION('',(-0.0354883093304066,-0.0382473012193744,-0.998637934313685));
#10682=DIRECTION('',(0.733051871829839,-0.680172737770906,3.45528940904796E-18));
#10683=DIRECTION('',(0.733051871829839,-0.680172737770906,3.46472133730987E-18));
#10684=DIRECTION('',(0.,0.,1.));
#10685=DIRECTION('',(1.,0.,0.));
#10686=DIRECTION('',(0.,0.,-1.));
#10687=DIRECTION('',(-1.,0.,0.));
#10688=DIRECTION('',(0.,0.,1.));
#10689=DIRECTION('',(1.,0.,0.));
#10690=DIRECTION('',(0.0849107735405844,-0.995021549709876,0.0521754362674255));
#10691=DIRECTION('',(-0.00443629918417755,0.0519864924691467,0.998637934313685));
#10692=DIRECTION('',(0.00443629918417734,-0.0519864924691467,-0.998637934313685));
#10693=DIRECTION('',(0.996378682924463,0.0850265853348936,-7.24079633299478E-19));
#10694=DIRECTION('',(0.00443629918417755,-0.0519864924691467,-0.998637934313685));
#10695=DIRECTION('',(0.996378682924463,0.0850265853348936,-8.68151479043679E-19));
#10696=DIRECTION('',(0.,0.,1.));
#10697=DIRECTION('',(1.,0.,0.));
#10698=DIRECTION('',(0.050867289147377,0.0116101268078057,-0.998637934313685));
#10699=DIRECTION('',(0.,0.,-1.));
#10700=DIRECTION('',(-1.,0.,0.));
#10701=DIRECTION('',(0.,0.,1.));
#10702=DIRECTION('',(1.,0.,0.));
#10703=DIRECTION('',(0.97359999632601,0.222217845827686,0.0521754362674255));
#10704=DIRECTION('',(-0.050867289147377,-0.0116101268078057,0.998637934313685));
#10705=DIRECTION('',(0.050867289147377,0.0116101268078057,-0.998637934313685));
#10706=DIRECTION('',(0.222520933956315,-0.974927912181824,4.70954067802997E-21));
#10707=DIRECTION('',(0.222520933956315,-0.974927912181824,4.70954067803008E-21));
#10708=DIRECTION('',(0.,0.,1.));
#10709=DIRECTION('',(1.,0.,0.));
#10710=DIRECTION('',(-0.0185591262824753,0.0487630493440199,-0.998637934313685));
#10711=DIRECTION('',(0.,0.,-1.));
#10712=DIRECTION('',(-1.,0.,0.));
#10713=DIRECTION('',(0.,0.,1.));
#10714=DIRECTION('',(1.,0.,0.));
#10715=DIRECTION('',(-0.355221706981089,0.933324843095771,0.0521754362674255));
#10716=DIRECTION('',(0.0185591262824753,-0.0487630493440199,0.998637934313685));
#10717=DIRECTION('',(-0.0185591262824751,0.0487630493440199,-0.998637934313685));
#10718=DIRECTION('',(0.934597826726059,0.355706202193506,3.47414041866593E-18));
#10719=DIRECTION('',(0.934597826726059,0.355706202193506,3.46470849040403E-18));
#10720=DIRECTION('',(0.,0.,1.));
#10721=DIRECTION('',(1.,0.,0.));
#10722=DIRECTION('',(-0.0508672891473768,-0.0116101268078066,-0.998637934313685));
#10723=DIRECTION('',(0.,0.,-1.));
#10724=DIRECTION('',(-1.,0.,0.));
#10725=DIRECTION('',(0.,0.,1.));
#10726=DIRECTION('',(1.,0.,0.));
#10727=DIRECTION('',(-0.973599996326006,-0.222217845827703,0.0521754362674255));
#10728=DIRECTION('',(0.0508672891473768,0.0116101268078066,0.998637934313685));
#10729=DIRECTION('',(-0.0508672891473769,-0.0116101268078061,-0.998637934313685));
#10730=DIRECTION('',(0.222520933956332,-0.97492791218182,-1.45286880727699E-18));
#10731=DIRECTION('',(0.222520933956332,-0.97492791218182,-1.74101249876539E-18));
#10732=DIRECTION('',(0.,0.,1.));
#10733=DIRECTION('',(1.,0.,0.));
#10734=DIRECTION('',(0.,0.,-1.));
#10735=DIRECTION('',(-1.,0.,0.));
#10736=DIRECTION('',(0.,0.,1.));
#10737=DIRECTION('',(1.,0.,0.));
#10738=DIRECTION('',(0.957260828945258,-0.284480982171641,0.0521754362674255));
#10739=DIRECTION('',(-0.0500136232119615,0.0148631639602113,0.998637934313685));
#10740=DIRECTION('',(0.0500136232119616,-0.0148631639602112,-0.998637934313685));
#10741=DIRECTION('',(0.284868992451354,0.958566459427697,-5.63680416528082E-19));
#10742=DIRECTION('',(0.0500136232119616,-0.0148631639602113,-0.998637934313685));
#10743=DIRECTION('',(0.284868992451354,0.958566459427697,3.17503818681719E-21));
#10744=DIRECTION('',(0.,0.,1.));
#10745=DIRECTION('',(1.,0.,0.));
#10746=DIRECTION('',(0.00777634526002766,0.0515926797529749,-0.998637934313685));
#10747=DIRECTION('',(0.,0.,-1.));
#10748=DIRECTION('',(-1.,0.,0.));
#10749=DIRECTION('',(0.,0.,1.));
#10750=DIRECTION('',(1.,0.,0.));
#10751=DIRECTION('',(0.148839260819605,0.987483973687157,0.0521754362674255));
#10752=DIRECTION('',(-0.00777634526002766,-0.0515926797529749,0.998637934313685));
#10753=DIRECTION('',(0.0077763452600277,0.0515926797529749,-0.998637934313685));
#10754=DIRECTION('',(0.988830826225129,-0.149042266176174,8.68535104666482E-19));
#10755=DIRECTION('',(0.988830826225129,-0.149042266176174,8.66177122601006E-19));
#10756=DIRECTION('',(0.,0.,1.));
#10757=DIRECTION('',(1.,0.,0.));
#10758=DIRECTION('',(-0.0521726527455749,0.000538938944444365,-0.998637934313685));
#10759=DIRECTION('',(0.,0.,-1.));
#10760=DIRECTION('',(-1.,0.,0.));
#10761=DIRECTION('',(0.,0.,1.));
#10762=DIRECTION('',(1.,0.,0.));
#10763=DIRECTION('',(-0.998584657700974,0.0103152922659342,0.0521754362674255));
#10764=DIRECTION('',(0.0521726527455749,-0.000538938944444365,0.998637934313685));
#10765=DIRECTION('',(-0.0521726527455749,0.000538938944444363,-0.998637934313685));
#10766=DIRECTION('',(0.0103293615348424,0.999946650722069,1.0851893488046E-19));
#10767=DIRECTION('',(0.0103293615348424,0.999946650722069,9.05099541624348E-20));
#10768=DIRECTION('',(0.,0.,1.));
#10769=DIRECTION('',(1.,0.,0.));
#10770=DIRECTION('',(-0.00777634526002672,-0.0515926797529751,-0.998637934313685));
#10771=DIRECTION('',(0.,0.,-1.));
#10772=DIRECTION('',(-1.,0.,0.));
#10773=DIRECTION('',(0.,0.,1.));
#10774=DIRECTION('',(1.,0.,0.));
#10775=DIRECTION('',(-0.148839260819587,-0.98748397368716,0.0521754362674255));
#10776=DIRECTION('',(0.00777634526002672,0.0515926797529751,0.998637934313685));
#10777=DIRECTION('',(-0.0077763452600272,-0.051592679752975,-0.998637934313685));
#10778=DIRECTION('',(0.988830826225131,-0.149042266176156,-5.81982143997951E-19));
#10779=DIRECTION('',(0.988830826225131,-0.149042266176156,-1.5875190934086E-21));
#10780=DIRECTION('',(0.,0.,1.));
#10781=DIRECTION('',(1.,0.,0.));
#10782=DIRECTION('',(0.,0.,-1.));
#10783=DIRECTION('',(-1.,0.,0.));
#10784=DIRECTION('',(0.,0.,1.));
#10785=DIRECTION('',(1.,0.,0.));
#10786=DIRECTION('',(0.8308801746678,-0.553999872919038,0.0521754362674255));
#10787=DIRECTION('',(-0.043410663774795,0.0289446095210816,0.998637934313685));
#10788=DIRECTION('',(0.043410663774795,-0.0289446095210815,-0.998637934313685));
#10789=DIRECTION('',(0.554755486331265,0.832013431613554,-4.02367936625408E-18));
#10790=DIRECTION('',(0.043410663774795,-0.0289446095210816,-0.998637934313685));
#10791=DIRECTION('',(0.554755486331265,0.832013431613554,-6.93097717711095E-18));
#10792=DIRECTION('',(0.,0.,1.));
#10793=DIRECTION('',(1.,0.,0.));
#10794=DIRECTION('',(0.0226380733778004,0.0470084437461772,-0.998637934313685));
#10795=DIRECTION('',(0.,0.,-1.));
#10796=DIRECTION('',(-1.,0.,0.));
#10797=DIRECTION('',(0.,0.,1.));
#10798=DIRECTION('',(1.,0.,0.));
#10799=DIRECTION('',(0.433292760964657,0.899741689123011,0.0521754362674255));
#10800=DIRECTION('',(-0.0226380733778004,-0.0470084437461772,0.998637934313685));
#10801=DIRECTION('',(0.0226380733778002,0.0470084437461773,-0.998637934313685));
#10802=DIRECTION('',(0.900968867902419,-0.433883739117559,3.47414041866593E-18));
#10803=DIRECTION('',(0.900968867902419,-0.433883739117559,3.46470849040403E-18));
#10804=DIRECTION('',(0.,0.,1.));
#10805=DIRECTION('',(1.,0.,0.));
#10806=DIRECTION('',(-0.0496959131268285,0.0158931547587916,-0.998637934313685));
#10807=DIRECTION('',(0.,0.,-1.));
#10808=DIRECTION('',(-1.,0.,0.));
#10809=DIRECTION('',(0.,0.,1.));
#10810=DIRECTION('',(1.,0.,0.));
#10811=DIRECTION('',(-0.951179857403368,0.304195007717767,0.0521754362674255));
#10812=DIRECTION('',(0.0496959131268285,-0.0158931547587916,0.998637934313685));
#10813=DIRECTION('',(-0.0496959131268285,0.0158931547587917,-0.998637934313685));
#10814=DIRECTION('',(0.304609906419012,0.952477193906185,0.));
#10815=DIRECTION('',(0.304609906419012,0.952477193906185,0.));
#10816=DIRECTION('',(0.,0.,1.));
#10817=DIRECTION('',(1.,0.,0.));
#10818=DIRECTION('',(-0.0226380733777996,-0.0470084437461776,-0.998637934313685));
#10819=DIRECTION('',(0.,0.,-1.));
#10820=DIRECTION('',(-1.,0.,0.));
#10821=DIRECTION('',(0.,0.,1.));
#10822=DIRECTION('',(1.,0.,0.));
#10823=DIRECTION('',(-0.43329276096464,-0.899741689123019,0.0521754362674255));
#10824=DIRECTION('',(0.0226380733777996,0.0470084437461776,0.998637934313685));
#10825=DIRECTION('',(-0.0226380733778,-0.0470084437461774,-0.998637934313685));
#10826=DIRECTION('',(0.900968867902427,-0.433883739117542,3.46470849040403E-18));
#10827=DIRECTION('',(0.900968867902427,-0.433883739117542,3.47414041866593E-18));
#10828=DIRECTION('',(0.,0.,1.));
#10829=DIRECTION('',(1.,0.,0.));
#10830=DIRECTION('',(0.,0.,-1.));
#10831=DIRECTION('',(-1.,0.,0.));
#10832=DIRECTION('',(0.,0.,1.));
#10833=DIRECTION('',(1.,0.,0.));
#10834=DIRECTION('',(-0.724998171926818,-0.686771704828523,0.0521754362674255));
#10835=DIRECTION('',(0.0378786891761372,0.0358814862567561,0.998637934313685));
#10836=DIRECTION('',(-0.0378786891761371,-0.0358814862567561,-0.998637934313685));
#10837=DIRECTION('',(0.687708408854414,-0.725987013927199,-3.46470849040403E-18));
#10838=DIRECTION('',(-0.0378786891761372,-0.0358814862567561,-0.998637934313685));
#10839=DIRECTION('',(0.687708408854414,-0.725987013927199,-3.47414041866593E-18));
#10840=DIRECTION('',(0.,0.,1.));
#10841=DIRECTION('',(1.,0.,0.));
#10842=DIRECTION('',(0.0407923986853775,-0.0325308524202701,-0.998637934313685));
#10843=DIRECTION('',(0.,0.,-1.));
#10844=DIRECTION('',(-1.,0.,0.));
#10845=DIRECTION('',(0.,0.,1.));
#10846=DIRECTION('',(1.,0.,0.));
#10847=DIRECTION('',(0.780766576633279,-0.622640567793855,0.0521754362674255));
#10848=DIRECTION('',(-0.0407923986853775,0.0325308524202701,0.998637934313685));
#10849=DIRECTION('',(0.0407923986853775,-0.0325308524202701,-0.998637934313685));
#10850=DIRECTION('',(-0.623489801858734,-0.78183148246803,-3.47567492115714E-18));
#10851=DIRECTION('',(-0.623489801858734,-0.78183148246803,-5.77809038562173E-19));
#10852=DIRECTION('',(0.,0.,1.));
#10853=DIRECTION('',(1.,0.,0.));
#10854=DIRECTION('',(0.0265530611897651,0.0449133731882696,-0.998637934313685));
#10855=DIRECTION('',(0.,0.,-1.));
#10856=DIRECTION('',(-1.,0.,0.));
#10857=DIRECTION('',(0.,0.,1.));
#10858=DIRECTION('',(1.,0.,0.));
#10859=DIRECTION('',(0.508225634000248,0.859642035265465,0.0521754362674255));
#10860=DIRECTION('',(-0.0265530611897651,-0.0449133731882696,0.998637934313685));
#10861=DIRECTION('',(0.0265530611897652,0.0449133731882696,-0.998637934313685));
#10862=DIRECTION('',(0.860814521187055,-0.508918814855082,-6.93097717711095E-18));
#10863=DIRECTION('',(0.860814521187055,-0.508918814855082,-4.02367936625407E-18));
#10864=DIRECTION('',(0.,0.,1.));
#10865=DIRECTION('',(1.,0.,0.));
#10866=DIRECTION('',(-0.0407923986853781,0.0325308524202694,-0.998637934313685));
#10867=DIRECTION('',(0.,0.,-1.));
#10868=DIRECTION('',(-1.,0.,0.));
#10869=DIRECTION('',(0.,0.,1.));
#10870=DIRECTION('',(1.,0.,0.));
#10871=DIRECTION('',(-0.780766576633291,0.62264056779384,0.0521754362674255));
#10872=DIRECTION('',(0.0407923986853781,-0.0325308524202694,0.998637934313685));
#10873=DIRECTION('',(-0.0407923986853778,0.0325308524202697,-0.998637934313685));
#10874=DIRECTION('',(-0.623489801858719,-0.781831482468041,9.82573551400597E-18));
#10875=DIRECTION('',(-0.623489801858719,-0.781831482468041,6.95616541619671E-18));
#10876=DIRECTION('',(0.,0.,1.));
#10877=DIRECTION('',(1.,0.,0.));
#10878=DIRECTION('',(0.,0.,-1.));
#10879=DIRECTION('',(-1.,0.,0.));
#10880=DIRECTION('',(0.,0.,1.));
#10881=DIRECTION('',(1.,0.,0.));
#10882=DIRECTION('',(-0.895218050975138,-0.442563402303647,0.0521754362674255));
#10883=DIRECTION('',(0.0467720990352751,0.0231224328635765,0.998637934313685));
#10884=DIRECTION('',(-0.0467720990352752,-0.0231224328635764,-0.998637934313685));
#10885=DIRECTION('',(0.443167024901572,-0.896439059858443,-9.41908135606094E-21));
#10886=DIRECTION('',(-0.0467720990352751,-0.0231224328635765,-0.998637934313685));
#10887=DIRECTION('',(0.443167024901572,-0.896439059858443,-9.41908135606071E-21));
#10888=DIRECTION('',(0.,0.,1.));
#10889=DIRECTION('',(1.,0.,0.));
#10890=DIRECTION('',(0.029391469787661,-0.043109368511,-0.998637934313685));
#10891=DIRECTION('',(0.,0.,-1.));
#10892=DIRECTION('',(-1.,0.,0.));
#10893=DIRECTION('',(0.,0.,1.));
#10894=DIRECTION('',(1.,0.,0.));
#10895=DIRECTION('',(0.562552779142121,-0.825113382832796,0.0521754362674255));
#10896=DIRECTION('',(-0.029391469787661,0.043109368511,0.998637934313685));
#10897=DIRECTION('',(0.0293914697876611,-0.0431093685109999,-0.998637934313685));
#10898=DIRECTION('',(-0.826238774315995,-0.563320058063622,0.));
#10899=DIRECTION('',(-0.826238774315995,-0.563320058063622,0.));
#10900=DIRECTION('',(0.,0.,1.));
#10901=DIRECTION('',(1.,0.,0.));
#10902=DIRECTION('',(0.0386118323308053,0.0350913458527023,-0.998637934313685));
#10903=DIRECTION('',(0.,0.,-1.));
#10904=DIRECTION('',(-1.,0.,0.));
#10905=DIRECTION('',(0.,0.,1.));
#10906=DIRECTION('',(1.,0.,0.));
#10907=DIRECTION('',(0.739030533089673,0.671648416220493,0.0521754362674255));
#10908=DIRECTION('',(-0.0386118323308053,-0.0350913458527022,0.998637934313685));
#10909=DIRECTION('',(0.0386118323308054,0.0350913458527021,-0.998637934313685));
#10910=DIRECTION('',(0.672564493238567,-0.740038514156357,-6.94521183234943E-18));
#10911=DIRECTION('',(0.672564493238567,-0.740038514156357,-2.33734765734786E-18));
#10912=DIRECTION('',(0.,0.,1.));
#10913=DIRECTION('',(1.,0.,0.));
#10914=DIRECTION('',(-0.0293914697876617,0.0431093685109995,-0.998637934313685));
#10915=DIRECTION('',(0.,0.,-1.));
#10916=DIRECTION('',(-1.,0.,0.));
#10917=DIRECTION('',(0.,0.,1.));
#10918=DIRECTION('',(1.,0.,0.));
#10919=DIRECTION('',(-0.562552779142136,0.825113382832786,0.0521754362674255));
#10920=DIRECTION('',(0.0293914697876617,-0.0431093685109995,0.998637934313685));
#10921=DIRECTION('',(-0.0293914697876613,0.0431093685109998,-0.998637934313685));
#10922=DIRECTION('',(-0.826238774315985,-0.563320058063637,-4.03309844761014E-18));
#10923=DIRECTION('',(-0.826238774315985,-0.563320058063637,-6.94039625846701E-18));
#10924=DIRECTION('',(0.,0.,1.));
#10925=DIRECTION('',(1.,0.,0.));
#10926=DIRECTION('',(0.,0.,-1.));
#10927=DIRECTION('',(-1.,0.,0.));
#10928=DIRECTION('',(0.,0.,1.));
#10929=DIRECTION('',(1.,0.,0.));
#10930=DIRECTION('',(-0.212149324313694,-0.97584342393826,0.0521754362674255));
#10931=DIRECTION('',(0.0110840807960232,0.0509845006114938,0.998637934313685));
#10932=DIRECTION('',(-0.0110840807960234,-0.0509845006114938,-0.998637934313685));
#10933=DIRECTION('',(0.977174399657579,-0.212438679749828,1.72764470452399E-18));
#10934=DIRECTION('',(-0.0110840807960232,-0.0509845006114938,-0.998637934313685));
#10935=DIRECTION('',(0.977174399657579,-0.212438679749828,1.73236066865493E-18));
#10936=DIRECTION('',(0.,0.,1.));
#10937=DIRECTION('',(1.,0.,0.));
#10938=DIRECTION('',(0.0520295431654614,-0.00389907523517722,-0.998637934313685));
#10939=DIRECTION('',(0.,0.,-1.));
#10940=DIRECTION('',(-1.,0.,0.));
#10941=DIRECTION('',(0.,0.,1.));
#10942=DIRECTION('',(1.,0.,0.));
#10943=DIRECTION('',(0.995845540106777,-0.074628306290215,0.0521754362674255));
#10944=DIRECTION('',(-0.0520295431654614,0.00389907523517722,0.998637934313685));
#10945=DIRECTION('',(0.0520295431654614,-0.00389907523517719,-0.998637934313685));
#10946=DIRECTION('',(-0.0747300935864242,-0.99720379718118,1.17738516950749E-21));
#10947=DIRECTION('',(-0.0747300935864242,-0.99720379718118,1.17738516950752E-21));
#10948=DIRECTION('',(0.,0.,1.));
#10949=DIRECTION('',(1.,0.,0.));
#10950=DIRECTION('',(-0.00336143526048009,0.0520670423846581,-0.998637934313685));
#10951=DIRECTION('',(0.,0.,-1.));
#10952=DIRECTION('',(-1.,0.,0.));
#10953=DIRECTION('',(0.,0.,1.));
#10954=DIRECTION('',(1.,0.,0.));
#10955=DIRECTION('',(-0.0643378763073379,0.996563275222685,0.0521754362674255));
#10956=DIRECTION('',(0.00336143526048009,-0.0520670423846581,0.998637934313685));
#10957=DIRECTION('',(-0.00336143526048017,0.0520670423846581,-0.998637934313685));
#10958=DIRECTION('',(0.997922511232837,0.0644256282448895,1.17738516950759E-21));
#10959=DIRECTION('',(0.997922511232837,0.0644256282448895,1.17738516950762E-21));
#10960=DIRECTION('',(0.,0.,1.));
#10961=DIRECTION('',(1.,0.,0.));
#10962=DIRECTION('',(-0.0520295431654615,0.00389907523517628,-0.998637934313685));
#10963=DIRECTION('',(0.,0.,-1.));
#10964=DIRECTION('',(-1.,0.,0.));
#10965=DIRECTION('',(0.,0.,1.));
#10966=DIRECTION('',(1.,0.,0.));
#10967=DIRECTION('',(-0.995845540106778,0.0746283062901969,0.0521754362674255));
#10968=DIRECTION('',(0.0520295431654615,-0.00389907523517628,0.998637934313685));
#10969=DIRECTION('',(-0.0520295431654614,0.0038990752351768,-0.998637934313685));
#10970=DIRECTION('',(-0.0747300935864061,-0.997203797181182,-8.64999737431499E-19));
#10971=DIRECTION('',(-0.0747300935864061,-0.997203797181182,-8.67357719496975E-19));
#10972=DIRECTION('',(0.,0.,1.));
#10973=DIRECTION('',(1.,0.,0.));
#10974=DIRECTION('',(0.,0.,-1.));
#10975=DIRECTION('',(-1.,0.,0.));
#10976=DIRECTION('',(0.,0.,1.));
#10977=DIRECTION('',(1.,0.,0.));
#10978=DIRECTION('',(-0.490359023700727,-0.869957327531399,0.0521754362674255));
#10979=DIRECTION('',(0.0256195915558099,0.045452312132714,0.998637934313685));
#10980=DIRECTION('',(-0.0256195915558096,-0.0454523121327142,-0.998637934313685));
#10981=DIRECTION('',(0.871143882721898,-0.491027835866987,3.46470849040403E-18));
#10982=DIRECTION('',(-0.0256195915558099,-0.045452312132714,-0.998637934313685));
#10983=DIRECTION('',(0.871143882721898,-0.491027835866987,3.47414041866593E-18));
#10984=DIRECTION('',(0.,0.,1.));
#10985=DIRECTION('',(1.,0.,0.));
#10986=DIRECTION('',(0.0485687439454052,-0.0190618273327048,-0.998637934313685));
#10987=DIRECTION('',(0.,0.,-1.));
#10988=DIRECTION('',(-1.,0.,0.));
#10989=DIRECTION('',(0.,0.,1.));
#10990=DIRECTION('',(1.,0.,0.));
#10991=DIRECTION('',(0.929605837452885,-0.364843405893302,0.0521754362674255));
#10992=DIRECTION('',(-0.0485687439454052,0.0190618273327048,0.998637934313685));
#10993=DIRECTION('',(0.0485687439454052,-0.0190618273327047,-0.998637934313685));
#10994=DIRECTION('',(-0.365341024366395,-0.930873748644204,-9.41908135605994E-21));
#10995=DIRECTION('',(-0.365341024366395,-0.930873748644204,-9.41908135606017E-21));
#10996=DIRECTION('',(0.,0.,1.));
#10997=DIRECTION('',(1.,0.,0.));
#10998=DIRECTION('',(0.0121349340358244,0.0507446502169674,-0.998637934313685));
#10999=DIRECTION('',(0.,0.,-1.));
#11000=DIRECTION('',(-1.,0.,0.));
#11001=DIRECTION('',(0.,0.,1.));
#11002=DIRECTION('',(1.,0.,0.));
#11003=DIRECTION('',(0.23226265701844,0.971252687000164,0.0521754362674255));
#11004=DIRECTION('',(-0.0121349340358244,-0.0507446502169674,0.998637934313685));
#11005=DIRECTION('',(0.0121349340358244,0.0507446502169674,-0.998637934313685));
#11006=DIRECTION('',(0.972577401305768,-0.232579445500498,3.47337316742032E-18));
#11007=DIRECTION('',(0.972577401305768,-0.232579445500498,3.18051351180097E-18));
#11008=DIRECTION('',(0.,0.,1.));
#11009=DIRECTION('',(1.,0.,0.));
#11010=DIRECTION('',(-0.0485687439454055,0.0190618273327039,-0.998637934313685));
#11011=DIRECTION('',(0.,0.,-1.));
#11012=DIRECTION('',(-1.,0.,0.));
#11013=DIRECTION('',(0.,0.,1.));
#11014=DIRECTION('',(1.,0.,0.));
#11015=DIRECTION('',(-0.929605837452891,0.364843405893286,0.0521754362674255));
#11016=DIRECTION('',(0.0485687439454055,-0.0190618273327039,0.998637934313685));
#11017=DIRECTION('',(-0.0485687439454053,0.0190618273327044,-0.998637934313685));
#11018=DIRECTION('',(-0.365341024366378,-0.930873748644211,3.45528940904796E-18));
#11019=DIRECTION('',(-0.365341024366378,-0.930873748644211,3.46472133730987E-18));
#11020=DIRECTION('',(0.,0.,1.));
#11021=DIRECTION('',(1.,0.,0.));
#11022=DIRECTION('',(0.,0.,-1.));
#11023=DIRECTION('',(-1.,0.,0.));
#11024=DIRECTION('',(0.,0.,1.));
#11025=DIRECTION('',(1.,0.,0.));
#11026=DIRECTION('',(-0.23226265701844,0.971252687000164,0.0521754362674255));
#11027=DIRECTION('',(0.0121349340358244,-0.0507446502169674,0.998637934313685));
#11028=DIRECTION('',(-0.0121349340358246,0.0507446502169674,-0.998637934313685));
#11029=DIRECTION('',(-0.972577401305768,-0.232579445500498,1.73235424520202E-18));
#11030=DIRECTION('',(-0.0121349340358244,0.0507446502169674,-0.998637934313685));
#11031=DIRECTION('',(-0.972577401305768,-0.232579445500498,1.73707020933297E-18));
#11032=DIRECTION('',(0.,0.,1.));
#11033=DIRECTION('',(1.,0.,0.));
#11034=DIRECTION('',(-0.0485687439454052,-0.0190618273327048,-0.998637934313685));
#11035=DIRECTION('',(0.,0.,-1.));
#11036=DIRECTION('',(-1.,0.,0.));
#11037=DIRECTION('',(0.,0.,1.));
#11038=DIRECTION('',(1.,0.,0.));
#11039=DIRECTION('',(-0.929605837452884,-0.364843405893302,0.0521754362674255));
#11040=DIRECTION('',(0.0485687439454052,0.0190618273327048,0.998637934313685));
#11041=DIRECTION('',(-0.0485687439454051,-0.0190618273327049,-0.998637934313685));
#11042=DIRECTION('',(-0.365341024366396,0.930873748644204,0.));
#11043=DIRECTION('',(-0.365341024366396,0.930873748644204,0.));
#11044=DIRECTION('',(0.,0.,1.));
#11045=DIRECTION('',(1.,0.,0.));
#11046=DIRECTION('',(0.0256195915558099,-0.045452312132714,-0.998637934313685));
#11047=DIRECTION('',(0.,0.,-1.));
#11048=DIRECTION('',(-1.,0.,0.));
#11049=DIRECTION('',(0.,0.,1.));
#11050=DIRECTION('',(1.,0.,0.));
#11051=DIRECTION('',(0.490359023700727,-0.869957327531399,0.0521754362674255));
#11052=DIRECTION('',(-0.0256195915558099,0.045452312132714,0.998637934313685));
#11053=DIRECTION('',(0.0256195915558098,-0.045452312132714,-0.998637934313685));
#11054=DIRECTION('',(-0.871143882721898,-0.491027835866987,3.47414041866593E-18));
#11055=DIRECTION('',(-0.871143882721898,-0.491027835866987,3.46470849040403E-18));
#11056=DIRECTION('',(0.,0.,1.));
#11057=DIRECTION('',(1.,0.,0.));
#11058=DIRECTION('',(0.0485687439454048,0.0190618273327057,-0.998637934313685));
#11059=DIRECTION('',(0.,0.,-1.));
#11060=DIRECTION('',(-1.,0.,0.));
#11061=DIRECTION('',(0.,0.,1.));
#11062=DIRECTION('',(1.,0.,0.));
#11063=DIRECTION('',(0.929605837452878,0.364843405893319,0.0521754362674255));
#11064=DIRECTION('',(-0.0485687439454048,-0.0190618273327057,0.998637934313685));
#11065=DIRECTION('',(0.048568743945405,0.0190618273327052,-0.998637934313685));
#11066=DIRECTION('',(-0.365341024366413,0.930873748644197,-5.58970875850053E-19));
#11067=DIRECTION('',(-0.365341024366413,0.930873748644197,7.88457886484716E-21));
#11068=DIRECTION('',(0.,0.,1.));
#11069=DIRECTION('',(1.,0.,0.));
#11070=DIRECTION('',(0.,0.,-1.));
#11071=DIRECTION('',(-1.,0.,0.));
#11072=DIRECTION('',(0.,0.,1.));
#11073=DIRECTION('',(1.,0.,0.));
#11074=DIRECTION('',(0.35522170698109,0.933324843095771,0.0521754362674255));
#11075=DIRECTION('',(-0.0185591262824753,-0.0487630493440199,0.998637934313685));
#11076=DIRECTION('',(0.0185591262824754,0.0487630493440199,-0.998637934313685));
#11077=DIRECTION('',(-0.934597826726059,0.355706202193507,0.));
#11078=DIRECTION('',(0.0185591262824753,0.0487630493440199,-0.998637934313685));
#11079=DIRECTION('',(-0.934597826726059,0.355706202193507,0.));
#11080=DIRECTION('',(0.,0.,1.));
#11081=DIRECTION('',(1.,0.,0.));
#11082=DIRECTION('',(-0.050867289147377,0.0116101268078057,-0.998637934313685));
#11083=DIRECTION('',(0.,0.,-1.));
#11084=DIRECTION('',(-1.,0.,0.));
#11085=DIRECTION('',(0.,0.,1.));
#11086=DIRECTION('',(1.,0.,0.));
#11087=DIRECTION('',(-0.97359999632601,0.222217845827686,0.0521754362674255));
#11088=DIRECTION('',(0.050867289147377,-0.0116101268078057,0.998637934313685));
#11089=DIRECTION('',(-0.050867289147377,0.0116101268078057,-0.998637934313685));
#11090=DIRECTION('',(0.222520933956315,0.974927912181824,1.73707020933297E-18));
#11091=DIRECTION('',(0.222520933956315,0.974927912181824,1.73235424520202E-18));
#11092=DIRECTION('',(0.,0.,1.));
#11093=DIRECTION('',(1.,0.,0.));
#11094=DIRECTION('',(-0.00443629918417758,-0.0519864924691467,-0.998637934313685));
#11095=DIRECTION('',(0.,0.,-1.));
#11096=DIRECTION('',(-1.,0.,0.));
#11097=DIRECTION('',(0.,0.,1.));
#11098=DIRECTION('',(1.,0.,0.));
#11099=DIRECTION('',(-0.0849107735405848,-0.995021549709876,0.0521754362674255));
#11100=DIRECTION('',(0.00443629918417758,0.0519864924691467,0.998637934313685));
#11101=DIRECTION('',(-0.00443629918417763,-0.0519864924691467,-0.998637934313685));
#11102=DIRECTION('',(-0.996378682924463,0.085026585334894,8.68535104666482E-19));
#11103=DIRECTION('',(-0.996378682924463,0.085026585334894,8.66177122601006E-19));
#11104=DIRECTION('',(0.,0.,1.));
#11105=DIRECTION('',(1.,0.,0.));
#11106=DIRECTION('',(0.0508672891473772,-0.0116101268078048,-0.998637934313685));
#11107=DIRECTION('',(0.,0.,-1.));
#11108=DIRECTION('',(-1.,0.,0.));
#11109=DIRECTION('',(0.,0.,1.));
#11110=DIRECTION('',(1.,0.,0.));
#11111=DIRECTION('',(0.973599996326014,-0.222217845827668,0.0521754362674255));
#11112=DIRECTION('',(-0.0508672891473772,0.0116101268078048,0.998637934313685));
#11113=DIRECTION('',(0.0508672891473771,-0.0116101268078052,-0.998637934313685));
#11114=DIRECTION('',(0.222520933956297,0.974927912181828,-1.73235424520202E-18));
#11115=DIRECTION('',(0.222520933956297,0.974927912181828,-1.73707020933297E-18));
#11116=DIRECTION('',(0.,0.,1.));
#11117=DIRECTION('',(1.,0.,0.));
#11118=DIRECTION('',(0.,0.,-1.));
#11119=DIRECTION('',(-1.,0.,0.));
#11120=DIRECTION('',(0.,0.,1.));
#11121=DIRECTION('',(1.,0.,0.));
#11122=DIRECTION('',(0.064337876307338,0.996563275222685,0.0521754362674255));
#11123=DIRECTION('',(-0.00336143526048009,-0.0520670423846581,0.998637934313685));
#11124=DIRECTION('',(0.00336143526048017,0.0520670423846581,-0.998637934313685));
#11125=DIRECTION('',(-0.997922511232837,0.0644256282448896,1.17738516950762E-21));
#11126=DIRECTION('',(0.00336143526048009,0.0520670423846581,-0.998637934313685));
#11127=DIRECTION('',(-0.997922511232837,0.0644256282448896,1.17738516950759E-21));
#11128=DIRECTION('',(0.,0.,1.));
#11129=DIRECTION('',(1.,0.,0.));
#11130=DIRECTION('',(-0.0520295431654614,-0.00389907523517723,-0.998637934313685));
#11131=DIRECTION('',(0.,0.,-1.));
#11132=DIRECTION('',(-1.,0.,0.));
#11133=DIRECTION('',(0.,0.,1.));
#11134=DIRECTION('',(1.,0.,0.));
#11135=DIRECTION('',(-0.995845540106777,-0.0746283062902152,0.0521754362674255));
#11136=DIRECTION('',(0.0520295431654614,0.00389907523517723,0.998637934313685));
#11137=DIRECTION('',(-0.0520295431654614,-0.00389907523517724,-0.998637934313685));
#11138=DIRECTION('',(-0.0747300935864244,0.99720379718118,4.33090167163733E-19));
#11139=DIRECTION('',(-0.0747300935864244,0.99720379718118,4.31911176130996E-19));
#11140=DIRECTION('',(0.,0.,1.));
#11141=DIRECTION('',(1.,0.,0.));
#11142=DIRECTION('',(0.0110840807960232,-0.0509845006114938,-0.998637934313685));
#11143=DIRECTION('',(0.,0.,-1.));
#11144=DIRECTION('',(-1.,0.,0.));
#11145=DIRECTION('',(0.,0.,1.));
#11146=DIRECTION('',(1.,0.,0.));
#11147=DIRECTION('',(0.212149324313694,-0.97584342393826,0.0521754362674255));
#11148=DIRECTION('',(-0.0110840807960232,0.0509845006114938,0.998637934313685));
#11149=DIRECTION('',(0.0110840807960231,-0.0509845006114938,-0.998637934313685));
#11150=DIRECTION('',(-0.977174399657579,-0.212438679749828,1.73236066865493E-18));
#11151=DIRECTION('',(-0.977174399657579,-0.212438679749828,1.72764470452399E-18));
#11152=DIRECTION('',(0.,0.,1.));
#11153=DIRECTION('',(1.,0.,0.));
#11154=DIRECTION('',(0.0520295431654613,0.00389907523517818,-0.998637934313685));
#11155=DIRECTION('',(0.,0.,-1.));
#11156=DIRECTION('',(-1.,0.,0.));
#11157=DIRECTION('',(0.,0.,1.));
#11158=DIRECTION('',(1.,0.,0.));
#11159=DIRECTION('',(0.995845540106775,0.0746283062902333,0.0521754362674255));
#11160=DIRECTION('',(-0.0520295431654613,-0.00389907523517818,0.998637934313685));
#11161=DIRECTION('',(0.0520295431654614,0.00389907523517767,-0.998637934313685));
#11162=DIRECTION('',(-0.0747300935864425,0.997203797181179,-2.92168457168482E-19));
#11163=DIRECTION('',(-0.0747300935864425,0.997203797181179,-4.35061311879946E-19));
#11164=DIRECTION('',(0.,0.,1.));
#11165=DIRECTION('',(1.,0.,0.));
#11166=DIRECTION('',(0.,0.,-1.));
#11167=DIRECTION('',(-1.,0.,0.));
#11168=DIRECTION('',(0.,0.,1.));
#11169=DIRECTION('',(1.,0.,0.));
#11170=DIRECTION('',(0.614542530124785,0.787156402831186,0.0521754362674255));
#11171=DIRECTION('',(-0.0321077574888883,-0.0411262453760481,0.998637934313685));
#11172=DIRECTION('',(0.0321077574888882,0.0411262453760481,-0.998637934313685));
#11173=DIRECTION('',(-0.788230023899662,0.615380719086273,5.58970875850053E-19));
#11174=DIRECTION('',(0.0321077574888883,0.0411262453760481,-0.998637934313685));
#11175=DIRECTION('',(-0.788230023899662,0.615380719086273,3.45683675844502E-18));
#11176=DIRECTION('',(0.,0.,1.));
#11177=DIRECTION('',(1.,0.,0.));
#11178=DIRECTION('',(-0.0451852532611265,0.0260877181337128,-0.998637934313685));
#11179=DIRECTION('',(0.,0.,-1.));
#11180=DIRECTION('',(-1.,0.,0.));
#11181=DIRECTION('',(0.,0.,1.));
#11182=DIRECTION('',(1.,0.,0.));
#11183=DIRECTION('',(-0.864845820298467,0.499318967156842,0.0521754362674255));
#11184=DIRECTION('',(0.0451852532611265,-0.0260877181337128,0.998637934313685));
#11185=DIRECTION('',(-0.0451852532611263,0.0260877181337129,-0.998637934313685));
#11186=DIRECTION('',(0.5,0.866025403784439,-3.45683675844502E-18));
#11187=DIRECTION('',(0.5,0.866025403784439,-5.58970875850053E-19));
#11188=DIRECTION('',(0.,0.,1.));
#11189=DIRECTION('',(1.,0.,0.));
#11190=DIRECTION('',(-0.0195624945134858,-0.0483692563319514,-0.998637934313685));
#11191=DIRECTION('',(0.,0.,-1.));
#11192=DIRECTION('',(-1.,0.,0.));
#11193=DIRECTION('',(0.,0.,1.));
#11194=DIRECTION('',(1.,0.,0.));
#11195=DIRECTION('',(-0.37442617654099,-0.92578764420962,0.0521754362674255));
#11196=DIRECTION('',(0.0195624945134858,0.0483692563319514,0.998637934313685));
#11197=DIRECTION('',(-0.0195624945134858,-0.0483692563319514,-0.998637934313685));
#11198=DIRECTION('',(-0.927050347677679,0.374936865179586,-3.47260591617471E-18));
#11199=DIRECTION('',(-0.927050347677679,0.374936865179586,-2.89631853319792E-18));
#11200=DIRECTION('',(0.,0.,1.));
#11201=DIRECTION('',(1.,0.,0.));
#11202=DIRECTION('',(0.0451852532611269,-0.026087718133712,-0.998637934313685));
#11203=DIRECTION('',(0.,0.,-1.));
#11204=DIRECTION('',(-1.,0.,0.));
#11205=DIRECTION('',(0.,0.,1.));
#11206=DIRECTION('',(1.,0.,0.));
#11207=DIRECTION('',(0.864845820298476,-0.499318967156826,0.0521754362674255));
#11208=DIRECTION('',(-0.0451852532611269,0.026087718133712,0.998637934313685));
#11209=DIRECTION('',(0.0451852532611267,-0.0260877181337123,-0.998637934313685));
#11210=DIRECTION('',(0.499999999999984,0.866025403784448,3.45528940904796E-18));
#11211=DIRECTION('',(0.499999999999984,0.866025403784448,3.46472133730987E-18));
#11212=DIRECTION('',(0.,0.,1.));
#11213=DIRECTION('',(1.,0.,0.));
#11214=DIRECTION('',(0.,0.,-1.));
#11215=DIRECTION('',(-1.,0.,0.));
#11216=DIRECTION('',(0.,0.,1.));
#11217=DIRECTION('',(1.,0.,0.));
#11218=DIRECTION('',(-0.904169326132006,0.423975887913804,0.0521754362674255));
#11219=DIRECTION('',(0.0472397727240183,-0.0221512984422874,0.998637934313685));
#11220=DIRECTION('',(-0.0472397727240182,0.0221512984422875,-0.998637934313685));
#11221=DIRECTION('',(-0.424554158565168,-0.905402543869312,-2.89631853319792E-18));
#11222=DIRECTION('',(-0.0472397727240183,0.0221512984422874,-0.998637934313685));
#11223=DIRECTION('',(-0.424554158565168,-0.905402543869312,-3.47260591617471E-18));
#11224=DIRECTION('',(0.,0.,1.));
#11225=DIRECTION('',(1.,0.,0.));
#11226=DIRECTION('',(-0.01537897981697,-0.0498574280271798,-0.998637934313685));
#11227=DIRECTION('',(0.,0.,-1.));
#11228=DIRECTION('',(-1.,0.,0.));
#11229=DIRECTION('',(0.,0.,1.));
#11230=DIRECTION('',(1.,0.,0.));
#11231=DIRECTION('',(-0.294353698501975,-0.954271252856604,0.0521754362674255));
#11232=DIRECTION('',(0.01537897981697,0.0498574280271798,0.998637934313685));
#11233=DIRECTION('',(-0.01537897981697,-0.0498574280271798,-0.998637934313685));
#11234=DIRECTION('',(-0.955572805786141,0.294755174410904,4.70954067803036E-21));
#11235=DIRECTION('',(-0.955572805786141,0.294755174410904,4.70954067803047E-21));
#11236=DIRECTION('',(0.,0.,1.));
#11237=DIRECTION('',(1.,0.,0.));
#11238=DIRECTION('',(0.051509602639153,-0.0083088498393429,-0.998637934313685));
#11239=DIRECTION('',(0.,0.,-1.));
#11240=DIRECTION('',(-1.,0.,0.));
#11241=DIRECTION('',(0.,0.,1.));
#11242=DIRECTION('',(1.,0.,0.));
#11243=DIRECTION('',(0.985893877594607,-0.15903139932659,0.0521754362674255));
#11244=DIRECTION('',(-0.051509602639153,0.0083088498393429,0.998637934313685));
#11245=DIRECTION('',(0.051509602639153,-0.00830884983934303,-0.998637934313685));
#11246=DIRECTION('',(-0.159248305979769,-0.987238561363247,1.741779750011E-18));
#11247=DIRECTION('',(-0.159248305979769,-0.987238561363247,1.73706378588004E-18));
#11248=DIRECTION('',(0.,0.,1.));
#11249=DIRECTION('',(1.,0.,0.));
#11250=DIRECTION('',(0.0153789798169691,0.0498574280271801,-0.998637934313685));
#11251=DIRECTION('',(0.,0.,-1.));
#11252=DIRECTION('',(-1.,0.,0.));
#11253=DIRECTION('',(0.,0.,1.));
#11254=DIRECTION('',(1.,0.,0.));
#11255=DIRECTION('',(0.294353698501958,0.954271252856609,0.0521754362674255));
#11256=DIRECTION('',(-0.0153789798169691,-0.0498574280271801,0.998637934313685));
#11257=DIRECTION('',(0.0153789798169696,0.0498574280271799,-0.998637934313685));
#11258=DIRECTION('',(-0.955572805786146,0.294755174410887,1.72764470452399E-18));
#11259=DIRECTION('',(-0.955572805786146,0.294755174410887,1.73236066865493E-18));
#11260=DIRECTION('',(0.,0.,1.));
#11261=DIRECTION('',(1.,0.,0.));
#11262=DIRECTION('',(0.,0.,-1.));
#11263=DIRECTION('',(-1.,0.,0.));
#11264=DIRECTION('',(0.,0.,1.));
#11265=DIRECTION('',(1.,0.,0.));
#11266=DIRECTION('',(-0.988968706665776,0.138631241378435,0.0521754362674255));
#11267=DIRECTION('',(0.0516702520023742,-0.00724301095590328,0.998637934313685));
#11268=DIRECTION('',(-0.0516702520023741,0.00724301095590325,-0.998637934313685));
#11269=DIRECTION('',(-0.138820323778016,-0.990317584265859,2.35477033901504E-21));
#11270=DIRECTION('',(-0.0516702520023741,0.00724301095590328,-0.998637934313685));
#11271=DIRECTION('',(-0.138820323778016,-0.990317584265859,2.35477033901499E-21));
#11272=DIRECTION('',(0.,0.,1.));
#11273=DIRECTION('',(1.,0.,0.));
#11274=DIRECTION('',(0.,-0.0521754362674255,-0.998637934313685));
#11275=DIRECTION('',(0.,0.,-1.));
#11276=DIRECTION('',(-1.,0.,0.));
#11277=DIRECTION('',(0.,0.,1.));
#11278=DIRECTION('',(1.,0.,0.));
#11279=DIRECTION('',(0.,-0.998637934313685,0.0521754362674255));
#11280=DIRECTION('',(0.,0.0521754362674255,0.998637934313685));
#11281=DIRECTION('',(0.,-0.0521754362674255,-0.998637934313685));
#11282=DIRECTION('',(-1.,0.,0.));
#11283=DIRECTION('',(-1.,0.,0.));
#11284=DIRECTION('',(0.,0.,1.));
#11285=DIRECTION('',(1.,0.,0.));
#11286=DIRECTION('',(0.0516702520023741,0.00724301095590327,-0.998637934313685));
#11287=DIRECTION('',(0.,0.,-1.));
#11288=DIRECTION('',(-1.,0.,0.));
#11289=DIRECTION('',(0.,0.,1.));
#11290=DIRECTION('',(1.,0.,0.));
#11291=DIRECTION('',(0.988968706665776,0.138631241378435,0.0521754362674255));
#11292=DIRECTION('',(-0.0516702520023742,-0.00724301095590327,0.998637934313685));
#11293=DIRECTION('',(0.0516702520023742,0.00724301095590324,-0.998637934313685));
#11294=DIRECTION('',(0.138820323778016,-0.990317584265859,2.35477033901499E-21));
#11295=DIRECTION('',(0.138820323778016,-0.990317584265859,2.35477033901504E-21));
#11296=DIRECTION('',(0.,0.,1.));
#11297=DIRECTION('',(1.,0.,0.));
#11298=DIRECTION('',(-9.46624144660286E-16,0.0521754362674255,-0.998637934313685));
#11299=DIRECTION('',(0.,0.,-1.));
#11300=DIRECTION('',(-1.,0.,0.));
#11301=DIRECTION('',(0.,0.,1.));
#11302=DIRECTION('',(1.,0.,0.));
#11303=DIRECTION('',(-1.81183876556334E-14,0.998637934313685,0.0521754362674255));
#11304=DIRECTION('',(9.46624144660287E-16,-0.0521754362674255,0.998637934313685));
#11305=DIRECTION('',(-4.53703084051835E-16,0.0521754362674255,-0.998637934313685));
#11306=DIRECTION('',(-1.,-1.81430997492452E-14,3.23092284137438E-32));
#11307=DIRECTION('',(-1.,-1.81430997492452E-14,8.7226367850978E-35));
#11308=DIRECTION('',(0.,0.,1.));
#11309=DIRECTION('',(1.,0.,0.));
#11310=DIRECTION('',(0.,0.,-1.));
#11311=DIRECTION('',(-1.,0.,0.));
#11312=DIRECTION('',(0.,0.,1.));
#11313=DIRECTION('',(1.,0.,0.));
#11314=DIRECTION('',(-0.508225634000247,0.859642035265465,0.0521754362674255));
#11315=DIRECTION('',(0.0265530611897651,-0.0449133731882696,0.998637934313685));
#11316=DIRECTION('',(-0.0265530611897653,0.0449133731882695,-0.998637934313685));
#11317=DIRECTION('',(-0.860814521187055,-0.508918814855081,0.));
#11318=DIRECTION('',(-0.0265530611897651,0.0449133731882696,-0.998637934313685));
#11319=DIRECTION('',(-0.860814521187055,-0.508918814855081,0.));
#11320=DIRECTION('',(0.,0.,1.));
#11321=DIRECTION('',(1.,0.,0.));
#11322=DIRECTION('',(-0.0407923986853775,-0.0325308524202701,-0.998637934313685));
#11323=DIRECTION('',(0.,0.,-1.));
#11324=DIRECTION('',(-1.,0.,0.));
#11325=DIRECTION('',(0.,0.,1.));
#11326=DIRECTION('',(1.,0.,0.));
#11327=DIRECTION('',(-0.78076657663328,-0.622640567793854,0.0521754362674255));
#11328=DIRECTION('',(0.0407923986853775,0.0325308524202701,0.998637934313685));
#11329=DIRECTION('',(-0.0407923986853776,-0.03253085242027,-0.998637934313685));
#11330=DIRECTION('',(-0.623489801858734,0.78183148246803,-3.47414041866593E-18));
#11331=DIRECTION('',(-0.623489801858734,0.78183148246803,-3.46470849040403E-18));
#11332=DIRECTION('',(0.,0.,1.));
#11333=DIRECTION('',(1.,0.,0.));
#11334=DIRECTION('',(0.0378786891761371,-0.0358814862567561,-0.998637934313685));
#11335=DIRECTION('',(0.,0.,-1.));
#11336=DIRECTION('',(-1.,0.,0.));
#11337=DIRECTION('',(0.,0.,1.));
#11338=DIRECTION('',(1.,0.,0.));
#11339=DIRECTION('',(0.724998171926818,-0.686771704828523,0.0521754362674255));
#11340=DIRECTION('',(-0.0378786891761371,0.0358814862567561,0.998637934313685));
#11341=DIRECTION('',(0.0378786891761371,-0.0358814862567561,-0.998637934313685));
#11342=DIRECTION('',(-0.687708408854414,-0.725987013927198,6.94828083733186E-18));
#11343=DIRECTION('',(-0.687708408854414,-0.725987013927198,6.92941698080805E-18));
#11344=DIRECTION('',(0.,0.,1.));
#11345=DIRECTION('',(1.,0.,0.));
#11346=DIRECTION('',(0.040792398685377,0.0325308524202708,-0.998637934313685));
#11347=DIRECTION('',(0.,0.,-1.));
#11348=DIRECTION('',(-1.,0.,0.));
#11349=DIRECTION('',(0.,0.,1.));
#11350=DIRECTION('',(1.,0.,0.));
#11351=DIRECTION('',(0.780766576633268,0.622640567793868,0.0521754362674255));
#11352=DIRECTION('',(-0.040792398685377,-0.0325308524202708,0.998637934313685));
#11353=DIRECTION('',(0.0407923986853772,0.0325308524202705,-0.998637934313685));
#11354=DIRECTION('',(-0.623489801858748,0.781831482468019,-9.41908135606017E-21));
#11355=DIRECTION('',(-0.623489801858748,0.781831482468019,-9.41908135605994E-21));
#11356=DIRECTION('',(0.,0.,1.));
#11357=DIRECTION('',(1.,0.,0.));
#11358=DIRECTION('',(0.,0.,-1.));
#11359=DIRECTION('',(-1.,0.,0.));
#11360=DIRECTION('',(0.,0.,1.));
#11361=DIRECTION('',(1.,0.,0.));
#11362=DIRECTION('',(-0.739030533089673,0.671648416220493,0.0521754362674255));
#11363=DIRECTION('',(0.0386118323308053,-0.0350913458527023,0.998637934313685));
#11364=DIRECTION('',(-0.0386118323308054,0.0350913458527021,-0.998637934313685));
#11365=DIRECTION('',(-0.672564493238568,-0.740038514156357,0.));
#11366=DIRECTION('',(-0.0386118323308053,0.0350913458527023,-0.998637934313685));
#11367=DIRECTION('',(-0.672564493238568,-0.740038514156357,0.));
#11368=DIRECTION('',(0.,0.,1.));
#11369=DIRECTION('',(1.,0.,0.));
#11370=DIRECTION('',(-0.029391469787661,-0.043109368511,-0.998637934313685));
#11371=DIRECTION('',(0.,0.,-1.));
#11372=DIRECTION('',(-1.,0.,0.));
#11373=DIRECTION('',(0.,0.,1.));
#11374=DIRECTION('',(1.,0.,0.));
#11375=DIRECTION('',(-0.562552779142121,-0.825113382832796,0.0521754362674255));
#11376=DIRECTION('',(0.029391469787661,0.043109368511,0.998637934313685));
#11377=DIRECTION('',(-0.029391469787661,-0.043109368511,-0.998637934313685));
#11378=DIRECTION('',(-0.826238774315995,0.563320058063622,-3.46472133730987E-18));
#11379=DIRECTION('',(-0.826238774315995,0.563320058063622,-3.45528940904796E-18));
#11380=DIRECTION('',(0.,0.,1.));
#11381=DIRECTION('',(1.,0.,0.));
#11382=DIRECTION('',(0.0467720990352751,-0.0231224328635765,-0.998637934313685));
#11383=DIRECTION('',(0.,0.,-1.));
#11384=DIRECTION('',(-1.,0.,0.));
#11385=DIRECTION('',(0.,0.,1.));
#11386=DIRECTION('',(1.,0.,0.));
#11387=DIRECTION('',(0.895218050975138,-0.442563402303647,0.0521754362674255));
#11388=DIRECTION('',(-0.0467720990352751,0.0231224328635765,0.998637934313685));
#11389=DIRECTION('',(0.046772099035275,-0.0231224328635766,-0.998637934313685));
#11390=DIRECTION('',(-0.443167024901572,-0.896439059858443,3.46472133730987E-18));
#11391=DIRECTION('',(-0.443167024901572,-0.896439059858443,3.45528940904796E-18));
#11392=DIRECTION('',(0.,0.,1.));
#11393=DIRECTION('',(1.,0.,0.));
#11394=DIRECTION('',(0.0293914697876602,0.0431093685110005,-0.998637934313685));
#11395=DIRECTION('',(0.,0.,-1.));
#11396=DIRECTION('',(-1.,0.,0.));
#11397=DIRECTION('',(0.,0.,1.));
#11398=DIRECTION('',(1.,0.,0.));
#11399=DIRECTION('',(0.562552779142106,0.825113382832806,0.0521754362674255));
#11400=DIRECTION('',(-0.0293914697876602,-0.0431093685110005,0.998637934313685));
#11401=DIRECTION('',(0.0293914697876605,0.0431093685110003,-0.998637934313685));
#11402=DIRECTION('',(-0.826238774316005,0.563320058063607,0.));
#11403=DIRECTION('',(-0.826238774316005,0.563320058063607,0.));
#11404=DIRECTION('',(0.,0.,1.));
#11405=DIRECTION('',(1.,0.,0.));
#11406=DIRECTION('',(0.,0.,-1.));
#11407=DIRECTION('',(-1.,0.,0.));
#11408=DIRECTION('',(0.,0.,1.));
#11409=DIRECTION('',(1.,0.,0.));
#11410=DIRECTION('',(0.,0.,1.));
#11411=DIRECTION('',(1.,0.,0.));
#11412=DIRECTION('',(0.871143882721896,0.491027835866991,5.35291987114115E-15));
#11413=DIRECTION('',(-0.491027835866991,0.871143882721896,0.));
#11414=DIRECTION('',(0.365341024366407,-0.9308737486442,0.));
#11415=DIRECTION('',(0.9308737486442,0.365341024366407,0.));
#11416=DIRECTION('',(0.365341024366413,-0.930873748644197,0.));
#11417=DIRECTION('',(0.930873748644197,0.365341024366413,0.));
#11418=DIRECTION('',(0.365341024366413,-0.930873748644197,0.));
#11419=DIRECTION('',(0.930873748644198,0.365341024366413,0.));
#11420=DIRECTION('',(0.871143882721898,0.491027835866987,0.));
#11421=DIRECTION('',(-0.491027835866987,0.871143882721898,0.));
#11422=DIRECTION('',(0.871143882721896,0.491027835866989,3.08066754223041E-14));
#11423=DIRECTION('',(-0.491027835866989,0.871143882721896,0.));
#11424=DIRECTION('',(0.,0.,1.));
#11425=DIRECTION('',(1.,0.,0.));
#11426=DIRECTION('',(0.972577401305771,0.232579445500485,0.));
#11427=DIRECTION('',(-0.232579445500485,0.972577401305771,0.));
#11428=DIRECTION('',(0.,0.,1.));
#11429=DIRECTION('',(1.,0.,0.));
#11430=DIRECTION('',(0.365341024366399,-0.930873748644203,3.21015146905281E-15));
#11431=DIRECTION('',(0.930873748644203,0.365341024366399,0.));
#11432=DIRECTION('',(0.972577401305768,0.232579445500498,0.));
#11433=DIRECTION('',(-0.232579445500498,0.972577401305768,0.));
#11434=DIRECTION('',(0.97257740130577,0.232579445500492,0.));
#11435=DIRECTION('',(-0.232579445500492,0.97257740130577,0.));
#11436=DIRECTION('',(0.365341024366396,-0.930873748644204,0.));
#11437=DIRECTION('',(0.930873748644204,0.365341024366396,0.));
#11438=DIRECTION('',(0.365341024366396,-0.930873748644204,-9.14707485879584E-16));
#11439=DIRECTION('',(0.930873748644204,0.365341024366396,0.));
#11440=DIRECTION('',(0.,0.,1.));
#11441=DIRECTION('',(1.,0.,0.));
#11442=DIRECTION('',(0.,0.,1.));
#11443=DIRECTION('',(1.,0.,0.));
#11444=DIRECTION('',(-0.22252093395633,0.97492791218182,0.));
#11445=DIRECTION('',(-0.97492791218182,-0.222520933956331,0.));
#11446=DIRECTION('',(-0.934597826726059,-0.355706202193507,0.));
#11447=DIRECTION('',(0.355706202193507,-0.934597826726059,0.));
#11448=DIRECTION('',(0.222520933956332,-0.97492791218182,0.));
#11449=DIRECTION('',(0.97492791218182,0.222520933956332,0.));
#11450=DIRECTION('',(-0.222520933956333,0.974927912181819,3.65735226941426E-17));
#11451=DIRECTION('',(-0.97492791218182,-0.222520933956333,0.));
#11452=DIRECTION('',(0.934597826726059,0.355706202193506,0.));
#11453=DIRECTION('',(-0.355706202193506,0.934597826726059,0.));
#11454=DIRECTION('',(-0.934597826726056,-0.355706202193514,0.));
#11455=DIRECTION('',(0.355706202193514,-0.934597826726056,0.));
#11456=DIRECTION('',(-0.365341024366401,0.930873748644202,0.));
#11457=DIRECTION('',(0.930873748644204,0.365341024366395,0.));
#11458=DIRECTION('',(0.,0.,1.));
#11459=DIRECTION('',(1.,0.,0.));
#11460=DIRECTION('',(0.500000000000016,-0.86602540378443,0.));
#11461=DIRECTION('',(0.86602540378443,0.500000000000016,0.));
#11462=DIRECTION('',(-0.927050347677681,-0.374936865179582,3.23245802750187E-16));
#11463=DIRECTION('',(0.374936865179582,-0.927050347677681,0.));
#11464=DIRECTION('',(0.,0.,1.));
#11465=DIRECTION('',(1.,0.,0.));
#11466=DIRECTION('',(-0.996378682924463,-0.0850265853348937,0.));
#11467=DIRECTION('',(0.0850265853348937,-0.996378682924463,0.));
#11468=DIRECTION('',(0.,0.,1.));
#11469=DIRECTION('',(1.,0.,0.));
#11470=DIRECTION('',(-0.222520933956315,0.974927912181824,0.));
#11471=DIRECTION('',(-0.974927912181824,-0.222520933956315,0.));
#11472=DIRECTION('',(0.927050347677678,0.374936865179587,0.));
#11473=DIRECTION('',(-0.374936865179587,0.927050347677678,0.));
#11474=DIRECTION('',(-0.927050347677678,-0.374936865179587,0.));
#11475=DIRECTION('',(0.374936865179587,-0.927050347677678,0.));
#11476=DIRECTION('',(0.500000000000016,-0.86602540378443,0.));
#11477=DIRECTION('',(0.86602540378443,0.500000000000016,0.));
#11478=DIRECTION('',(0.500000000000012,-0.866025403784432,0.));
#11479=DIRECTION('',(0.866025403784432,0.500000000000012,0.));
#11480=DIRECTION('',(0.,0.,1.));
#11481=DIRECTION('',(1.,0.,0.));
#11482=DIRECTION('',(0.0747300935864087,0.997203797181181,3.23434077983429E-17));
#11483=DIRECTION('',(-0.997203797181181,0.0747300935864087,0.));
#11484=DIRECTION('',(-0.997922511232837,-0.0644256282448889,0.));
#11485=DIRECTION('',(0.0644256282448889,-0.997922511232837,0.));
#11486=DIRECTION('',(0.996378682924463,0.0850265853348935,0.));
#11487=DIRECTION('',(-0.0850265853348935,0.996378682924463,0.));
#11488=DIRECTION('',(-0.0747300935864278,0.99720379718118,0.));
#11489=DIRECTION('',(0.99720379718118,0.0747300935864241,0.));
#11490=DIRECTION('',(-0.996378682924463,-0.0850265853348933,6.94539946938843E-15));
#11491=DIRECTION('',(0.0850265853348933,-0.996378682924463,0.));
#11492=DIRECTION('',(0.222520933956315,-0.974927912181824,0.));
#11493=DIRECTION('',(0.974927912181824,0.222520933956315,0.));
#11494=DIRECTION('',(-0.222520933956316,0.974927912181823,0.));
#11495=DIRECTION('',(-0.974927912181823,-0.222520933956316,0.));
#11496=DIRECTION('',(0.,0.,1.));
#11497=DIRECTION('',(1.,0.,0.));
#11498=DIRECTION('',(0.5,-0.866025403784437,0.));
#11499=DIRECTION('',(0.866025403784437,0.5,0.));
#11500=DIRECTION('',(0.,0.,1.));
#11501=DIRECTION('',(1.,0.,0.));
#11502=DIRECTION('',(-0.788230023899662,-0.615380719086273,0.));
#11503=DIRECTION('',(0.615380719086273,-0.788230023899662,0.));
#11504=DIRECTION('',(-0.0747300935864061,-0.997203797181182,0.));
#11505=DIRECTION('',(0.997203797181182,-0.0747300935864061,0.));
#11506=DIRECTION('',(0.0747300935864061,0.997203797181181,1.28854702400974E-16));
#11507=DIRECTION('',(-0.997203797181182,0.0747300935864061,0.));
#11508=DIRECTION('',(0.997922511232837,0.0644256282448896,0.));
#11509=DIRECTION('',(-0.0644256282448896,0.997922511232837,0.));
#11510=DIRECTION('',(-0.997922511232837,-0.064425628244889,0.));
#11511=DIRECTION('',(0.064425628244889,-0.997922511232837,0.));
#11512=DIRECTION('',(0.,0.,1.));
#11513=DIRECTION('',(1.,0.,0.));
#11514=DIRECTION('',(0.5,-0.866025403784439,0.));
#11515=DIRECTION('',(0.866025403784439,0.5,0.));
#11516=DIRECTION('',(0.5,-0.866025403784439,1.26225171714276E-15));
#11517=DIRECTION('',(0.866025403784439,0.5,0.));
#11518=DIRECTION('',(0.788230023899662,0.615380719086273,0.));
#11519=DIRECTION('',(-0.615380719086273,0.788230023899662,0.));
#11520=DIRECTION('',(-0.788230023899668,-0.615380719086266,0.));
#11521=DIRECTION('',(0.615380719086266,-0.788230023899667,0.));
#11522=DIRECTION('',(-0.623489801858732,0.781831482468032,0.));
#11523=DIRECTION('',(0.78183148246803,0.623489801858734,0.));
#11524=DIRECTION('',(0.,0.,1.));
#11525=DIRECTION('',(1.,0.,0.));
#11526=DIRECTION('',(0.733051871829839,-0.680172737770906,0.));
#11527=DIRECTION('',(0.680172737770906,0.733051871829839,0.));
#11528=DIRECTION('',(-0.775349520746293,-0.631532359169737,0.));
#11529=DIRECTION('',(0.631532359169737,-0.775349520746293,0.));
#11530=DIRECTION('',(0.,0.,1.));
#11531=DIRECTION('',(1.,0.,0.));
#11532=DIRECTION('',(-0.977174399657578,0.212438679749834,0.));
#11533=DIRECTION('',(-0.212438679749834,-0.977174399657578,0.));
#11534=DIRECTION('',(0.,0.,1.));
#11535=DIRECTION('',(1.,0.,0.));
#11536=DIRECTION('',(0.0747300935864241,0.99720379718118,0.));
#11537=DIRECTION('',(-0.99720379718118,0.0747300935864241,0.));
#11538=DIRECTION('',(0.,0.,1.));
#11539=DIRECTION('',(1.,0.,0.));
#11540=DIRECTION('',(0.77534952074629,0.631532359169741,0.));
#11541=DIRECTION('',(-0.631532359169741,0.77534952074629,0.));
#11542=DIRECTION('',(-0.775349520746291,-0.631532359169739,-2.67382059777521E-15));
#11543=DIRECTION('',(0.631532359169739,-0.775349520746291,0.));
#11544=DIRECTION('',(0.733051871829839,-0.680172737770906,0.));
#11545=DIRECTION('',(0.680172737770906,0.733051871829839,0.));
#11546=DIRECTION('',(0.733051871829836,-0.680172737770909,0.));
#11547=DIRECTION('',(0.680172737770909,0.733051871829836,0.));
#11548=DIRECTION('',(0.,0.,1.));
#11549=DIRECTION('',(1.,0.,0.));
#11550=DIRECTION('',(0.36534102436638,0.93087374864421,0.));
#11551=DIRECTION('',(-0.93087374864421,0.36534102436638,0.));
#11552=DIRECTION('',(-0.972577401305768,0.232579445500498,0.));
#11553=DIRECTION('',(-0.232579445500498,-0.972577401305768,0.));
#11554=DIRECTION('',(0.977174399657579,-0.212438679749828,0.));
#11555=DIRECTION('',(0.212438679749828,0.977174399657579,0.));
#11556=DIRECTION('',(0.222520933956315,0.974927912181824,0.));
#11557=DIRECTION('',(0.974927912181824,-0.222520933956315,0.));
#11558=DIRECTION('',(-0.977174399657579,0.212438679749828,7.47224424276282E-15));
#11559=DIRECTION('',(-0.212438679749828,-0.977174399657579,0.));
#11560=DIRECTION('',(-0.0747300935864242,-0.99720379718118,0.));
#11561=DIRECTION('',(0.99720379718118,-0.0747300935864242,0.));
#11562=DIRECTION('',(0.0747300935864242,0.99720379718118,0.));
#11563=DIRECTION('',(-0.99720379718118,0.0747300935864242,0.));
#11564=DIRECTION('',(0.,0.,1.));
#11565=DIRECTION('',(1.,0.,0.));
#11566=DIRECTION('',(0.733051871829828,-0.680172737770918,1.82355588100626E-16));
#11567=DIRECTION('',(0.680172737770918,0.733051871829828,0.));
#11568=DIRECTION('',(0.,0.,1.));
#11569=DIRECTION('',(1.,0.,0.));
#11570=DIRECTION('',(-0.571824524359296,-0.820375958534418,0.));
#11571=DIRECTION('',(0.820375958534418,-0.571824524359296,0.));
#11572=DIRECTION('',(-0.365341024366378,-0.930873748644211,0.));
#11573=DIRECTION('',(0.930873748644211,-0.365341024366378,0.));
#11574=DIRECTION('',(0.365341024366378,0.930873748644211,-1.72592062161741E-16));
#11575=DIRECTION('',(-0.930873748644211,0.365341024366378,0.));
#11576=DIRECTION('',(0.972577401305768,-0.232579445500498,0.));
#11577=DIRECTION('',(0.232579445500498,0.972577401305768,0.));
#11578=DIRECTION('',(-0.972577401305768,0.232579445500498,0.));
#11579=DIRECTION('',(-0.232579445500498,-0.972577401305768,0.));
#11580=DIRECTION('',(0.,0.,1.));
#11581=DIRECTION('',(1.,0.,0.));
#11582=DIRECTION('',(0.733051871829827,-0.68017273777092,0.));
#11583=DIRECTION('',(0.68017273777092,0.733051871829827,0.));
#11584=DIRECTION('',(0.733051871829828,-0.680172737770918,0.));
#11585=DIRECTION('',(0.680172737770918,0.733051871829828,0.));
#11586=DIRECTION('',(0.571824524359295,0.820375958534419,0.));
#11587=DIRECTION('',(-0.820375958534419,0.571824524359295,0.));
#11588=DIRECTION('',(-0.57182452435928,-0.820375958534429,0.));
#11589=DIRECTION('',(0.820375958534429,-0.57182452435928,0.));
#11590=DIRECTION('',(-0.826238774315994,0.563320058063623,0.));
#11591=DIRECTION('',(0.563320058063622,0.826238774315995,0.));
#11592=DIRECTION('',(0.,0.,1.));
#11593=DIRECTION('',(1.,0.,0.));
#11594=DIRECTION('',(0.900968867902427,-0.433883739117542,0.));
#11595=DIRECTION('',(0.433883739117542,0.900968867902427,0.));
#11596=DIRECTION('',(-0.55475548633127,-0.83201343161355,0.));
#11597=DIRECTION('',(0.83201343161355,-0.554755486331271,0.));
#11598=DIRECTION('',(0.,0.,1.));
#11599=DIRECTION('',(1.,0.,0.));
#11600=DIRECTION('',(-0.8711438827219,0.491027835866984,0.));
#11601=DIRECTION('',(-0.491027835866984,-0.8711438827219,0.));
#11602=DIRECTION('',(0.,0.,1.));
#11603=DIRECTION('',(1.,0.,0.));
#11604=DIRECTION('',(0.365341024366395,0.930873748644204,0.));
#11605=DIRECTION('',(-0.930873748644204,0.365341024366395,0.));
#11606=DIRECTION('',(0.,0.,1.));
#11607=DIRECTION('',(1.,0.,0.));
#11608=DIRECTION('',(0.554755486331265,0.832013431613554,0.));
#11609=DIRECTION('',(-0.832013431613554,0.554755486331265,0.));
#11610=DIRECTION('',(-0.554755486331266,-0.832013431613553,0.));
#11611=DIRECTION('',(0.832013431613553,-0.554755486331266,0.));
#11612=DIRECTION('',(0.900968867902427,-0.433883739117542,0.));
#11613=DIRECTION('',(0.433883739117542,0.900968867902427,0.));
#11614=DIRECTION('',(0.900968867902425,-0.433883739117544,0.));
#11615=DIRECTION('',(0.433883739117545,0.900968867902426,0.));
#11616=DIRECTION('',(0.,0.,1.));
#11617=DIRECTION('',(1.,0.,0.));
#11618=DIRECTION('',(0.623489801858724,0.781831482468038,0.));
#11619=DIRECTION('',(-0.781831482468038,0.623489801858724,0.));
#11620=DIRECTION('',(-0.860814521187055,0.508918814855082,0.));
#11621=DIRECTION('',(-0.508918814855082,-0.860814521187055,0.));
#11622=DIRECTION('',(0.871143882721898,-0.491027835866987,0.));
#11623=DIRECTION('',(0.491027835866987,0.871143882721898,0.));
#11624=DIRECTION('',(0.5,0.866025403784439,0.));
#11625=DIRECTION('',(0.866025403784439,-0.5,0.));
#11626=DIRECTION('',(-0.871143882721899,0.491027835866985,-4.69749796886972E-15));
#11627=DIRECTION('',(-0.491027835866985,-0.871143882721899,0.));
#11628=DIRECTION('',(-0.365341024366395,-0.930873748644204,0.));
#11629=DIRECTION('',(0.930873748644204,-0.365341024366395,0.));
#11630=DIRECTION('',(0.365341024366398,0.930873748644203,0.));
#11631=DIRECTION('',(-0.930873748644203,0.365341024366398,0.));
#11632=DIRECTION('',(0.,0.,1.));
#11633=DIRECTION('',(1.,0.,0.));
#11634=DIRECTION('',(0.900968867902419,-0.433883739117558,0.));
#11635=DIRECTION('',(0.433883739117558,0.900968867902419,0.));
#11636=DIRECTION('',(0.,0.,1.));
#11637=DIRECTION('',(1.,0.,0.));
#11638=DIRECTION('',(-0.304609906419013,-0.952477193906185,0.));
#11639=DIRECTION('',(0.952477193906185,-0.304609906419013,0.));
#11640=DIRECTION('',(-0.623489801858719,-0.781831482468041,0.));
#11641=DIRECTION('',(0.781831482468041,-0.623489801858719,0.));
#11642=DIRECTION('',(0.623489801858719,0.781831482468042,2.73023478941498E-16));
#11643=DIRECTION('',(-0.781831482468042,0.623489801858719,0.));
#11644=DIRECTION('',(0.860814521187055,-0.508918814855082,0.));
#11645=DIRECTION('',(0.508918814855082,0.860814521187055,0.));
#11646=DIRECTION('',(-0.860814521187055,0.508918814855082,0.));
#11647=DIRECTION('',(-0.508918814855082,-0.860814521187055,0.));
#11648=DIRECTION('',(0.,0.,1.));
#11649=DIRECTION('',(1.,0.,0.));
#11650=DIRECTION('',(0.900968867902419,-0.433883739117559,0.));
#11651=DIRECTION('',(0.433883739117559,0.900968867902419,0.));
#11652=DIRECTION('',(0.900968867902419,-0.433883739117558,1.1449618164689E-16));
#11653=DIRECTION('',(0.433883739117558,0.900968867902419,0.));
#11654=DIRECTION('',(0.304609906419012,0.952477193906185,0.));
#11655=DIRECTION('',(-0.952477193906185,0.304609906419012,0.));
#11656=DIRECTION('',(-0.304609906419013,-0.952477193906185,0.));
#11657=DIRECTION('',(0.952477193906185,-0.304609906419013,0.));
#11658=DIRECTION('',(-0.955572805786142,0.294755174410901,0.));
#11659=DIRECTION('',(0.294755174410904,0.955572805786141,0.));
#11660=DIRECTION('',(0.,0.,1.));
#11661=DIRECTION('',(1.,0.,0.));
#11662=DIRECTION('',(0.988830826225131,-0.149042266176156,0.));
#11663=DIRECTION('',(0.149042266176156,0.988830826225131,0.));
#11664=DIRECTION('',(-0.284868992451353,-0.958566459427697,0.));
#11665=DIRECTION('',(0.958566459427697,-0.284868992451353,0.));
#11666=DIRECTION('',(0.,0.,1.));
#11667=DIRECTION('',(1.,0.,0.));
#11668=DIRECTION('',(-0.687708408854414,0.725987013927198,0.));
#11669=DIRECTION('',(-0.725987013927198,-0.687708408854414,0.));
#11670=DIRECTION('',(0.,0.,1.));
#11671=DIRECTION('',(1.,0.,0.));
#11672=DIRECTION('',(0.623489801858732,0.781831482468031,0.));
#11673=DIRECTION('',(-0.781831482468031,0.623489801858732,0.));
#11674=DIRECTION('',(0.,0.,1.));
#11675=DIRECTION('',(1.,0.,0.));
#11676=DIRECTION('',(0.284868992451354,0.958566459427697,0.));
#11677=DIRECTION('',(-0.958566459427697,0.284868992451354,0.));
#11678=DIRECTION('',(-0.284868992451356,-0.958566459427696,-7.10249201115117E-15));
#11679=DIRECTION('',(0.958566459427696,-0.284868992451356,0.));
#11680=DIRECTION('',(0.988830826225131,-0.149042266176156,0.));
#11681=DIRECTION('',(0.149042266176156,0.988830826225131,0.));
#11682=DIRECTION('',(0.988830826225131,-0.149042266176159,0.));
#11683=DIRECTION('',(0.149042266176159,0.988830826225131,0.));
#11684=DIRECTION('',(0.,0.,1.));
#11685=DIRECTION('',(1.,0.,0.));
#11686=DIRECTION('',(0.826238774315986,0.563320058063636,0.));
#11687=DIRECTION('',(-0.563320058063636,0.826238774315986,0.));
#11688=DIRECTION('',(-0.672564493238567,0.740038514156358,0.));
#11689=DIRECTION('',(-0.740038514156358,-0.672564493238567,0.));
#11690=DIRECTION('',(0.687708408854414,-0.725987013927199,0.));
#11691=DIRECTION('',(0.725987013927199,0.687708408854414,0.));
#11692=DIRECTION('',(0.733051871829832,0.680172737770914,0.));
#11693=DIRECTION('',(0.680172737770919,-0.733051871829826,0.));
#11694=DIRECTION('',(-0.687708408854412,0.7259870139272,0.));
#11695=DIRECTION('',(-0.7259870139272,-0.687708408854412,0.));
#11696=DIRECTION('',(-0.623489801858734,-0.78183148246803,0.));
#11697=DIRECTION('',(0.78183148246803,-0.623489801858734,0.));
#11698=DIRECTION('',(0.623489801858736,0.781831482468028,0.));
#11699=DIRECTION('',(-0.781831482468028,0.623489801858736,0.));
#11700=DIRECTION('',(0.,0.,1.));
#11701=DIRECTION('',(1.,0.,0.));
#11702=DIRECTION('',(0.988830826225128,-0.149042266176175,0.));
#11703=DIRECTION('',(0.149042266176175,0.988830826225129,0.));
#11704=DIRECTION('',(0.,0.,1.));
#11705=DIRECTION('',(1.,0.,0.));
#11706=DIRECTION('',(-0.0103293615348433,-0.999946650722069,0.));
#11707=DIRECTION('',(0.999946650722069,-0.0103293615348433,0.));
#11708=DIRECTION('',(-0.826238774315985,-0.563320058063637,0.));
#11709=DIRECTION('',(0.563320058063637,-0.826238774315985,0.));
#11710=DIRECTION('',(0.826238774315984,0.563320058063637,0.));
#11711=DIRECTION('',(-0.563320058063638,0.826238774315985,0.));
#11712=DIRECTION('',(0.672564493238567,-0.740038514156357,0.));
#11713=DIRECTION('',(0.740038514156357,0.672564493238567,0.));
#11714=DIRECTION('',(-0.672564493238573,0.740038514156352,0.));
#11715=DIRECTION('',(-0.740038514156352,-0.672564493238573,0.));
#11716=DIRECTION('',(0.,0.,1.));
#11717=DIRECTION('',(1.,0.,0.));
#11718=DIRECTION('',(0.988830826225129,-0.149042266176174,0.));
#11719=DIRECTION('',(0.149042266176174,0.988830826225129,0.));
#11720=DIRECTION('',(0.988830826225128,-0.149042266176175,0.));
#11721=DIRECTION('',(0.149042266176175,0.988830826225129,0.));
#11722=DIRECTION('',(0.0103293615348424,0.999946650722069,0.));
#11723=DIRECTION('',(-0.999946650722069,0.0103293615348424,0.));
#11724=DIRECTION('',(-0.0103293615348364,-0.999946650722069,0.));
#11725=DIRECTION('',(0.999946650722069,-0.0103293615348364,0.));
#11726=DIRECTION('',(-1.,0.,0.));
#11727=DIRECTION('',(2.77570564345472E-17,1.,0.));
#11728=DIRECTION('',(0.,0.,1.));
#11729=DIRECTION('',(1.,0.,0.));
#11730=DIRECTION('',(0.988830826225126,0.149042266176193,0.));
#11731=DIRECTION('',(-0.149042266176193,0.988830826225126,0.));
#11732=DIRECTION('',(0.0103293615348399,-0.999946650722069,0.));
#11733=DIRECTION('',(0.999946650722069,0.0103293615348399,0.));
#11734=DIRECTION('',(0.,0.,1.));
#11735=DIRECTION('',(1.,0.,0.));
#11736=DIRECTION('',(-0.443167024901571,0.896439059858444,3.82069340255746E-16));
#11737=DIRECTION('',(-0.896439059858444,-0.443167024901571,0.));
#11738=DIRECTION('',(0.,0.,1.));
#11739=DIRECTION('',(1.,0.,0.));
#11740=DIRECTION('',(0.826238774315995,0.563320058063621,0.));
#11741=DIRECTION('',(-0.563320058063621,0.826238774315996,0.));
#11742=DIRECTION('',(0.,0.,1.));
#11743=DIRECTION('',(1.,0.,0.));
#11744=DIRECTION('',(-0.0103293615348423,0.999946650722069,0.));
#11745=DIRECTION('',(-0.999946650722069,-0.0103293615348423,0.));
#11746=DIRECTION('',(0.0103293615348437,-0.999946650722069,-6.89837343505564E-15));
#11747=DIRECTION('',(0.999946650722069,0.0103293615348437,0.));
#11748=DIRECTION('',(0.988830826225126,0.149042266176192,0.));
#11749=DIRECTION('',(-0.149042266176192,0.988830826225126,0.));
#11750=DIRECTION('',(0.988830826225126,0.14904226617619,0.));
#11751=DIRECTION('',(-0.14904226617619,0.988830826225126,0.));
#11752=DIRECTION('',(0.,0.,1.));
#11753=DIRECTION('',(1.,0.,0.));
#11754=DIRECTION('',(0.955572805786136,0.29475517441092,0.));
#11755=DIRECTION('',(-0.29475517441092,0.955572805786136,0.));
#11756=DIRECTION('',(-0.424554158565168,0.905402543869313,0.));
#11757=DIRECTION('',(-0.905402543869313,-0.424554158565168,0.));
#11758=DIRECTION('',(0.443167024901572,-0.896439059858444,0.));
#11759=DIRECTION('',(0.896439059858444,0.443167024901572,0.));
#11760=DIRECTION('',(0.900968867902423,0.43388373911755,0.));
#11761=DIRECTION('',(0.433883739117558,-0.900968867902419,0.));
#11762=DIRECTION('',(-0.443167024901571,0.896439059858444,-1.52827736102299E-15));
#11763=DIRECTION('',(-0.896439059858444,-0.443167024901571,0.));
#11764=DIRECTION('',(-0.826238774315995,-0.563320058063622,0.));
#11765=DIRECTION('',(0.563320058063622,-0.826238774315995,0.));
#11766=DIRECTION('',(0.826238774315994,0.563320058063624,0.));
#11767=DIRECTION('',(-0.563320058063624,0.826238774315994,0.));
#11768=DIRECTION('',(0.,0.,1.));
#11769=DIRECTION('',(1.,0.,0.));
#11770=DIRECTION('',(0.988830826225129,0.149042266176174,-4.26252315912146E-16));
#11771=DIRECTION('',(-0.149042266176174,0.988830826225129,0.));
#11772=DIRECTION('',(0.,0.,1.));
#11773=DIRECTION('',(1.,0.,0.));
#11774=DIRECTION('',(0.284868992451353,-0.958566459427697,0.));
#11775=DIRECTION('',(0.958566459427697,0.284868992451353,0.));
#11776=DIRECTION('',(-0.955572805786135,-0.294755174410922,0.));
#11777=DIRECTION('',(0.294755174410922,-0.955572805786135,0.));
#11778=DIRECTION('',(0.955572805786135,0.294755174410922,9.63210074604645E-17));
#11779=DIRECTION('',(-0.294755174410922,0.955572805786135,0.));
#11780=DIRECTION('',(0.424554158565168,-0.905402543869312,0.));
#11781=DIRECTION('',(0.905402543869313,0.424554158565169,0.));
#11782=DIRECTION('',(-0.424554158565157,0.905402543869317,0.));
#11783=DIRECTION('',(-0.905402543869317,-0.424554158565157,0.));
#11784=DIRECTION('',(0.,0.,1.));
#11785=DIRECTION('',(1.,0.,0.));
#11786=DIRECTION('',(0.988830826225129,0.149042266176174,0.));
#11787=DIRECTION('',(-0.149042266176174,0.988830826225129,0.));
#11788=DIRECTION('',(0.988830826225128,0.149042266176175,0.));
#11789=DIRECTION('',(-0.149042266176175,0.988830826225129,0.));
#11790=DIRECTION('',(-0.284868992451354,0.958566459427697,0.));
#11791=DIRECTION('',(-0.958566459427697,-0.284868992451354,0.));
#11792=DIRECTION('',(0.284868992451349,-0.958566459427698,0.));
#11793=DIRECTION('',(0.958566459427698,0.284868992451349,0.));
#11794=DIRECTION('',(-0.95557280578614,-0.294755174410908,0.));
#11795=DIRECTION('',(-0.294755174410904,0.955572805786141,0.));
#11796=DIRECTION('',(0.,0.,1.));
#11797=DIRECTION('',(1.,0.,0.));
#11798=DIRECTION('',(0.900968867902412,0.433883739117574,0.));
#11799=DIRECTION('',(-0.433883739117574,0.900968867902412,0.));
#11800=DIRECTION('',(0.304609906419013,-0.952477193906185,0.));
#11801=DIRECTION('',(0.952477193906185,0.304609906419013,0.));
#11802=DIRECTION('',(0.,0.,1.));
#11803=DIRECTION('',(1.,0.,0.));
#11804=DIRECTION('',(-0.159248305979767,0.987238561363247,0.));
#11805=DIRECTION('',(-0.987238561363248,-0.159248305979767,0.));
#11806=DIRECTION('',(0.,0.,1.));
#11807=DIRECTION('',(1.,0.,0.));
#11808=DIRECTION('',(0.95557280578614,0.294755174410905,0.));
#11809=DIRECTION('',(-0.294755174410905,0.95557280578614,0.));
#11810=DIRECTION('',(0.,0.,1.));
#11811=DIRECTION('',(1.,0.,0.));
#11812=DIRECTION('',(-0.304609906419011,0.952477193906185,0.));
#11813=DIRECTION('',(-0.952477193906186,-0.304609906419011,0.));
#11814=DIRECTION('',(0.304609906419013,-0.952477193906185,-7.61976162226548E-15));
#11815=DIRECTION('',(0.952477193906185,0.304609906419013,0.));
#11816=DIRECTION('',(0.900968867902411,0.433883739117574,0.));
#11817=DIRECTION('',(-0.433883739117574,0.900968867902411,0.));
#11818=DIRECTION('',(0.900968867902413,0.433883739117571,0.));
#11819=DIRECTION('',(-0.433883739117571,0.900968867902413,0.));
#11820=DIRECTION('',(0.,0.,1.));
#11821=DIRECTION('',(1.,0.,0.));
#11822=DIRECTION('',(1.,1.60791457793904E-14,0.));
#11823=DIRECTION('',(-1.60791457793904E-14,1.,0.));
#11824=DIRECTION('',(-0.138820323778017,0.990317584265859,0.));
#11825=DIRECTION('',(-0.990317584265859,-0.138820323778017,0.));
#11826=DIRECTION('',(0.159248305979769,-0.987238561363247,0.));
#11827=DIRECTION('',(0.987238561363247,0.159248305979769,0.));
#11828=DIRECTION('',(0.988830826225128,0.149042266176181,0.));
#11829=DIRECTION('',(0.149042266176174,-0.988830826225128,0.));
#11830=DIRECTION('',(-0.15924830597977,0.987238561363247,-6.80905508976197E-15));
#11831=DIRECTION('',(-0.987238561363247,-0.15924830597977,0.));
#11832=DIRECTION('',(-0.955572805786141,-0.294755174410904,0.));
#11833=DIRECTION('',(0.294755174410904,-0.955572805786141,0.));
#11834=DIRECTION('',(0.95557280578614,0.294755174410906,0.));
#11835=DIRECTION('',(-0.294755174410906,0.95557280578614,0.));
#11836=DIRECTION('',(0.,0.,1.));
#11837=DIRECTION('',(1.,0.,0.));
#11838=DIRECTION('',(0.90096886790242,0.433883739117557,0.));
#11839=DIRECTION('',(-0.433883739117557,0.90096886790242,0.));
#11840=DIRECTION('',(0.,0.,1.));
#11841=DIRECTION('',(1.,0.,0.));
#11842=DIRECTION('',(0.554755486331265,-0.832013431613554,0.));
#11843=DIRECTION('',(0.832013431613554,0.554755486331265,0.));
#11844=DIRECTION('',(-1.,-1.81430997492452E-14,0.));
#11845=DIRECTION('',(1.81430997492452E-14,-1.,0.));
#11846=DIRECTION('',(1.,1.81295066505878E-14,3.12601265705213E-29));
#11847=DIRECTION('',(-1.81295066505878E-14,1.,0.));
#11848=DIRECTION('',(0.138820323778016,-0.990317584265859,0.));
#11849=DIRECTION('',(0.990317584265859,0.138820323778016,0.));
#11850=DIRECTION('',(-0.138820323778027,0.990317584265857,0.));
#11851=DIRECTION('',(-0.990317584265858,-0.138820323778027,0.));
#11852=DIRECTION('',(0.,0.,1.));
#11853=DIRECTION('',(1.,0.,0.));
#11854=DIRECTION('',(0.900968867902419,0.433883739117558,0.));
#11855=DIRECTION('',(-0.433883739117558,0.900968867902419,0.));
#11856=DIRECTION('',(0.900968867902419,0.433883739117558,-1.1449618164689E-16));
#11857=DIRECTION('',(-0.433883739117558,0.900968867902419,0.));
#11858=DIRECTION('',(-0.554755486331265,0.832013431613554,0.));
#11859=DIRECTION('',(-0.832013431613554,-0.554755486331265,0.));
#11860=DIRECTION('',(0.554755486331271,-0.83201343161355,0.));
#11861=DIRECTION('',(0.83201343161355,0.554755486331271,0.));
#11862=DIRECTION('',(-0.826238774315994,-0.563320058063623,0.));
#11863=DIRECTION('',(-0.563320058063622,0.826238774315995,0.));
#11864=DIRECTION('',(0.,0.,1.));
#11865=DIRECTION('',(1.,0.,0.));
#11866=DIRECTION('',(0.733051871829812,0.680172737770935,0.));
#11867=DIRECTION('',(-0.680172737770935,0.733051871829812,0.));
#11868=DIRECTION('',(0.571824524359289,-0.820375958534423,0.));
#11869=DIRECTION('',(0.820375958534423,0.571824524359289,0.));
#11870=DIRECTION('',(0.,0.,1.));
#11871=DIRECTION('',(1.,0.,0.));
#11872=DIRECTION('',(0.13882032377802,0.990317584265858,0.));
#11873=DIRECTION('',(-0.990317584265858,0.13882032377802,0.));
#11874=DIRECTION('',(0.,0.,1.));
#11875=DIRECTION('',(1.,0.,0.));
#11876=DIRECTION('',(1.,0.,0.));
#11877=DIRECTION('',(0.,0.,-1.));
#11878=DIRECTION('',(0.,0.,1.));
#11879=DIRECTION('',(1.,0.,0.));
#11880=DIRECTION('',(-0.571824524359295,0.820375958534419,0.));
#11881=DIRECTION('',(-0.820375958534419,-0.571824524359295,0.));
#11882=DIRECTION('',(0.571824524359295,-0.820375958534419,-1.97195735682308E-15));
#11883=DIRECTION('',(0.820375958534419,0.571824524359295,0.));
#11884=DIRECTION('',(0.733051871829814,0.680172737770933,0.));
#11885=DIRECTION('',(-0.680172737770933,0.733051871829814,0.));
#11886=DIRECTION('',(0.733051871829816,0.680172737770931,0.));
#11887=DIRECTION('',(-0.680172737770931,0.733051871829816,0.));
#11888=DIRECTION('',(0.,0.,1.));
#11889=DIRECTION('',(1.,0.,0.));
#11890=DIRECTION('',(0.955572805786146,-0.294755174410888,0.));
#11891=DIRECTION('',(0.294755174410888,0.955572805786146,0.));
#11892=DIRECTION('',(0.15924830597977,0.987238561363247,0.));
#11893=DIRECTION('',(-0.987238561363247,0.15924830597977,0.));
#11894=DIRECTION('',(-0.138820323778016,-0.990317584265859,0.));
#11895=DIRECTION('',(0.990317584265859,-0.138820323778016,0.));
#11896=DIRECTION('',(0.988830826225129,-0.149042266176172,0.));
#11897=DIRECTION('',(-0.149042266176174,-0.988830826225128,0.));
#11898=DIRECTION('',(0.138820323778014,0.990317584265859,6.94997304620535E-15));
#11899=DIRECTION('',(-0.990317584265859,0.138820323778014,0.));
#11900=DIRECTION('',(-1.,0.,0.));
#11901=DIRECTION('',(0.,0.,1.));
#11902=DIRECTION('',(1.,8.63309840504178E-16,0.));
#11903=DIRECTION('',(-8.63309840504178E-16,1.,0.));
#11904=DIRECTION('',(0.,0.,1.));
#11905=DIRECTION('',(1.,0.,0.));
#11906=DIRECTION('',(0.733051871829828,0.680172737770918,0.));
#11907=DIRECTION('',(-0.680172737770918,0.733051871829828,0.));
#11908=DIRECTION('',(0.,0.,1.));
#11909=DIRECTION('',(1.,0.,0.));
#11910=DIRECTION('',(0.77534952074629,-0.631532359169741,0.));
#11911=DIRECTION('',(0.631532359169741,0.77534952074629,0.));
#11912=DIRECTION('',(-0.955572805786146,0.294755174410887,0.));
#11913=DIRECTION('',(-0.294755174410887,-0.955572805786146,0.));
#11914=DIRECTION('',(0.955572805786146,-0.294755174410887,1.01647377802216E-15));
#11915=DIRECTION('',(0.294755174410887,0.955572805786146,0.));
#11916=DIRECTION('',(-0.159248305979769,-0.987238561363247,0.));
#11917=DIRECTION('',(0.987238561363247,-0.159248305979769,0.));
#11918=DIRECTION('',(0.159248305979763,0.987238561363248,0.));
#11919=DIRECTION('',(-0.987238561363248,0.159248305979763,0.));
#11920=DIRECTION('',(0.,0.,1.));
#11921=DIRECTION('',(1.,0.,0.));
#11922=DIRECTION('',(0.733051871829826,0.68017273777092,0.));
#11923=DIRECTION('',(-0.68017273777092,0.733051871829826,0.));
#11924=DIRECTION('',(0.733051871829828,0.680172737770918,0.));
#11925=DIRECTION('',(-0.680172737770918,0.733051871829828,0.));
#11926=DIRECTION('',(-0.77534952074629,0.631532359169741,0.));
#11927=DIRECTION('',(-0.631532359169741,-0.77534952074629,0.));
#11928=DIRECTION('',(0.775349520746291,-0.631532359169739,0.));
#11929=DIRECTION('',(0.631532359169739,0.775349520746291,0.));
#11930=DIRECTION('',(-0.623489801858734,-0.781831482468029,0.));
#11931=DIRECTION('',(-0.78183148246803,0.623489801858734,0.));
#11932=DIRECTION('',(0.,0.,1.));
#11933=DIRECTION('',(1.,0.,0.));
#11934=DIRECTION('',(0.499999999999983,0.866025403784448,0.));
#11935=DIRECTION('',(-0.866025403784448,0.499999999999983,0.));
#11936=DIRECTION('',(0.788230023899663,-0.615380719086272,-1.06108122733012E-15));
#11937=DIRECTION('',(0.615380719086272,0.788230023899663,0.));
#11938=DIRECTION('',(0.,0.,1.));
#11939=DIRECTION('',(1.,0.,0.));
#11940=DIRECTION('',(0.42455415856517,0.905402543869312,0.));
#11941=DIRECTION('',(-0.905402543869312,0.42455415856517,0.));
#11942=DIRECTION('',(0.,0.,1.));
#11943=DIRECTION('',(1.,0.,0.));
#11944=DIRECTION('',(0.955572805786141,-0.294755174410904,0.));
#11945=DIRECTION('',(0.294755174410904,0.955572805786141,0.));
#11946=DIRECTION('',(0.,0.,1.));
#11947=DIRECTION('',(1.,0.,0.));
#11948=DIRECTION('',(-0.788230023899662,0.615380719086273,0.));
#11949=DIRECTION('',(-0.615380719086273,-0.788230023899662,0.));
#11950=DIRECTION('',(0.788230023899663,-0.615380719086272,0.));
#11951=DIRECTION('',(0.615380719086272,0.788230023899663,0.));
#11952=DIRECTION('',(0.499999999999984,0.866025403784448,0.));
#11953=DIRECTION('',(-0.866025403784448,0.499999999999984,0.));
#11954=DIRECTION('',(0.499999999999985,0.866025403784447,0.));
#11955=DIRECTION('',(-0.866025403784447,0.499999999999985,0.));
#11956=DIRECTION('',(0.,0.,1.));
#11957=DIRECTION('',(1.,0.,0.));
#11958=DIRECTION('',(0.826238774316003,-0.56332005806361,7.12328502931251E-16));
#11959=DIRECTION('',(0.56332005806361,0.826238774316003,0.));
#11960=DIRECTION('',(0.443167024901572,0.896439059858443,0.));
#11961=DIRECTION('',(-0.896439059858443,0.443167024901572,0.));
#11962=DIRECTION('',(-0.424554158565168,-0.905402543869312,0.));
#11963=DIRECTION('',(0.905402543869313,-0.424554158565169,0.));
#11964=DIRECTION('',(0.900968867902423,-0.433883739117551,0.));
#11965=DIRECTION('',(-0.433883739117558,-0.900968867902419,0.));
#11966=DIRECTION('',(0.424554158565167,0.905402543869313,-1.46409022468993E-15));
#11967=DIRECTION('',(-0.905402543869313,0.424554158565167,0.));
#11968=DIRECTION('',(-0.955572805786141,0.294755174410904,0.));
#11969=DIRECTION('',(-0.294755174410904,-0.955572805786141,0.));
#11970=DIRECTION('',(0.95557280578614,-0.294755174410907,0.));
#11971=DIRECTION('',(0.294755174410907,0.95557280578614,0.));
#11972=DIRECTION('',(0.,0.,1.));
#11973=DIRECTION('',(1.,0.,0.));
#11974=DIRECTION('',(0.5,0.866025403784436,0.));
#11975=DIRECTION('',(-0.866025403784436,0.5,0.));
#11976=DIRECTION('',(0.,0.,1.));
#11977=DIRECTION('',(1.,0.,0.));
#11978=DIRECTION('',(0.92705034767768,-0.374936865179584,0.));
#11979=DIRECTION('',(0.374936865179584,0.92705034767768,0.));
#11980=DIRECTION('',(-0.826238774316005,0.563320058063607,0.));
#11981=DIRECTION('',(-0.563320058063607,-0.826238774316005,0.));
#11982=DIRECTION('',(0.826238774316005,-0.563320058063608,0.));
#11983=DIRECTION('',(0.563320058063608,0.826238774316005,0.));
#11984=DIRECTION('',(-0.443167024901572,-0.896439059858443,0.));
#11985=DIRECTION('',(0.896439059858443,-0.443167024901572,0.));
#11986=DIRECTION('',(0.443167024901564,0.896439059858447,0.));
#11987=DIRECTION('',(-0.896439059858447,0.443167024901564,0.));
#11988=DIRECTION('',(0.,0.,1.));
#11989=DIRECTION('',(1.,0.,0.));
#11990=DIRECTION('',(0.5,0.866025403784439,0.));
#11991=DIRECTION('',(-0.866025403784439,0.5,0.));
#11992=DIRECTION('',(0.5,0.866025403784439,0.));
#11993=DIRECTION('',(-0.866025403784439,0.5,0.));
#11994=DIRECTION('',(-0.927050347677679,0.374936865179586,0.));
#11995=DIRECTION('',(-0.374936865179586,-0.927050347677679,0.));
#11996=DIRECTION('',(0.927050347677684,-0.374936865179573,0.));
#11997=DIRECTION('',(0.374936865179573,0.927050347677684,0.));
#11998=DIRECTION('',(-0.365341024366403,-0.930873748644201,0.));
#11999=DIRECTION('',(-0.930873748644204,0.365341024366395,0.));
#12000=DIRECTION('',(0.,0.,1.));
#12001=DIRECTION('',(1.,0.,0.));
#12002=DIRECTION('',(0.222520933956297,0.974927912181827,0.));
#12003=DIRECTION('',(-0.974927912181828,0.222520933956298,0.));
#12004=DIRECTION('',(0.93459782672606,-0.355706202193505,0.));
#12005=DIRECTION('',(0.355706202193505,0.93459782672606,0.));
#12006=DIRECTION('',(0.,0.,1.));
#12007=DIRECTION('',(1.,0.,0.));
#12008=DIRECTION('',(0.67256449323857,0.740038514156355,0.));
#12009=DIRECTION('',(-0.740038514156355,0.67256449323857,0.));
#12010=DIRECTION('',(0.,0.,1.));
#12011=DIRECTION('',(1.,0.,0.));
#12012=DIRECTION('',(0.826238774315995,-0.563320058063621,0.));
#12013=DIRECTION('',(0.563320058063621,0.826238774315996,0.));
#12014=DIRECTION('',(0.,0.,1.));
#12015=DIRECTION('',(1.,0.,0.));
#12016=DIRECTION('',(-0.934597826726059,0.355706202193507,0.));
#12017=DIRECTION('',(-0.355706202193507,-0.934597826726059,0.));
#12018=DIRECTION('',(0.934597826726059,-0.355706202193506,-5.83265538105785E-15));
#12019=DIRECTION('',(0.355706202193506,0.934597826726059,0.));
#12020=DIRECTION('',(0.222520933956297,0.974927912181828,0.));
#12021=DIRECTION('',(-0.974927912181828,0.222520933956297,0.));
#12022=DIRECTION('',(0.2225209339563,0.974927912181827,0.));
#12023=DIRECTION('',(-0.974927912181827,0.2225209339563,0.));
#12024=DIRECTION('',(0.,0.,1.));
#12025=DIRECTION('',(1.,0.,0.));
#12026=DIRECTION('',(0.623489801858746,-0.78183148246802,-1.34808693748852E-15));
#12027=DIRECTION('',(0.78183148246802,0.623489801858746,0.));
#12028=DIRECTION('',(0.687708408854414,0.725987013927198,0.));
#12029=DIRECTION('',(-0.725987013927198,0.687708408854414,0.));
#12030=DIRECTION('',(-0.672564493238568,-0.740038514156357,0.));
#12031=DIRECTION('',(0.740038514156357,-0.672564493238568,0.));
#12032=DIRECTION('',(0.733051871829818,-0.680172737770928,0.));
#12033=DIRECTION('',(-0.68017273777092,-0.733051871829826,0.));
#12034=DIRECTION('',(0.672564493238567,0.740038514156357,-4.87141207492624E-15));
#12035=DIRECTION('',(-0.740038514156357,0.672564493238567,0.));
#12036=DIRECTION('',(-0.826238774315995,0.563320058063622,0.));
#12037=DIRECTION('',(-0.563320058063622,-0.826238774315995,0.));
#12038=DIRECTION('',(0.826238774315995,-0.563320058063621,0.));
#12039=DIRECTION('',(0.563320058063621,0.826238774315996,0.));
#12040=DIRECTION('',(0.,0.,1.));
#12041=DIRECTION('',(1.,0.,0.));
#12042=DIRECTION('',(0.222520933956316,0.974927912181823,1.4629409077669E-16));
#12043=DIRECTION('',(-0.974927912181823,0.222520933956316,0.));
#12044=DIRECTION('',(0.,0.,1.));
#12045=DIRECTION('',(1.,0.,0.));
#12046=DIRECTION('',(0.996378682924463,-0.0850265853348937,0.));
#12047=DIRECTION('',(0.0850265853348937,0.996378682924463,0.));
#12048=DIRECTION('',(-0.623489801858748,0.781831482468019,0.));
#12049=DIRECTION('',(-0.781831482468019,-0.623489801858748,0.));
#12050=DIRECTION('',(0.623489801858747,-0.781831482468019,9.96562506308393E-15));
#12051=DIRECTION('',(0.781831482468019,0.623489801858747,0.));
#12052=DIRECTION('',(-0.687708408854414,-0.725987013927198,0.));
#12053=DIRECTION('',(0.725987013927198,-0.687708408854414,0.));
#12054=DIRECTION('',(0.687708408854407,0.725987013927205,0.));
#12055=DIRECTION('',(-0.725987013927205,0.687708408854407,0.));
#12056=DIRECTION('',(0.,0.,1.));
#12057=DIRECTION('',(1.,0.,0.));
#12058=DIRECTION('',(0.222520933956315,0.974927912181824,0.));
#12059=DIRECTION('',(-0.974927912181824,0.222520933956315,0.));
#12060=DIRECTION('',(0.222520933956315,0.974927912181824,-8.40518457543076E-16));
#12061=DIRECTION('',(-0.974927912181824,0.222520933956315,0.));
#12062=DIRECTION('',(-0.996378682924463,0.085026585334894,0.));
#12063=DIRECTION('',(-0.085026585334894,-0.996378682924463,0.));
#12064=DIRECTION('',(0.996378682924464,-0.0850265853348799,0.));
#12065=DIRECTION('',(0.0850265853348799,0.996378682924464,0.));
#12066=DIRECTION('',(-0.0747300935864154,-0.997203797181181,0.));
#12067=DIRECTION('',(-0.99720379718118,0.0747300935864244,0.));
#12068=DIRECTION('',(0.,0.,1.));
#12069=DIRECTION('',(1.,0.,0.));
#12070=DIRECTION('',(-0.0747300935864425,0.997203797181179,0.));
#12071=DIRECTION('',(-0.997203797181179,-0.0747300935864425,0.));
#12072=DIRECTION('',(0.997922511232836,-0.0644256282448924,-2.7771760866634E-17));
#12073=DIRECTION('',(0.0644256282448924,0.997922511232837,0.));
#12074=DIRECTION('',(0.,0.,1.));
#12075=DIRECTION('',(1.,0.,0.));
#12076=DIRECTION('',(0.860814521187054,0.508918814855084,3.84606209548064E-15));
#12077=DIRECTION('',(-0.508918814855084,0.860814521187054,0.));
#12078=DIRECTION('',(0.,0.,1.));
#12079=DIRECTION('',(1.,0.,0.));
#12080=DIRECTION('',(0.623489801858731,-0.781831482468032,0.));
#12081=DIRECTION('',(0.781831482468032,0.623489801858731,0.));
#12082=DIRECTION('',(0.,0.,1.));
#12083=DIRECTION('',(1.,0.,0.));
#12084=DIRECTION('',(-0.997922511232837,0.0644256282448896,0.));
#12085=DIRECTION('',(-0.0644256282448896,-0.997922511232837,0.));
#12086=DIRECTION('',(0.997922511232837,-0.0644256282448889,0.));
#12087=DIRECTION('',(0.0644256282448889,0.997922511232837,0.));
#12088=DIRECTION('',(-0.0747300935864425,0.997203797181179,0.));
#12089=DIRECTION('',(-0.997203797181179,-0.0747300935864425,0.));
#12090=DIRECTION('',(-0.0747300935864397,0.997203797181179,0.));
#12091=DIRECTION('',(-0.997203797181179,-0.0747300935864397,0.));
#12092=DIRECTION('',(0.,0.,1.));
#12093=DIRECTION('',(1.,0.,0.));
#12094=DIRECTION('',(0.365341024366411,-0.930873748644198,1.72592062161673E-16));
#12095=DIRECTION('',(0.930873748644198,0.365341024366411,0.));
#12096=DIRECTION('',(0.871143882721898,0.491027835866987,0.));
#12097=DIRECTION('',(-0.491027835866987,0.871143882721898,0.));
#12098=DIRECTION('',(-0.860814521187055,-0.508918814855081,0.));
#12099=DIRECTION('',(0.508918814855081,-0.860814521187055,0.));
#12100=DIRECTION('',(-0.5,0.866025403784438,0.));
#12101=DIRECTION('',(-0.866025403784439,-0.5,0.));
#12102=DIRECTION('',(0.860814521187056,0.508918814855081,-4.18207466273018E-15));
#12103=DIRECTION('',(-0.508918814855081,0.860814521187056,0.));
#12104=DIRECTION('',(-0.623489801858733,0.78183148246803,0.));
#12105=DIRECTION('',(-0.78183148246803,-0.623489801858733,0.));
#12106=DIRECTION('',(0.623489801858732,-0.781831482468031,0.));
#12107=DIRECTION('',(0.781831482468031,0.623489801858732,0.));
#12108=DIRECTION('',(0.,0.,1.));
#12109=DIRECTION('',(1.,0.,0.));
#12110=DIRECTION('',(-0.074730093586424,0.99720379718118,0.));
#12111=DIRECTION('',(-0.99720379718118,-0.074730093586424,0.));
#12112=DIRECTION('',(0.,0.,1.));
#12113=DIRECTION('',(1.,0.,0.));
#12114=DIRECTION('',(0.977174399657579,0.212438679749827,0.));
#12115=DIRECTION('',(-0.212438679749827,0.977174399657579,0.));
#12116=DIRECTION('',(-0.365341024366413,0.930873748644197,0.));
#12117=DIRECTION('',(-0.930873748644197,-0.365341024366413,0.));
#12118=DIRECTION('',(0.365341024366413,-0.930873748644197,0.));
#12119=DIRECTION('',(0.930873748644197,0.365341024366413,0.));
#12120=DIRECTION('',(-0.871143882721898,-0.491027835866987,0.));
#12121=DIRECTION('',(0.491027835866987,-0.871143882721898,0.));
#12122=DIRECTION('',(0.871143882721902,0.491027835866978,0.));
#12123=DIRECTION('',(-0.491027835866979,0.871143882721903,0.));
#12124=DIRECTION('',(0.,0.,1.));
#12125=DIRECTION('',(1.,0.,0.));
#12126=DIRECTION('',(-0.0747300935864244,0.99720379718118,0.));
#12127=DIRECTION('',(-0.99720379718118,-0.0747300935864244,0.));
#12128=DIRECTION('',(-0.0747300935864242,0.99720379718118,0.));
#12129=DIRECTION('',(-0.99720379718118,-0.0747300935864242,0.));
#12130=DIRECTION('',(-0.977174399657579,-0.212438679749828,0.));
#12131=DIRECTION('',(0.212438679749828,-0.977174399657579,0.));
#12132=DIRECTION('',(0.977174399657576,0.212438679749841,0.));
#12133=DIRECTION('',(-0.212438679749841,0.977174399657576,0.));
#12134=DIRECTION('',(0.222520933956313,-0.974927912181824,0.));
#12135=DIRECTION('',(-0.974927912181824,-0.222520933956315,0.));
#12136=DIRECTION('',(0.,0.,1.));
#12137=DIRECTION('',(1.,0.,0.));
#12138=DIRECTION('',(0.972577401305769,0.232579445500495,0.));
#12139=DIRECTION('',(-0.232579445500495,0.972577401305769,0.));
#12140=DIRECTION('',(0.,0.,1.));
#12141=DIRECTION('',(1.,0.,0.));
#12142=DIRECTION('',(0.365341024366396,-0.930873748644204,0.));
#12143=DIRECTION('',(0.930873748644204,0.365341024366396,0.));
#12144=DIRECTION('',(0.,0.,1.));
#12145=DIRECTION('',(1.,0.,0.));
#12146=DIRECTION('',(-0.972577401305768,-0.232579445500498,0.));
#12147=DIRECTION('',(0.232579445500498,-0.972577401305768,0.));
#12148=DIRECTION('',(0.972577401305768,0.232579445500499,-7.71050920535526E-15));
#12149=DIRECTION('',(-0.232579445500499,0.972577401305768,0.));
#12150=DIRECTION('',(-0.365341024366396,0.930873748644204,0.));
#12151=DIRECTION('',(-0.930873748644204,-0.365341024366396,0.));
#12152=DIRECTION('',(0.365341024366396,-0.930873748644204,0.));
#12153=DIRECTION('',(0.930873748644204,0.365341024366396,0.));
#12154=DIRECTION('',(0.,0.,1.));
#12155=DIRECTION('',(1.,0.,0.));
#12156=DIRECTION('',(0.,0.,1.));
#12157=DIRECTION('',(1.,0.,0.));
#12158=DIRECTION('',(0.97717439965758,0.212438679749824,-3.46139622237693E-15));
#12159=DIRECTION('',(-0.212438679749824,0.97717439965758,0.));
#12160=DIRECTION('',(0.0747300935864339,-0.997203797181179,0.));
#12161=DIRECTION('',(0.997203797181179,0.0747300935864339,0.));
#12162=DIRECTION('',(0.0747300935864425,-0.997203797181179,0.));
#12163=DIRECTION('',(0.997203797181179,0.0747300935864425,0.));
#12164=DIRECTION('',(0.0747300935864426,-0.997203797181179,0.));
#12165=DIRECTION('',(0.997203797181179,0.0747300935864426,0.));
#12166=DIRECTION('',(0.977174399657579,0.212438679749828,0.));
#12167=DIRECTION('',(-0.212438679749828,0.977174399657579,0.));
#12168=DIRECTION('',(0.97717439965758,0.212438679749826,-2.82406215770244E-14));
#12169=DIRECTION('',(-0.212438679749826,0.97717439965758,0.));
#12170=DIRECTION('',(0.,0.,1.));
#12171=DIRECTION('',(1.,0.,0.));
#12172=DIRECTION('',(0.997922511232836,-0.0644256282449096,0.));
#12173=DIRECTION('',(0.0644256282449096,0.997922511232836,0.));
#12174=DIRECTION('',(0.,0.,1.));
#12175=DIRECTION('',(1.,0.,0.));
#12176=DIRECTION('',(0.0747300935864242,-0.99720379718118,0.));
#12177=DIRECTION('',(0.99720379718118,0.0747300935864242,0.));
#12178=DIRECTION('',(0.997922511232837,-0.0644256282448896,0.));
#12179=DIRECTION('',(0.0644256282448896,0.997922511232837,0.));
#12180=DIRECTION('',(0.997922511232837,-0.0644256282448889,0.));
#12181=DIRECTION('',(0.0644256282448889,0.997922511232837,0.));
#12182=DIRECTION('',(0.0747300935864244,-0.99720379718118,0.));
#12183=DIRECTION('',(0.99720379718118,0.0747300935864244,0.));
#12184=DIRECTION('',(0.0747300935864244,-0.99720379718118,8.59723254396379E-16));
#12185=DIRECTION('',(0.99720379718118,0.0747300935864244,0.));
#12186=DIRECTION('',(0.,0.,1.));
#12187=DIRECTION('',(1.,0.,0.));
#12188=DIRECTION('',(0.,0.,1.));
#12189=DIRECTION('',(1.,0.,0.));
#12190=DIRECTION('',(0.996378682924463,-0.0850265853348937,1.83260765906021E-17));
#12191=DIRECTION('',(0.0850265853348937,0.996378682924463,0.));
#12192=DIRECTION('',(-0.222520933956308,-0.974927912181825,0.));
#12193=DIRECTION('',(0.974927912181825,-0.222520933956309,0.));
#12194=DIRECTION('',(-0.222520933956297,-0.974927912181828,0.));
#12195=DIRECTION('',(0.974927912181828,-0.222520933956297,0.));
#12196=DIRECTION('',(-0.222520933956298,-0.974927912181828,0.));
#12197=DIRECTION('',(0.974927912181828,-0.222520933956298,0.));
#12198=DIRECTION('',(0.996378682924463,-0.085026585334894,0.));
#12199=DIRECTION('',(0.085026585334894,0.996378682924463,0.));
#12200=DIRECTION('',(0.996378682924463,-0.0850265853348955,-3.46170408873986E-14));
#12201=DIRECTION('',(0.0850265853348955,0.996378682924463,0.));
#12202=DIRECTION('',(0.,0.,1.));
#12203=DIRECTION('',(1.,0.,0.));
#12204=DIRECTION('',(0.934597826726062,-0.3557062021935,0.));
#12205=DIRECTION('',(0.3557062021935,0.934597826726062,0.));
#12206=DIRECTION('',(0.,0.,1.));
#12207=DIRECTION('',(1.,0.,0.));
#12208=DIRECTION('',(-0.222520933956318,-0.974927912181823,-3.21577973939563E-15));
#12209=DIRECTION('',(0.974927912181823,-0.222520933956318,0.));
#12210=DIRECTION('',(0.934597826726059,-0.355706202193507,0.));
#12211=DIRECTION('',(0.355706202193507,0.934597826726059,0.));
#12212=DIRECTION('',(0.934597826726054,-0.35570620219352,0.));
#12213=DIRECTION('',(0.35570620219352,0.934597826726054,0.));
#12214=DIRECTION('',(-0.222520933956315,-0.974927912181824,0.));
#12215=DIRECTION('',(0.974927912181824,-0.222520933956315,0.));
#12216=DIRECTION('',(-0.222520933956316,-0.974927912181823,0.));
#12217=DIRECTION('',(0.974927912181823,-0.222520933956316,0.));
#12218=DIRECTION('',(0.,0.,1.));
#12219=DIRECTION('',(1.,0.,0.));
#12220=DIRECTION('',(0.,0.,1.));
#12221=DIRECTION('',(1.,0.,0.));
#12222=DIRECTION('',(0.927050347677678,-0.374936865179587,0.));
#12223=DIRECTION('',(0.374936865179587,0.927050347677678,0.));
#12224=DIRECTION('',(-0.499999999999989,-0.866025403784445,0.));
#12225=DIRECTION('',(0.866025403784445,-0.499999999999989,0.));
#12226=DIRECTION('',(-0.499999999999984,-0.866025403784448,0.));
#12227=DIRECTION('',(0.866025403784448,-0.499999999999984,0.));
#12228=DIRECTION('',(-0.499999999999984,-0.866025403784448,0.));
#12229=DIRECTION('',(0.866025403784448,-0.499999999999984,0.));
#12230=DIRECTION('',(0.927050347677679,-0.374936865179586,0.));
#12231=DIRECTION('',(0.374936865179586,0.927050347677679,0.));
#12232=DIRECTION('',(0.927050347677677,-0.37493686517959,-5.25154279399521E-14));
#12233=DIRECTION('',(0.37493686517959,0.927050347677677,0.));
#12234=DIRECTION('',(0.,0.,1.));
#12235=DIRECTION('',(1.,0.,0.));
#12236=DIRECTION('',(0.788230023899665,-0.61538071908627,0.));
#12237=DIRECTION('',(0.61538071908627,0.788230023899665,0.));
#12238=DIRECTION('',(0.,0.,1.));
#12239=DIRECTION('',(1.,0.,0.));
#12240=DIRECTION('',(-0.500000000000008,-0.866025403784434,-1.2408094709366E-14));
#12241=DIRECTION('',(0.866025403784434,-0.500000000000009,0.));
#12242=DIRECTION('',(0.788230023899662,-0.615380719086273,0.));
#12243=DIRECTION('',(0.615380719086273,0.788230023899662,0.));
#12244=DIRECTION('',(0.788230023899663,-0.615380719086272,0.));
#12245=DIRECTION('',(0.615380719086272,0.788230023899663,0.));
#12246=DIRECTION('',(-0.5,-0.866025403784439,0.));
#12247=DIRECTION('',(0.866025403784439,-0.5,0.));
#12248=DIRECTION('',(-0.5,-0.866025403784439,9.42157508063569E-15));
#12249=DIRECTION('',(0.866025403784439,-0.5,0.));
#12250=DIRECTION('',(0.,0.,1.));
#12251=DIRECTION('',(1.,0.,0.));
#12252=DIRECTION('',(0.,0.,1.));
#12253=DIRECTION('',(1.,0.,0.));
#12254=DIRECTION('',(0.775349520746287,-0.631532359169744,-6.18859286075393E-15));
#12255=DIRECTION('',(0.631532359169744,0.775349520746287,0.));
#12256=DIRECTION('',(-0.733051871829822,-0.680172737770924,0.));
#12257=DIRECTION('',(0.680172737770925,-0.733051871829822,0.));
#12258=DIRECTION('',(-0.733051871829814,-0.680172737770933,0.));
#12259=DIRECTION('',(0.680172737770933,-0.733051871829814,0.));
#12260=DIRECTION('',(-0.733051871829813,-0.680172737770933,0.));
#12261=DIRECTION('',(0.680172737770934,-0.733051871829813,0.));
#12262=DIRECTION('',(0.77534952074629,-0.631532359169741,0.));
#12263=DIRECTION('',(0.631532359169741,0.77534952074629,0.));
#12264=DIRECTION('',(0.775349520746289,-0.631532359169742,-1.99026888811494E-14));
#12265=DIRECTION('',(0.631532359169742,0.775349520746289,0.));
#12266=DIRECTION('',(0.,0.,1.));
#12267=DIRECTION('',(1.,0.,0.));
#12268=DIRECTION('',(0.571824524359277,-0.820375958534431,0.));
#12269=DIRECTION('',(0.820375958534432,0.571824524359277,0.));
#12270=DIRECTION('',(0.,0.,1.));
#12271=DIRECTION('',(1.,0.,0.));
#12272=DIRECTION('',(-0.733051871829828,-0.680172737770918,0.));
#12273=DIRECTION('',(0.680172737770918,-0.733051871829828,0.));
#12274=DIRECTION('',(0.571824524359295,-0.820375958534419,0.));
#12275=DIRECTION('',(0.820375958534419,0.571824524359295,0.));
#12276=DIRECTION('',(0.571824524359299,-0.820375958534416,0.));
#12277=DIRECTION('',(0.820375958534416,0.571824524359299,0.));
#12278=DIRECTION('',(-0.733051871829826,-0.68017273777092,0.));
#12279=DIRECTION('',(0.68017273777092,-0.733051871829826,0.));
#12280=DIRECTION('',(-0.733051871829825,-0.680172737770921,1.22750670250523E-14));
#12281=DIRECTION('',(0.680172737770921,-0.733051871829825,0.));
#12282=DIRECTION('',(0.,0.,1.));
#12283=DIRECTION('',(1.,0.,0.));
#12284=DIRECTION('',(0.,0.,1.));
#12285=DIRECTION('',(1.,0.,0.));
#12286=DIRECTION('',(0.554755486331271,-0.83201343161355,8.60809750013876E-15));
#12287=DIRECTION('',(0.83201343161355,0.554755486331271,0.));
#12288=DIRECTION('',(-0.900968867902416,-0.433883739117565,0.));
#12289=DIRECTION('',(0.433883739117565,-0.900968867902416,0.));
#12290=DIRECTION('',(-0.900968867902411,-0.433883739117574,0.));
#12291=DIRECTION('',(0.433883739117574,-0.900968867902411,0.));
#12292=DIRECTION('',(-0.900968867902411,-0.433883739117574,0.));
#12293=DIRECTION('',(0.433883739117574,-0.900968867902411,0.));
#12294=DIRECTION('',(0.554755486331265,-0.832013431613554,0.));
#12295=DIRECTION('',(0.832013431613554,0.554755486331265,0.));
#12296=DIRECTION('',(0.554755486331262,-0.832013431613556,-2.48677454165582E-14));
#12297=DIRECTION('',(0.832013431613556,0.554755486331262,0.));
#12298=DIRECTION('',(0.,0.,1.));
#12299=DIRECTION('',(1.,0.,0.));
#12300=DIRECTION('',(0.30460990641901,-0.952477193906186,0.));
#12301=DIRECTION('',(0.952477193906186,0.30460990641901,0.));
#12302=DIRECTION('',(0.,0.,1.));
#12303=DIRECTION('',(1.,0.,0.));
#12304=DIRECTION('',(-0.900968867902422,-0.433883739117552,-9.20657406793405E-15));
#12305=DIRECTION('',(0.433883739117552,-0.900968867902422,0.));
#12306=DIRECTION('',(0.304609906419011,-0.952477193906185,0.));
#12307=DIRECTION('',(0.952477193906186,0.304609906419011,0.));
#12308=DIRECTION('',(0.304609906419015,-0.952477193906184,0.));
#12309=DIRECTION('',(0.952477193906184,0.304609906419015,0.));
#12310=DIRECTION('',(-0.900968867902419,-0.433883739117558,0.));
#12311=DIRECTION('',(0.433883739117558,-0.900968867902419,0.));
#12312=DIRECTION('',(-0.90096886790242,-0.433883739117557,-1.5535117082635E-15));
#12313=DIRECTION('',(0.433883739117557,-0.90096886790242,0.));
#12314=DIRECTION('',(0.,0.,1.));
#12315=DIRECTION('',(1.,0.,0.));
#12316=DIRECTION('',(0.,0.,1.));
#12317=DIRECTION('',(1.,0.,0.));
#12318=DIRECTION('',(0.284868992451347,-0.958566459427699,-6.8568967798061E-15));
#12319=DIRECTION('',(0.958566459427699,0.284868992451347,0.));
#12320=DIRECTION('',(-0.988830826225127,-0.149042266176184,0.));
#12321=DIRECTION('',(0.149042266176184,-0.988830826225127,0.));
#12322=DIRECTION('',(-0.988830826225126,-0.149042266176192,0.));
#12323=DIRECTION('',(0.149042266176192,-0.988830826225126,0.));
#12324=DIRECTION('',(-0.988830826225126,-0.149042266176193,0.));
#12325=DIRECTION('',(0.149042266176193,-0.988830826225126,0.));
#12326=DIRECTION('',(0.284868992451354,-0.958566459427697,0.));
#12327=DIRECTION('',(0.958566459427697,0.284868992451354,0.));
#12328=DIRECTION('',(0.284868992451358,-0.958566459427696,2.89011585072948E-14));
#12329=DIRECTION('',(0.958566459427696,0.284868992451358,0.));
#12330=DIRECTION('',(0.,0.,1.));
#12331=DIRECTION('',(1.,0.,0.));
#12332=DIRECTION('',(0.010329361534833,-0.999946650722069,0.));
#12333=DIRECTION('',(0.999946650722069,0.010329361534833,0.));
#12334=DIRECTION('',(0.,0.,1.));
#12335=DIRECTION('',(1.,0.,0.));
#12336=DIRECTION('',(-0.988830826225128,-0.149042266176175,0.));
#12337=DIRECTION('',(0.149042266176175,-0.988830826225129,0.));
#12338=DIRECTION('',(0.0103293615348423,-0.999946650722069,0.));
#12339=DIRECTION('',(0.999946650722069,0.0103293615348423,0.));
#12340=DIRECTION('',(0.0103293615348433,-0.999946650722069,0.));
#12341=DIRECTION('',(0.999946650722069,0.0103293615348433,0.));
#12342=DIRECTION('',(-0.988830826225129,-0.149042266176174,0.));
#12343=DIRECTION('',(0.149042266176174,-0.988830826225129,0.));
#12344=DIRECTION('',(-0.988830826225129,-0.149042266176175,4.86422603136078E-15));
#12345=DIRECTION('',(0.149042266176175,-0.988830826225129,0.));
#12346=DIRECTION('',(0.,0.,1.));
#12347=DIRECTION('',(1.,0.,0.));
#12348=DIRECTION('',(0.,0.,1.));
#12349=DIRECTION('',(1.,0.,0.));
#12350=DIRECTION('',(-0.010329361534847,-0.999946650722069,-3.4494650079441E-15));
#12351=DIRECTION('',(0.999946650722069,-0.010329361534847,0.));
#12352=DIRECTION('',(-0.98883082622513,0.149042266176167,0.));
#12353=DIRECTION('',(-0.149042266176167,-0.98883082622513,0.));
#12354=DIRECTION('',(-0.988830826225131,0.149042266176156,0.));
#12355=DIRECTION('',(-0.149042266176156,-0.988830826225131,0.));
#12356=DIRECTION('',(-0.988830826225131,0.149042266176156,0.));
#12357=DIRECTION('',(-0.149042266176156,-0.988830826225131,0.));
#12358=DIRECTION('',(-0.0103293615348424,-0.999946650722069,0.));
#12359=DIRECTION('',(0.999946650722069,-0.0103293615348424,0.));
#12360=DIRECTION('',(-0.0103293615348444,-0.999946650722069,-2.06934505626693E-14));
#12361=DIRECTION('',(0.999946650722069,-0.0103293615348444,0.));
#12362=DIRECTION('',(0.,0.,1.));
#12363=DIRECTION('',(1.,0.,0.));
#12364=DIRECTION('',(-0.28486899245135,-0.958566459427698,0.));
#12365=DIRECTION('',(0.958566459427698,-0.28486899245135,0.));
#12366=DIRECTION('',(0.,0.,1.));
#12367=DIRECTION('',(1.,0.,0.));
#12368=DIRECTION('',(-0.988830826225128,0.149042266176174,4.26252315912146E-16));
#12369=DIRECTION('',(-0.149042266176174,-0.988830826225129,0.));
#12370=DIRECTION('',(-0.284868992451354,-0.958566459427697,0.));
#12371=DIRECTION('',(0.958566459427697,-0.284868992451354,0.));
#12372=DIRECTION('',(-0.284868992451357,-0.958566459427696,0.));
#12373=DIRECTION('',(0.958566459427696,-0.284868992451357,0.));
#12374=DIRECTION('',(-0.988830826225129,0.149042266176174,0.));
#12375=DIRECTION('',(-0.149042266176174,-0.988830826225129,0.));
#12376=DIRECTION('',(-0.988830826225129,0.149042266176175,6.82003705459434E-15));
#12377=DIRECTION('',(-0.149042266176175,-0.988830826225129,0.));
#12378=DIRECTION('',(0.,0.,1.));
#12379=DIRECTION('',(1.,0.,0.));
#12380=DIRECTION('',(0.,0.,1.));
#12381=DIRECTION('',(1.,0.,0.));
#12382=DIRECTION('',(-0.304609906419017,-0.952477193906183,-3.54726626753775E-15));
#12383=DIRECTION('',(0.952477193906184,-0.304609906419017,0.));
#12384=DIRECTION('',(-0.900968867902421,0.433883739117553,0.));
#12385=DIRECTION('',(-0.433883739117553,-0.900968867902422,0.));
#12386=DIRECTION('',(-0.900968867902427,0.433883739117542,0.));
#12387=DIRECTION('',(-0.433883739117542,-0.900968867902427,0.));
#12388=DIRECTION('',(-0.900968867902427,0.433883739117542,0.));
#12389=DIRECTION('',(-0.433883739117542,-0.900968867902427,0.));
#12390=DIRECTION('',(-0.304609906419012,-0.952477193906185,0.));
#12391=DIRECTION('',(0.952477193906185,-0.304609906419012,0.));
#12392=DIRECTION('',(-0.304609906419013,-0.952477193906185,-7.0945325350755E-15));
#12393=DIRECTION('',(0.952477193906185,-0.304609906419013,0.));
#12394=DIRECTION('',(0.,0.,1.));
#12395=DIRECTION('',(1.,0.,0.));
#12396=DIRECTION('',(-0.554755486331282,-0.832013431613543,0.));
#12397=DIRECTION('',(0.832013431613543,-0.554755486331282,0.));
#12398=DIRECTION('',(0.,0.,1.));
#12399=DIRECTION('',(1.,0.,0.));
#12400=DIRECTION('',(-0.900968867902423,0.433883739117551,7.7675585413175E-15));
#12401=DIRECTION('',(-0.433883739117551,-0.900968867902423,0.));
#12402=DIRECTION('',(-0.554755486331265,-0.832013431613554,0.));
#12403=DIRECTION('',(0.832013431613554,-0.554755486331265,0.));
#12404=DIRECTION('',(-0.554755486331268,-0.832013431613552,0.));
#12405=DIRECTION('',(0.832013431613552,-0.554755486331268,0.));
#12406=DIRECTION('',(-0.900968867902419,0.433883739117559,0.));
#12407=DIRECTION('',(-0.433883739117559,-0.900968867902419,0.));
#12408=DIRECTION('',(-0.900968867902418,0.43388373911756,-2.99252723488011E-15));
#12409=DIRECTION('',(-0.43388373911756,-0.900968867902419,0.));
#12410=DIRECTION('',(0.,0.,1.));
#12411=DIRECTION('',(1.,0.,0.));
#12412=DIRECTION('',(0.,0.,1.));
#12413=DIRECTION('',(1.,0.,0.));
#12414=DIRECTION('',(-0.571824524359297,-0.820375958534417,-3.81507455988907E-15));
#12415=DIRECTION('',(0.820375958534417,-0.571824524359297,0.));
#12416=DIRECTION('',(-0.733051871829828,0.680172737770917,0.));
#12417=DIRECTION('',(-0.680172737770917,-0.733051871829828,0.));
#12418=DIRECTION('',(-0.733051871829839,0.680172737770906,0.));
#12419=DIRECTION('',(-0.680172737770906,-0.733051871829839,0.));
#12420=DIRECTION('',(-0.733051871829839,0.680172737770906,0.));
#12421=DIRECTION('',(-0.680172737770906,-0.733051871829839,0.));
#12422=DIRECTION('',(-0.571824524359295,-0.820375958534419,0.));
#12423=DIRECTION('',(0.820375958534419,-0.571824524359295,0.));
#12424=DIRECTION('',(-0.571824524359298,-0.820375958534417,-6.21560117903939E-14));
#12425=DIRECTION('',(0.820375958534417,-0.571824524359298,0.));
#12426=DIRECTION('',(0.,0.,1.));
#12427=DIRECTION('',(1.,0.,0.));
#12428=DIRECTION('',(-0.775349520746301,-0.631532359169727,0.));
#12429=DIRECTION('',(0.631532359169727,-0.775349520746301,0.));
#12430=DIRECTION('',(0.,0.,1.));
#12431=DIRECTION('',(1.,0.,0.));
#12432=DIRECTION('',(-0.733051871829828,0.680172737770918,0.));
#12433=DIRECTION('',(-0.680172737770918,-0.733051871829828,0.));
#12434=DIRECTION('',(-0.77534952074629,-0.631532359169741,0.));
#12435=DIRECTION('',(0.631532359169741,-0.77534952074629,0.));
#12436=DIRECTION('',(-0.775349520746291,-0.631532359169739,0.));
#12437=DIRECTION('',(0.631532359169739,-0.775349520746291,0.));
#12438=DIRECTION('',(-0.733051871829827,0.68017273777092,0.));
#12439=DIRECTION('',(-0.68017273777092,-0.733051871829827,0.));
#12440=DIRECTION('',(-0.733051871829828,0.680172737770918,3.64711176201253E-16));
#12441=DIRECTION('',(-0.680172737770918,-0.733051871829828,0.));
#12442=DIRECTION('',(0.,0.,1.));
#12443=DIRECTION('',(1.,0.,0.));
#12444=DIRECTION('',(0.,0.,1.));
#12445=DIRECTION('',(1.,0.,0.));
#12446=DIRECTION('',(-0.788230023899661,-0.615380719086275,2.42020096449019E-15));
#12447=DIRECTION('',(0.615380719086275,-0.788230023899661,0.));
#12448=DIRECTION('',(-0.5,0.866025403784437,0.));
#12449=DIRECTION('',(-0.866025403784437,-0.5,0.));
#12450=DIRECTION('',(-0.500000000000016,0.86602540378443,0.));
#12451=DIRECTION('',(-0.86602540378443,-0.500000000000016,0.));
#12452=DIRECTION('',(-0.500000000000016,0.866025403784429,0.));
#12453=DIRECTION('',(-0.866025403784429,-0.500000000000016,0.));
#12454=DIRECTION('',(-0.788230023899662,-0.615380719086273,0.));
#12455=DIRECTION('',(0.615380719086273,-0.788230023899662,0.));
#12456=DIRECTION('',(-0.788230023899662,-0.615380719086273,2.4202009644902E-14));
#12457=DIRECTION('',(0.615380719086273,-0.788230023899663,0.));
#12458=DIRECTION('',(0.,0.,1.));
#12459=DIRECTION('',(1.,0.,0.));
#12460=DIRECTION('',(-0.927050347677685,-0.37493686517957,0.));
#12461=DIRECTION('',(0.37493686517957,-0.927050347677685,0.));
#12462=DIRECTION('',(0.,0.,1.));
#12463=DIRECTION('',(1.,0.,0.));
#12464=DIRECTION('',(-0.5,0.866025403784439,-1.72426791158754E-15));
#12465=DIRECTION('',(-0.866025403784439,-0.5,0.));
#12466=DIRECTION('',(-0.927050347677678,-0.374936865179587,0.));
#12467=DIRECTION('',(0.374936865179587,-0.927050347677678,0.));
#12468=DIRECTION('',(-0.927050347677673,-0.3749368651796,0.));
#12469=DIRECTION('',(0.3749368651796,-0.927050347677673,0.));
#12470=DIRECTION('',(-0.5,0.866025403784439,0.));
#12471=DIRECTION('',(-0.866025403784439,-0.5,0.));
#12472=DIRECTION('',(-0.5,0.866025403784438,4.47977944309545E-15));
#12473=DIRECTION('',(-0.866025403784438,-0.5,0.));
#12474=DIRECTION('',(0.,0.,1.));
#12475=DIRECTION('',(1.,0.,0.));
#12476=DIRECTION('',(0.,0.,1.));
#12477=DIRECTION('',(1.,0.,0.));
#12478=DIRECTION('',(-0.934597826726058,-0.35570620219351,3.52966048092385E-15));
#12479=DIRECTION('',(0.35570620219351,-0.934597826726058,0.));
#12480=DIRECTION('',(-0.222520933956325,0.974927912181821,0.));
#12481=DIRECTION('',(-0.974927912181821,-0.222520933956325,0.));
#12482=DIRECTION('',(-0.222520933956332,0.97492791218182,0.));
#12483=DIRECTION('',(-0.97492791218182,-0.222520933956332,0.));
#12484=DIRECTION('',(-0.222520933956333,0.97492791218182,0.));
#12485=DIRECTION('',(-0.97492791218182,-0.222520933956333,0.));
#12486=DIRECTION('',(-0.934597826726059,-0.355706202193506,0.));
#12487=DIRECTION('',(0.355706202193506,-0.934597826726059,0.));
#12488=DIRECTION('',(-0.934597826726059,-0.355706202193505,-2.3017961256728E-14));
#12489=DIRECTION('',(0.355706202193505,-0.934597826726059,0.));
#12490=DIRECTION('',(0.,0.,1.));
#12491=DIRECTION('',(1.,0.,0.));
#12492=DIRECTION('',(-0.996378682924462,-0.085026585334904,0.));
#12493=DIRECTION('',(0.085026585334904,-0.996378682924462,0.));
#12494=DIRECTION('',(0.,0.,1.));
#12495=DIRECTION('',(1.,0.,0.));
#12496=DIRECTION('',(-0.222520933956318,0.974927912181823,3.21577973939563E-15));
#12497=DIRECTION('',(-0.974927912181823,-0.222520933956318,0.));
#12498=DIRECTION('',(-0.996378682924463,-0.0850265853348935,0.));
#12499=DIRECTION('',(0.0850265853348935,-0.996378682924463,0.));
#12500=DIRECTION('',(-0.996378682924464,-0.0850265853348798,0.));
#12501=DIRECTION('',(0.0850265853348798,-0.996378682924464,0.));
#12502=DIRECTION('',(-0.222520933956315,0.974927912181824,0.));
#12503=DIRECTION('',(-0.974927912181824,-0.222520933956315,0.));
#12504=DIRECTION('',(-0.222520933956315,0.974927912181824,-2.52155537262923E-15));
#12505=DIRECTION('',(-0.974927912181824,-0.222520933956315,0.));
#12506=DIRECTION('',(0.,0.,1.));
#12507=DIRECTION('',(1.,0.,0.));
#12508=DIRECTION('',(0.,0.,1.));
#12509=DIRECTION('',(1.,0.,0.));
#12510=DIRECTION('',(-0.997922511232837,-0.0644256282448853,-3.44831446895593E-15));
#12511=DIRECTION('',(0.0644256282448853,-0.997922511232837,0.));
#12512=DIRECTION('',(0.0747300935864153,0.997203797181181,0.));
#12513=DIRECTION('',(-0.997203797181181,0.0747300935864153,0.));
#12514=DIRECTION('',(0.0747300935864061,0.997203797181182,0.));
#12515=DIRECTION('',(-0.997203797181182,0.0747300935864061,0.));
#12516=DIRECTION('',(0.0747300935864062,0.997203797181181,0.));
#12517=DIRECTION('',(-0.997203797181182,0.0747300935864062,0.));
#12518=DIRECTION('',(-0.997922511232837,-0.0644256282448896,0.));
#12519=DIRECTION('',(0.0644256282448896,-0.997922511232837,0.));
#12520=DIRECTION('',(-0.997922511232837,-0.0644256282448889,0.));
#12521=DIRECTION('',(0.0644256282448889,-0.997922511232837,0.));
#12522=DIRECTION('',(0.,0.,1.));
#12523=DIRECTION('',(1.,0.,0.));
#12524=DIRECTION('',(-0.977174399657574,0.212438679749852,0.));
#12525=DIRECTION('',(-0.212438679749852,-0.977174399657574,0.));
#12526=DIRECTION('',(0.,0.,1.));
#12527=DIRECTION('',(1.,0.,0.));
#12528=DIRECTION('',(0.074730093586423,0.99720379718118,1.07465406799547E-15));
#12529=DIRECTION('',(-0.99720379718118,0.074730093586423,0.));
#12530=DIRECTION('',(-0.977174399657579,0.212438679749828,0.));
#12531=DIRECTION('',(-0.212438679749828,-0.977174399657579,0.));
#12532=DIRECTION('',(-0.977174399657578,0.212438679749834,0.));
#12533=DIRECTION('',(-0.212438679749834,-0.977174399657578,0.));
#12534=DIRECTION('',(0.0747300935864242,0.99720379718118,0.));
#12535=DIRECTION('',(-0.99720379718118,0.0747300935864242,0.));
#12536=DIRECTION('',(0.0747300935864244,0.99720379718118,-2.57916976318914E-15));
#12537=DIRECTION('',(-0.99720379718118,0.0747300935864244,0.));
#12538=DIRECTION('',(0.,0.,1.));
#12539=DIRECTION('',(1.,0.,0.));
#12540=DIRECTION('',(0.,0.,1.));
#12541=DIRECTION('',(1.,0.,0.));
#12542=DIRECTION('',(-0.972577401305766,0.232579445500506,-6.90845065581259E-15));
#12543=DIRECTION('',(-0.232579445500506,-0.972577401305766,0.));
#12544=DIRECTION('',(0.365341024366384,0.930873748644208,0.));
#12545=DIRECTION('',(-0.930873748644208,0.365341024366384,0.));
#12546=DIRECTION('',(0.365341024366378,0.930873748644211,0.));
#12547=DIRECTION('',(-0.930873748644211,0.365341024366378,0.));
#12548=DIRECTION('',(0.365341024366378,0.930873748644211,0.));
#12549=DIRECTION('',(-0.930873748644211,0.365341024366378,0.));
#12550=DIRECTION('',(-0.972577401305768,0.232579445500498,0.));
#12551=DIRECTION('',(-0.232579445500498,-0.972577401305768,0.));
#12552=DIRECTION('',(-0.972577401305768,0.232579445500499,-7.10896529319827E-15));
#12553=DIRECTION('',(-0.232579445500499,-0.972577401305768,0.));
#12554=DIRECTION('',(0.,0.,1.));
#12555=DIRECTION('',(1.,0.,0.));
#12556=DIRECTION('',(-0.871143882721905,0.491027835866973,0.));
#12557=DIRECTION('',(-0.491027835866973,-0.871143882721905,0.));
#12558=DIRECTION('',(0.,0.,1.));
#12559=DIRECTION('',(1.,0.,0.));
#12560=DIRECTION('',(0.365341024366387,0.930873748644207,8.94008615851157E-15));
#12561=DIRECTION('',(-0.930873748644208,0.365341024366387,0.));
#12562=DIRECTION('',(-0.871143882721898,0.491027835866987,0.));
#12563=DIRECTION('',(-0.491027835866987,-0.871143882721898,0.));
#12564=DIRECTION('',(-0.8711438827219,0.491027835866983,0.));
#12565=DIRECTION('',(-0.491027835866983,-0.8711438827219,0.));
#12566=DIRECTION('',(0.365341024366395,0.930873748644204,0.));
#12567=DIRECTION('',(-0.930873748644204,0.365341024366395,0.));
#12568=DIRECTION('',(0.365341024366397,0.930873748644204,-1.53603890966173E-14));
#12569=DIRECTION('',(-0.930873748644204,0.365341024366397,0.));
#12570=DIRECTION('',(0.,0.,1.));
#12571=DIRECTION('',(1.,0.,0.));
#12572=DIRECTION('',(0.,0.,1.));
#12573=DIRECTION('',(1.,0.,0.));
#12574=DIRECTION('',(-0.860814521187054,0.508918814855084,0.));
#12575=DIRECTION('',(-0.508918814855084,-0.860814521187054,0.));
#12576=DIRECTION('',(0.623489801858729,0.781831482468034,0.));
#12577=DIRECTION('',(-0.781831482468034,0.623489801858729,0.));
#12578=DIRECTION('',(0.623489801858719,0.781831482468041,0.));
#12579=DIRECTION('',(-0.781831482468041,0.623489801858719,0.));
#12580=DIRECTION('',(0.62348980185872,0.781831482468041,0.));
#12581=DIRECTION('',(-0.781831482468041,0.62348980185872,0.));
#12582=DIRECTION('',(-0.860814521187055,0.508918814855082,0.));
#12583=DIRECTION('',(-0.508918814855082,-0.860814521187055,0.));
#12584=DIRECTION('',(-0.860814521187057,0.508918814855079,2.48313973369994E-14));
#12585=DIRECTION('',(-0.508918814855079,-0.860814521187057,0.));
#12586=DIRECTION('',(0.,0.,1.));
#12587=DIRECTION('',(1.,0.,0.));
#12588=DIRECTION('',(-0.687708408854416,0.725987013927197,0.));
#12589=DIRECTION('',(-0.725987013927197,-0.687708408854416,0.));
#12590=DIRECTION('',(0.,0.,1.));
#12591=DIRECTION('',(1.,0.,0.));
#12592=DIRECTION('',(0.623489801858736,0.781831482468028,-2.69617387497707E-15));
#12593=DIRECTION('',(-0.781831482468028,0.623489801858736,0.));
#12594=DIRECTION('',(-0.687708408854414,0.725987013927199,0.));
#12595=DIRECTION('',(-0.725987013927199,-0.687708408854414,0.));
#12596=DIRECTION('',(-0.687708408854412,0.7259870139272,0.));
#12597=DIRECTION('',(-0.7259870139272,-0.687708408854412,0.));
#12598=DIRECTION('',(0.623489801858734,0.78183148246803,0.));
#12599=DIRECTION('',(-0.78183148246803,0.623489801858734,0.));
#12600=DIRECTION('',(0.623489801858732,0.781831482468031,1.23887754591196E-14));
#12601=DIRECTION('',(-0.781831482468031,0.623489801858732,0.));
#12602=DIRECTION('',(0.,0.,1.));
#12603=DIRECTION('',(1.,0.,0.));
#12604=DIRECTION('',(0.,0.,1.));
#12605=DIRECTION('',(1.,0.,0.));
#12606=DIRECTION('',(-0.672564493238567,0.740038514156358,1.15968137416439E-15));
#12607=DIRECTION('',(-0.740038514156358,-0.672564493238567,0.));
#12608=DIRECTION('',(0.826238774315988,0.563320058063632,0.));
#12609=DIRECTION('',(-0.563320058063632,0.826238774315989,0.));
#12610=DIRECTION('',(0.826238774315985,0.563320058063637,0.));
#12611=DIRECTION('',(-0.563320058063637,0.826238774315985,0.));
#12612=DIRECTION('',(0.826238774315984,0.563320058063638,0.));
#12613=DIRECTION('',(-0.563320058063638,0.826238774315984,0.));
#12614=DIRECTION('',(-0.672564493238567,0.740038514156357,0.));
#12615=DIRECTION('',(-0.740038514156357,-0.672564493238567,0.));
#12616=DIRECTION('',(-0.672564493238566,0.740038514156359,-4.4075395252605E-14));
#12617=DIRECTION('',(-0.740038514156359,-0.672564493238566,0.));
#12618=DIRECTION('',(0.,0.,1.));
#12619=DIRECTION('',(1.,0.,0.));
#12620=DIRECTION('',(-0.443167024901569,0.896439059858445,0.));
#12621=DIRECTION('',(-0.896439059858445,-0.443167024901569,0.));
#12622=DIRECTION('',(0.,0.,1.));
#12623=DIRECTION('',(1.,0.,0.));
#12624=DIRECTION('',(0.826238774315991,0.563320058063628,7.64125742359541E-15));
#12625=DIRECTION('',(-0.563320058063628,0.826238774315991,0.));
#12626=DIRECTION('',(-0.443167024901572,0.896439059858444,0.));
#12627=DIRECTION('',(-0.896439059858444,-0.443167024901572,0.));
#12628=DIRECTION('',(-0.443167024901578,0.89643905985844,0.));
#12629=DIRECTION('',(-0.89643905985844,-0.443167024901578,0.));
#12630=DIRECTION('',(0.826238774315995,0.563320058063622,0.));
#12631=DIRECTION('',(-0.563320058063622,0.826238774315995,0.));
#12632=DIRECTION('',(0.826238774315996,0.563320058063621,-6.73457281201591E-15));
#12633=DIRECTION('',(-0.563320058063621,0.826238774315996,0.));
#12634=DIRECTION('',(0.,0.,1.));
#12635=DIRECTION('',(1.,0.,0.));
#12636=DIRECTION('',(0.,0.,1.));
#12637=DIRECTION('',(1.,0.,0.));
#12638=DIRECTION('',(-0.424554158565164,0.905402543869314,-3.85435821927213E-15));
#12639=DIRECTION('',(-0.905402543869314,-0.424554158565164,0.));
#12640=DIRECTION('',(0.955572805786138,0.294755174410913,0.));
#12641=DIRECTION('',(-0.294755174410913,0.955572805786138,0.));
#12642=DIRECTION('',(0.955572805786135,0.294755174410922,0.));
#12643=DIRECTION('',(-0.294755174410922,0.955572805786135,0.));
#12644=DIRECTION('',(0.955572805786135,0.294755174410922,0.));
#12645=DIRECTION('',(-0.294755174410922,0.955572805786135,0.));
#12646=DIRECTION('',(-0.424554158565168,0.905402543869312,0.));
#12647=DIRECTION('',(-0.905402543869313,-0.424554158565169,0.));
#12648=DIRECTION('',(-0.424554158565168,0.905402543869313,3.08348657541771E-14));
#12649=DIRECTION('',(-0.905402543869313,-0.424554158565168,0.));
#12650=DIRECTION('',(0.,0.,1.));
#12651=DIRECTION('',(1.,0.,0.));
#12652=DIRECTION('',(-0.15924830597977,0.987238561363247,0.));
#12653=DIRECTION('',(-0.987238561363247,-0.15924830597977,0.));
#12654=DIRECTION('',(0.,0.,1.));
#12655=DIRECTION('',(1.,0.,0.));
#12656=DIRECTION('',(0.955572805786141,0.294755174410903,-1.64766352620272E-15));
#12657=DIRECTION('',(-0.294755174410903,0.955572805786141,0.));
#12658=DIRECTION('',(-0.159248305979769,0.987238561363247,0.));
#12659=DIRECTION('',(-0.987238561363247,-0.159248305979769,0.));
#12660=DIRECTION('',(-0.159248305979777,0.987238561363246,0.));
#12661=DIRECTION('',(-0.987238561363246,-0.159248305979777,0.));
#12662=DIRECTION('',(0.955572805786141,0.294755174410904,0.));
#12663=DIRECTION('',(-0.294755174410904,0.955572805786141,0.));
#12664=DIRECTION('',(0.955572805786141,0.294755174410904,-7.41448586791222E-15));
#12665=DIRECTION('',(-0.294755174410904,0.955572805786141,0.));
#12666=DIRECTION('',(0.,0.,1.));
#12667=DIRECTION('',(1.,0.,0.));
#12668=DIRECTION('',(0.,0.,1.));
#12669=DIRECTION('',(1.,0.,0.));
#12670=DIRECTION('',(-0.13882032377802,0.990317584265858,3.47498652310268E-15));
#12671=DIRECTION('',(-0.990317584265858,-0.13882032377802,0.));
#12672=DIRECTION('',(1.,9.92806316579804E-15,0.));
#12673=DIRECTION('',(-9.92806316579804E-15,1.,0.));
#12674=DIRECTION('',(1.,1.81430997492452E-14,0.));
#12675=DIRECTION('',(-1.81430997492452E-14,1.,0.));
#12676=DIRECTION('',(1.,1.81295066505878E-14,0.));
#12677=DIRECTION('',(-1.81295066505878E-14,1.,0.));
#12678=DIRECTION('',(-0.138820323778016,0.990317584265859,0.));
#12679=DIRECTION('',(-0.990317584265859,-0.138820323778016,0.));
#12680=DIRECTION('',(-0.138820323778011,0.99031758426586,-4.18195199921155E-14));
#12681=DIRECTION('',(-0.99031758426586,-0.138820323778011,0.));
#12682=DIRECTION('',(0.,0.,1.));
#12683=DIRECTION('',(1.,0.,0.));
#12684=DIRECTION('',(0.13882032377802,0.990317584265858,0.));
#12685=DIRECTION('',(-0.990317584265859,0.13882032377802,0.));
#12686=DIRECTION('',(0.,0.,1.));
#12687=DIRECTION('',(1.,0.,0.));
#12688=DIRECTION('',(1.,0.,0.));
#12689=DIRECTION('',(0.,0.,-1.));
#12690=DIRECTION('',(0.138820323778016,0.990317584265859,0.));
#12691=DIRECTION('',(-0.990317584265859,0.138820323778016,0.));
#12692=DIRECTION('',(0.138820323778007,0.99031758426586,0.));
#12693=DIRECTION('',(-0.99031758426586,0.138820323778007,0.));
#12694=DIRECTION('',(1.,0.,0.));
#12695=DIRECTION('',(0.,0.,-1.));
#12696=DIRECTION('',(1.,-1.57652486467934E-16,-3.0174688452782E-15));
#12697=DIRECTION('',(-3.0174688452782E-15,0.,-1.));
#12698=DIRECTION('',(0.,0.,1.));
#12699=DIRECTION('',(1.,0.,0.));
#12700=DIRECTION('',(0.,0.,1.));
#12701=DIRECTION('',(1.,0.,0.));
#12702=DIRECTION('',(0.159248305979766,0.987238561363247,3.47317423087488E-15));
#12703=DIRECTION('',(-0.987238561363248,0.159248305979767,0.));
#12704=DIRECTION('',(0.955572805786144,-0.294755174410895,0.));
#12705=DIRECTION('',(0.294755174410895,0.955572805786144,0.));
#12706=DIRECTION('',(0.955572805786146,-0.294755174410887,0.));
#12707=DIRECTION('',(0.294755174410887,0.955572805786146,0.));
#12708=DIRECTION('',(0.955572805786146,-0.294755174410887,0.));
#12709=DIRECTION('',(0.294755174410887,0.955572805786146,0.));
#12710=DIRECTION('',(0.159248305979769,0.987238561363247,0.));
#12711=DIRECTION('',(-0.987238561363247,0.159248305979769,0.));
#12712=DIRECTION('',(0.159248305979771,0.987238561363247,-1.38926969234995E-14));
#12713=DIRECTION('',(-0.987238561363247,0.159248305979771,0.));
#12714=DIRECTION('',(0.,0.,1.));
#12715=DIRECTION('',(1.,0.,0.));
#12716=DIRECTION('',(0.424554158565168,0.905402543869313,0.));
#12717=DIRECTION('',(-0.905402543869313,0.424554158565168,0.));
#12718=DIRECTION('',(0.,0.,1.));
#12719=DIRECTION('',(1.,0.,0.));
#12720=DIRECTION('',(0.955572805786139,-0.294755174410908,-4.94299057860813E-15));
#12721=DIRECTION('',(0.294755174410908,0.955572805786139,0.));
#12722=DIRECTION('',(0.424554158565168,0.905402543869312,0.));
#12723=DIRECTION('',(-0.905402543869313,0.424554158565169,0.));
#12724=DIRECTION('',(0.424554158565168,0.905402543869313,0.));
#12725=DIRECTION('',(-0.905402543869313,0.424554158565168,0.));
#12726=DIRECTION('',(0.955572805786141,-0.294755174410904,0.));
#12727=DIRECTION('',(0.294755174410904,0.955572805786141,0.));
#12728=DIRECTION('',(0.955572805786141,-0.294755174410903,6.59065410481086E-15));
#12729=DIRECTION('',(0.294755174410903,0.955572805786141,0.));
#12730=DIRECTION('',(0.,0.,1.));
#12731=DIRECTION('',(1.,0.,0.));
#12732=DIRECTION('',(0.,0.,1.));
#12733=DIRECTION('',(1.,0.,0.));
#12734=DIRECTION('',(0.443167024901574,0.896439059858442,-1.92777044586336E-15));
#12735=DIRECTION('',(-0.896439059858442,0.443167024901574,0.));
#12736=DIRECTION('',(0.826238774316,-0.563320058063615,0.));
#12737=DIRECTION('',(0.563320058063615,0.826238774316,0.));
#12738=DIRECTION('',(0.826238774316005,-0.563320058063607,0.));
#12739=DIRECTION('',(0.563320058063607,0.826238774316005,0.));
#12740=DIRECTION('',(0.826238774316005,-0.563320058063607,0.));
#12741=DIRECTION('',(0.563320058063607,0.826238774316006,0.));
#12742=DIRECTION('',(0.443167024901572,0.896439059858443,0.));
#12743=DIRECTION('',(-0.896439059858443,0.443167024901572,0.));
#12744=DIRECTION('',(0.443167024901573,0.896439059858443,-4.62664907007208E-14));
#12745=DIRECTION('',(-0.896439059858443,0.443167024901573,0.));
#12746=DIRECTION('',(0.,0.,1.));
#12747=DIRECTION('',(1.,0.,0.));
#12748=DIRECTION('',(0.672564493238574,0.740038514156352,0.));
#12749=DIRECTION('',(-0.740038514156352,0.672564493238574,0.));
#12750=DIRECTION('',(0.,0.,1.));
#12751=DIRECTION('',(1.,0.,0.));
#12752=DIRECTION('',(0.826238774315996,-0.563320058063621,3.88525880029093E-15));
#12753=DIRECTION('',(0.563320058063621,0.826238774315996,0.));
#12754=DIRECTION('',(0.672564493238568,0.740038514156357,0.));
#12755=DIRECTION('',(-0.740038514156357,0.672564493238568,0.));
#12756=DIRECTION('',(0.672564493238562,0.740038514156362,0.));
#12757=DIRECTION('',(-0.740038514156362,0.672564493238562,0.));
#12758=DIRECTION('',(0.826238774315995,-0.563320058063622,0.));
#12759=DIRECTION('',(0.563320058063622,0.826238774315995,0.));
#12760=DIRECTION('',(0.826238774315995,-0.563320058063621,-6.73457281201591E-15));
#12761=DIRECTION('',(0.563320058063622,0.826238774315995,0.));
#12762=DIRECTION('',(0.,0.,1.));
#12763=DIRECTION('',(1.,0.,0.));
#12764=DIRECTION('',(0.,0.,1.));
#12765=DIRECTION('',(1.,0.,0.));
#12766=DIRECTION('',(-0.623489801858739,0.781831482468025,0.));
#12767=DIRECTION('',(-0.781831482468025,-0.623489801858739,0.));
#12768=DIRECTION('',(0.860814521187056,0.50891881485508,0.));
#12769=DIRECTION('',(-0.50891881485508,0.860814521187056,0.));
#12770=DIRECTION('',(0.860814521187055,0.508918814855081,0.));
#12771=DIRECTION('',(-0.508918814855081,0.860814521187055,0.));
#12772=DIRECTION('',(0.860814521187056,0.50891881485508,0.));
#12773=DIRECTION('',(-0.50891881485508,0.860814521187056,0.));
#12774=DIRECTION('',(0.623489801858748,-0.781831482468019,0.));
#12775=DIRECTION('',(0.781831482468019,0.623489801858748,0.));
#12776=DIRECTION('',(-0.623489801858748,0.781831482468019,0.));
#12777=DIRECTION('',(-0.781831482468019,-0.623489801858748,0.));
#12778=DIRECTION('',(0.,0.,1.));
#12779=DIRECTION('',(1.,0.,0.));
#12780=DIRECTION('',(-0.623489801858734,0.78183148246803,0.));
#12781=DIRECTION('',(-0.78183148246803,-0.623489801858734,0.));
#12782=DIRECTION('',(0.,0.,1.));
#12783=DIRECTION('',(1.,0.,0.));
#12784=DIRECTION('',(0.687708408854414,0.725987013927198,0.));
#12785=DIRECTION('',(-0.725987013927198,0.687708408854414,0.));
#12786=DIRECTION('',(0.623489801858733,-0.78183148246803,0.));
#12787=DIRECTION('',(0.78183148246803,0.623489801858733,0.));
#12788=DIRECTION('',(-0.623489801858729,0.781831482468034,0.));
#12789=DIRECTION('',(-0.781831482468034,-0.623489801858729,0.));
#12790=DIRECTION('',(0.687708408854414,0.725987013927198,0.));
#12791=DIRECTION('',(-0.725987013927198,0.687708408854414,0.));
#12792=DIRECTION('',(0.687708408854415,0.725987013927197,-3.66298473843351E-14));
#12793=DIRECTION('',(-0.725987013927197,0.687708408854415,0.));
#12794=DIRECTION('',(0.,0.,1.));
#12795=DIRECTION('',(1.,0.,0.));
#12796=DIRECTION('',(0.,0.,1.));
#12797=DIRECTION('',(1.,0.,0.));
#12798=DIRECTION('',(0.,0.,1.));
#12799=DIRECTION('',(1.,0.,0.));
#12800=DIRECTION('',(0.,0.,1.));
#12801=DIRECTION('',(1.,0.,0.));
#12802=DIRECTION('',(0.,0.,-1.));
#12803=DIRECTION('',(-1.,0.,0.));
#12804=DIRECTION('',(0.,0.,1.));
#12805=DIRECTION('',(1.,0.,0.));
#12806=DIRECTION('',(0.,0.,-1.));
#12807=DIRECTION('',(-1.,0.,0.));
#12808=DIRECTION('',(0.,0.,-1.));
#12809=DIRECTION('',(1.,0.,0.));
#12810=DIRECTION('',(0.,0.,1.));
#12811=DIRECTION('',(1.,0.,0.));
#12812=DIRECTION('',(0.,0.,-1.));
#12813=DIRECTION('',(-1.,0.,0.));
#12814=DIRECTION('',(0.,0.,1.));
#12815=DIRECTION('',(1.,0.,0.));
#12816=DIRECTION('',(0.,0.,-1.));
#12817=DIRECTION('',(-1.,0.,0.));
#12818=DIRECTION('',(0.,0.,-1.));
#12819=DIRECTION('',(1.,0.,0.));
#12820=CARTESIAN_POINT('',(0.,0.,0.));
#12821=CARTESIAN_POINT('',(0.,0.,0.));
#12822=CARTESIAN_POINT('',(0.,3.24975121829223E-19,0.));
#12823=CARTESIAN_POINT('',(0.00530724649842686,3.24975121829223E-19,0.));
#12824=CARTESIAN_POINT('',(0.,-1.83477852985843E-18,0.));
#12825=CARTESIAN_POINT('',(-0.0299642073312219,-1.83477852985843E-18,0.));
#12826=CARTESIAN_POINT('',(0.,0.,0.));
#12827=CARTESIAN_POINT('',(0.,-1.88487772089794E-18,0.));
#12828=CARTESIAN_POINT('',(0.0307823892114895,-1.88487772089794E-18,0.));
#12829=CARTESIAN_POINT('',(0.0699916718804083,0.0171312898908849,0.));
#12830=CARTESIAN_POINT('',(0.032824274057645,0.00824318210151112,0.));
#12831=CARTESIAN_POINT('',(0.0699916718804082,0.0171312898908849,0.));
#12832=CARTESIAN_POINT('',(0.0693816047597211,0.0196824073964887,0.));
#12833=CARTESIAN_POINT('',(0.0718233315698289,0.0206407145518113,0.));
#12834=CARTESIAN_POINT('',(0.0692564052721999,0.02718113609169,0.));
#12835=CARTESIAN_POINT('',(0.0666894789745708,0.0337215576315687,0.));
#12836=CARTESIAN_POINT('',(0.0642477521644631,0.0327632504762461,0.));
#12837=CARTESIAN_POINT('',(0.0629597624310628,0.0350483029626887,0.));
#12838=CARTESIAN_POINT('',(0.000188005311068991,-0.000333544586872148,0.));
#12839=CARTESIAN_POINT('',(0.029668683277341,0.0162834962817846,0.));
#12840=CARTESIAN_POINT('',(0.0309566730107413,0.0139984437953421,0.));
#12841=CARTESIAN_POINT('',(0.0285149462006335,0.0130401366400195,0.));
#12842=CARTESIAN_POINT('',(0.0297724801268502,0.00983599245179233,0.));
#12843=CARTESIAN_POINT('',(0.0297724801268502,0.00983599245179232,0.));
#12844=CARTESIAN_POINT('',(0.032214206936958,0.0107942996071149,0.));
#12845=CARTESIAN_POINT('',(0.0719316746200961,-0.0042602127046519,0.));
#12846=CARTESIAN_POINT('',(0.0337957042371888,-0.00179816397542543,0.));
#12847=CARTESIAN_POINT('',(0.0719316746200962,-0.0042602127046519,0.));
#12848=CARTESIAN_POINT('',(0.0721006661551703,-0.00164261375137145,0.));
#12849=CARTESIAN_POINT('',(0.0747163798867745,-0.00144659310593204,0.));
#12850=CARTESIAN_POINT('',(0.0741913180140107,0.00555987066451157,0.));
#12851=CARTESIAN_POINT('',(0.0736662561412469,0.0125663344349552,0.));
#12852=CARTESIAN_POINT('',(0.0710505424096426,0.0123703137895158,0.));
#12853=CARTESIAN_POINT('',(0.0704933054904529,0.0149334894438621,0.));
#12854=CARTESIAN_POINT('',(8.13387697235807E-5,-0.000374141674986522,0.));
#12855=CARTESIAN_POINT('',(0.0331502317098657,0.00681506831603857,0.));
#12856=CARTESIAN_POINT('',(0.0337074686290555,0.00425189266169227,0.));
#12857=CARTESIAN_POINT('',(0.0310917548974512,0.00405587201625284,0.));
#12858=CARTESIAN_POINT('',(0.0313489820406588,0.000623414332415563,0.));
#12859=CARTESIAN_POINT('',(0.0313489820406587,0.000623414332415562,0.));
#12860=CARTESIAN_POINT('',(0.033964695772263,0.00081943497785501,0.));
#12861=CARTESIAN_POINT('',(0.0674802324028338,-0.0252731767057448,0.));
#12862=CARTESIAN_POINT('',(0.0317642377852533,-0.0116797352920328,0.));
#12863=CARTESIAN_POINT('',(0.0674802324028338,-0.0252731767057448,0.));
#12864=CARTESIAN_POINT('',(0.0684132669541707,-0.0228216814589305,0.));
#12865=CARTESIAN_POINT('',(0.0709705499633477,-0.023405364617944,0.));
#12866=CARTESIAN_POINT('',(0.0725340065670402,-0.0165554136702992,0.));
#12867=CARTESIAN_POINT('',(0.0740974631707328,-0.00970546272265447,0.));
#12868=CARTESIAN_POINT('',(0.0715401801615557,-0.00912177956364099,0.));
#12869=CARTESIAN_POINT('',(0.0717632090022406,-0.00650823014659061,0.));
#12870=CARTESIAN_POINT('',(-3.25550782610857E-5,-0.000381494633384642,0.));
#12871=CARTESIAN_POINT('',(0.0336862365775733,-0.00325890837702217,0.));
#12872=CARTESIAN_POINT('',(0.0334632077368884,-0.00587245779407255,0.));
#12873=CARTESIAN_POINT('',(0.0309059247277114,-0.0052887746350591,0.));
#12874=CARTESIAN_POINT('',(0.0301399893274131,-0.00864455688620506,0.));
#12875=CARTESIAN_POINT('',(0.0301399893274131,-0.00864455688620506,0.));
#12876=CARTESIAN_POINT('',(0.0326972723365901,-0.00922824004521848,0.));
#12877=CARTESIAN_POINT('',(0.0570328754044573,-0.0440405080470231,0.));
#12878=CARTESIAN_POINT('',(0.0269103794110363,-0.0205235108722689,0.));
#12879=CARTESIAN_POINT('',(0.0570328754044573,-0.0440405080470231,0.));
#12880=CARTESIAN_POINT('',(0.058647048757616,-0.041972942617564,0.));
#12881=CARTESIAN_POINT('',(0.0609186752265488,-0.0432844667709008,0.));
#12882=CARTESIAN_POINT('',(0.0644317303263433,-0.0371996768482676,0.));
#12883=CARTESIAN_POINT('',(0.0679447854261378,-0.0311148869256346,0.));
#12884=CARTESIAN_POINT('',(0.065673158957205,-0.0298033627722979,0.));
#12885=CARTESIAN_POINT('',(0.0666566364665236,-0.027371664927621,0.));
#12886=CARTESIAN_POINT('',(-0.000143556264676648,-0.000354950119444913,
0.));
#12887=CARTESIAN_POINT('',(0.0312290714957491,-0.0130433167593006,0.));
#12888=CARTESIAN_POINT('',(0.0302455939864304,-0.0154750146039775,0.));
#12889=CARTESIAN_POINT('',(0.0279739675174976,-0.0141634904506408,0.));
#12890=CARTESIAN_POINT('',(0.0262529262952621,-0.0171444212894733,0.));
#12891=CARTESIAN_POINT('',(0.0262529262952621,-0.0171444212894733,0.));
#12892=CARTESIAN_POINT('',(0.0285245527641949,-0.0184559454428099,0.));
#12893=CARTESIAN_POINT('',(0.0415178971417435,-0.0588946469797372,0.));
#12894=CARTESIAN_POINT('',(0.0196654157318937,-0.0275436824455599,0.));
#12895=CARTESIAN_POINT('',(0.0415178971417435,-0.0588946469797372,0.));
#12896=CARTESIAN_POINT('',(0.0436697829106127,-0.0573947236294023,0.));
#12897=CARTESIAN_POINT('',(0.045453908858668,-0.0593175541005092,0.));
#12898=CARTESIAN_POINT('',(0.0506044120921594,-0.0545385854901746,0.));
#12899=CARTESIAN_POINT('',(0.0557549153256508,-0.0497596168798399,0.));
#12900=CARTESIAN_POINT('',(0.0539707893775955,-0.047836786408733,0.));
#12901=CARTESIAN_POINT('',(0.055627329262925,-0.0458030071612594,0.));
#12902=CARTESIAN_POINT('',(-0.000241801846989393,-0.000296866729719551,
0.));
#12903=CARTESIAN_POINT('',(0.0259970663650047,-0.0216687692078624,0.));
#12904=CARTESIAN_POINT('',(0.0243405264796751,-0.0237025484553359,0.));
#12905=CARTESIAN_POINT('',(0.0225564005316197,-0.021779717984229,0.));
#12906=CARTESIAN_POINT('',(0.0200331755527077,-0.0241209286241182,0.));
#12907=CARTESIAN_POINT('',(0.0200331755527076,-0.0241209286241182,0.));
#12908=CARTESIAN_POINT('',(0.021817301500763,-0.0260437590952251,0.));
#12909=CARTESIAN_POINT('',(0.0223138715196951,-0.0685157380734003,0.));
#12910=CARTESIAN_POINT('',(0.0106730935647171,-0.0321164769601036,0.));
#12911=CARTESIAN_POINT('',(0.0223138715196951,-0.0685157380734003,0.));
#12912=CARTESIAN_POINT('',(0.0248122652103157,-0.067716731574172,0.));
#12913=CARTESIAN_POINT('',(0.0259503632175011,-0.0700800164374888,0.));
#12914=CARTESIAN_POINT('',(0.0322806697697825,-0.0670315014726391,0.));
#12915=CARTESIAN_POINT('',(0.0386109763220639,-0.0639829865077894,0.));
#12916=CARTESIAN_POINT('',(0.0374728783148785,-0.0616197016444726,0.));
#12917=CARTESIAN_POINT('',(0.0396552897378018,-0.0601645512054336,0.));
#12918=CARTESIAN_POINT('',(-0.000318562274067211,-0.000212405428280432,
0.));
#12919=CARTESIAN_POINT('',(0.0184551078014828,-0.0283688564204782,0.));
#12920=CARTESIAN_POINT('',(0.0162726963785595,-0.0298240068595172,0.));
#12921=CARTESIAN_POINT('',(0.0151345983713741,-0.0274607219962004,0.));
#12922=CARTESIAN_POINT('',(0.0120333892481522,-0.0289541855975585,0.));
#12923=CARTESIAN_POINT('',(0.0120333892481522,-0.0289541855975585,0.));
#12924=CARTESIAN_POINT('',(0.0131714872553376,-0.0313174704608752,0.));
#12925=CARTESIAN_POINT('',(0.00112716049030961,-0.0720489051628777,0.));
#12926=CARTESIAN_POINT('',(0.000732420196215596,-0.0338355815559042,0.));
#12927=CARTESIAN_POINT('',(0.00112716049030961,-0.0720489051628777,0.));
#12928=CARTESIAN_POINT('',(0.00375006885924977,-0.0720218107485947,0.));
#12929=CARTESIAN_POINT('',(0.00414101392316592,-0.0746155617729109,0.));
#12930=CARTESIAN_POINT('',(0.0110886482769744,-0.0735683743863606,0.));
#12931=CARTESIAN_POINT('',(0.0180362826307828,-0.0725211869998103,0.));
#12932=CARTESIAN_POINT('',(0.0176453375668666,-0.0699274359754942,0.));
#12933=CARTESIAN_POINT('',(0.0201597036951023,-0.069180210847221,0.));
#12934=CARTESIAN_POINT('',(-0.00036701704510664,-0.000109070972412725,0.));
#12935=CARTESIAN_POINT('',(0.00927333192089273,-0.0325482462454586,0.));
#12936=CARTESIAN_POINT('',(0.0067589657926571,-0.0332954713737319,0.));
#12937=CARTESIAN_POINT('',(0.00636802072874091,-0.0307017203494158,0.));
#12938=CARTESIAN_POINT('',(0.00296438350123953,-0.0312147361173051,0.));
#12939=CARTESIAN_POINT('',(0.00296438350123953,-0.031214736117305,0.));
#12940=CARTESIAN_POINT('',(0.00335532856515574,-0.0338084871416212,0.));
#12941=CARTESIAN_POINT('',(-0.0201597036951023,-0.0691802108472209,0.));
#12942=CARTESIAN_POINT('',(-0.00927333192089274,-0.0325482462454587,0.));
#12943=CARTESIAN_POINT('',(-0.0201597036951022,-0.0691802108472209,0.));
#12944=CARTESIAN_POINT('',(-0.0176453375668666,-0.0699274359754942,0.));
#12945=CARTESIAN_POINT('',(-0.0180362826307828,-0.0725211869998104,0.));
#12946=CARTESIAN_POINT('',(-0.0110886482769744,-0.0735683743863606,0.));
#12947=CARTESIAN_POINT('',(-0.00414101392316591,-0.0746155617729109,0.));
#12948=CARTESIAN_POINT('',(-0.00375006885924976,-0.0720218107485947,0.));
#12949=CARTESIAN_POINT('',(-0.0011271604903096,-0.0720489051628777,0.));
#12950=CARTESIAN_POINT('',(-0.000382860741060573,3.95491800393211E-6,0.));
#12951=CARTESIAN_POINT('',(-0.000732420196215579,-0.0338355815559041,0.));
#12952=CARTESIAN_POINT('',(-0.00335532856515572,-0.0338084871416211,0.));
#12953=CARTESIAN_POINT('',(-0.00296438350123958,-0.031214736117305,0.));
#12954=CARTESIAN_POINT('',(-0.00636802072874099,-0.0307017203494158,0.));
#12955=CARTESIAN_POINT('',(-0.00636802072874099,-0.0307017203494158,0.));
#12956=CARTESIAN_POINT('',(-0.00675896579265711,-0.033295471373732,0.));
#12957=CARTESIAN_POINT('',(-0.0396552897378019,-0.0601645512054337,0.));
#12958=CARTESIAN_POINT('',(-0.0184551078014828,-0.0283688564204783,0.));
#12959=CARTESIAN_POINT('',(-0.0396552897378019,-0.0601645512054337,0.));
#12960=CARTESIAN_POINT('',(-0.0374728783148785,-0.0616197016444726,0.));
#12961=CARTESIAN_POINT('',(-0.0386109763220639,-0.0639829865077894,0.));
#12962=CARTESIAN_POINT('',(-0.0322806697697825,-0.0670315014726391,0.));
#12963=CARTESIAN_POINT('',(-0.0259503632175011,-0.0700800164374888,0.));
#12964=CARTESIAN_POINT('',(-0.0248122652103157,-0.067716731574172,0.));
#12965=CARTESIAN_POINT('',(-0.0223138715196951,-0.0685157380734003,0.));
#12966=CARTESIAN_POINT('',(-0.000364685580014581,0.000116629396600068,0.));
#12967=CARTESIAN_POINT('',(-0.010673093564717,-0.0321164769601035,0.));
#12968=CARTESIAN_POINT('',(-0.0131714872553376,-0.0313174704608752,0.));
#12969=CARTESIAN_POINT('',(-0.0120333892481522,-0.0289541855975584,0.));
#12970=CARTESIAN_POINT('',(-0.0151345983713742,-0.0274607219962004,0.));
#12971=CARTESIAN_POINT('',(-0.0151345983713742,-0.0274607219962004,0.));
#12972=CARTESIAN_POINT('',(-0.0162726963785595,-0.0298240068595172,0.));
#12973=CARTESIAN_POINT('',(-0.0556273292629251,-0.0458030071612595,0.));
#12974=CARTESIAN_POINT('',(-0.0259970663650047,-0.0216687692078625,0.));
#12975=CARTESIAN_POINT('',(-0.0556273292629251,-0.0458030071612595,0.));
#12976=CARTESIAN_POINT('',(-0.0539707893775955,-0.047836786408733,0.));
#12977=CARTESIAN_POINT('',(-0.0557549153256508,-0.0497596168798399,0.));
#12978=CARTESIAN_POINT('',(-0.0506044120921594,-0.0545385854901746,0.));
#12979=CARTESIAN_POINT('',(-0.045453908858668,-0.0593175541005092,0.));
#12980=CARTESIAN_POINT('',(-0.0436697829106127,-0.0573947236294023,0.));
#12981=CARTESIAN_POINT('',(-0.0415178971417434,-0.0588946469797371,0.));
#12982=CARTESIAN_POINT('',(-0.000314106504787986,0.00021894084148861,0.));
#12983=CARTESIAN_POINT('',(-0.0196654157318937,-0.0275436824455599,0.));
#12984=CARTESIAN_POINT('',(-0.0218173015007629,-0.026043759095225,0.));
#12985=CARTESIAN_POINT('',(-0.0200331755527077,-0.0241209286241181,0.));
#12986=CARTESIAN_POINT('',(-0.0225564005316198,-0.021779717984229,0.));
#12987=CARTESIAN_POINT('',(-0.0225564005316198,-0.021779717984229,0.));
#12988=CARTESIAN_POINT('',(-0.0243405264796751,-0.0237025484553359,0.));
#12989=CARTESIAN_POINT('',(-0.0666566364665237,-0.0273716649276211,0.));
#12990=CARTESIAN_POINT('',(-0.0312290714957491,-0.0130433167593006,0.));
#12991=CARTESIAN_POINT('',(-0.0666566364665237,-0.0273716649276211,0.));
#12992=CARTESIAN_POINT('',(-0.065673158957205,-0.029803362772298,0.));
#12993=CARTESIAN_POINT('',(-0.0679447854261378,-0.0311148869256346,0.));
#12994=CARTESIAN_POINT('',(-0.0644317303263433,-0.0371996768482677,0.));
#12995=CARTESIAN_POINT('',(-0.0609186752265487,-0.0432844667709008,0.));
#12996=CARTESIAN_POINT('',(-0.0586470487576159,-0.0419729426175641,0.));
#12997=CARTESIAN_POINT('',(-0.0570328754044573,-0.0440405080470232,0.));
#12998=CARTESIAN_POINT('',(-0.000235617688177288,0.000301798431804832,0.));
#12999=CARTESIAN_POINT('',(-0.0269103794110362,-0.0205235108722689,0.));
#13000=CARTESIAN_POINT('',(-0.0285245527641949,-0.0184559454428098,0.));
#13001=CARTESIAN_POINT('',(-0.0262529262952621,-0.0171444212894732,0.));
#13002=CARTESIAN_POINT('',(-0.0279739675174977,-0.0141634904506408,0.));
#13003=CARTESIAN_POINT('',(-0.0279739675174976,-0.0141634904506408,0.));
#13004=CARTESIAN_POINT('',(-0.0302455939864304,-0.0154750146039775,0.));
#13005=CARTESIAN_POINT('',(-0.0717632090022407,-0.00650823014659059,0.));
#13006=CARTESIAN_POINT('',(-0.0336862365775734,-0.00325890837702218,0.));
#13007=CARTESIAN_POINT('',(-0.0717632090022406,-0.00650823014659059,0.));
#13008=CARTESIAN_POINT('',(-0.0715401801615557,-0.00912177956364098,0.));
#13009=CARTESIAN_POINT('',(-0.0740974631707328,-0.00970546272265445,0.));
#13010=CARTESIAN_POINT('',(-0.0725340065670403,-0.0165554136702992,0.));
#13011=CARTESIAN_POINT('',(-0.0709705499633477,-0.023405364617944,0.));
#13012=CARTESIAN_POINT('',(-0.0684132669541707,-0.0228216814589305,0.));
#13013=CARTESIAN_POINT('',(-0.0674802324028337,-0.0252731767057448,0.));
#13014=CARTESIAN_POINT('',(-0.000136193205980845,0.000357839907034593,0.));
#13015=CARTESIAN_POINT('',(-0.0317642377852532,-0.0116797352920328,0.));
#13016=CARTESIAN_POINT('',(-0.0326972723365901,-0.00922824004521846,0.));
#13017=CARTESIAN_POINT('',(-0.0301399893274131,-0.00864455688620497,0.));
#13018=CARTESIAN_POINT('',(-0.0309059247277115,-0.00528877463505904,0.));
#13019=CARTESIAN_POINT('',(-0.0309059247277114,-0.00528877463505904,0.));
#13020=CARTESIAN_POINT('',(-0.0334632077368884,-0.00587245779407255,0.));
#13021=CARTESIAN_POINT('',(-0.070493305490453,0.0149334894438621,0.));
#13022=CARTESIAN_POINT('',(-0.0331502317098657,0.00681506831603855,0.));
#13023=CARTESIAN_POINT('',(-0.0704933054904529,0.0149334894438621,0.));
#13024=CARTESIAN_POINT('',(-0.0710505424096426,0.0123703137895158,0.));
#13025=CARTESIAN_POINT('',(-0.0736662561412469,0.0125663344349552,0.));
#13026=CARTESIAN_POINT('',(-0.0741913180140107,0.00555987066451156,0.));
#13027=CARTESIAN_POINT('',(-0.0747163798867745,-0.00144659310593206,0.));
#13028=CARTESIAN_POINT('',(-0.0721006661551703,-0.00164261375137147,0.));
#13029=CARTESIAN_POINT('',(-0.0719316746200961,-0.00426021270465192,0.));
#13030=CARTESIAN_POINT('',(-2.46673597589629E-5,0.000382085736169763,0.));
#13031=CARTESIAN_POINT('',(-0.0337957042371888,-0.00179816397542544,0.));
#13032=CARTESIAN_POINT('',(-0.033964695772263,0.000819434977855005,0.));
#13033=CARTESIAN_POINT('',(-0.0313489820406587,0.000623414332415625,0.));
#13034=CARTESIAN_POINT('',(-0.0310917548974513,0.00405587201625292,0.));
#13035=CARTESIAN_POINT('',(-0.0310917548974512,0.00405587201625291,0.));
#13036=CARTESIAN_POINT('',(-0.0337074686290555,0.00425189266169227,0.));
#13037=CARTESIAN_POINT('',(-0.0629597624310627,0.0350483029626886,0.));
#13038=CARTESIAN_POINT('',(-0.0296686832773411,0.0162834962817846,0.));
#13039=CARTESIAN_POINT('',(-0.0629597624310627,0.0350483029626886,0.));
#13040=CARTESIAN_POINT('',(-0.0642477521644631,0.0327632504762461,0.));
#13041=CARTESIAN_POINT('',(-0.0666894789745709,0.0337215576315687,0.));
#13042=CARTESIAN_POINT('',(-0.0692564052721999,0.02718113609169,0.));
#13043=CARTESIAN_POINT('',(-0.0718233315698289,0.0206407145518112,0.));
#13044=CARTESIAN_POINT('',(-0.0693816047597211,0.0196824073964886,0.));
#13045=CARTESIAN_POINT('',(-0.0699916718804082,0.0171312898908849,0.));
#13046=CARTESIAN_POINT('',(8.90502896284296E-5,0.000372381570890616,0.));
#13047=CARTESIAN_POINT('',(-0.032824274057645,0.00824318210151109,0.));
#13048=CARTESIAN_POINT('',(-0.032214206936958,0.0107942996071149,0.));
#13049=CARTESIAN_POINT('',(-0.0297724801268501,0.00983599245179237,0.));
#13050=CARTESIAN_POINT('',(-0.0285149462006335,0.0130401366400196,0.));
#13051=CARTESIAN_POINT('',(-0.0285149462006335,0.0130401366400196,0.));
#13052=CARTESIAN_POINT('',(-0.0309566730107413,0.0139984437953421,0.));
#13053=CARTESIAN_POINT('',(-0.049831968185306,0.0520489209563361,0.));
#13054=CARTESIAN_POINT('',(-0.0235509421367524,0.0243050641439476,0.));
#13055=CARTESIAN_POINT('',(-0.0498319681853059,0.0520489209563361,0.));
#13056=CARTESIAN_POINT('',(-0.0517362671928545,0.0502450285790055,0.));
#13057=CARTESIAN_POINT('',(-0.0537870489390461,0.0518804724479991,0.));
#13058=CARTESIAN_POINT('',(-0.0581677569952255,0.0463872382946707,0.));
#13059=CARTESIAN_POINT('',(-0.0625484650514049,0.0408940041413422,0.));
#13060=CARTESIAN_POINT('',(-0.0604976833052133,0.0392585602723486,0.));
#13061=CARTESIAN_POINT('',(-0.0618326019407532,0.0370006022001892,0.));
#13062=CARTESIAN_POINT('',(0.000194855429991572,0.000329589668868218,0.));
#13063=CARTESIAN_POINT('',(-0.0289362630811253,0.0175520852741195,0.));
#13064=CARTESIAN_POINT('',(-0.0276013444455855,0.019810043346279,0.));
#13065=CARTESIAN_POINT('',(-0.025550562699394,0.0181745994772855,0.));
#13066=CARTESIAN_POINT('',(-0.0234044593981092,0.0208657278976235,0.));
#13067=CARTESIAN_POINT('',(-0.0234044593981092,0.0208657278976235,0.));
#13068=CARTESIAN_POINT('',(-0.0254552411443009,0.022501171766617,0.));
#13069=CARTESIAN_POINT('',(-0.0322763848822943,0.0644247639100856,0.));
#13070=CARTESIAN_POINT('',(-0.015340596435706,0.0301670203959037,0.));
#13071=CARTESIAN_POINT('',(-0.0322763848822943,0.0644247639100856,0.));
#13072=CARTESIAN_POINT('',(-0.0346277878402918,0.0632623153958441,0.));
#13073=CARTESIAN_POINT('',(-0.0361054035647107,0.0654295796137214,0.));
#13074=CARTESIAN_POINT('',(-0.0419106482442283,0.0614716308081276,0.));
#13075=CARTESIAN_POINT('',(-0.0477158929237458,0.0575136820025336,0.));
#13076=CARTESIAN_POINT('',(-0.0462382771993269,0.0553464177846563,0.));
#13077=CARTESIAN_POINT('',(-0.0481794339707577,0.0535822486295382,0.));
#13078=CARTESIAN_POINT('',(0.000283346810291001,0.000257512278386457,0.));
#13079=CARTESIAN_POINT('',(-0.0224771381451487,0.0253014086440649,0.));
#13080=CARTESIAN_POINT('',(-0.0205359813737179,0.0270655777991829,0.));
#13081=CARTESIAN_POINT('',(-0.019058365649299,0.0248983135813056,0.));
#13082=CARTESIAN_POINT('',(-0.0162143836692846,0.0268373076637849,0.));
#13083=CARTESIAN_POINT('',(-0.0162143836692846,0.0268373076637848,0.));
#13084=CARTESIAN_POINT('',(-0.0176919993937035,0.0290045718816622,0.));
#13085=CARTESIAN_POINT('',(-0.0118529031399087,0.0710761838670043,0.));
#13086=CARTESIAN_POINT('',(-0.00576717142024856,0.0333485044998953,0.));
#13087=CARTESIAN_POINT('',(-0.0118529031399087,0.0710761838670043,0.));
#13088=CARTESIAN_POINT('',(-0.0144424775765752,0.0706584678676635,0.));
#13089=CARTESIAN_POINT('',(-0.0152156346376969,0.0731649814977839,0.));
#13090=CARTESIAN_POINT('',(-0.0219295944748808,0.0710939991604738,0.));
#13091=CARTESIAN_POINT('',(-0.0286435543120647,0.0690230168231636,0.));
#13092=CARTESIAN_POINT('',(-0.027870397250943,0.0665165031930433,0.));
#13093=CARTESIAN_POINT('',(-0.0302453118604971,0.0654028771263279,0.));
#13094=CARTESIAN_POINT('',(0.000346661583049074,0.000162553791896031,0.));
#13095=CARTESIAN_POINT('',(-0.0140208208456795,0.0308025908225821,0.));
#13096=CARTESIAN_POINT('',(-0.0116459062361254,0.0319162168892976,0.));
#13097=CARTESIAN_POINT('',(-0.0108727491750037,0.0294097032591773,0.));
#13098=CARTESIAN_POINT('',(-0.00758358879579325,0.0304242748704341,0.));
#13099=CARTESIAN_POINT('',(-0.00758358879579324,0.0304242748704341,0.));
#13100=CARTESIAN_POINT('',(-0.00835674585691499,0.0329307885005545,0.));
#13101=CARTESIAN_POINT('',(0.0096237610620664,0.0714121729746443,0.));
#13102=CARTESIAN_POINT('',(0.00431869208471288,0.0335668276315696,0.));
#13103=CARTESIAN_POINT('',(0.0096237610620664,0.0714121729746443,0.));
#13104=CARTESIAN_POINT('',(0.00702611019958905,0.0717763053898621,0.));
#13105=CARTESIAN_POINT('',(0.00702611019958904,0.0743993536965353,0.));
#13106=CARTESIAN_POINT('',(0.,0.0743993536965353,0.));
#13107=CARTESIAN_POINT('',(-0.00702611019958905,0.0743993536965353,0.));
#13108=CARTESIAN_POINT('',(-0.00702611019958905,0.0717763053898621,0.));
#13109=CARTESIAN_POINT('',(-0.00962376106206638,0.0714121729746442,0.));
#13110=CARTESIAN_POINT('',(0.000379173952853939,5.31516876400766E-5,0.));
#13111=CARTESIAN_POINT('',(-0.00431869208471289,0.0335668276315696,0.));
#13112=CARTESIAN_POINT('',(-0.00172104122223555,0.0339309600467873,0.));
#13113=CARTESIAN_POINT('',(-0.00172104122223552,0.0313079117401141,0.));
#13114=CARTESIAN_POINT('',(0.0017210412222356,0.0313079117401141,0.));
#13115=CARTESIAN_POINT('',(0.0017210412222356,0.0313079117401141,0.));
#13116=CARTESIAN_POINT('',(0.00172104122223556,0.0339309600467874,0.));
#13117=CARTESIAN_POINT('',(0.0302453118604971,0.0654028771263278,0.));
#13118=CARTESIAN_POINT('',(0.0140208208456795,0.0308025908225822,0.));
#13119=CARTESIAN_POINT('',(0.0302453118604971,0.0654028771263278,0.));
#13120=CARTESIAN_POINT('',(0.027870397250943,0.0665165031930433,0.));
#13121=CARTESIAN_POINT('',(0.0286435543120647,0.0690230168231637,0.));
#13122=CARTESIAN_POINT('',(0.0219295944748808,0.0710939991604738,0.));
#13123=CARTESIAN_POINT('',(0.0152156346376969,0.0731649814977839,0.));
#13124=CARTESIAN_POINT('',(0.0144424775765752,0.0706584678676635,0.));
#13125=CARTESIAN_POINT('',(0.0118529031399087,0.0710761838670043,0.));
#13126=CARTESIAN_POINT('',(0.000377995052970243,-6.09731773150378E-5,0.));
#13127=CARTESIAN_POINT('',(0.00576717142024853,0.0333485044998952,0.));
#13128=CARTESIAN_POINT('',(0.00835674585691497,0.0329307885005544,0.));
#13129=CARTESIAN_POINT('',(0.00758358879579329,0.0304242748704341,0.));
#13130=CARTESIAN_POINT('',(0.0108727491750038,0.0294097032591773,0.));
#13131=CARTESIAN_POINT('',(0.0108727491750038,0.0294097032591773,0.));
#13132=CARTESIAN_POINT('',(0.0116459062361255,0.0319162168892977,0.));
#13133=CARTESIAN_POINT('',(0.0481794339707578,0.0535822486295383,0.));
#13134=CARTESIAN_POINT('',(0.0224771381451487,0.0253014086440649,0.));
#13135=CARTESIAN_POINT('',(0.0481794339707578,0.0535822486295383,0.));
#13136=CARTESIAN_POINT('',(0.0462382771993269,0.0553464177846563,0.));
#13137=CARTESIAN_POINT('',(0.0477158929237458,0.0575136820025337,0.));
#13138=CARTESIAN_POINT('',(0.0419106482442283,0.0614716308081276,0.));
#13139=CARTESIAN_POINT('',(0.0361054035647106,0.0654295796137215,0.));
#13140=CARTESIAN_POINT('',(0.0346277878402918,0.0632623153958441,0.));
#13141=CARTESIAN_POINT('',(0.0322763848822942,0.0644247639100855,0.));
#13142=CARTESIAN_POINT('',(0.000343229633826175,-0.00016968030788933,0.));
#13143=CARTESIAN_POINT('',(0.015340596435706,0.0301670203959036,0.));
#13144=CARTESIAN_POINT('',(0.0176919993937035,0.0290045718816621,0.));
#13145=CARTESIAN_POINT('',(0.0162143836692846,0.0268373076637848,0.));
#13146=CARTESIAN_POINT('',(0.0190583656492991,0.0248983135813056,0.));
#13147=CARTESIAN_POINT('',(0.0190583656492991,0.0248983135813056,0.));
#13148=CARTESIAN_POINT('',(0.0205359813737179,0.0270655777991829,0.));
#13149=CARTESIAN_POINT('',(0.0581677569952255,0.0463872382946706,0.));
#13150=CARTESIAN_POINT('',(0.0625484650514049,0.0408940041413422,0.));
#13151=CARTESIAN_POINT('',(0.0537870489390461,0.0518804724479991,0.));
#13152=CARTESIAN_POINT('',(0.0517362671928545,0.0502450285790055,0.));
#13153=CARTESIAN_POINT('',(0.0498319681853059,0.052048920956336,0.));
#13154=CARTESIAN_POINT('',(0.00027796675547821,-0.000263310598477886,0.));
#13155=CARTESIAN_POINT('',(0.0235509421367523,0.0243050641439476,0.));
#13156=CARTESIAN_POINT('',(0.0254552411443009,0.022501171766617,0.));
#13157=CARTESIAN_POINT('',(0.0234044593981092,0.0208657278976234,0.));
#13158=CARTESIAN_POINT('',(0.025550562699394,0.0181745994772854,0.));
#13159=CARTESIAN_POINT('',(0.025550562699394,0.0181745994772855,0.));
#13160=CARTESIAN_POINT('',(0.0276013444455856,0.019810043346279,0.));
#13161=CARTESIAN_POINT('',(0.0289362630811254,0.0175520852741195,0.));
#13162=CARTESIAN_POINT('',(0.0618326019407531,0.0370006022001891,0.));
#13163=CARTESIAN_POINT('',(0.0618326019407531,0.0370006022001891,0.));
#13164=CARTESIAN_POINT('',(0.0604976833052133,0.0392585602723486,0.));
#13165=CARTESIAN_POINT('',(0.,-4.85844605395442E-18,0.));
#13166=CARTESIAN_POINT('',(-0.0793444453917172,-4.85844605395442E-18,0.));
#13167=CARTESIAN_POINT('',(0.,0.,0.0381));
#13168=CARTESIAN_POINT('',(0.0205359813737179,0.0270655777991829,0.0381));
#13169=CARTESIAN_POINT('',(0.0210560316234151,0.0226930050819694,0.0381));
#13170=CARTESIAN_POINT('',(0.0189631525496285,0.0229526647293936,0.0381));
#13171=CARTESIAN_POINT('',(0.,1.6998568749196E-18,0.0381));
#13172=CARTESIAN_POINT('',(0.0214713662588503,0.0206253825123011,0.0381));
#13173=CARTESIAN_POINT('',(0.0254552411443009,0.022501171766617,0.0381));
#13174=CARTESIAN_POINT('',(0.,0.,0.0381));
#13175=CARTESIAN_POINT('',(0.0276013444455856,0.019810043346279,0.0381));
#13176=CARTESIAN_POINT('',(0.0268094518879519,0.0154784442643354,0.0381));
#13177=CARTESIAN_POINT('',(0.0248860895839065,0.0163434548985889,0.0381));
#13178=CARTESIAN_POINT('',(0.,1.6998568749196E-18,0.0381));
#13179=CARTESIAN_POINT('',(0.0265968919197364,0.0133802583312241,0.0381));
#13180=CARTESIAN_POINT('',(0.0309566730107413,0.0139984437953421,0.0381));
#13181=CARTESIAN_POINT('',(0.,0.,0.0381));
#13182=CARTESIAN_POINT('',(0.032214206936958,0.0107942996071149,0.0381));
#13183=CARTESIAN_POINT('',(0.0301807347009024,0.00688855574778137,0.0381));
#13184=CARTESIAN_POINT('',(0.0285977883478492,0.0082820573779741,0.0381));
#13185=CARTESIAN_POINT('',(0.,1.6998568749196E-18,0.0381));
#13186=CARTESIAN_POINT('',(0.0293591670150162,0.00494623947912136,0.0381));
#13187=CARTESIAN_POINT('',(0.0337074686290555,0.00425189266169227,0.0381));
#13188=CARTESIAN_POINT('',(0.,0.,0.0381));
#13189=CARTESIAN_POINT('',(0.033964695772263,0.00081943497785501,0.0381));
#13190=CARTESIAN_POINT('',(0.030870326789705,-0.00231341117689204,0.0381));
#13191=CARTESIAN_POINT('',(0.0297684481177583,-0.000515237285883905,0.0381));
#13192=CARTESIAN_POINT('',(0.,1.6998568749196E-18,0.0381));
#13193=CARTESIAN_POINT('',(0.0295127512804294,-0.00392727445691578,0.0381));
#13194=CARTESIAN_POINT('',(0.0334632077368884,-0.00587245779407255,0.0381));
#13195=CARTESIAN_POINT('',(0.,0.,0.0381));
#13196=CARTESIAN_POINT('',(0.0326972723365901,-0.00922824004521848,0.0381));
#13197=CARTESIAN_POINT('',(0.0288169548710445,-0.0113098213662608,0.0381));
#13198=CARTESIAN_POINT('',(0.0282940506357217,-0.00926675085580952,0.0381));
#13199=CARTESIAN_POINT('',(0.,1.6998568749196E-18,0.0381));
#13200=CARTESIAN_POINT('',(0.0270439980800007,-0.0124518328228958,0.0381));
#13201=CARTESIAN_POINT('',(0.0302455939864304,-0.0154750146039775,0.0381));
#13202=CARTESIAN_POINT('',(0.,0.,0.0381));
#13203=CARTESIAN_POINT('',(0.0285245527641949,-0.0184559454428099,0.0381));
#13204=CARTESIAN_POINT('',(0.0242030700509682,-0.0193013042949038,0.0381));
#13205=CARTESIAN_POINT('',(0.0243056025883052,-0.0171948729457301,0.0381));
#13206=CARTESIAN_POINT('',(0.,1.6998568749196E-18,0.0381));
#13207=CARTESIAN_POINT('',(0.0221722669695333,-0.0198699911985934,0.0381));
#13208=CARTESIAN_POINT('',(0.0243405264796751,-0.0237025484553359,0.0381));
#13209=CARTESIAN_POINT('',(0.,0.,0.0381));
#13210=CARTESIAN_POINT('',(0.021817301500763,-0.0260437590952251,0.0381));
#13211=CARTESIAN_POINT('',(0.0174386362434399,-0.0255777816345658,0.0381));
#13212=CARTESIAN_POINT('',(0.0181574950875376,-0.0235951551159655,0.0381));
#13213=CARTESIAN_POINT('',(0.,1.6998568749196E-18,0.0381));
#13214=CARTESIAN_POINT('',(0.0153304326374317,-0.0255226136582757,0.0381));
#13215=CARTESIAN_POINT('',(0.0162726963785595,-0.0298240068595172,0.0381));
#13216=CARTESIAN_POINT('',(0.,0.,0.0381));
#13217=CARTESIAN_POINT('',(0.0131714872553376,-0.0313174704608752,0.0381));
#13218=CARTESIAN_POINT('',(0.00912470307748729,-0.0295815608297507,0.0381));
#13219=CARTESIAN_POINT('',(0.0103960144653877,-0.0278989042085148,0.0381));
#13220=CARTESIAN_POINT('',(0.,1.6998568749196E-18,0.0381));
#13221=CARTESIAN_POINT('',(0.0071264220889989,-0.028907439890275,0.0381));
#13222=CARTESIAN_POINT('',(0.0067589657926571,-0.0332954713737319,0.0381));
#13223=CARTESIAN_POINT('',(0.,0.,0.0381));
#13224=CARTESIAN_POINT('',(0.00335532856515574,-0.0338084871416212,0.0381));
#13225=CARTESIAN_POINT('',(3.38271077815477E-17,-0.0309568885286708,0.0381));
#13226=CARTESIAN_POINT('',(0.00171080233582995,-0.0297237132298128,0.0381));
#13227=CARTESIAN_POINT('',(0.,1.6998568749196E-18,0.0381));
#13228=CARTESIAN_POINT('',(-0.00171080233582971,-0.0297237132298129,0.0381));
#13229=CARTESIAN_POINT('',(-0.00335532856515572,-0.0338084871416211,0.0381));
#13230=CARTESIAN_POINT('',(0.,0.,0.0381));
#13231=CARTESIAN_POINT('',(-0.00675896579265711,-0.033295471373732,0.0381));
#13232=CARTESIAN_POINT('',(-0.00912470307748723,-0.0295815608297507,0.0381));
#13233=CARTESIAN_POINT('',(-0.00712642208899869,-0.028907439890275,0.0381));
#13234=CARTESIAN_POINT('',(0.,1.6998568749196E-18,0.0381));
#13235=CARTESIAN_POINT('',(-0.0103960144653875,-0.0278989042085148,0.0381));
#13236=CARTESIAN_POINT('',(-0.0131714872553376,-0.0313174704608752,0.0381));
#13237=CARTESIAN_POINT('',(0.,0.,0.0381));
#13238=CARTESIAN_POINT('',(-0.0162726963785595,-0.0298240068595172,0.0381));
#13239=CARTESIAN_POINT('',(-0.0174386362434398,-0.0255777816345658,0.0381));
#13240=CARTESIAN_POINT('',(-0.0153304326374315,-0.0255226136582757,0.0381));
#13241=CARTESIAN_POINT('',(0.,1.6998568749196E-18,0.0381));
#13242=CARTESIAN_POINT('',(-0.0181574950875375,-0.0235951551159657,0.0381));
#13243=CARTESIAN_POINT('',(-0.0218173015007629,-0.026043759095225,0.0381));
#13244=CARTESIAN_POINT('',(0.,0.,0.0381));
#13245=CARTESIAN_POINT('',(-0.0243405264796751,-0.0237025484553359,0.0381));
#13246=CARTESIAN_POINT('',(-0.0242030700509681,-0.0193013042949039,0.0381));
#13247=CARTESIAN_POINT('',(-0.0221722669695331,-0.0198699911985935,0.0381));
#13248=CARTESIAN_POINT('',(0.,1.6998568749196E-18,0.0381));
#13249=CARTESIAN_POINT('',(-0.0243056025883051,-0.0171948729457303,0.0381));
#13250=CARTESIAN_POINT('',(-0.0285245527641949,-0.0184559454428098,0.0381));
#13251=CARTESIAN_POINT('',(0.,0.,0.0381));
#13252=CARTESIAN_POINT('',(-0.0302455939864304,-0.0154750146039775,0.0381));
#13253=CARTESIAN_POINT('',(-0.0288169548710445,-0.0113098213662609,0.0381));
#13254=CARTESIAN_POINT('',(-0.0270439980800006,-0.0124518328228961,0.0381));
#13255=CARTESIAN_POINT('',(0.,1.6998568749196E-18,0.0381));
#13256=CARTESIAN_POINT('',(-0.0282940506357217,-0.00926675085580972,0.0381));
#13257=CARTESIAN_POINT('',(-0.0326972723365901,-0.00922824004521846,0.0381));
#13258=CARTESIAN_POINT('',(0.,0.,0.0381));
#13259=CARTESIAN_POINT('',(-0.0334632077368884,-0.00587245779407255,0.0381));
#13260=CARTESIAN_POINT('',(-0.0308703267897049,-0.0023134111768921,0.0381));
#13261=CARTESIAN_POINT('',(-0.0295127512804294,-0.003927274456916,0.0381));
#13262=CARTESIAN_POINT('',(0.,1.6998568749196E-18,0.0381));
#13263=CARTESIAN_POINT('',(-0.0297684481177583,-0.000515237285884125,0.0381));
#13264=CARTESIAN_POINT('',(-0.033964695772263,0.000819434977855005,0.0381));
#13265=CARTESIAN_POINT('',(0.,0.,0.0381));
#13266=CARTESIAN_POINT('',(-0.0337074686290555,0.00425189266169227,0.0381));
#13267=CARTESIAN_POINT('',(-0.0301807347009024,0.0068885557477813,0.0381));
#13268=CARTESIAN_POINT('',(-0.0293591670150162,0.00494623947912114,0.0381));
#13269=CARTESIAN_POINT('',(0.,1.6998568749196E-18,0.0381));
#13270=CARTESIAN_POINT('',(-0.0285977883478492,0.00828205737797387,0.0381));
#13271=CARTESIAN_POINT('',(-0.032214206936958,0.0107942996071149,0.0381));
#13272=CARTESIAN_POINT('',(0.,0.,0.0381));
#13273=CARTESIAN_POINT('',(-0.0309566730107413,0.0139984437953421,0.0381));
#13274=CARTESIAN_POINT('',(-0.0268094518879519,0.0154784442643353,0.0381));
#13275=CARTESIAN_POINT('',(-0.0265968919197364,0.0133802583312239,0.0381));
#13276=CARTESIAN_POINT('',(0.,1.6998568749196E-18,0.0381));
#13277=CARTESIAN_POINT('',(-0.0248860895839066,0.0163434548985887,0.0381));
#13278=CARTESIAN_POINT('',(-0.0276013444455855,0.019810043346279,0.0381));
#13279=CARTESIAN_POINT('',(0.,0.,0.0381));
#13280=CARTESIAN_POINT('',(-0.0254552411443009,0.022501171766617,0.0381));
#13281=CARTESIAN_POINT('',(-0.0210560316234151,0.0226930050819694,0.0381));
#13282=CARTESIAN_POINT('',(-0.0214713662588505,0.020625382512301,0.0381));
#13283=CARTESIAN_POINT('',(0.,1.6998568749196E-18,0.0381));
#13284=CARTESIAN_POINT('',(-0.0189631525496287,0.0229526647293934,0.0381));
#13285=CARTESIAN_POINT('',(-0.0205359813737179,0.0270655777991829,0.0381));
#13286=CARTESIAN_POINT('',(0.,0.,0.0381));
#13287=CARTESIAN_POINT('',(-0.0176919993937035,0.0290045718816622,0.0381));
#13288=CARTESIAN_POINT('',(-0.0134316905462651,0.0278911928114578,0.0381));
#13289=CARTESIAN_POINT('',(-0.0144380154803267,0.0260378509441597,0.0381));
#13290=CARTESIAN_POINT('',(0.,1.6998568749196E-18,0.0381));
#13291=CARTESIAN_POINT('',(-0.0113552561928919,0.0275224295728815,0.0381));
#13292=CARTESIAN_POINT('',(-0.0116459062361254,0.0319162168892976,0.0381));
#13293=CARTESIAN_POINT('',(0.,0.,0.0381));
#13294=CARTESIAN_POINT('',(-0.00835674585691499,0.0329307885005545,0.0381));
#13295=CARTESIAN_POINT('',(-0.00461388482007634,0.0306111256611647,0.0381));
#13296=CARTESIAN_POINT('',(-0.00612178366618865,0.029136742054403,0.0381));
#13297=CARTESIAN_POINT('',(0.,1.6998568749196E-18,0.0381));
#13298=CARTESIAN_POINT('',(-0.00273839549169566,0.0296467057686262,0.0381));
#13299=CARTESIAN_POINT('',(-0.00172104122223555,0.0339309600467873,0.0381));
#13300=CARTESIAN_POINT('',(0.,0.,0.0381));
#13301=CARTESIAN_POINT('',(0.00172104122223556,0.0339309600467874,0.0381));
#13302=CARTESIAN_POINT('',(0.00461388482007627,0.0306111256611647,0.0381));
#13303=CARTESIAN_POINT('',(0.00273839549169545,0.0296467057686262,0.0381));
#13304=CARTESIAN_POINT('',(0.,1.6998568749196E-18,0.0381));
#13305=CARTESIAN_POINT('',(0.00612178366618841,0.0291367420544031,0.0381));
#13306=CARTESIAN_POINT('',(0.00835674585691497,0.0329307885005544,0.0381));
#13307=CARTESIAN_POINT('',(0.,0.,0.0381));
#13308=CARTESIAN_POINT('',(0.,5.0547296634807E-18,0.0381));
#13309=CARTESIAN_POINT('',(0.0805378628,5.0547296634807E-18,0.0381));
#13310=CARTESIAN_POINT('',(-0.0693816047597211,0.0196824073964886,0.0381));
#13311=CARTESIAN_POINT('',(-0.0724661995984245,0.0165399371721945,0.0381));
#13312=CARTESIAN_POINT('',(-0.0734806050148497,0.0212911464486618,0.0381));
#13313=CARTESIAN_POINT('',(-0.0683467524195916,0.0343719895284193,0.0381));
#13314=CARTESIAN_POINT('',(-0.0683467524195916,0.0343719895284193,0.0381));
#13315=CARTESIAN_POINT('',(-0.0642477521644631,0.0327632504762461,0.0381));
#13316=CARTESIAN_POINT('',(-0.0643714976089894,0.0371649014726893,0.0381));
#13317=CARTESIAN_POINT('',(-0.0604976833052133,0.0392585602723486,0.0381));
#13318=CARTESIAN_POINT('',(-0.0639403923200196,0.0420040290973222,0.0381));
#13319=CARTESIAN_POINT('',(-0.0551789762076608,0.0529904974039791,0.0381));
#13320=CARTESIAN_POINT('',(-0.0551789762076608,0.0529904974039791,0.0381));
#13321=CARTESIAN_POINT('',(-0.0517362671928545,0.0502450285790055,0.0381));
#13322=CARTESIAN_POINT('',(-0.0505571055673312,0.054487601181852,0.0381));
#13323=CARTESIAN_POINT('',(-0.0462382771993269,0.0553464177846563,0.0381));
#13324=CARTESIAN_POINT('',(-0.0487187951697659,0.0589846694290399,0.0381));
#13325=CARTESIAN_POINT('',(-0.0371083058107307,0.0669005670402277,0.0381));
#13326=CARTESIAN_POINT('',(-0.0371083058107307,0.0669005670402277,0.0381));
#13327=CARTESIAN_POINT('',(-0.0346277878402918,0.0632623153958441,0.0381));
#13328=CARTESIAN_POINT('',(-0.0322504928298122,0.0669688384111078,0.0381));
#13329=CARTESIAN_POINT('',(-0.027870397250943,0.0665165031930433,0.0381));
#13330=CARTESIAN_POINT('',(-0.0291683192697673,0.0707242630320291,0.0381));
#13331=CARTESIAN_POINT('',(-0.0157403995953994,0.0748662277066493,0.0381));
#13332=CARTESIAN_POINT('',(-0.0157403995953994,0.0748662277066493,0.0381));
#13333=CARTESIAN_POINT('',(-0.0144424775765752,0.0706584678676635,0.0381));
#13334=CARTESIAN_POINT('',(-0.0110782822754077,0.0734996004596298,0.0381));
#13335=CARTESIAN_POINT('',(-0.00702611019958905,0.0717763053898621,0.0381));
#13336=CARTESIAN_POINT('',(-0.00702611019958905,0.0761796954963063,0.0381));
#13337=CARTESIAN_POINT('',(0.00702611019958904,0.0761796954963063,0.0381));
#13338=CARTESIAN_POINT('',(0.00702611019958904,0.0761796954963063,0.0381));
#13339=CARTESIAN_POINT('',(0.00702611019958905,0.0717763053898621,0.0381));
#13340=CARTESIAN_POINT('',(0.0110782822754077,0.0734996004596299,0.0381));
#13341=CARTESIAN_POINT('',(0.0144424775765752,0.0706584678676635,0.0381));
#13342=CARTESIAN_POINT('',(0.0157403995953994,0.0748662277066493,0.0381));
#13343=CARTESIAN_POINT('',(0.0291683192697672,0.0707242630320291,0.0381));
#13344=CARTESIAN_POINT('',(0.0291683192697673,0.0707242630320291,0.0381));
#13345=CARTESIAN_POINT('',(0.027870397250943,0.0665165031930433,0.0381));
#13346=CARTESIAN_POINT('',(0.0322504928298122,0.0669688384111078,0.0381));
#13347=CARTESIAN_POINT('',(0.0346277878402918,0.0632623153958441,0.0381));
#13348=CARTESIAN_POINT('',(0.0371083058107307,0.0669005670402277,0.0381));
#13349=CARTESIAN_POINT('',(0.0487187951697658,0.0589846694290399,0.0381));
#13350=CARTESIAN_POINT('',(0.0487187951697658,0.0589846694290399,0.0381));
#13351=CARTESIAN_POINT('',(0.0462382771993269,0.0553464177846563,0.0381));
#13352=CARTESIAN_POINT('',(0.0505571055673312,0.054487601181852,0.0381));
#13353=CARTESIAN_POINT('',(0.0517362671928545,0.0502450285790055,0.0381));
#13354=CARTESIAN_POINT('',(0.0551789762076608,0.0529904974039791,0.0381));
#13355=CARTESIAN_POINT('',(0.0639403923200196,0.0420040290973222,0.0381));
#13356=CARTESIAN_POINT('',(0.0639403923200196,0.0420040290973222,0.0381));
#13357=CARTESIAN_POINT('',(0.0604976833052133,0.0392585602723486,0.0381));
#13358=CARTESIAN_POINT('',(0.0643714976089894,0.0371649014726894,0.0381));
#13359=CARTESIAN_POINT('',(0.0642477521644631,0.0327632504762461,0.0381));
#13360=CARTESIAN_POINT('',(0.0683467524195916,0.0343719895284193,0.0381));
#13361=CARTESIAN_POINT('',(0.0734806050148497,0.0212911464486619,0.0381));
#13362=CARTESIAN_POINT('',(0.0734806050148497,0.0212911464486619,0.0381));
#13363=CARTESIAN_POINT('',(0.0693816047597211,0.0196824073964887,0.0381));
#13364=CARTESIAN_POINT('',(0.0724661995984244,0.0165399371721945,0.0381));
#13365=CARTESIAN_POINT('',(0.0710505424096426,0.0123703137895158,0.0381));
#13366=CARTESIAN_POINT('',(0.0754416197442588,0.0126993795442679,0.0381));
#13367=CARTESIAN_POINT('',(0.0764917434897865,-0.00131354799661934,0.0381));
#13368=CARTESIAN_POINT('',(0.0764917434897865,-0.00131354799661934,0.0381));
#13369=CARTESIAN_POINT('',(0.0721006661551703,-0.00164261375137145,0.0381));
#13370=CARTESIAN_POINT('',(0.0741219617408605,-0.00555467313036862,0.0381));
#13371=CARTESIAN_POINT('',(0.0715401801615557,-0.00912177956364099,0.0381));
#13372=CARTESIAN_POINT('',(0.0758331680845535,-0.010101626042701,0.0381));
#13373=CARTESIAN_POINT('',(0.0727062548771684,-0.0238015279379905,0.0381));
#13374=CARTESIAN_POINT('',(0.0727062548771684,-0.0238015279379905,0.0381));
#13375=CARTESIAN_POINT('',(0.0684132669541707,-0.0228216814589305,0.0381));
#13376=CARTESIAN_POINT('',(0.0691916623037498,-0.0271557263490169,0.0381));
#13377=CARTESIAN_POINT('',(0.065673158957205,-0.0298033627722979,0.0381));
#13378=CARTESIAN_POINT('',(0.0694866066521587,-0.0320050578255201,0.0381));
#13379=CARTESIAN_POINT('',(0.0624604964525697,-0.0441746376707862,0.0381));
#13380=CARTESIAN_POINT('',(0.0624604964525697,-0.0441746376707862,0.0381));
#13381=CARTESIAN_POINT('',(0.058647048757616,-0.041972942617564,0.0381));
#13382=CARTESIAN_POINT('',(0.058113380028342,-0.0463438741106129,0.0381));
#13383=CARTESIAN_POINT('',(0.0539707893775955,-0.047836786408733,0.0381));
#13384=CARTESIAN_POINT('',(0.056965855281769,-0.0510646997686588,0.0381));
#13385=CARTESIAN_POINT('',(0.0466648488147862,-0.0606226369893282,0.0381));
#13386=CARTESIAN_POINT('',(0.0466648488147862,-0.0606226369893282,0.0381));
#13387=CARTESIAN_POINT('',(0.0436697829106127,-0.0573947236294023,0.0381));
#13388=CARTESIAN_POINT('',(0.0418714689110483,-0.0614141652807391,0.0381));
#13389=CARTESIAN_POINT('',(0.0374728783148785,-0.0616197016444726,0.0381));
#13390=CARTESIAN_POINT('',(0.0393834376790557,-0.0655870190436084,0.0381));
#13391=CARTESIAN_POINT('',(0.026722824574493,-0.0716840489733078,0.0381));
#13392=CARTESIAN_POINT('',(0.026722824574493,-0.0716840489733078,0.0381));
#13393=CARTESIAN_POINT('',(0.0248122652103157,-0.067716731574172,0.0381));
#13394=CARTESIAN_POINT('',(0.0219090940310932,-0.0710275383540465,0.0381));
#13395=CARTESIAN_POINT('',(0.0176453375668666,-0.0699274359754942,0.0381));
#13396=CARTESIAN_POINT('',(0.0183016288071889,-0.0742816438526409,0.0381));
#13397=CARTESIAN_POINT('',(0.00440636009957196,-0.0763760186257415,0.0381));
#13398=CARTESIAN_POINT('',(0.00440636009957196,-0.0763760186257415,0.0381));
#13399=CARTESIAN_POINT('',(0.00375006885924977,-0.0720218107485947,0.0381));
#13400=CARTESIAN_POINT('',(1.17093834628434E-17,-0.0743298029453788,0.0381));
#13401=CARTESIAN_POINT('',(-0.00375006885924976,-0.0720218107485947,0.0381));
#13402=CARTESIAN_POINT('',(-0.00440636009957195,-0.0763760186257415,0.0381));
#13403=CARTESIAN_POINT('',(-0.0183016288071889,-0.074281643852641,0.0381));
#13404=CARTESIAN_POINT('',(-0.0183016288071889,-0.074281643852641,0.0381));
#13405=CARTESIAN_POINT('',(-0.0176453375668666,-0.0699274359754942,0.0381));
#13406=CARTESIAN_POINT('',(-0.0219090940310932,-0.0710275383540465,0.0381));
#13407=CARTESIAN_POINT('',(-0.0248122652103157,-0.067716731574172,0.0381));
#13408=CARTESIAN_POINT('',(-0.026722824574493,-0.0716840489733078,0.0381));
#13409=CARTESIAN_POINT('',(-0.0393834376790557,-0.0655870190436084,0.0381));
#13410=CARTESIAN_POINT('',(-0.0393834376790557,-0.0655870190436084,0.0381));
#13411=CARTESIAN_POINT('',(-0.0374728783148785,-0.0616197016444726,0.0381));
#13412=CARTESIAN_POINT('',(-0.0418714689110483,-0.0614141652807392,0.0381));
#13413=CARTESIAN_POINT('',(-0.0436697829106127,-0.0573947236294023,0.0381));
#13414=CARTESIAN_POINT('',(-0.0466648488147862,-0.0606226369893282,0.0381));
#13415=CARTESIAN_POINT('',(-0.056965855281769,-0.0510646997686588,0.0381));
#13416=CARTESIAN_POINT('',(-0.056965855281769,-0.0510646997686588,0.0381));
#13417=CARTESIAN_POINT('',(-0.0539707893775955,-0.047836786408733,0.0381));
#13418=CARTESIAN_POINT('',(-0.058113380028342,-0.0463438741106129,0.0381));
#13419=CARTESIAN_POINT('',(-0.0586470487576159,-0.0419729426175641,0.0381));
#13420=CARTESIAN_POINT('',(-0.0624604964525697,-0.0441746376707862,0.0381));
#13421=CARTESIAN_POINT('',(-0.0694866066521587,-0.0320050578255201,0.0381));
#13422=CARTESIAN_POINT('',(-0.0694866066521587,-0.0320050578255201,0.0381));
#13423=CARTESIAN_POINT('',(-0.065673158957205,-0.029803362772298,0.0381));
#13424=CARTESIAN_POINT('',(-0.0691916623037497,-0.0271557263490169,0.0381));
#13425=CARTESIAN_POINT('',(-0.0684132669541707,-0.0228216814589305,0.0381));
#13426=CARTESIAN_POINT('',(-0.0727062548771684,-0.0238015279379905,0.0381));
#13427=CARTESIAN_POINT('',(-0.0758331680845535,-0.0101016260427009,0.0381));
#13428=CARTESIAN_POINT('',(-0.0758331680845535,-0.0101016260427009,0.0381));
#13429=CARTESIAN_POINT('',(-0.0715401801615557,-0.00912177956364098,0.0381));
#13430=CARTESIAN_POINT('',(-0.0741219617408606,-0.00555467313036863,0.0381));
#13431=CARTESIAN_POINT('',(-0.0721006661551703,-0.00164261375137147,0.0381));
#13432=CARTESIAN_POINT('',(-0.0764917434897865,-0.00131354799661936,0.0381));
#13433=CARTESIAN_POINT('',(-0.0754416197442588,0.0126993795442679,0.0381));
#13434=CARTESIAN_POINT('',(-0.0754416197442588,0.0126993795442679,0.0381));
#13435=CARTESIAN_POINT('',(-0.0710505424096426,0.0123703137895158,0.0381));
#13436=CARTESIAN_POINT('',(0.,0.,0.0381));
#13437=CARTESIAN_POINT('',(0.0116459062361255,0.0319162168892977,0.0381));
#13438=CARTESIAN_POINT('',(0.0134316905462651,0.0278911928114579,0.0381));
#13439=CARTESIAN_POINT('',(0.0113552561928917,0.0275224295728816,0.0381));
#13440=CARTESIAN_POINT('',(0.,1.6998568749196E-18,0.0381));
#13441=CARTESIAN_POINT('',(0.0144380154803265,0.0260378509441598,0.0381));
#13442=CARTESIAN_POINT('',(0.0176919993937035,0.0290045718816621,0.0381));
#13443=CARTESIAN_POINT('',(0.,0.,0.));
#13444=CARTESIAN_POINT('',(0.,-4.99886979641356E-18,0.));
#13445=CARTESIAN_POINT('',(0.0816377391406889,-4.99886979641356E-18,0.));
#13446=CARTESIAN_POINT('',(0.,5.0547296634807E-18,0.));
#13447=CARTESIAN_POINT('',(0.08255,5.0547296634807E-18,0.));
#13448=CARTESIAN_POINT('',(0.,5.0547296634807E-18,0.0381));
#13449=CARTESIAN_POINT('',(0.,5.0547296634807E-18,0.0360878628));
#13450=CARTESIAN_POINT('',(0.08255,5.0547296634807E-18,0.0360878628));
#13451=CARTESIAN_POINT('',(0.,1.4665113282279E-18,0.00381));
#13452=CARTESIAN_POINT('',(0.,1.4665113282279E-18,0.00381));
#13453=CARTESIAN_POINT('',(0.0239499475154622,1.4665113282279E-18,0.00381));
#13454=CARTESIAN_POINT('',(0.,1.4665113282279E-18,0.0381));
#13455=CARTESIAN_POINT('',(0.0239499475154622,1.4665113282279E-18,0.0381));
#13456=CARTESIAN_POINT('',(0.,1.6998568749196E-18,0.00381));
#13457=CARTESIAN_POINT('',(0.,1.6998568749196E-18,0.0360878628));
#13458=CARTESIAN_POINT('',(0.0277607694904867,1.6998568749196E-18,0.0360878628));
#13459=CARTESIAN_POINT('',(0.,1.6998568749196E-18,0.00381));
#13460=CARTESIAN_POINT('',(0.0277607694904867,1.6998568749196E-18,0.00381));
#13461=CARTESIAN_POINT('',(0.,0.,0.00381));
#13462=CARTESIAN_POINT('',(0.,0.,0.0381));
#13463=CARTESIAN_POINT('',(0.,3.24975121829223E-19,0.0381));
#13464=CARTESIAN_POINT('',(0.00530724649842686,3.24975121829223E-19,0.0381));
#13465=CARTESIAN_POINT('',(0.,3.24975121829223E-19,-0.009906));
#13466=CARTESIAN_POINT('',(-0.000505746987286039,-8.15804346909415E-5,0.0381));
#13467=CARTESIAN_POINT('',(-0.0119806550742245,0.0710555766096284,0.0381));
#13468=CARTESIAN_POINT('',(-0.0138366473629402,0.070756192408629,0.00211711117265849));
#13469=CARTESIAN_POINT('',(-0.0120790252857995,0.0710397088243076,0.0361928560918349));
#13470=CARTESIAN_POINT('',(-0.00775091564328005,0.03302851304152,0.00211711117265848));
#13471=CARTESIAN_POINT('',(-0.00775091564328005,0.03302851304152,0.00211711117265849));
#13472=CARTESIAN_POINT('',(-0.00589492335456434,0.0333278972425193,0.0381));
#13473=CARTESIAN_POINT('',(-0.00599329356613935,0.0333120294571985,0.0361928560918349));
#13474=CARTESIAN_POINT('',(-0.000604117198861047,-9.74482200118063E-5,0.0361928560918349));
#13475=CARTESIAN_POINT('',(-0.0144424775765752,0.0706584678676635,0.0381));
#13476=CARTESIAN_POINT('',(-0.015177492343469,0.0730413272169481,0.0381));
#13477=CARTESIAN_POINT('',(-0.014623357454319,0.0712448660288878,0.00211711117265849));
#13478=CARTESIAN_POINT('',(-0.0151481224120215,0.0729461122377532,0.0361928560918349));
#13479=CARTESIAN_POINT('',(-0.0144424775765752,0.0706584678676635,0.00211711117265848));
#13480=CARTESIAN_POINT('',(-0.0144424775765752,0.0706584678676635,0.0361928560918349));
#13481=CARTESIAN_POINT('',(-0.021891452180653,0.070970344879638,0.0381));
#13482=CARTESIAN_POINT('',(-0.028605412017837,0.0688993625423279,0.0381));
#13483=CARTESIAN_POINT('',(-0.0280512771286869,0.0671029013542676,0.00211711117265849));
#13484=CARTESIAN_POINT('',(-0.0285760420863893,0.0688041475631331,0.0361928560918349));
#13485=CARTESIAN_POINT('',(-0.021337317291503,0.0691738836915777,0.00211711117265848));
#13486=CARTESIAN_POINT('',(-0.0285760420863893,0.0688041475631331,0.0361928560918349));
#13487=CARTESIAN_POINT('',(-0.027870397250943,0.0665165031930433,0.0381));
#13488=CARTESIAN_POINT('',(-0.03012814977745,0.065457815838308,0.0381));
#13489=CARTESIAN_POINT('',(-0.0284260078581914,0.0662559706868697,0.00211711117265849));
#13490=CARTESIAN_POINT('',(-0.0300379338526608,0.0655001191721096,0.0361928560918349));
#13491=CARTESIAN_POINT('',(-0.027870397250943,0.0665165031930433,0.00211711117265848));
#13492=CARTESIAN_POINT('',(-0.027870397250943,0.0665165031930433,0.0361928560918349));
#13493=CARTESIAN_POINT('',(0.000463823666096163,0.000217492503876256,0.0381));
#13494=CARTESIAN_POINT('',(-0.0139036587626324,0.0308575295345624,0.0381));
#13495=CARTESIAN_POINT('',(-0.0122015168433737,0.031655684383124,0.00211711117265849));
#13496=CARTESIAN_POINT('',(-0.0138134428378432,0.0308998328683639,0.0361928560918349));
#13497=CARTESIAN_POINT('',(0.00216596558535486,0.00101564735243794,0.00211711117265848));
#13498=CARTESIAN_POINT('',(-0.0138134428378432,0.0308998328683639,0.0361928560918349));
#13499=CARTESIAN_POINT('',(-0.0116459062361254,0.0319162168892976,0.0381));
#13500=CARTESIAN_POINT('',(-0.0109108914692315,0.029533357540013,0.0381));
#13501=CARTESIAN_POINT('',(-0.0114650263583816,0.0313298187280732,0.00211711117265849));
#13502=CARTESIAN_POINT('',(-0.0109402614006791,0.0296285725192078,0.0361928560918349));
#13503=CARTESIAN_POINT('',(-0.0116459062361254,0.0319162168892976,0.00211711117265848));
#13504=CARTESIAN_POINT('',(-0.0116459062361254,0.0319162168892976,0.0361928560918349));
#13505=CARTESIAN_POINT('',(-0.00926631127962689,0.0300406433456413,0.0381));
#13506=CARTESIAN_POINT('',(-0.00762173109002109,0.0305479291512698,0.0381));
#13507=CARTESIAN_POINT('',(-0.00817586597917117,0.0323443903393301,0.00211711117265849));
#13508=CARTESIAN_POINT('',(-0.00765110102146866,0.0306431441304647,0.0361928560918349));
#13509=CARTESIAN_POINT('',(-0.0114650263583816,0.0313298187280732,0.00211711117265848));
#13510=CARTESIAN_POINT('',(-0.00929568121107446,0.0301358583248361,0.0361928560918349));
#13511=CARTESIAN_POINT('',(-0.00835674585691499,0.0329307885005545,0.0381));
#13512=CARTESIAN_POINT('',(-0.00835674585691499,0.0329307885005545,0.00211711117265848));
#13513=CARTESIAN_POINT('',(-0.00835674585691499,0.0329307885005545,0.0361928560918349));
#13514=CARTESIAN_POINT('',(0.00048793927843695,0.000156046925736133,0.0381));
#13515=CARTESIAN_POINT('',(0.0224371252181175,-0.0684763205442643,0.0381));
#13516=CARTESIAN_POINT('',(0.0242277667066614,-0.0679036589207156,0.00211711117265849));
#13517=CARTESIAN_POINT('',(0.0225320317450218,-0.0684459686697377,0.0361928560918349));
#13518=CARTESIAN_POINT('',(0.0125869887516833,-0.0315043978074189,0.00211711117265848));
#13519=CARTESIAN_POINT('',(0.0125869887516833,-0.0315043978074189,0.00211711117265849));
#13520=CARTESIAN_POINT('',(0.0107963472631394,-0.0320770594309675,0.0381));
#13521=CARTESIAN_POINT('',(0.0108912537900437,-0.0320467075564409,0.0361928560918349));
#13522=CARTESIAN_POINT('',(0.000582845805341187,0.000186398800262696,0.0361928560918349));
#13523=CARTESIAN_POINT('',(0.0248122652103157,-0.067716731574172,0.0381));
#13524=CARTESIAN_POINT('',(0.0258942172269475,-0.0699634280867726,0.0381));
#13525=CARTESIAN_POINT('',(0.0250785229201031,-0.0682696214055478,0.00211711117265849));
#13526=CARTESIAN_POINT('',(0.0258509842770949,-0.0698736539413668,0.0361928560918349));
#13527=CARTESIAN_POINT('',(0.0248122652103157,-0.067716731574172,0.00211711117265848));
#13528=CARTESIAN_POINT('',(0.0248122652103157,-0.067716731574172,0.0361928560918349));
#13529=CARTESIAN_POINT('',(0.0322245237792289,-0.0669149131219229,0.0381));
#13530=CARTESIAN_POINT('',(0.0385548303315103,-0.0638663981570732,0.0381));
#13531=CARTESIAN_POINT('',(0.0377391360246658,-0.0621725914758484,0.00211711117265849));
#13532=CARTESIAN_POINT('',(0.0385115973816577,-0.0637766240116673,0.0361928560918349));
#13533=CARTESIAN_POINT('',(0.0314088294723845,-0.0652211064406981,0.00211711117265848));
#13534=CARTESIAN_POINT('',(0.0385115973816577,-0.0637766240116673,0.0361928560918349));
#13535=CARTESIAN_POINT('',(0.0374728783148785,-0.0616197016444726,0.0381));
#13536=CARTESIAN_POINT('',(0.0395476244485545,-0.0602363383997601,0.0381));
#13537=CARTESIAN_POINT('',(0.0379834528555706,-0.0612792696071187,0.00211711117265849));
#13538=CARTESIAN_POINT('',(0.0394647211458431,-0.0602916152261509,0.0361928560918349));
#13539=CARTESIAN_POINT('',(0.0374728783148785,-0.0616197016444726,0.00211711117265848));
#13540=CARTESIAN_POINT('',(0.0374728783148785,-0.0616197016444726,0.0361928560918349));
#13541=CARTESIAN_POINT('',(-0.00042622756331459,-0.000284192622606843,0.0381));
#13542=CARTESIAN_POINT('',(0.0183474425122355,-0.0284406436148046,0.0381));
#13543=CARTESIAN_POINT('',(0.0167832709192516,-0.0294835748221632,0.00211711117265849));
#13544=CARTESIAN_POINT('',(0.0182645392095241,-0.0284959204411954,0.0361928560918349));
#13545=CARTESIAN_POINT('',(-0.00199039915629845,-0.00132712382996546,0.00211711117265847));
#13546=CARTESIAN_POINT('',(0.0182645392095241,-0.0284959204411954,0.0361928560918349));
#13547=CARTESIAN_POINT('',(0.0162726963785595,-0.0298240068595172,0.0381));
#13548=CARTESIAN_POINT('',(0.0151907443619277,-0.0275773103469167,0.0381));
#13549=CARTESIAN_POINT('',(0.0160064386687722,-0.0292711170281415,0.00211711117265849));
#13550=CARTESIAN_POINT('',(0.0152339773117803,-0.0276670844923225,0.0361928560918349));
#13551=CARTESIAN_POINT('',(0.0162726963785595,-0.0298240068595172,0.00211711117265848));
#13552=CARTESIAN_POINT('',(0.0162726963785595,-0.0298240068595172,0.0361928560918349));
#13553=CARTESIAN_POINT('',(0.0136401398003173,-0.0283240421475954,0.0381));
#13554=CARTESIAN_POINT('',(0.0120895352387058,-0.0290707739482747,0.0381));
#13555=CARTESIAN_POINT('',(0.0129052295455503,-0.0307645806294995,0.00211711117265849));
#13556=CARTESIAN_POINT('',(0.0121327681885584,-0.0291605480936806,0.0361928560918349));
#13557=CARTESIAN_POINT('',(0.0160064386687722,-0.0292711170281415,0.00211711117265848));
#13558=CARTESIAN_POINT('',(0.0136833727501699,-0.0284138162930012,0.0361928560918349));
#13559=CARTESIAN_POINT('',(0.0131714872553376,-0.0313174704608752,0.0381));
#13560=CARTESIAN_POINT('',(0.0131714872553376,-0.0313174704608752,0.00211711117265848));
#13561=CARTESIAN_POINT('',(0.0131714872553376,-0.0313174704608752,0.0361928560918349));
#13562=CARTESIAN_POINT('',(0.000420265866537619,0.000292936825777591,0.0381));
#13563=CARTESIAN_POINT('',(0.0416240565034931,-0.0588206509954482,0.0381));
#13564=CARTESIAN_POINT('',(0.0431663498381307,-0.0577456302768046,0.00211711117265849));
#13565=CARTESIAN_POINT('',(0.0417058002276246,-0.0587636733796556,0.0361928560918349));
#13566=CARTESIAN_POINT('',(0.0213138684282809,-0.0263946657426275,0.00211711117265848));
#13567=CARTESIAN_POINT('',(0.0213138684282809,-0.0263946657426275,0.00211711117265849));
#13568=CARTESIAN_POINT('',(0.0197715750936434,-0.027469686461271,0.0381));
#13569=CARTESIAN_POINT('',(0.019853318817775,-0.0274127088454784,0.0361928560918349));
#13570=CARTESIAN_POINT('',(0.000502009590669144,0.000349914441570199,0.0361928560918349));
#13571=CARTESIAN_POINT('',(0.0436697829106127,-0.0573947236294023,0.0381));
#13572=CARTESIAN_POINT('',(0.0453658922572915,-0.0592226947643314,0.0381));
#13573=CARTESIAN_POINT('',(0.0440871786760935,-0.057844569279174,0.00211711117265849));
#13574=CARTESIAN_POINT('',(0.0452981186322117,-0.059149652167993,0.0361928560918349));
#13575=CARTESIAN_POINT('',(0.0436697829106127,-0.0573947236294023,0.00211711117265848));
#13576=CARTESIAN_POINT('',(0.0436697829106127,-0.0573947236294023,0.0361928560918349));
#13577=CARTESIAN_POINT('',(0.0505163954907828,-0.0544437261539967,0.0381));
#13578=CARTESIAN_POINT('',(0.0556668987242742,-0.0496647575436621,0.0381));
#13579=CARTESIAN_POINT('',(0.0543881851430763,-0.0482866320585047,0.00211711117265849));
#13580=CARTESIAN_POINT('',(0.0555991250991945,-0.0495917149473237,0.0361928560918349));
#13581=CARTESIAN_POINT('',(0.0492376819095849,-0.0530656006688394,0.00211711117265848));
#13582=CARTESIAN_POINT('',(0.0555991250991945,-0.0495917149473237,0.0361928560918349));
#13583=CARTESIAN_POINT('',(0.0539707893775955,-0.047836786408733,0.0381));
#13584=CARTESIAN_POINT('',(0.0555456068873773,-0.0459033399530716,0.0381));
#13585=CARTESIAN_POINT('',(0.0543583364194623,-0.0473609843238277,0.00211711117265849));
#13586=CARTESIAN_POINT('',(0.0554826798764001,-0.0459805971626107,0.0361928560918349));
#13587=CARTESIAN_POINT('',(0.0539707893775955,-0.047836786408733,0.00211711117265848));
#13588=CARTESIAN_POINT('',(0.0539707893775955,-0.047836786408733,0.0361928560918349));
#13589=CARTESIAN_POINT('',(-0.000323524222537138,-0.000397199521531667,
0.0381));
#13590=CARTESIAN_POINT('',(0.0259153439894569,-0.0217691019996746,0.0381));
#13591=CARTESIAN_POINT('',(0.0247280735215419,-0.0232267463704307,0.00211711117265849));
#13592=CARTESIAN_POINT('',(0.0258524169784798,-0.0218463592092137,0.0361928560918349));
#13593=CARTESIAN_POINT('',(-0.00151079469045214,-0.00185484389228781,0.00211711117265848));
#13594=CARTESIAN_POINT('',(0.0258524169784798,-0.0218463592092137,0.0361928560918349));
#13595=CARTESIAN_POINT('',(0.0243405264796751,-0.0237025484553359,0.0381));
#13596=CARTESIAN_POINT('',(0.0226444171329963,-0.0218745773204069,0.0381));
#13597=CARTESIAN_POINT('',(0.0239231307141942,-0.0232527028055642,0.00211711117265849));
#13598=CARTESIAN_POINT('',(0.022712190758076,-0.0219476199167453,0.0361928560918349));
#13599=CARTESIAN_POINT('',(0.0243405264796751,-0.0237025484553359,0.00211711117265848));
#13600=CARTESIAN_POINT('',(0.0243405264796751,-0.0237025484553359,0.0361928560918349));
#13601=CARTESIAN_POINT('',(0.0213828046435407,-0.023045182640351,0.0381));
#13602=CARTESIAN_POINT('',(0.0201211921540842,-0.024215787960296,0.0381));
#13603=CARTESIAN_POINT('',(0.0213999057352821,-0.0255939134454534,0.00211711117265849));
#13604=CARTESIAN_POINT('',(0.020188965779164,-0.0242888305566344,0.0361928560918349));
#13605=CARTESIAN_POINT('',(0.0239231307141942,-0.0232527028055642,0.00211711117265848));
#13606=CARTESIAN_POINT('',(0.0214505782686204,-0.0231182252366894,0.0361928560918349));
#13607=CARTESIAN_POINT('',(0.021817301500763,-0.0260437590952251,0.0381));
#13608=CARTESIAN_POINT('',(0.021817301500763,-0.0260437590952251,0.00211711117265848));
#13609=CARTESIAN_POINT('',(0.021817301500763,-0.0260437590952251,0.0361928560918349));
#13610=CARTESIAN_POINT('',(0.000512257144160899,5.29157154236467E-6,0.0381));
#13611=CARTESIAN_POINT('',(0.00125655689340994,-0.0720475685093393,0.0381));
#13612=CARTESIAN_POINT('',(0.00313644018150244,-0.072028149479222,0.00211711117265849));
#13613=CARTESIAN_POINT('',(0.00135619336168101,-0.0720465392733275,0.0361928560918349));
#13614=CARTESIAN_POINT('',(0.00274169988740841,-0.0338148258722485,0.00211711117265848));
#13615=CARTESIAN_POINT('',(0.00274169988740841,-0.0338148258722485,0.00211711117265849));
#13616=CARTESIAN_POINT('',(0.000861816599315905,-0.0338342449023658,0.0381));
#13617=CARTESIAN_POINT('',(0.000961453067586979,-0.0338332156663539,0.0361928560918349));
#13618=CARTESIAN_POINT('',(0.000611893612431973,6.32080755418949E-6,0.0361928560918349));
#13619=CARTESIAN_POINT('',(0.00375006885924977,-0.0720218107485947,0.0381));
#13620=CARTESIAN_POINT('',(0.00412172736108866,-0.0744876037942569,0.0381));
#13621=CARTESIAN_POINT('',(0.00384153034737627,-0.0726286180737397,0.00211711117265849));
#13622=CARTESIAN_POINT('',(0.0041068765237823,-0.0743890749265703,0.0361928560918349));
#13623=CARTESIAN_POINT('',(0.00375006885924977,-0.0720218107485947,0.00211711117265848));
#13624=CARTESIAN_POINT('',(0.00375006885924977,-0.0720218107485947,0.0361928560918349));
#13625=CARTESIAN_POINT('',(0.0110693617148971,-0.0734404164077066,0.0381));
#13626=CARTESIAN_POINT('',(0.0180169960687055,-0.0723932290211563,0.0381));
#13627=CARTESIAN_POINT('',(0.0177367990549932,-0.0705342433006391,0.00211711117265849));
#13628=CARTESIAN_POINT('',(0.0180021452313992,-0.0722947001534697,0.0361928560918349));
#13629=CARTESIAN_POINT('',(0.0107891647011847,-0.0715814306871894,0.00211711117265848));
#13630=CARTESIAN_POINT('',(0.0180021452313992,-0.0722947001534697,0.0361928560918349));
#13631=CARTESIAN_POINT('',(0.0176453375668666,-0.0699274359754942,0.0381));
#13632=CARTESIAN_POINT('',(0.0200356620255863,-0.0692170738368128,0.0381));
#13633=CARTESIAN_POINT('',(0.0182335728178241,-0.0697526228661719,0.00211711117265849));
#13634=CARTESIAN_POINT('',(0.0199401487534017,-0.0692454586914521,0.0361928560918349));
#13635=CARTESIAN_POINT('',(0.0176453375668666,-0.0699274359754942,0.00211711117265848));
#13636=CARTESIAN_POINT('',(0.0176453375668666,-0.0699274359754942,0.0361928560918349));
#13637=CARTESIAN_POINT('',(-0.000491058714622685,-0.000145933962004616,
0.0381));
#13638=CARTESIAN_POINT('',(0.00914929025137668,-0.0325851092350505,0.0381));
#13639=CARTESIAN_POINT('',(0.00734720104361455,-0.0331206582644097,0.00211711117265849));
#13640=CARTESIAN_POINT('',(0.0090537769791921,-0.0326134940896899,0.0361928560918349));
#13641=CARTESIAN_POINT('',(-0.00229314792238481,-0.00068148299136368,0.00211711117265848));
#13642=CARTESIAN_POINT('',(0.00905377697919209,-0.0326134940896899,0.0361928560918349));
#13643=CARTESIAN_POINT('',(0.0067589657926571,-0.0332954713737319,0.0381));
#13644=CARTESIAN_POINT('',(0.00638730729081818,-0.0308296783280698,0.0381));
#13645=CARTESIAN_POINT('',(0.0066675043045306,-0.032688664048587,0.00211711117265849));
#13646=CARTESIAN_POINT('',(0.00640215812812454,-0.0309282071957564,0.0361928560918349));
#13647=CARTESIAN_POINT('',(0.0067589657926571,-0.0332954713737319,0.00211711117265848));
#13648=CARTESIAN_POINT('',(0.0067589657926571,-0.0332954713737319,0.0361928560918349));
#13649=CARTESIAN_POINT('',(0.0046854886770681,-0.0310861862120144,0.0381));
#13650=CARTESIAN_POINT('',(0.00298367006331683,-0.0313426940959591,0.0381));
#13651=CARTESIAN_POINT('',(0.00326386707702922,-0.0332016798164762,0.00211711117265849));
#13652=CARTESIAN_POINT('',(0.00299852090062319,-0.0314412229636456,0.0361928560918349));
#13653=CARTESIAN_POINT('',(0.0066675043045306,-0.032688664048587,0.00211711117265848));
#13654=CARTESIAN_POINT('',(0.00470033951437446,-0.0311847150797009,0.0361928560918349));
#13655=CARTESIAN_POINT('',(0.00335532856515574,-0.0338084871416212,0.0381));
#13656=CARTESIAN_POINT('',(0.00335532856515574,-0.0338084871416212,0.00211711117265848));
#13657=CARTESIAN_POINT('',(0.00335532856515574,-0.0338084871416212,0.0361928560918349));
#13658=CARTESIAN_POINT('',(0.000192074334824605,-0.00047491349988703,0.0381));
#13659=CARTESIAN_POINT('',(-0.0666081183963757,-0.0274916283080633,0.0381));
#13660=CARTESIAN_POINT('',(-0.0659032432448545,-0.0292344677431083,0.00211711117265849));
#13661=CARTESIAN_POINT('',(-0.0665707590182088,-0.0275840012586455,0.0361928560918349));
#13662=CARTESIAN_POINT('',(-0.0304756782740799,-0.0149061195747878,0.00211711117265848));
#13663=CARTESIAN_POINT('',(-0.0304756782740799,-0.0149061195747878,0.00211711117265849));
#13664=CARTESIAN_POINT('',(-0.0311805534256012,-0.0131632801397428,0.0381));
#13665=CARTESIAN_POINT('',(-0.0311431940474342,-0.0132556530903251,0.0361928560918349));
#13666=CARTESIAN_POINT('',(0.000229433712991576,-0.00056728645046932,0.0361928560918349));
#13667=CARTESIAN_POINT('',(-0.065673158957205,-0.029803362772298,0.0381));
#13668=CARTESIAN_POINT('',(-0.067832718875225,-0.031050185272298,0.0381));
#13669=CARTESIAN_POINT('',(-0.0662046053329052,-0.0301101934803683,0.00211711117265849));
#13670=CARTESIAN_POINT('',(-0.0677464265589262,-0.0310003643802538,0.0361928560918349));
#13671=CARTESIAN_POINT('',(-0.065673158957205,-0.029803362772298,0.00211711117265848));
#13672=CARTESIAN_POINT('',(-0.065673158957205,-0.029803362772298,0.0361928560918349));
#13673=CARTESIAN_POINT('',(-0.0643196637754305,-0.0371349751949311,0.0381));
#13674=CARTESIAN_POINT('',(-0.060806608675636,-0.0432197651175641,0.0381));
#13675=CARTESIAN_POINT('',(-0.0591784951333162,-0.0422797733256345,0.00211711117265849));
#13676=CARTESIAN_POINT('',(-0.0607203163593371,-0.0431699442255199,0.0361928560918349));
#13677=CARTESIAN_POINT('',(-0.0626915502331107,-0.0361949834030015,0.00211711117265847));
#13678=CARTESIAN_POINT('',(-0.0607203163593371,-0.0431699442255199,0.0361928560918349));
#13679=CARTESIAN_POINT('',(-0.0586470487576159,-0.0419729426175641,0.0381));
#13680=CARTESIAN_POINT('',(-0.05711250770437,-0.0439385084755114,0.0381));
#13681=CARTESIAN_POINT('',(-0.0582694133540757,-0.0424566489702751,0.00211711117265849));
#13682=CARTESIAN_POINT('',(-0.0571738253371133,-0.0438599678296581,0.0361928560918349));
#13683=CARTESIAN_POINT('',(-0.0586470487576159,-0.0419729426175641,0.00211711117265848));
#13684=CARTESIAN_POINT('',(-0.0586470487576159,-0.0419729426175641,0.0361928560918349));
#13685=CARTESIAN_POINT('',(-0.000315249988090033,0.000403798003316608,0.0381));
#13686=CARTESIAN_POINT('',(-0.026990011710949,-0.0204215113007572,0.0381));
#13687=CARTESIAN_POINT('',(-0.0281469173606547,-0.0189396517955208,0.00211711117265849));
#13688=CARTESIAN_POINT('',(-0.0270513293436923,-0.0203429706549038,0.0361928560918349));
#13689=CARTESIAN_POINT('',(-0.00147215563779571,0.00188565750855294,0.00211711117265847));
#13690=CARTESIAN_POINT('',(-0.0270513293436923,-0.0203429706549038,0.0361928560918349));
#13691=CARTESIAN_POINT('',(-0.0285245527641949,-0.0184559454428098,0.0381));
#13692=CARTESIAN_POINT('',(-0.0263649928461748,-0.0172091229428098,0.0381));
#13693=CARTESIAN_POINT('',(-0.0279931063884946,-0.0181491147347395,0.00211711117265849));
#13694=CARTESIAN_POINT('',(-0.0264512851624737,-0.017258943834854,0.0361928560918349));
#13695=CARTESIAN_POINT('',(-0.0285245527641949,-0.0184559454428098,0.00211711117265848));
#13696=CARTESIAN_POINT('',(-0.0285245527641949,-0.0184559454428098,0.0361928560918349));
#13697=CARTESIAN_POINT('',(-0.0272255134572924,-0.0157186575233942,0.0381));
#13698=CARTESIAN_POINT('',(-0.0280860340684104,-0.0142281921039775,0.0381));
#13699=CARTESIAN_POINT('',(-0.0297141476107302,-0.0151681838959071,0.00211711117265849));
#13700=CARTESIAN_POINT('',(-0.0281723263847093,-0.0142780129960216,0.0361928560918349));
#13701=CARTESIAN_POINT('',(-0.0279931063884946,-0.0181491147347395,0.00211711117265848));
#13702=CARTESIAN_POINT('',(-0.0273118057735912,-0.0157684784154384,0.0361928560918349));
#13703=CARTESIAN_POINT('',(-0.0302455939864304,-0.0154750146039775,0.0381));
#13704=CARTESIAN_POINT('',(-0.0302455939864304,-0.0154750146039775,0.00211711117265848));
#13705=CARTESIAN_POINT('',(-0.0302455939864304,-0.0154750146039775,0.0361928560918349));
#13706=CARTESIAN_POINT('',(0.000323524222537153,-0.000397199521531686,0.0381));
#13707=CARTESIAN_POINT('',(-0.0555456068873773,-0.0459033399530716,0.0381));
#13708=CARTESIAN_POINT('',(-0.0543583364194623,-0.0473609843238277,0.00211711117265849));
#13709=CARTESIAN_POINT('',(-0.0554826798764001,-0.0459805971626108,0.0361928560918349));
#13710=CARTESIAN_POINT('',(-0.0247280735215419,-0.0232267463704307,0.00211711117265848));
#13711=CARTESIAN_POINT('',(-0.0247280735215419,-0.0232267463704307,0.00211711117265849));
#13712=CARTESIAN_POINT('',(-0.0259153439894569,-0.0217691019996746,0.0381));
#13713=CARTESIAN_POINT('',(-0.0258524169784798,-0.0218463592092137,0.0361928560918349));
#13714=CARTESIAN_POINT('',(0.000386451233514324,-0.00047445673107086,0.0361928560918349));
#13715=CARTESIAN_POINT('',(-0.0539707893775955,-0.047836786408733,0.0381));
#13716=CARTESIAN_POINT('',(-0.0556668987242742,-0.0496647575436621,0.0381));
#13717=CARTESIAN_POINT('',(-0.0543881851430763,-0.0482866320585047,0.00211711117265849));
#13718=CARTESIAN_POINT('',(-0.0555991250991945,-0.0495917149473237,0.0361928560918349));
#13719=CARTESIAN_POINT('',(-0.0539707893775955,-0.047836786408733,0.00211711117265848));
#13720=CARTESIAN_POINT('',(-0.0539707893775955,-0.047836786408733,0.0361928560918349));
#13721=CARTESIAN_POINT('',(-0.0505163954907828,-0.0544437261539967,0.0381));
#13722=CARTESIAN_POINT('',(-0.0453658922572915,-0.0592226947643314,0.0381));
#13723=CARTESIAN_POINT('',(-0.0440871786760935,-0.057844569279174,0.00211711117265849));
#13724=CARTESIAN_POINT('',(-0.0452981186322117,-0.059149652167993,0.0361928560918349));
#13725=CARTESIAN_POINT('',(-0.0492376819095849,-0.0530656006688394,0.00211711117265849));
#13726=CARTESIAN_POINT('',(-0.0452981186322117,-0.059149652167993,0.0361928560918349));
#13727=CARTESIAN_POINT('',(-0.0436697829106127,-0.0573947236294023,0.0381));
#13728=CARTESIAN_POINT('',(-0.0416240565034931,-0.0588206509954482,0.0381));
#13729=CARTESIAN_POINT('',(-0.0431663498381306,-0.0577456302768046,0.00211711117265849));
#13730=CARTESIAN_POINT('',(-0.0417058002276246,-0.0587636733796556,0.0361928560918349));
#13731=CARTESIAN_POINT('',(-0.0436697829106127,-0.0573947236294023,0.00211711117265848));
#13732=CARTESIAN_POINT('',(-0.0436697829106127,-0.0573947236294023,0.0361928560918349));
#13733=CARTESIAN_POINT('',(-0.000420265866537605,0.000292936825777581,0.0381));
#13734=CARTESIAN_POINT('',(-0.0197715750936434,-0.027469686461271,0.0381));
#13735=CARTESIAN_POINT('',(-0.0213138684282809,-0.0263946657426274,0.00211711117265849));
#13736=CARTESIAN_POINT('',(-0.0198533188177749,-0.0274127088454784,0.0361928560918349));
#13737=CARTESIAN_POINT('',(-0.00196255920117509,0.00136795754442117,0.00211711117265848));
#13738=CARTESIAN_POINT('',(-0.0198533188177749,-0.0274127088454784,0.0361928560918349));
#13739=CARTESIAN_POINT('',(-0.0218173015007629,-0.026043759095225,0.0381));
#13740=CARTESIAN_POINT('',(-0.0201211921540843,-0.0242157879602959,0.0381));
#13741=CARTESIAN_POINT('',(-0.0213999057352821,-0.0255939134454534,0.00211711117265849));
#13742=CARTESIAN_POINT('',(-0.020188965779164,-0.0242888305566344,0.0361928560918349));
#13743=CARTESIAN_POINT('',(-0.0218173015007629,-0.026043759095225,0.00211711117265848));
#13744=CARTESIAN_POINT('',(-0.0218173015007629,-0.026043759095225,0.0361928560918349));
#13745=CARTESIAN_POINT('',(-0.0213828046435398,-0.0230451826403518,0.0381));
#13746=CARTESIAN_POINT('',(-0.0226444171329964,-0.0218745773204068,0.0381));
#13747=CARTESIAN_POINT('',(-0.0239231307141942,-0.0232527028055643,0.00211711117265849));
#13748=CARTESIAN_POINT('',(-0.0227121907580761,-0.0219476199167453,0.0361928560918349));
#13749=CARTESIAN_POINT('',(-0.0213999057352821,-0.0255939134454534,0.00211711117265848));
#13750=CARTESIAN_POINT('',(-0.0214505782686196,-0.0231182252366902,0.0361928560918349));
#13751=CARTESIAN_POINT('',(-0.0243405264796751,-0.0237025484553359,0.0381));
#13752=CARTESIAN_POINT('',(-0.0243405264796751,-0.0237025484553359,0.00211711117265848));
#13753=CARTESIAN_POINT('',(-0.0243405264796751,-0.0237025484553359,0.0361928560918349));
#13754=CARTESIAN_POINT('',(4.35577995585603E-5,-0.000510429329653855,0.0381));
#13755=CARTESIAN_POINT('',(-0.0717522062809432,-0.0066371648428598,0.0381));
#13756=CARTESIAN_POINT('',(-0.071592357696322,-0.00851034041006507,0.00211711117265849));
#13757=CARTESIAN_POINT('',(-0.0717437340802855,-0.00673644579245395,0.0361928560918349));
#13758=CARTESIAN_POINT('',(-0.0335153852716547,-0.00526101864049665,0.00211711117265848));
#13759=CARTESIAN_POINT('',(-0.0335153852716547,-0.00526101864049665,0.00211711117265849));
#13760=CARTESIAN_POINT('',(-0.0336752338562759,-0.00338784307329137,0.0381));
#13761=CARTESIAN_POINT('',(-0.0336667616556182,-0.00348712402288553,0.0361928560918349));
#13762=CARTESIAN_POINT('',(5.20300002162658E-5,-0.000609710279248007,0.0361928560918349));
#13763=CARTESIAN_POINT('',(-0.0715401801615557,-0.00912177956364098,0.0381));
#13764=CARTESIAN_POINT('',(-0.0739713042751284,-0.00967666777799647,0.0381));
#13765=CARTESIAN_POINT('',(-0.0721384558047804,-0.00925833207509358,0.00211711117265849));
#13766=CARTESIAN_POINT('',(-0.0738741607186011,-0.00965449539514007,0.0361928560918349));
#13767=CARTESIAN_POINT('',(-0.0715401801615557,-0.00912177956364098,0.00211711117265848));
#13768=CARTESIAN_POINT('',(-0.0715401801615557,-0.00912177956364098,0.0361928560918349));
#13769=CARTESIAN_POINT('',(-0.0724078476714358,-0.0165266187256413,0.0381));
#13770=CARTESIAN_POINT('',(-0.0708443910677433,-0.023376569673286,0.0381));
#13771=CARTESIAN_POINT('',(-0.0690115425973953,-0.0229582339703831,0.00211711117265849));
#13772=CARTESIAN_POINT('',(-0.070747247511216,-0.0233543972904296,0.0361928560918349));
#13773=CARTESIAN_POINT('',(-0.0705749992010879,-0.0161082830227384,0.00211711117265849));
#13774=CARTESIAN_POINT('',(-0.070747247511216,-0.0233543972904296,0.0361928560918349));
#13775=CARTESIAN_POINT('',(-0.0684132669541707,-0.0228216814589305,0.0381));
#13776=CARTESIAN_POINT('',(-0.0675262619616018,-0.0251522366565568,0.0381));
#13777=CARTESIAN_POINT('',(-0.0681949837824025,-0.0233952080848013,0.00211711117265849));
#13778=CARTESIAN_POINT('',(-0.0675617051621996,-0.0250591116616968,0.0361928560918349));
#13779=CARTESIAN_POINT('',(-0.0684132669541707,-0.0228216814589305,0.00211711117265848));
#13780=CARTESIAN_POINT('',(-0.0684132669541707,-0.0228216814589305,0.0361928560918349));
#13781=CARTESIAN_POINT('',(-0.00018222276474888,0.000478779956222608,0.0381));
#13782=CARTESIAN_POINT('',(-0.0318102673440212,-0.0115587952428448,0.0381));
#13783=CARTESIAN_POINT('',(-0.0324789891648219,-0.00980176667108926,0.00211711117265849));
#13784=CARTESIAN_POINT('',(-0.0318457105446191,-0.0114656702479847,0.0361928560918349));
#13785=CARTESIAN_POINT('',(-0.000850944585549582,0.00223580852797811,0.00211711117265848));
#13786=CARTESIAN_POINT('',(-0.0318457105446191,-0.0114656702479847,0.0361928560918349));
#13787=CARTESIAN_POINT('',(-0.0326972723365901,-0.00922824004521846,0.0381));
#13788=CARTESIAN_POINT('',(-0.0302661482230174,-0.00867335183086293,0.0381));
#13789=CARTESIAN_POINT('',(-0.0320989966933654,-0.00909168753376586,0.00211711117265849));
#13790=CARTESIAN_POINT('',(-0.0303632917795447,-0.00869552421371934,0.0361928560918349));
#13791=CARTESIAN_POINT('',(-0.0326972723365901,-0.00922824004521846,0.00211711117265848));
#13792=CARTESIAN_POINT('',(-0.0326972723365901,-0.00922824004521846,0.0361928560918349));
#13793=CARTESIAN_POINT('',(-0.0306491159231665,-0.00699546070529057,0.0381));
#13794=CARTESIAN_POINT('',(-0.0310320836233158,-0.00531756957971703,0.0381));
#13795=CARTESIAN_POINT('',(-0.0328649320936638,-0.00573590528261994,0.00211711117265849));
#13796=CARTESIAN_POINT('',(-0.0311292271798431,-0.00533974196257344,0.0361928560918349));
#13797=CARTESIAN_POINT('',(-0.0320989966933654,-0.00909168753376586,0.00211711117265848));
#13798=CARTESIAN_POINT('',(-0.0307462594796938,-0.00701763308814698,0.0361928560918349));
#13799=CARTESIAN_POINT('',(-0.0334632077368884,-0.00587245779407255,0.0381));
#13800=CARTESIAN_POINT('',(-0.0334632077368884,-0.00587245779407255,0.00211711117265848));
#13801=CARTESIAN_POINT('',(-0.0334632077368884,-0.00587245779407255,0.0361928560918349));
#13802=CARTESIAN_POINT('',(0.000491058714622698,-0.00014593396200462,0.0381));
#13803=CARTESIAN_POINT('',(-0.0200356620255862,-0.0692170738368128,0.0381));
#13804=CARTESIAN_POINT('',(-0.0182335728178241,-0.0697526228661719,0.00211711117265849));
#13805=CARTESIAN_POINT('',(-0.0199401487534017,-0.0692454586914521,0.0361928560918349));
#13806=CARTESIAN_POINT('',(-0.00734720104361456,-0.0331206582644097,0.00211711117265848));
#13807=CARTESIAN_POINT('',(-0.00734720104361456,-0.0331206582644097,0.00211711117265849));
#13808=CARTESIAN_POINT('',(-0.00914929025137669,-0.0325851092350506,0.0381));
#13809=CARTESIAN_POINT('',(-0.0090537769791921,-0.0326134940896899,0.0361928560918349));
#13810=CARTESIAN_POINT('',(0.000586571986807286,-0.000174318816643912,0.0361928560918349));
#13811=CARTESIAN_POINT('',(-0.0176453375668666,-0.0699274359754942,0.0381));
#13812=CARTESIAN_POINT('',(-0.0180169960687055,-0.0723932290211563,0.0381));
#13813=CARTESIAN_POINT('',(-0.0177367990549932,-0.0705342433006392,0.00211711117265849));
#13814=CARTESIAN_POINT('',(-0.0180021452313992,-0.0722947001534698,0.0361928560918349));
#13815=CARTESIAN_POINT('',(-0.0176453375668666,-0.0699274359754942,0.00211711117265848));
#13816=CARTESIAN_POINT('',(-0.0176453375668666,-0.0699274359754942,0.0361928560918349));
#13817=CARTESIAN_POINT('',(-0.0110693617148971,-0.0734404164077066,0.0381));
#13818=CARTESIAN_POINT('',(-0.00412172736108864,-0.0744876037942569,0.0381));
#13819=CARTESIAN_POINT('',(-0.00384153034737626,-0.0726286180737397,0.00211711117265849));
#13820=CARTESIAN_POINT('',(-0.00410687652378229,-0.0743890749265703,0.0361928560918349));
#13821=CARTESIAN_POINT('',(-0.0107891647011847,-0.0715814306871894,0.00211711117265847));
#13822=CARTESIAN_POINT('',(-0.00410687652378229,-0.0743890749265703,0.0361928560918349));
#13823=CARTESIAN_POINT('',(-0.00375006885924976,-0.0720218107485947,0.0381));
#13824=CARTESIAN_POINT('',(-0.00125655689340991,-0.0720475685093393,0.0381));
#13825=CARTESIAN_POINT('',(-0.00313644018150241,-0.072028149479222,0.00211711117265849));
#13826=CARTESIAN_POINT('',(-0.00135619336168098,-0.0720465392733275,0.0361928560918349));
#13827=CARTESIAN_POINT('',(-0.00375006885924976,-0.0720218107485947,0.00211711117265848));
#13828=CARTESIAN_POINT('',(-0.00375006885924976,-0.0720218107485947,0.0361928560918349));
#13829=CARTESIAN_POINT('',(-0.000512257144160881,5.29157154236452E-6,0.0381));
#13830=CARTESIAN_POINT('',(-0.000861816599315887,-0.0338342449023656,0.0381));
#13831=CARTESIAN_POINT('',(-0.00274169988740839,-0.0338148258722484,0.00211711117265849));
#13832=CARTESIAN_POINT('',(-0.000961453067586962,-0.0338332156663539,0.0361928560918349));
#13833=CARTESIAN_POINT('',(-0.00239214043225339,2.47106016596151E-5,0.00211711117265847));
#13834=CARTESIAN_POINT('',(-0.000961453067586963,-0.0338332156663539,0.0361928560918349));
#13835=CARTESIAN_POINT('',(-0.00335532856515572,-0.0338084871416211,0.0381));
#13836=CARTESIAN_POINT('',(-0.00298367006331688,-0.031342694095959,0.0381));
#13837=CARTESIAN_POINT('',(-0.00326386707702923,-0.0332016798164762,0.00211711117265849));
#13838=CARTESIAN_POINT('',(-0.00299852090062324,-0.0314412229636456,0.0361928560918349));
#13839=CARTESIAN_POINT('',(-0.00335532856515572,-0.0338084871416211,0.00211711117265848));
#13840=CARTESIAN_POINT('',(-0.00335532856515572,-0.0338084871416211,0.0361928560918349));
#13841=CARTESIAN_POINT('',(-0.00468548867706697,-0.0310861862120145,0.0381));
#13842=CARTESIAN_POINT('',(-0.00638730729081825,-0.0308296783280698,0.0381));
#13843=CARTESIAN_POINT('',(-0.00666750430453061,-0.032688664048587,0.00211711117265849));
#13844=CARTESIAN_POINT('',(-0.0064021581281246,-0.0309282071957564,0.0361928560918349));
#13845=CARTESIAN_POINT('',(-0.00326386707702923,-0.0332016798164762,0.00211711117265848));
#13846=CARTESIAN_POINT('',(-0.00470033951437333,-0.0311847150797011,0.0361928560918349));
#13847=CARTESIAN_POINT('',(-0.00675896579265711,-0.033295471373732,0.0381));
#13848=CARTESIAN_POINT('',(-0.00675896579265711,-0.033295471373732,0.00211711117265848));
#13849=CARTESIAN_POINT('',(-0.00675896579265711,-0.033295471373732,0.0361928560918349));
#13850=CARTESIAN_POINT('',(0.00042622756331461,-0.000284192622606857,0.0381));
#13851=CARTESIAN_POINT('',(-0.0395476244485545,-0.0602363383997601,0.0381));
#13852=CARTESIAN_POINT('',(-0.0379834528555706,-0.0612792696071187,0.00211711117265849));
#13853=CARTESIAN_POINT('',(-0.0394647211458431,-0.0602916152261509,0.0361928560918349));
#13854=CARTESIAN_POINT('',(-0.0167832709192516,-0.0294835748221633,0.00211711117265848));
#13855=CARTESIAN_POINT('',(-0.0167832709192516,-0.0294835748221633,0.00211711117265849));
#13856=CARTESIAN_POINT('',(-0.0183474425122355,-0.0284406436148047,0.0381));
#13857=CARTESIAN_POINT('',(-0.0182645392095241,-0.0284959204411955,0.0361928560918349));
#13858=CARTESIAN_POINT('',(0.000509130866026019,-0.000339469448997681,0.0361928560918349));
#13859=CARTESIAN_POINT('',(-0.0374728783148785,-0.0616197016444726,0.0381));
#13860=CARTESIAN_POINT('',(-0.0385548303315103,-0.0638663981570731,0.0381));
#13861=CARTESIAN_POINT('',(-0.0377391360246658,-0.0621725914758484,0.00211711117265849));
#13862=CARTESIAN_POINT('',(-0.0385115973816577,-0.0637766240116673,0.0361928560918349));
#13863=CARTESIAN_POINT('',(-0.0374728783148785,-0.0616197016444726,0.00211711117265848));
#13864=CARTESIAN_POINT('',(-0.0374728783148785,-0.0616197016444726,0.0361928560918349));
#13865=CARTESIAN_POINT('',(-0.0322245237792289,-0.0669149131219228,0.0381));
#13866=CARTESIAN_POINT('',(-0.0258942172269475,-0.0699634280867726,0.0381));
#13867=CARTESIAN_POINT('',(-0.0250785229201031,-0.0682696214055478,0.00211711117265849));
#13868=CARTESIAN_POINT('',(-0.0258509842770949,-0.0698736539413667,0.0361928560918349));
#13869=CARTESIAN_POINT('',(-0.0314088294723845,-0.0652211064406981,0.00211711117265849));
#13870=CARTESIAN_POINT('',(-0.0258509842770949,-0.0698736539413667,0.0361928560918349));
#13871=CARTESIAN_POINT('',(-0.0248122652103157,-0.067716731574172,0.0381));
#13872=CARTESIAN_POINT('',(-0.0224371252181175,-0.0684763205442643,0.0381));
#13873=CARTESIAN_POINT('',(-0.0242277667066614,-0.0679036589207156,0.00211711117265849));
#13874=CARTESIAN_POINT('',(-0.0225320317450218,-0.0684459686697377,0.0361928560918349));
#13875=CARTESIAN_POINT('',(-0.0248122652103157,-0.067716731574172,0.00211711117265848));
#13876=CARTESIAN_POINT('',(-0.0248122652103157,-0.067716731574172,0.0361928560918349));
#13877=CARTESIAN_POINT('',(-0.00048793927843693,0.000156046925736127,0.0381));
#13878=CARTESIAN_POINT('',(-0.0107963472631394,-0.0320770594309674,0.0381));
#13879=CARTESIAN_POINT('',(-0.0125869887516833,-0.0315043978074188,0.00211711117265849));
#13880=CARTESIAN_POINT('',(-0.0108912537900436,-0.0320467075564409,0.0361928560918349));
#13881=CARTESIAN_POINT('',(-0.00227858076698086,0.000728708549284765,0.00211711117265847));
#13882=CARTESIAN_POINT('',(-0.0108912537900436,-0.0320467075564409,0.0361928560918349));
#13883=CARTESIAN_POINT('',(-0.0131714872553376,-0.0313174704608752,0.0381));
#13884=CARTESIAN_POINT('',(-0.0120895352387058,-0.0290707739482747,0.0381));
#13885=CARTESIAN_POINT('',(-0.0129052295455503,-0.0307645806294995,0.00211711117265849));
#13886=CARTESIAN_POINT('',(-0.0121327681885584,-0.0291605480936805,0.0361928560918349));
#13887=CARTESIAN_POINT('',(-0.0131714872553376,-0.0313174704608752,0.00211711117265848));
#13888=CARTESIAN_POINT('',(-0.0131714872553376,-0.0313174704608752,0.0361928560918349));
#13889=CARTESIAN_POINT('',(-0.0136401398003163,-0.028324042147596,0.0381));
#13890=CARTESIAN_POINT('',(-0.0151907443619277,-0.0275773103469167,0.0381));
#13891=CARTESIAN_POINT('',(-0.0160064386687722,-0.0292711170281415,0.00211711117265849));
#13892=CARTESIAN_POINT('',(-0.0152339773117804,-0.0276670844923225,0.0361928560918349));
#13893=CARTESIAN_POINT('',(-0.0129052295455503,-0.0307645806294995,0.00211711117265848));
#13894=CARTESIAN_POINT('',(-0.0136833727501688,-0.0284138162930017,0.0361928560918349));
#13895=CARTESIAN_POINT('',(-0.0162726963785595,-0.0298240068595172,0.0381));
#13896=CARTESIAN_POINT('',(-0.0162726963785595,-0.0298240068595172,0.00211711117265848));
#13897=CARTESIAN_POINT('',(-0.0162726963785595,-0.0298240068595172,0.0361928560918349));
#13898=CARTESIAN_POINT('',(-0.000371911875682266,-0.000352302340610682,
0.0381));
#13899=CARTESIAN_POINT('',(-0.04992591330551,0.0519599292142033,0.0381));
#13900=CARTESIAN_POINT('',(-0.0512907569737881,0.050667048695075,0.00211711117265849));
#13901=CARTESIAN_POINT('',(-0.0499982519468027,0.0518914047214125,0.0361928560918349));
#13902=CARTESIAN_POINT('',(-0.0250097309252345,0.0229231918826866,0.00211711117265848));
#13903=CARTESIAN_POINT('',(-0.0250097309252345,0.0229231918826866,0.00211711117265849));
#13904=CARTESIAN_POINT('',(-0.0236448872569564,0.0242160724018149,0.0381));
#13905=CARTESIAN_POINT('',(-0.023717225898249,0.024147547909024,0.0361928560918349));
#13906=CARTESIAN_POINT('',(-0.000444250516974915,-0.000420826833401467,
0.0361928560918349));
#13907=CARTESIAN_POINT('',(-0.0517362671928545,0.0502450285790055,0.0381));
#13908=CARTESIAN_POINT('',(-0.0536858773599535,0.0517997908059615,0.0381));
#13909=CARTESIAN_POINT('',(-0.0522160470075693,0.0506276402137635,0.00211711117265849));
#13910=CARTESIAN_POINT('',(-0.053607974276184,0.0517376651697435,0.0361928560918349));
#13911=CARTESIAN_POINT('',(-0.0517362671928545,0.0502450285790055,0.00211711117265848));
#13912=CARTESIAN_POINT('',(-0.0517362671928545,0.0502450285790055,0.0361928560918349));
#13913=CARTESIAN_POINT('',(-0.0580665854161329,0.0463065566526331,0.0381));
#13914=CARTESIAN_POINT('',(-0.0624472934723123,0.0408133224993046,0.0381));
#13915=CARTESIAN_POINT('',(-0.0609774631199281,0.0396411719071066,0.00211711117265849));
#13916=CARTESIAN_POINT('',(-0.0623693903885428,0.0407511968630866,0.0361928560918349));
#13917=CARTESIAN_POINT('',(-0.0565967550637487,0.045134406060435,0.00211711117265848));
#13918=CARTESIAN_POINT('',(-0.0623693903885428,0.0407511968630866,0.0361928560918349));
#13919=CARTESIAN_POINT('',(-0.0604976833052133,0.0392585602723486,0.0381));
#13920=CARTESIAN_POINT('',(-0.0617667461632826,0.0371119944456631,0.0381));
#13921=CARTESIAN_POINT('',(-0.060809987145838,0.0387303116142424,0.00211711117265849));
#13922=CARTESIAN_POINT('',(-0.0617160365846143,0.0371977675403233,0.0361928560918349));
#13923=CARTESIAN_POINT('',(-0.0604976833052133,0.0392585602723486,0.00211711117265848));
#13924=CARTESIAN_POINT('',(-0.0604976833052133,0.0392585602723486,0.0361928560918349));
#13925=CARTESIAN_POINT('',(0.000260711207462067,0.000440981914342201,0.0381));
#13926=CARTESIAN_POINT('',(-0.0288704073036549,0.0176634775195935,0.0381));
#13927=CARTESIAN_POINT('',(-0.0279136482862102,0.0192817946881728,0.00211711117265849));
#13928=CARTESIAN_POINT('',(-0.0288196977249866,0.0177492506142537,0.0361928560918349));
#13929=CARTESIAN_POINT('',(0.00121747022490671,0.0020592990829215,0.00211711117265848));
#13930=CARTESIAN_POINT('',(-0.0288196977249866,0.0177492506142537,0.0361928560918349));
#13931=CARTESIAN_POINT('',(-0.0276013444455855,0.019810043346279,0.0381));
#13932=CARTESIAN_POINT('',(-0.0256517342784866,0.018255281119323,0.0381));
#13933=CARTESIAN_POINT('',(-0.0271215646308708,0.0194274317115211,0.00211711117265849));
#13934=CARTESIAN_POINT('',(-0.0257296373622561,0.0183174067555411,0.0361928560918349));
#13935=CARTESIAN_POINT('',(-0.0276013444455855,0.019810043346279,0.00211711117265848));
#13936=CARTESIAN_POINT('',(-0.0276013444455855,0.019810043346279,0.0361928560918349));
#13937=CARTESIAN_POINT('',(-0.0245786826278446,0.0196008453294916,0.0381));
#13938=CARTESIAN_POINT('',(-0.0235056309772019,0.0209464095396611,0.0381));
#13939=CARTESIAN_POINT('',(-0.0249754613295861,0.0221185601318591,0.00211711117265849));
#13940=CARTESIAN_POINT('',(-0.0235835340609714,0.0210085351758791,0.0361928560918349));
#13941=CARTESIAN_POINT('',(-0.0271215646308708,0.0194274317115211,0.00211711117265848));
#13942=CARTESIAN_POINT('',(-0.0246565857116142,0.0196629709657097,0.0361928560918349));
#13943=CARTESIAN_POINT('',(-0.0254552411443009,0.022501171766617,0.0381));
#13944=CARTESIAN_POINT('',(-0.0254552411443009,0.022501171766617,0.00211711117265848));
#13945=CARTESIAN_POINT('',(-0.0254552411443009,0.022501171766617,0.0361928560918349));
#13946=CARTESIAN_POINT('',(-0.000459231812402964,-0.000227027586320162,
0.0381));
#13947=CARTESIAN_POINT('',(-0.0323923870608711,0.0643674166316548,0.0381));
#13948=CARTESIAN_POINT('',(-0.0340776777773352,0.0635342698999321,0.00211711117265849));
#13949=CARTESIAN_POINT('',(-0.0324817098481218,0.0643232586786445,0.0361928560918349));
#13950=CARTESIAN_POINT('',(-0.0171418893307469,0.0292765263857502,0.00211711117265848));
#13951=CARTESIAN_POINT('',(-0.0171418893307469,0.0292765263857502,0.00211711117265849));
#13952=CARTESIAN_POINT('',(-0.0154565986142828,0.0301096731174729,0.0381));
#13953=CARTESIAN_POINT('',(-0.0155459214015335,0.0300655151644626,0.0361928560918349));
#13954=CARTESIAN_POINT('',(-0.000548554599653704,-0.000271185539330462,
0.0361928560918349));
#13955=CARTESIAN_POINT('',(-0.0346277878402918,0.0632623153958441,0.0381));
#13956=CARTESIAN_POINT('',(-0.0360325080864818,0.0653226615842233,0.0381));
#13957=CARTESIAN_POINT('',(-0.0349734756248637,0.0637693462521612,0.00211711117265849));
#13958=CARTESIAN_POINT('',(-0.0359763778708837,0.0652403336786675,0.0361928560918349));
#13959=CARTESIAN_POINT('',(-0.0346277878402918,0.0632623153958441,0.00211711117265848));
#13960=CARTESIAN_POINT('',(-0.0346277878402918,0.0632623153958441,0.0361928560918349));
#13961=CARTESIAN_POINT('',(-0.0418377527659995,0.0613647127786294,0.0381));
#13962=CARTESIAN_POINT('',(-0.047642997445517,0.0574067639730355,0.0381));
#13963=CARTESIAN_POINT('',(-0.0465839649838988,0.0558534486409734,0.00211711117265849));
#13964=CARTESIAN_POINT('',(-0.0475868672299188,0.0573244360674797,0.0361928560918349));
#13965=CARTESIAN_POINT('',(-0.0407787203043812,0.0598113974465674,0.00211711117265847));
#13966=CARTESIAN_POINT('',(-0.0475868672299188,0.0573244360674797,0.0361928560918349));
#13967=CARTESIAN_POINT('',(-0.0462382771993269,0.0553464177846563,0.0381));
#13968=CARTESIAN_POINT('',(-0.0480836705399604,0.0536692806989143,0.0381));
#13969=CARTESIAN_POINT('',(-0.0466924102819228,0.0549336909052894,0.00211711117265849));
#13970=CARTESIAN_POINT('',(-0.0480099317821158,0.0537362962249351,0.0361928560918349));
#13971=CARTESIAN_POINT('',(-0.0462382771993269,0.0553464177846563,0.00211711117265848));
#13972=CARTESIAN_POINT('',(-0.0462382771993269,0.0553464177846563,0.0361928560918349));
#13973=CARTESIAN_POINT('',(0.000379110241088415,0.000344544347762566,0.0381));
#13974=CARTESIAN_POINT('',(-0.0223813747143513,0.0253884407134411,0.0381));
#13975=CARTESIAN_POINT('',(-0.0209901144563138,0.0266528509198161,0.00211711117265849));
#13976=CARTESIAN_POINT('',(-0.0223076359565067,0.0254554562394618,0.0361928560918349));
#13977=CARTESIAN_POINT('',(0.00177037049912594,0.00160895455413768,0.00211711117265847));
#13978=CARTESIAN_POINT('',(-0.0223076359565067,0.0254554562394618,0.0361928560918349));
#13979=CARTESIAN_POINT('',(-0.0205359813737179,0.0270655777991829,0.0381));
#13980=CARTESIAN_POINT('',(-0.0191312611275278,0.0250052316108038,0.0381));
#13981=CARTESIAN_POINT('',(-0.020190293589146,0.0265585469428658,0.00211711117265849));
#13982=CARTESIAN_POINT('',(-0.019187391343126,0.0250875595163595,0.0361928560918349));
#13983=CARTESIAN_POINT('',(-0.0205359813737179,0.0270655777991829,0.00211711117265848));
#13984=CARTESIAN_POINT('',(-0.0205359813737179,0.0270655777991829,0.0361928560918349));
#13985=CARTESIAN_POINT('',(-0.0177092701375211,0.0259747286520431,0.0381));
#13986=CARTESIAN_POINT('',(-0.0162872791475134,0.026944225693283,0.0381));
#13987=CARTESIAN_POINT('',(-0.0173463116091317,0.0284975410253451,0.00211711117265849));
#13988=CARTESIAN_POINT('',(-0.0163434093631116,0.0270265535988388,0.0361928560918349));
#13989=CARTESIAN_POINT('',(-0.020190293589146,0.0265585469428658,0.00211711117265848));
#13990=CARTESIAN_POINT('',(-0.0177654003531193,0.0260570565575988,0.0361928560918349));
#13991=CARTESIAN_POINT('',(-0.0176919993937035,0.0290045718816622,0.0381));
#13992=CARTESIAN_POINT('',(-0.0176919993937035,0.0290045718816622,0.00211711117265848));
#13993=CARTESIAN_POINT('',(-0.0176919993937035,0.0290045718816622,0.0361928560918349));
#13994=CARTESIAN_POINT('',(-0.000108829037348519,-0.000500591273498711,
0.0381));
#13995=CARTESIAN_POINT('',(-0.0705207957580779,0.0148070398453499,0.0381));
#13996=CARTESIAN_POINT('',(-0.0709201769885843,0.0129699680154261,0.00211711117265849));
#13997=CARTESIAN_POINT('',(-0.0705419635271375,0.0147096724448026,0.0361928560918349));
#13998=CARTESIAN_POINT('',(-0.0335771032079972,0.00485154688760265,0.00211711117265848));
#13999=CARTESIAN_POINT('',(-0.0335771032079972,0.00485154688760265,0.00211711117265849));
#14000=CARTESIAN_POINT('',(-0.0331777219774907,0.00668861871752639,0.0381));
#14001=CARTESIAN_POINT('',(-0.0331988897465504,0.00659125131697909,0.0361928560918349));
#14002=CARTESIAN_POINT('',(-0.000129996806408156,-0.000597958674046012,
0.0361928560918349));
#14003=CARTESIAN_POINT('',(-0.0710505424096426,0.0123703137895158,0.0381));
#14004=CARTESIAN_POINT('',(-0.0735372146724645,0.0125566641137371,0.0381));
#14005=CARTESIAN_POINT('',(-0.0716624879040018,0.0124161727645743,0.00211711117265849));
#14006=CARTESIAN_POINT('',(-0.0734378515070137,0.012549217873887,0.0361928560918349));
#14007=CARTESIAN_POINT('',(-0.0710505424096426,0.0123703137895158,0.00211711117265848));
#14008=CARTESIAN_POINT('',(-0.0710505424096426,0.0123703137895158,0.0361928560918349));
#14009=CARTESIAN_POINT('',(-0.0740622765452283,0.00555020034329347,0.0381));
#14010=CARTESIAN_POINT('',(-0.0745873384179921,-0.00145626342715015,0.0381));
#14011=CARTESIAN_POINT('',(-0.0727126116495294,-0.00159675477631288,0.00211711117265849));
#14012=CARTESIAN_POINT('',(-0.0744879752525414,-0.00146370966700018,0.0361928560918349));
#14013=CARTESIAN_POINT('',(-0.0721875497767656,0.00540970899413073,0.00211711117265849));
#14014=CARTESIAN_POINT('',(-0.0744879752525414,-0.00146370966700019,0.0361928560918349));
#14015=CARTESIAN_POINT('',(-0.0721006661551703,-0.00164261375137147,0.0381));
#14016=CARTESIAN_POINT('',(-0.0719400115094255,-0.00413107823189468,0.0381));
#14017=CARTESIAN_POINT('',(-0.0720611306329057,-0.00225500029281338,0.00211711117265849));
#14018=CARTESIAN_POINT('',(-0.0719464309939649,-0.00403164345249356,0.0361928560918349));
#14019=CARTESIAN_POINT('',(-0.0721006661551703,-0.00164261375137147,0.00211711117265848));
#14020=CARTESIAN_POINT('',(-0.0721006661551703,-0.00164261375137147,0.0361928560918349));
#14021=CARTESIAN_POINT('',(-3.30042490883552E-5,0.000511220208926997,0.0381));
#14022=CARTESIAN_POINT('',(-0.0338040411265183,-0.00166902950266821,0.0381));
#14023=CARTESIAN_POINT('',(-0.0339251602499984,0.000207048436413099,0.00211711117265849));
#14024=CARTESIAN_POINT('',(-0.0338104606110576,-0.00156959472326709,0.0361928560918349));
#14025=CARTESIAN_POINT('',(-0.000154123372568565,0.0023872981480083,0.00211711117265847));
#14026=CARTESIAN_POINT('',(-0.0338104606110576,-0.00156959472326708,0.0361928560918349));
#14027=CARTESIAN_POINT('',(-0.033964695772263,0.000819434977855005,0.0381));
#14028=CARTESIAN_POINT('',(-0.0314780235094411,0.000633084653633728,0.0381));
#14029=CARTESIAN_POINT('',(-0.0333527502779039,0.000773576002796435,0.00211711117265849));
#14030=CARTESIAN_POINT('',(-0.0315773866748919,0.000640530893483764,0.0361928560918349));
#14031=CARTESIAN_POINT('',(-0.033964695772263,0.000819434977855005,0.00211711117265848));
#14032=CARTESIAN_POINT('',(-0.033964695772263,0.000819434977855005,0.0361928560918349));
#14033=CARTESIAN_POINT('',(-0.0313494099378374,0.00234931349555175,0.0381));
#14034=CARTESIAN_POINT('',(-0.0312207963662336,0.00406554233747097,0.0381));
#14035=CARTESIAN_POINT('',(-0.0330955231346964,0.00420603368663371,0.00211711117265849));
#14036=CARTESIAN_POINT('',(-0.0313201595316844,0.00407298857732102,0.0361928560918349));
#14037=CARTESIAN_POINT('',(-0.0333527502779039,0.000773576002796435,0.00211711117265848));
#14038=CARTESIAN_POINT('',(-0.0314487731032883,0.00235675973540178,0.0361928560918349));
#14039=CARTESIAN_POINT('',(-0.0337074686290555,0.00425189266169227,0.0381));
#14040=CARTESIAN_POINT('',(-0.0337074686290555,0.00425189266169227,0.00211711117265848));
#14041=CARTESIAN_POINT('',(-0.0337074686290555,0.00425189266169227,0.0361928560918349));
#14042=CARTESIAN_POINT('',(-0.000251545936698819,-0.000446273485884589,
0.0381));
#14043=CARTESIAN_POINT('',(-0.0630233030566925,0.0349355740636762,0.0381));
#14044=CARTESIAN_POINT('',(-0.0639464273273404,0.0332978378649796,0.00211711117265849));
#14045=CARTESIAN_POINT('',(-0.0630722299462953,0.0348487717330042,0.0361928560918349));
#14046=CARTESIAN_POINT('',(-0.0306553481736187,0.0145330311840756,0.00211711117265848));
#14047=CARTESIAN_POINT('',(-0.0306553481736187,0.0145330311840756,0.00211711117265849));
#14048=CARTESIAN_POINT('',(-0.0297322239029708,0.0161707673827722,0.0381));
#14049=CARTESIAN_POINT('',(-0.0297811507925737,0.0160839650521001,0.0361928560918349));
#14050=CARTESIAN_POINT('',(-0.000300472826301626,-0.000533075816556615,
0.0361928560918349));
#14051=CARTESIAN_POINT('',(-0.0642477521644631,0.0327632504762461,0.0381));
#14052=CARTESIAN_POINT('',(-0.0665690208334009,0.0336742812949523,0.0381));
#14053=CARTESIAN_POINT('',(-0.0648189934673043,0.0329874461666331,0.00211711117265849));
#14054=CARTESIAN_POINT('',(-0.0664762669123251,0.0336378780634838,0.0361928560918349));
#14055=CARTESIAN_POINT('',(-0.0642477521644631,0.0327632504762461,0.00211711117265848));
#14056=CARTESIAN_POINT('',(-0.0642477521644631,0.0327632504762461,0.0361928560918349));
#14057=CARTESIAN_POINT('',(-0.06913594713103,0.0271338597550735,0.0381));
#14058=CARTESIAN_POINT('',(-0.071702873428659,0.0205934382151948,0.0381));
#14059=CARTESIAN_POINT('',(-0.0699528460625624,0.0199066030868757,0.00211711117265849));
#14060=CARTESIAN_POINT('',(-0.0716101195075831,0.0205570349837263,0.0361928560918349));
#14061=CARTESIAN_POINT('',(-0.0673859197649334,0.0264470246267544,0.00211711117265848));
#14062=CARTESIAN_POINT('',(-0.0716101195075831,0.0205570349837263,0.0361928560918349));
#14063=CARTESIAN_POINT('',(-0.0693816047597211,0.0196824073964886,0.0381));
#14064=CARTESIAN_POINT('',(-0.0699615753310962,0.0172571446226096,0.0381));
#14065=CARTESIAN_POINT('',(-0.0695243297916122,0.0190855741710968,0.00211711117265849));
#14066=CARTESIAN_POINT('',(-0.0699384007002043,0.0173540539700396,0.0361928560918349));
#14067=CARTESIAN_POINT('',(-0.0693816047597211,0.0196824073964886,0.00211711117265848));
#14068=CARTESIAN_POINT('',(-0.0693816047597211,0.0196824073964886,0.0361928560918349));
#14069=CARTESIAN_POINT('',(0.000119146838940432,0.00049823630261529,0.0381));
#14070=CARTESIAN_POINT('',(-0.0327941775083331,0.00836903683323576,0.0381));
#14071=CARTESIAN_POINT('',(-0.032356931968849,0.0101974663817231,0.00211711117265849));
#14072=CARTESIAN_POINT('',(-0.0327710028774411,0.00846594618066584,0.0361928560918349));
#14073=CARTESIAN_POINT('',(0.000556392378424451,0.0023266658511026,0.00211711117265848));
#14074=CARTESIAN_POINT('',(-0.0327710028774411,0.00846594618066584,0.0361928560918349));
#14075=CARTESIAN_POINT('',(-0.032214206936958,0.0107942996071149,0.0381));
#14076=CARTESIAN_POINT('',(-0.0298929382680201,0.00988326878840879,0.0381));
#14077=CARTESIAN_POINT('',(-0.0316429656341167,0.0105701039167279,0.00211711117265849));
#14078=CARTESIAN_POINT('',(-0.0299856921890959,0.00991967201987731,0.0361928560918349));
#14079=CARTESIAN_POINT('',(-0.032214206936958,0.0107942996071149,0.00211711117265848));
#14080=CARTESIAN_POINT('',(-0.032214206936958,0.0107942996071149,0.0361928560918349));
#14081=CARTESIAN_POINT('',(-0.029264171304912,0.0114853408825218,0.0381));
#14082=CARTESIAN_POINT('',(-0.0286354043418034,0.013087412976636,0.0381));
#14083=CARTESIAN_POINT('',(-0.0303854317079,0.0137742481049551,0.00211711117265849));
#14084=CARTESIAN_POINT('',(-0.0287281582628794,0.0131238162081045,0.0361928560918349));
#14085=CARTESIAN_POINT('',(-0.0316429656341167,0.0105701039167279,0.00211711117265848));
#14086=CARTESIAN_POINT('',(-0.0293569252259879,0.0115217441139904,0.0361928560918349));
#14087=CARTESIAN_POINT('',(-0.0309566730107413,0.0139984437953421,0.0381));
#14088=CARTESIAN_POINT('',(-0.0309566730107413,0.0139984437953421,0.00211711117265848));
#14089=CARTESIAN_POINT('',(-0.0309566730107413,0.0139984437953421,0.0361928560918349));
#14090=CARTESIAN_POINT('',(-0.000119146838940436,0.000498236302615305,0.0381));
#14091=CARTESIAN_POINT('',(0.0699615753310962,0.0172571446226096,0.0381));
#14092=CARTESIAN_POINT('',(0.0695243297916122,0.0190855741710969,0.00211711117265849));
#14093=CARTESIAN_POINT('',(0.0699384007002043,0.0173540539700397,0.0361928560918349));
#14094=CARTESIAN_POINT('',(0.032356931968849,0.0101974663817231,0.00211711117265848));
#14095=CARTESIAN_POINT('',(0.032356931968849,0.0101974663817231,0.00211711117265849));
#14096=CARTESIAN_POINT('',(0.0327941775083331,0.0083690368332358,0.0381));
#14097=CARTESIAN_POINT('',(0.0327710028774411,0.00846594618066587,0.0361928560918349));
#14098=CARTESIAN_POINT('',(-0.000142321469832375,0.000595145650045381,0.0361928560918349));
#14099=CARTESIAN_POINT('',(0.0693816047597211,0.0196824073964887,0.0381));
#14100=CARTESIAN_POINT('',(0.071702873428659,0.0205934382151949,0.0381));
#14101=CARTESIAN_POINT('',(0.0699528460625624,0.0199066030868757,0.00211711117265849));
#14102=CARTESIAN_POINT('',(0.0716101195075831,0.0205570349837263,0.0361928560918349));
#14103=CARTESIAN_POINT('',(0.0693816047597211,0.0196824073964887,0.00211711117265848));
#14104=CARTESIAN_POINT('',(0.0693816047597211,0.0196824073964887,0.0361928560918349));
#14105=CARTESIAN_POINT('',(0.06913594713103,0.0271338597550736,0.0381));
#14106=CARTESIAN_POINT('',(0.0665690208334009,0.0336742812949523,0.0381));
#14107=CARTESIAN_POINT('',(0.0648189934673043,0.0329874461666331,0.00211711117265849));
#14108=CARTESIAN_POINT('',(0.066476266912325,0.0336378780634838,0.0361928560918349));
#14109=CARTESIAN_POINT('',(0.0673859197649334,0.0264470246267544,0.00211711117265847));
#14110=CARTESIAN_POINT('',(0.0664762669123251,0.0336378780634838,0.0361928560918349));
#14111=CARTESIAN_POINT('',(0.0642477521644631,0.0327632504762461,0.0381));
#14112=CARTESIAN_POINT('',(0.0630233030566925,0.0349355740636762,0.0381));
#14113=CARTESIAN_POINT('',(0.0639464273273404,0.0332978378649797,0.00211711117265849));
#14114=CARTESIAN_POINT('',(0.0630722299462953,0.0348487717330042,0.0361928560918349));
#14115=CARTESIAN_POINT('',(0.0642477521644631,0.0327632504762461,0.00211711117265848));
#14116=CARTESIAN_POINT('',(0.0642477521644631,0.0327632504762461,0.0361928560918349));
#14117=CARTESIAN_POINT('',(0.000251545936698806,-0.000446273485884565,0.0381));
#14118=CARTESIAN_POINT('',(0.0297322239029707,0.0161707673827721,0.0381));
#14119=CARTESIAN_POINT('',(0.0306553481736186,0.0145330311840756,0.00211711117265849));
#14120=CARTESIAN_POINT('',(0.0297811507925736,0.0160839650521001,0.0361928560918349));
#14121=CARTESIAN_POINT('',(0.00117467020734666,-0.00208400968458112,0.00211711117265847));
#14122=CARTESIAN_POINT('',(0.0297811507925736,0.0160839650521001,0.0361928560918349));
#14123=CARTESIAN_POINT('',(0.0309566730107413,0.0139984437953421,0.0381));
#14124=CARTESIAN_POINT('',(0.0286354043418034,0.0130874129766359,0.0381));
#14125=CARTESIAN_POINT('',(0.0303854317079,0.0137742481049551,0.00211711117265849));
#14126=CARTESIAN_POINT('',(0.0287281582628794,0.0131238162081045,0.0361928560918349));
#14127=CARTESIAN_POINT('',(0.0309566730107413,0.0139984437953421,0.00211711117265848));
#14128=CARTESIAN_POINT('',(0.0309566730107413,0.0139984437953421,0.0361928560918349));
#14129=CARTESIAN_POINT('',(0.0292641713049116,0.0114853408825229,0.0381));
#14130=CARTESIAN_POINT('',(0.0298929382680201,0.00988326878840876,0.0381));
#14131=CARTESIAN_POINT('',(0.0316429656341168,0.0105701039167279,0.00211711117265849));
#14132=CARTESIAN_POINT('',(0.029985692189096,0.00991967201987727,0.0361928560918349));
#14133=CARTESIAN_POINT('',(0.0303854317079,0.0137742481049551,0.00211711117265848));
#14134=CARTESIAN_POINT('',(0.0293569252259874,0.0115217441139914,0.0361928560918349));
#14135=CARTESIAN_POINT('',(0.032214206936958,0.0107942996071149,0.0381));
#14136=CARTESIAN_POINT('',(0.032214206936958,0.0107942996071149,0.00211711117265848));
#14137=CARTESIAN_POINT('',(0.032214206936958,0.0107942996071149,0.0361928560918349));
#14138=CARTESIAN_POINT('',(0.000182222764748885,0.000478779956222621,0.0381));
#14139=CARTESIAN_POINT('',(0.0675262619616018,-0.0251522366565568,0.0381));
#14140=CARTESIAN_POINT('',(0.0681949837824025,-0.0233952080848014,0.00211711117265849));
#14141=CARTESIAN_POINT('',(0.0675617051621997,-0.0250591116616968,0.0361928560918349));
#14142=CARTESIAN_POINT('',(0.032478989164822,-0.0098017666710893,0.00211711117265848));
#14143=CARTESIAN_POINT('',(0.032478989164822,-0.00980176667108929,0.00211711117265849));
#14144=CARTESIAN_POINT('',(0.0318102673440213,-0.0115587952428448,0.0381));
#14145=CARTESIAN_POINT('',(0.0318457105446191,-0.0114656702479847,0.0361928560918349));
#14146=CARTESIAN_POINT('',(0.000217665965346722,0.00057190495108266,0.0361928560918349));
#14147=CARTESIAN_POINT('',(0.0684132669541707,-0.0228216814589305,0.0381));
#14148=CARTESIAN_POINT('',(0.0708443910677433,-0.023376569673286,0.0381));
#14149=CARTESIAN_POINT('',(0.0690115425973953,-0.0229582339703832,0.00211711117265849));
#14150=CARTESIAN_POINT('',(0.070747247511216,-0.0233543972904296,0.0361928560918349));
#14151=CARTESIAN_POINT('',(0.0684132669541707,-0.0228216814589305,0.00211711117265848));
#14152=CARTESIAN_POINT('',(0.0684132669541707,-0.0228216814589305,0.0361928560918349));
#14153=CARTESIAN_POINT('',(0.0724078476714358,-0.0165266187256413,0.0381));
#14154=CARTESIAN_POINT('',(0.0739713042751284,-0.00967666777799649,0.0381));
#14155=CARTESIAN_POINT('',(0.0721384558047804,-0.0092583320750936,0.00211711117265849));
#14156=CARTESIAN_POINT('',(0.0738741607186011,-0.00965449539514009,0.0361928560918349));
#14157=CARTESIAN_POINT('',(0.0705749992010878,-0.0161082830227384,0.00211711117265847));
#14158=CARTESIAN_POINT('',(0.0738741607186011,-0.00965449539514008,0.0361928560918349));
#14159=CARTESIAN_POINT('',(0.0715401801615557,-0.00912177956364099,0.0381));
#14160=CARTESIAN_POINT('',(0.0717522062809431,-0.0066371648428598,0.0381));
#14161=CARTESIAN_POINT('',(0.0715923576963219,-0.00851034041006507,0.00211711117265849));
#14162=CARTESIAN_POINT('',(0.0717437340802854,-0.00673644579245395,0.0361928560918349));
#14163=CARTESIAN_POINT('',(0.0715401801615557,-0.00912177956364099,0.00211711117265848));
#14164=CARTESIAN_POINT('',(0.0715401801615557,-0.00912177956364099,0.0361928560918349));
#14165=CARTESIAN_POINT('',(-4.35577995585589E-5,-0.000510429329653836,0.0381));
#14166=CARTESIAN_POINT('',(0.0336752338562758,-0.00338784307329137,0.0381));
#14167=CARTESIAN_POINT('',(0.0335153852716546,-0.00526101864049664,0.00211711117265849));
#14168=CARTESIAN_POINT('',(0.0336667616556181,-0.00348712402288552,0.0361928560918349));
#14169=CARTESIAN_POINT('',(-0.000203406384179766,-0.0023836048968591,0.00211711117265848));
#14170=CARTESIAN_POINT('',(0.0336667616556181,-0.00348712402288552,0.0361928560918349));
#14171=CARTESIAN_POINT('',(0.0334632077368884,-0.00587245779407255,0.0381));
#14172=CARTESIAN_POINT('',(0.0310320836233157,-0.0053175695797171,0.0381));
#14173=CARTESIAN_POINT('',(0.0328649320936637,-0.00573590528261996,0.00211711117265849));
#14174=CARTESIAN_POINT('',(0.031129227179843,-0.0053397419625735,0.0361928560918349));
#14175=CARTESIAN_POINT('',(0.0334632077368884,-0.00587245779407255,0.00211711117265848));
#14176=CARTESIAN_POINT('',(0.0334632077368884,-0.00587245779407255,0.0361928560918349));
#14177=CARTESIAN_POINT('',(0.0306491159231667,-0.00699546070528947,0.0381));
#14178=CARTESIAN_POINT('',(0.0302661482230174,-0.00867335183086301,0.0381));
#14179=CARTESIAN_POINT('',(0.0320989966933654,-0.00909168753376589,0.00211711117265849));
#14180=CARTESIAN_POINT('',(0.0303632917795447,-0.00869552421371941,0.0361928560918349));
#14181=CARTESIAN_POINT('',(0.0328649320936637,-0.00573590528261996,0.00211711117265848));
#14182=CARTESIAN_POINT('',(0.030746259479694,-0.00701763308814587,0.0361928560918349));
#14183=CARTESIAN_POINT('',(0.0326972723365901,-0.00922824004521848,0.0381));
#14184=CARTESIAN_POINT('',(0.0326972723365901,-0.00922824004521848,0.00211711117265848));
#14185=CARTESIAN_POINT('',(0.0326972723365901,-0.00922824004521848,0.0361928560918349));
#14186=CARTESIAN_POINT('',(3.30042490883564E-5,0.000511220208927015,0.0381));
#14187=CARTESIAN_POINT('',(0.0719400115094255,-0.00413107823189465,0.0381));
#14188=CARTESIAN_POINT('',(0.0720611306329058,-0.00225500029281335,0.00211711117265849));
#14189=CARTESIAN_POINT('',(0.0719464309939649,-0.00403164345249353,0.0361928560918349));
#14190=CARTESIAN_POINT('',(0.0339251602499985,0.000207048436413115,0.00211711117265848));
#14191=CARTESIAN_POINT('',(0.0339251602499985,0.000207048436413114,0.00211711117265849));
#14192=CARTESIAN_POINT('',(0.0338040411265183,-0.0016690295026682,0.0381));
#14193=CARTESIAN_POINT('',(0.0338104606110576,-0.00156959472326707,0.0361928560918349));
#14194=CARTESIAN_POINT('',(3.94237336276872E-5,0.000610654988328139,0.0361928560918349));
#14195=CARTESIAN_POINT('',(0.0721006661551703,-0.00164261375137145,0.0381));
#14196=CARTESIAN_POINT('',(0.0745873384179921,-0.00145626342715013,0.0381));
#14197=CARTESIAN_POINT('',(0.0727126116495294,-0.00159675477631287,0.00211711117265849));
#14198=CARTESIAN_POINT('',(0.0744879752525414,-0.00146370966700017,0.0361928560918349));
#14199=CARTESIAN_POINT('',(0.0721006661551703,-0.00164261375137145,0.00211711117265848));
#14200=CARTESIAN_POINT('',(0.0721006661551703,-0.00164261375137145,0.0361928560918349));
#14201=CARTESIAN_POINT('',(0.0740622765452283,0.00555020034329349,0.0381));
#14202=CARTESIAN_POINT('',(0.0735372146724645,0.0125566641137371,0.0381));
#14203=CARTESIAN_POINT('',(0.0716624879040018,0.0124161727645744,0.00211711117265849));
#14204=CARTESIAN_POINT('',(0.0734378515070137,0.0125492178738871,0.0361928560918349));
#14205=CARTESIAN_POINT('',(0.0721875497767656,0.00540970899413075,0.00211711117265849));
#14206=CARTESIAN_POINT('',(0.0734378515070137,0.0125492178738871,0.0361928560918349));
#14207=CARTESIAN_POINT('',(0.0710505424096426,0.0123703137895158,0.0381));
#14208=CARTESIAN_POINT('',(0.0705207957580778,0.0148070398453499,0.0381));
#14209=CARTESIAN_POINT('',(0.0709201769885842,0.0129699680154262,0.00211711117265849));
#14210=CARTESIAN_POINT('',(0.0705419635271375,0.0147096724448026,0.0361928560918349));
#14211=CARTESIAN_POINT('',(0.0710505424096426,0.0123703137895158,0.00211711117265848));
#14212=CARTESIAN_POINT('',(0.0710505424096426,0.0123703137895158,0.0361928560918349));
#14213=CARTESIAN_POINT('',(0.000108829037348515,-0.000500591273498692,0.0381));
#14214=CARTESIAN_POINT('',(0.0331777219774907,0.0066886187175264,0.0381));
#14215=CARTESIAN_POINT('',(0.0335771032079971,0.00485154688760266,0.00211711117265849));
#14216=CARTESIAN_POINT('',(0.0331988897465503,0.0065912513169791,0.0361928560918349));
#14217=CARTESIAN_POINT('',(0.000508210267854919,-0.00233766310342243,0.00211711117265848));
#14218=CARTESIAN_POINT('',(0.0331988897465503,0.0065912513169791,0.0361928560918349));
#14219=CARTESIAN_POINT('',(0.0337074686290555,0.00425189266169227,0.0381));
#14220=CARTESIAN_POINT('',(0.0312207963662336,0.00406554233747092,0.0381));
#14221=CARTESIAN_POINT('',(0.0330955231346964,0.00420603368663369,0.00211711117265849));
#14222=CARTESIAN_POINT('',(0.0313201595316844,0.00407298857732095,0.0361928560918349));
#14223=CARTESIAN_POINT('',(0.0337074686290555,0.00425189266169227,0.00211711117265848));
#14224=CARTESIAN_POINT('',(0.0337074686290555,0.00425189266169227,0.0361928560918349));
#14225=CARTESIAN_POINT('',(0.0313494099378374,0.00234931349555289,0.0381));
#14226=CARTESIAN_POINT('',(0.0314780235094411,0.000633084653633669,0.0381));
#14227=CARTESIAN_POINT('',(0.0333527502779039,0.000773576002796427,0.00211711117265849));
#14228=CARTESIAN_POINT('',(0.0315773866748919,0.000640530893483708,0.0361928560918349));
#14229=CARTESIAN_POINT('',(0.0330955231346964,0.00420603368663369,0.00211711117265848));
#14230=CARTESIAN_POINT('',(0.0314487731032881,0.00235675973540294,0.0361928560918349));
#14231=CARTESIAN_POINT('',(0.033964695772263,0.00081943497785501,0.0381));
#14232=CARTESIAN_POINT('',(0.033964695772263,0.00081943497785501,0.00211711117265848));
#14233=CARTESIAN_POINT('',(0.033964695772263,0.00081943497785501,0.0361928560918349));
#14234=CARTESIAN_POINT('',(0.000315249988090046,0.000403798003316624,0.0381));
#14235=CARTESIAN_POINT('',(0.0571125077043701,-0.0439385084755113,0.0381));
#14236=CARTESIAN_POINT('',(0.0582694133540758,-0.042456648970275,0.00211711117265849));
#14237=CARTESIAN_POINT('',(0.0571738253371134,-0.043859967829658,0.0361928560918349));
#14238=CARTESIAN_POINT('',(0.0281469173606547,-0.0189396517955208,0.00211711117265848));
#14239=CARTESIAN_POINT('',(0.0281469173606547,-0.0189396517955208,0.00211711117265849));
#14240=CARTESIAN_POINT('',(0.0269900117109491,-0.0204215113007572,0.0381));
#14241=CARTESIAN_POINT('',(0.0270513293436923,-0.0203429706549038,0.0361928560918349));
#14242=CARTESIAN_POINT('',(0.000376567620833347,0.000482338649169955,0.0361928560918349));
#14243=CARTESIAN_POINT('',(0.058647048757616,-0.041972942617564,0.0381));
#14244=CARTESIAN_POINT('',(0.060806608675636,-0.0432197651175641,0.0381));
#14245=CARTESIAN_POINT('',(0.0591784951333162,-0.0422797733256344,0.00211711117265849));
#14246=CARTESIAN_POINT('',(0.0607203163593371,-0.0431699442255199,0.0361928560918349));
#14247=CARTESIAN_POINT('',(0.058647048757616,-0.041972942617564,0.00211711117265848));
#14248=CARTESIAN_POINT('',(0.058647048757616,-0.041972942617564,0.0361928560918349));
#14249=CARTESIAN_POINT('',(0.0643196637754305,-0.037134975194931,0.0381));
#14250=CARTESIAN_POINT('',(0.0678327188752251,-0.0310501852722979,0.0381));
#14251=CARTESIAN_POINT('',(0.0662046053329052,-0.0301101934803683,0.00211711117265849));
#14252=CARTESIAN_POINT('',(0.0677464265589262,-0.0310003643802538,0.0361928560918349));
#14253=CARTESIAN_POINT('',(0.0626915502331107,-0.0361949834030014,0.00211711117265848));
#14254=CARTESIAN_POINT('',(0.0677464265589262,-0.0310003643802538,0.0361928560918349));
#14255=CARTESIAN_POINT('',(0.065673158957205,-0.0298033627722979,0.0381));
#14256=CARTESIAN_POINT('',(0.0666081183963757,-0.0274916283080632,0.0381));
#14257=CARTESIAN_POINT('',(0.0659032432448545,-0.0292344677431082,0.00211711117265849));
#14258=CARTESIAN_POINT('',(0.0665707590182088,-0.0275840012586455,0.0361928560918349));
#14259=CARTESIAN_POINT('',(0.065673158957205,-0.0298033627722979,0.00211711117265848));
#14260=CARTESIAN_POINT('',(0.065673158957205,-0.0298033627722979,0.0361928560918349));
#14261=CARTESIAN_POINT('',(-0.000192074334824601,-0.000474913499887021,
0.0381));
#14262=CARTESIAN_POINT('',(0.0311805534256012,-0.0131632801397427,0.0381));
#14263=CARTESIAN_POINT('',(0.0304756782740799,-0.0149061195747877,0.00211711117265849));
#14264=CARTESIAN_POINT('',(0.0311431940474342,-0.013255653090325,0.0361928560918349));
#14265=CARTESIAN_POINT('',(-0.000896949486345862,-0.00221775293493204,0.00211711117265848));
#14266=CARTESIAN_POINT('',(0.0311431940474342,-0.013255653090325,0.0361928560918349));
#14267=CARTESIAN_POINT('',(0.0302455939864304,-0.0154750146039775,0.0381));
#14268=CARTESIAN_POINT('',(0.0280860340684103,-0.0142281921039775,0.0381));
#14269=CARTESIAN_POINT('',(0.0297141476107302,-0.015168183895907,0.00211711117265849));
#14270=CARTESIAN_POINT('',(0.0281723263847093,-0.0142780129960216,0.0361928560918349));
#14271=CARTESIAN_POINT('',(0.0302455939864304,-0.0154750146039775,0.00211711117265848));
#14272=CARTESIAN_POINT('',(0.0302455939864304,-0.0154750146039775,0.0361928560918349));
#14273=CARTESIAN_POINT('',(0.0272255134572929,-0.0157186575233931,0.0381));
#14274=CARTESIAN_POINT('',(0.0263649928461748,-0.0172091229428099,0.0381));
#14275=CARTESIAN_POINT('',(0.0279931063884946,-0.0181491147347395,0.00211711117265849));
#14276=CARTESIAN_POINT('',(0.0264512851624737,-0.0172589438348541,0.0361928560918349));
#14277=CARTESIAN_POINT('',(0.0297141476107302,-0.015168183895907,0.00211711117265848));
#14278=CARTESIAN_POINT('',(0.0273118057735918,-0.0157684784154374,0.0361928560918349));
#14279=CARTESIAN_POINT('',(0.0285245527641949,-0.0184559454428099,0.0381));
#14280=CARTESIAN_POINT('',(0.0285245527641949,-0.0184559454428099,0.00211711117265848));
#14281=CARTESIAN_POINT('',(0.0285245527641949,-0.0184559454428099,0.0361928560918349));
#14282=CARTESIAN_POINT('',(-0.000463823666096182,0.000217492503876265,0.0381));
#14283=CARTESIAN_POINT('',(0.03012814977745,0.0654578158383081,0.0381));
#14284=CARTESIAN_POINT('',(0.0284260078581913,0.0662559706868697,0.00211711117265849));
#14285=CARTESIAN_POINT('',(0.0300379338526608,0.0655001191721096,0.0361928560918349));
#14286=CARTESIAN_POINT('',(0.0122015168433738,0.0316556843831241,0.00211711117265848));
#14287=CARTESIAN_POINT('',(0.0122015168433738,0.0316556843831241,0.00211711117265849));
#14288=CARTESIAN_POINT('',(0.0139036587626324,0.0308575295345624,0.0381));
#14289=CARTESIAN_POINT('',(0.0138134428378432,0.0308998328683639,0.0361928560918349));
#14290=CARTESIAN_POINT('',(-0.000554039590885412,0.000259795837677808,0.0361928560918349));
#14291=CARTESIAN_POINT('',(0.027870397250943,0.0665165031930433,0.0381));
#14292=CARTESIAN_POINT('',(0.0286054120178369,0.0688993625423279,0.0381));
#14293=CARTESIAN_POINT('',(0.0280512771286869,0.0671029013542676,0.00211711117265849));
#14294=CARTESIAN_POINT('',(0.0285760420863893,0.0688041475631331,0.0361928560918349));
#14295=CARTESIAN_POINT('',(0.027870397250943,0.0665165031930433,0.00211711117265848));
#14296=CARTESIAN_POINT('',(0.027870397250943,0.0665165031930433,0.0361928560918349));
#14297=CARTESIAN_POINT('',(0.0218914521806529,0.070970344879638,0.0381));
#14298=CARTESIAN_POINT('',(0.015177492343469,0.0730413272169481,0.0381));
#14299=CARTESIAN_POINT('',(0.014623357454319,0.0712448660288878,0.00211711117265849));
#14300=CARTESIAN_POINT('',(0.0151481224120215,0.0729461122377533,0.0361928560918349));
#14301=CARTESIAN_POINT('',(0.0213373172915029,0.0691738836915777,0.00211711117265848));
#14302=CARTESIAN_POINT('',(0.0151481224120214,0.0729461122377533,0.0361928560918349));
#14303=CARTESIAN_POINT('',(0.0144424775765752,0.0706584678676635,0.0381));
#14304=CARTESIAN_POINT('',(0.0119806550742245,0.0710555766096284,0.0381));
#14305=CARTESIAN_POINT('',(0.0138366473629402,0.070756192408629,0.00211711117265849));
#14306=CARTESIAN_POINT('',(0.0120790252857995,0.0710397088243075,0.0361928560918349));
#14307=CARTESIAN_POINT('',(0.0144424775765752,0.0706584678676635,0.00211711117265848));
#14308=CARTESIAN_POINT('',(0.0144424775765752,0.0706584678676635,0.0361928560918349));
#14309=CARTESIAN_POINT('',(0.00050574698728602,-8.15804346909384E-5,0.0381));
#14310=CARTESIAN_POINT('',(0.00589492335456431,0.0333278972425193,0.0381));
#14311=CARTESIAN_POINT('',(0.00775091564328001,0.0330285130415199,0.00211711117265849));
#14312=CARTESIAN_POINT('',(0.00599329356613932,0.0333120294571984,0.0361928560918349));
#14313=CARTESIAN_POINT('',(0.00236173927600173,-0.000380964635690295,0.00211711117265847));
#14314=CARTESIAN_POINT('',(0.00599329356613932,0.0333120294571984,0.0361928560918349));
#14315=CARTESIAN_POINT('',(0.00835674585691497,0.0329307885005544,0.0381));
#14316=CARTESIAN_POINT('',(0.00762173109002114,0.0305479291512698,0.0381));
#14317=CARTESIAN_POINT('',(0.00817586597917117,0.0323443903393301,0.00211711117265849));
#14318=CARTESIAN_POINT('',(0.0076511010214687,0.0306431441304646,0.0361928560918349));
#14319=CARTESIAN_POINT('',(0.00835674585691497,0.0329307885005544,0.00211711117265848));
#14320=CARTESIAN_POINT('',(0.00835674585691497,0.0329307885005544,0.0361928560918349));
#14321=CARTESIAN_POINT('',(0.0092663112796258,0.0300406433456416,0.0381));
#14322=CARTESIAN_POINT('',(0.0109108914692316,0.029533357540013,0.0381));
#14323=CARTESIAN_POINT('',(0.0114650263583816,0.0313298187280733,0.00211711117265849));
#14324=CARTESIAN_POINT('',(0.0109402614006792,0.0296285725192078,0.0361928560918349));
#14325=CARTESIAN_POINT('',(0.00817586597917117,0.0323443903393301,0.00211711117265848));
#14326=CARTESIAN_POINT('',(0.00929568121107336,0.0301358583248364,0.0361928560918349));
#14327=CARTESIAN_POINT('',(0.0116459062361255,0.0319162168892977,0.0381));
#14328=CARTESIAN_POINT('',(0.0116459062361255,0.0319162168892977,0.00211711117265848));
#14329=CARTESIAN_POINT('',(0.0116459062361255,0.0319162168892977,0.0361928560918349));
#14330=CARTESIAN_POINT('',(-0.000507324322914653,7.11154965704097E-5,0.0381));
#14331=CARTESIAN_POINT('',(0.00949561069200569,0.0714301367835746,0.0381));
#14332=CARTESIAN_POINT('',(0.00763382989077875,0.0716911167133833,0.00211711117265849));
#14333=CARTESIAN_POINT('',(0.00939693368109541,0.0714439690883036,0.0361928560918349));
#14334=CARTESIAN_POINT('',(0.00232876091342525,0.0338457713703086,0.00211711117265848));
#14335=CARTESIAN_POINT('',(0.00232876091342525,0.0338457713703086,0.00211711117265849));
#14336=CARTESIAN_POINT('',(0.00419054171465219,0.0335847914405,0.0381));
#14337=CARTESIAN_POINT('',(0.00409186470374192,0.0335986237452289,0.0361928560918349));
#14338=CARTESIAN_POINT('',(-0.000606001333824926,8.49478012993678E-5,0.0361928560918349));
#14339=CARTESIAN_POINT('',(0.00702611019958905,0.0717763053898621,0.0381));
#14340=CARTESIAN_POINT('',(0.00702611019958904,0.0742699503898621,0.0381));
#14341=CARTESIAN_POINT('',(0.00702611019958904,0.0723899668060028,0.00211711117265849));
#14342=CARTESIAN_POINT('',(0.00702611019958904,0.0741703086057738,0.0361928560918349));
#14343=CARTESIAN_POINT('',(0.00702611019958905,0.0717763053898621,0.00211711117265848));
#14344=CARTESIAN_POINT('',(0.00702611019958905,0.0717763053898621,0.0361928560918349));
#14345=CARTESIAN_POINT('',(0.,0.0742699503898621,0.0381));
#14346=CARTESIAN_POINT('',(-0.00702611019958905,0.0742699503898621,0.0381));
#14347=CARTESIAN_POINT('',(-0.00702611019958905,0.0723899668060028,0.00211711117265849));
#14348=CARTESIAN_POINT('',(-0.00702611019958905,0.0741703086057738,0.0361928560918349));
#14349=CARTESIAN_POINT('',(0.,0.0723899668060028,0.00211711117265847));
#14350=CARTESIAN_POINT('',(-0.00702611019958905,0.0741703086057738,0.0361928560918349));
#14351=CARTESIAN_POINT('',(-0.00702611019958905,0.0717763053898621,0.0381));
#14352=CARTESIAN_POINT('',(-0.0094956106920057,0.0714301367835746,0.0381));
#14353=CARTESIAN_POINT('',(-0.00763382989077876,0.0716911167133833,0.00211711117265849));
#14354=CARTESIAN_POINT('',(-0.00939693368109542,0.0714439690883036,0.0361928560918349));
#14355=CARTESIAN_POINT('',(-0.00702611019958905,0.0717763053898621,0.00211711117265848));
#14356=CARTESIAN_POINT('',(-0.00702611019958905,0.0717763053898621,0.0361928560918349));
#14357=CARTESIAN_POINT('',(0.000507324322914636,7.11154965704072E-5,0.0381));
#14358=CARTESIAN_POINT('',(-0.00419054171465219,0.0335847914404998,0.0381));
#14359=CARTESIAN_POINT('',(-0.00232876091342525,0.0338457713703086,0.00211711117265849));
#14360=CARTESIAN_POINT('',(-0.00409186470374192,0.0335986237452288,0.0361928560918349));
#14361=CARTESIAN_POINT('',(0.00236910512414158,0.000332095426379101,0.00211711117265848));
#14362=CARTESIAN_POINT('',(-0.00409186470374192,0.0335986237452288,0.0361928560918349));
#14363=CARTESIAN_POINT('',(-0.00172104122223555,0.0339309600467873,0.0381));
#14364=CARTESIAN_POINT('',(-0.00172104122223551,0.0314373150467874,0.0381));
#14365=CARTESIAN_POINT('',(-0.00172104122223555,0.0333172986306466,0.00211711117265849));
#14366=CARTESIAN_POINT('',(-0.00172104122223551,0.0315369568308757,0.0361928560918349));
#14367=CARTESIAN_POINT('',(-0.00172104122223555,0.0339309600467873,0.00211711117265848));
#14368=CARTESIAN_POINT('',(-0.00172104122223555,0.0339309600467873,0.0361928560918349));
#14369=CARTESIAN_POINT('',(-5.7037034274231E-16,0.0314373150467874,0.0381));
#14370=CARTESIAN_POINT('',(0.00172104122223558,0.0314373150467874,0.0381));
#14371=CARTESIAN_POINT('',(0.00172104122223556,0.0333172986306466,0.00211711117265849));
#14372=CARTESIAN_POINT('',(0.00172104122223557,0.0315369568308757,0.0361928560918349));
#14373=CARTESIAN_POINT('',(-0.00172104122223555,0.0333172986306466,0.00211711117265848));
#14374=CARTESIAN_POINT('',(-5.72178153570217E-16,0.0315369568308757,0.0361928560918349));
#14375=CARTESIAN_POINT('',(0.00172104122223556,0.0339309600467874,0.0381));
#14376=CARTESIAN_POINT('',(0.00172104122223556,0.0339309600467874,0.00211711117265848));
#14377=CARTESIAN_POINT('',(0.00172104122223556,0.0339309600467874,0.0361928560918349));
#14378=CARTESIAN_POINT('',(-0.000260711207462077,0.000440981914342219,0.0381));
#14379=CARTESIAN_POINT('',(0.0617667461632826,0.0371119944456631,0.0381));
#14380=CARTESIAN_POINT('',(0.060809987145838,0.0387303116142424,0.00211711117265849));
#14381=CARTESIAN_POINT('',(0.0617160365846143,0.0371977675403233,0.0361928560918349));
#14382=CARTESIAN_POINT('',(0.0279136482862102,0.0192817946881728,0.00211711117265848));
#14383=CARTESIAN_POINT('',(0.0279136482862102,0.0192817946881728,0.00211711117265849));
#14384=CARTESIAN_POINT('',(0.0288704073036549,0.0176634775195936,0.0381));
#14385=CARTESIAN_POINT('',(0.0288196977249867,0.0177492506142537,0.0361928560918349));
#14386=CARTESIAN_POINT('',(-0.000311420786130344,0.000526755009002419,0.0361928560918349));
#14387=CARTESIAN_POINT('',(0.0604976833052133,0.0392585602723486,0.0381));
#14388=CARTESIAN_POINT('',(0.0624472934723123,0.0408133224993046,0.0381));
#14389=CARTESIAN_POINT('',(0.0609774631199281,0.0396411719071066,0.00211711117265849));
#14390=CARTESIAN_POINT('',(0.0623693903885428,0.0407511968630866,0.0361928560918349));
#14391=CARTESIAN_POINT('',(0.0604976833052133,0.0392585602723486,0.00211711117265848));
#14392=CARTESIAN_POINT('',(0.0604976833052133,0.0392585602723486,0.0361928560918349));
#14393=CARTESIAN_POINT('',(0.0580665854161329,0.0463065566526331,0.0381));
#14394=CARTESIAN_POINT('',(0.0536858773599535,0.0517997908059615,0.0381));
#14395=CARTESIAN_POINT('',(0.0522160470075693,0.0506276402137635,0.00211711117265849));
#14396=CARTESIAN_POINT('',(0.053607974276184,0.0517376651697434,0.0361928560918349));
#14397=CARTESIAN_POINT('',(0.0565967550637487,0.045134406060435,0.00211711117265848));
#14398=CARTESIAN_POINT('',(0.053607974276184,0.0517376651697434,0.0361928560918349));
#14399=CARTESIAN_POINT('',(0.0517362671928545,0.0502450285790055,0.0381));
#14400=CARTESIAN_POINT('',(0.04992591330551,0.0519599292142033,0.0381));
#14401=CARTESIAN_POINT('',(0.0512907569737881,0.050667048695075,0.00211711117265849));
#14402=CARTESIAN_POINT('',(0.0499982519468026,0.0518914047214125,0.0361928560918349));
#14403=CARTESIAN_POINT('',(0.0517362671928545,0.0502450285790055,0.00211711117265848));
#14404=CARTESIAN_POINT('',(0.0517362671928545,0.0502450285790055,0.0361928560918349));
#14405=CARTESIAN_POINT('',(0.000371911875682254,-0.00035230234061067,0.0381));
#14406=CARTESIAN_POINT('',(0.0236448872569563,0.0242160724018148,0.0381));
#14407=CARTESIAN_POINT('',(0.0250097309252345,0.0229231918826865,0.00211711117265849));
#14408=CARTESIAN_POINT('',(0.023717225898249,0.024147547909024,0.0361928560918349));
#14409=CARTESIAN_POINT('',(0.00173675554396037,-0.00164518285973892,0.00211711117265847));
#14410=CARTESIAN_POINT('',(0.023717225898249,0.024147547909024,0.0361928560918349));
#14411=CARTESIAN_POINT('',(0.0254552411443009,0.022501171766617,0.0381));
#14412=CARTESIAN_POINT('',(0.0235056309772019,0.020946409539661,0.0381));
#14413=CARTESIAN_POINT('',(0.0249754613295861,0.0221185601318591,0.00211711117265849));
#14414=CARTESIAN_POINT('',(0.0235835340609714,0.021008535175879,0.0361928560918349));
#14415=CARTESIAN_POINT('',(0.0254552411443009,0.022501171766617,0.00211711117265848));
#14416=CARTESIAN_POINT('',(0.0254552411443009,0.022501171766617,0.0361928560918349));
#14417=CARTESIAN_POINT('',(0.0245786826278439,0.0196008453294924,0.0381));
#14418=CARTESIAN_POINT('',(0.0256517342784867,0.018255281119323,0.0381));
#14419=CARTESIAN_POINT('',(0.0271215646308708,0.0194274317115211,0.00211711117265849));
#14420=CARTESIAN_POINT('',(0.0257296373622562,0.0183174067555411,0.0361928560918349));
#14421=CARTESIAN_POINT('',(0.0249754613295861,0.0221185601318591,0.00211711117265848));
#14422=CARTESIAN_POINT('',(0.0246565857116135,0.0196629709657106,0.0361928560918349));
#14423=CARTESIAN_POINT('',(0.0276013444455856,0.019810043346279,0.0381));
#14424=CARTESIAN_POINT('',(0.0276013444455856,0.019810043346279,0.00211711117265848));
#14425=CARTESIAN_POINT('',(0.0276013444455856,0.019810043346279,0.0361928560918349));
#14426=CARTESIAN_POINT('',(-0.000379110241088422,0.000344544347762573,0.0381));
#14427=CARTESIAN_POINT('',(0.0480836705399604,0.0536692806989144,0.0381));
#14428=CARTESIAN_POINT('',(0.0466924102819228,0.0549336909052895,0.00211711117265849));
#14429=CARTESIAN_POINT('',(0.0480099317821158,0.0537362962249351,0.0361928560918349));
#14430=CARTESIAN_POINT('',(0.0209901144563138,0.0266528509198162,0.00211711117265848));
#14431=CARTESIAN_POINT('',(0.0209901144563138,0.0266528509198161,0.00211711117265849));
#14432=CARTESIAN_POINT('',(0.0223813747143514,0.0253884407134411,0.0381));
#14433=CARTESIAN_POINT('',(0.0223076359565068,0.0254554562394618,0.0361928560918349));
#14434=CARTESIAN_POINT('',(-0.000452848998933022,0.000411559873783313,0.0361928560918349));
#14435=CARTESIAN_POINT('',(0.0462382771993269,0.0553464177846563,0.0381));
#14436=CARTESIAN_POINT('',(0.047642997445517,0.0574067639730355,0.0381));
#14437=CARTESIAN_POINT('',(0.0465839649838987,0.0558534486409734,0.00211711117265849));
#14438=CARTESIAN_POINT('',(0.0475868672299188,0.0573244360674797,0.0361928560918349));
#14439=CARTESIAN_POINT('',(0.0462382771993269,0.0553464177846563,0.00211711117265848));
#14440=CARTESIAN_POINT('',(0.0462382771993269,0.0553464177846563,0.0361928560918349));
#14441=CARTESIAN_POINT('',(0.0418377527659994,0.0613647127786294,0.0381));
#14442=CARTESIAN_POINT('',(0.0360325080864818,0.0653226615842233,0.0381));
#14443=CARTESIAN_POINT('',(0.0349734756248636,0.0637693462521612,0.00211711117265849));
#14444=CARTESIAN_POINT('',(0.0359763778708837,0.0652403336786675,0.0361928560918349));
#14445=CARTESIAN_POINT('',(0.0407787203043812,0.0598113974465673,0.00211711117265849));
#14446=CARTESIAN_POINT('',(0.0359763778708837,0.0652403336786675,0.0361928560918349));
#14447=CARTESIAN_POINT('',(0.0346277878402918,0.0632623153958441,0.0381));
#14448=CARTESIAN_POINT('',(0.0323923870608711,0.0643674166316547,0.0381));
#14449=CARTESIAN_POINT('',(0.0340776777773352,0.0635342698999321,0.00211711117265849));
#14450=CARTESIAN_POINT('',(0.0324817098481218,0.0643232586786444,0.0361928560918349));
#14451=CARTESIAN_POINT('',(0.0346277878402918,0.0632623153958441,0.00211711117265848));
#14452=CARTESIAN_POINT('',(0.0346277878402918,0.0632623153958441,0.0361928560918349));
#14453=CARTESIAN_POINT('',(0.000459231812402945,-0.000227027586320153,0.0381));
#14454=CARTESIAN_POINT('',(0.0154565986142827,0.0301096731174729,0.0381));
#14455=CARTESIAN_POINT('',(0.0171418893307468,0.0292765263857502,0.00211711117265849));
#14456=CARTESIAN_POINT('',(0.0155459214015335,0.0300655151644625,0.0361928560918349));
#14457=CARTESIAN_POINT('',(0.00214452252886701,-0.00106017431804284,0.00211711117265848));
#14458=CARTESIAN_POINT('',(0.0155459214015335,0.0300655151644625,0.0361928560918349));
#14459=CARTESIAN_POINT('',(0.0176919993937035,0.0290045718816621,0.0381));
#14460=CARTESIAN_POINT('',(0.0162872791475135,0.026944225693283,0.0381));
#14461=CARTESIAN_POINT('',(0.0173463116091317,0.028497541025345,0.00211711117265849));
#14462=CARTESIAN_POINT('',(0.0163434093631116,0.0270265535988388,0.0361928560918349));
#14463=CARTESIAN_POINT('',(0.0176919993937035,0.0290045718816621,0.00211711117265848));
#14464=CARTESIAN_POINT('',(0.0176919993937035,0.0290045718816621,0.0361928560918349));
#14465=CARTESIAN_POINT('',(0.0177092701375202,0.0259747286520437,0.0381));
#14466=CARTESIAN_POINT('',(0.0191312611275278,0.0250052316108038,0.0381));
#14467=CARTESIAN_POINT('',(0.0201902935891461,0.0265585469428658,0.00211711117265849));
#14468=CARTESIAN_POINT('',(0.019187391343126,0.0250875595163595,0.0361928560918349));
#14469=CARTESIAN_POINT('',(0.0173463116091317,0.028497541025345,0.00211711117265848));
#14470=CARTESIAN_POINT('',(0.0177654003531183,0.0260570565575995,0.0361928560918349));
#14471=CARTESIAN_POINT('',(0.0205359813737179,0.0270655777991829,0.0381));
#14472=CARTESIAN_POINT('',(0.0205359813737179,0.0270655777991829,0.00211711117265848));
#14473=CARTESIAN_POINT('',(0.0205359813737179,0.0270655777991829,0.0361928560918349));
#14474=CARTESIAN_POINT('',(0.0309566730107413,0.0139984437953421,0.0020121275404118));
#14475=CARTESIAN_POINT('',(0.029668683277341,0.0162834962817846,0.0020121275404118));
#14476=CARTESIAN_POINT('',(0.0285149462006335,0.0130401366400195,0.00201212754041179));
#14477=CARTESIAN_POINT('',(0.0291437131637417,0.0114380645459065,0.0020121275404118));
#14478=CARTESIAN_POINT('',(0.0297724801268502,0.00983599245179233,0.00201212754041179));
#14479=CARTESIAN_POINT('',(0.000188005311068992,-0.00033354458687215,0.00201212754041179));
#14480=CARTESIAN_POINT('',(0.0629597624310627,0.0350483029626887,0.00201212754041179));
#14481=CARTESIAN_POINT('',(0.032214206936958,0.0107942996071149,0.0020121275404118));
#14482=CARTESIAN_POINT('',(0.032824274057645,0.00824318210151111,0.00201212754041179));
#14483=CARTESIAN_POINT('',(0.0642477521644631,0.0327632504762461,0.0020121275404118));
#14484=CARTESIAN_POINT('',(0.0666894789745708,0.0337215576315687,0.0020121275404118));
#14485=CARTESIAN_POINT('',(-8.90502896284334E-5,0.000372381570890631,0.0020121275404118));
#14486=CARTESIAN_POINT('',(0.0699916718804082,0.0171312898908849,0.00201212754041179));
#14487=CARTESIAN_POINT('',(0.0692564052721999,0.02718113609169,0.00201212754041179));
#14488=CARTESIAN_POINT('',(0.0718233315698289,0.0206407145518113,0.00201212754041179));
#14489=CARTESIAN_POINT('',(0.0693816047597211,0.0196824073964887,0.0020121275404118));
#14490=CARTESIAN_POINT('',(-0.0326972723365901,-0.00922824004521846,0.0360878724595882));
#14491=CARTESIAN_POINT('',(-0.0284995289213845,-0.0082701325035335,0.0380976269573369));
#14492=CARTESIAN_POINT('',(-0.0284143844170508,-0.0085988994266932,0.0380981058729726));
#14493=CARTESIAN_POINT('',(-0.0283462950388332,-0.0089315976945111,0.0381));
#14494=CARTESIAN_POINT('',(-0.0282940506357217,-0.00926675085580971,0.0381));
#14495=CARTESIAN_POINT('',(-0.0284995289213845,-0.0082701325035335,0.0380976269573369));
#14496=CARTESIAN_POINT('',(-0.0284042844135923,-0.00824839356615843,0.0360878724595882));
#14497=CARTESIAN_POINT('',(-0.0311309591650503,-0.0133436388689282,0.0360878724595882));
#14498=CARTESIAN_POINT('',(-0.0315036974792104,-0.0123642901361727,0.0378056033604255));
#14499=CARTESIAN_POINT('',(-0.0288169548710445,-0.0113098213662609,0.0381));
#14500=CARTESIAN_POINT('',(-0.0297184013905055,-0.0116636130542433,0.0381));
#14501=CARTESIAN_POINT('',(-0.0306032619289987,-0.0120108952243823,0.0377995080925208));
#14502=CARTESIAN_POINT('',(-0.0315036974792104,-0.0123642901361728,0.0378056033604254));
#14503=CARTESIAN_POINT('',(-0.0287872521137414,-0.00657050244058607,0.0360878724595882));
#14504=CARTESIAN_POINT('',(-0.0284995289213845,-0.0082701325035335,0.0380976269573369));
#14505=CARTESIAN_POINT('',(-0.0287873049499266,-0.00715894816811133,0.038096008292213));
#14506=CARTESIAN_POINT('',(-0.029042616750026,-0.00604035408439603,0.038096008292213));
#14507=CARTESIAN_POINT('',(-0.0292654643216829,-0.0049143502523876,0.0380976269573369));
#14508=CARTESIAN_POINT('',(-0.0292654643216828,-0.00491435025238759,0.0380976269573369));
#14509=CARTESIAN_POINT('',(-0.0291702198138908,-0.00489261131501254,0.0360878724595882));
#14510=CARTESIAN_POINT('',(0.000497085414222019,-0.00130606366986087,0.0360878724595882));
#14511=CARTESIAN_POINT('',(-0.0668469537826309,-0.0269370802826403,0.0360878724595882));
#14512=CARTESIAN_POINT('',(-0.0670792730346704,-0.0263266746537145,0.0379910513718798));
#14513=CARTESIAN_POINT('',(-0.125938027530737,-0.0494270335282047,0.0360878724595882));
#14514=CARTESIAN_POINT('',(-0.0302455939864304,-0.0154750146039775,0.0360878724595882));
#14515=CARTESIAN_POINT('',(-0.0264321462914767,-0.0132733195507553,0.0360878724595882));
#14516=CARTESIAN_POINT('',(-0.0265167516887459,-0.0133221664996436,0.0380976269573369));
#14517=CARTESIAN_POINT('',(-0.0265167516887459,-0.0133221664996436,0.0380976269573369));
#14518=CARTESIAN_POINT('',(-0.0266779546486821,-0.0130232503206069,0.0380981058729726));
#14519=CARTESIAN_POINT('',(-0.0268543338942012,-0.0127330526938332,0.0381));
#14520=CARTESIAN_POINT('',(-0.0270439980800006,-0.0124518328228961,0.0381));
#14521=CARTESIAN_POINT('',(-0.0318965872691035,-0.0113928502748379,0.0360878724595882));
#14522=CARTESIAN_POINT('',(-0.0334632077368884,-0.00587245779407255,0.0360878724595882));
#14523=CARTESIAN_POINT('',(-0.0292654643216829,-0.00491435025238759,0.0380976269573369));
#14524=CARTESIAN_POINT('',(-0.0293313983959239,-0.00458119867391913,0.0380981058729726));
#14525=CARTESIAN_POINT('',(-0.0294144043543545,-0.00425190501819523,0.0381));
#14526=CARTESIAN_POINT('',(-0.0295127512804294,-0.00392727445691599,0.0381));
#14527=CARTESIAN_POINT('',(-0.0308703267897049,-0.0023134111768921,0.0381));
#14528=CARTESIAN_POINT('',(-0.0318350763159407,-0.00238570915909637,0.0381));
#14529=CARTESIAN_POINT('',(-0.032779741161684,-0.00245650200257547,0.0377994816967313));
#14530=CARTESIAN_POINT('',(-0.0337485150884014,-0.00252910157190353,0.0378056033604254));
#14531=CARTESIAN_POINT('',(-0.0337485150884014,-0.00252910157190353,0.0378056033604254));
#14532=CARTESIAN_POINT('',(-0.0338376129615369,-0.00148501375941106,0.0360878724595882));
#14533=CARTESIAN_POINT('',(-0.0684132669541707,-0.0228216814589305,0.0360878724595882));
#14534=CARTESIAN_POINT('',(-0.0727062548771684,-0.0238015279379905,0.0360878724595882));
#14535=CARTESIAN_POINT('',(-0.0691916623037497,-0.027155726349017,0.0381));
#14536=CARTESIAN_POINT('',(-0.0684867289123001,-0.0268790603803869,0.0381));
#14537=CARTESIAN_POINT('',(-0.0677847399533121,-0.0266035500163387,0.0379937377892976));
#14538=CARTESIAN_POINT('',(-0.0670792730346704,-0.0263266746537145,0.0379910513718797));
#14539=CARTESIAN_POINT('',(-0.000523959508677639,0.00129551636501781,0.0360878724595882));
#14540=CARTESIAN_POINT('',(-0.067324152239878,-0.0257211984431584,0.0360878724595882));
#14541=CARTESIAN_POINT('',(-0.0255716256803587,-0.014763784970172,0.0360878724595882));
#14542=CARTESIAN_POINT('',(-0.0247111050692412,-0.0162542503895877,0.0360878724595882));
#14543=CARTESIAN_POINT('',(-0.0247957104665103,-0.016303097338476,0.0380976269573369));
#14544=CARTESIAN_POINT('',(-0.0247957104665103,-0.016303097338476,0.0380976269573369));
#14545=CARTESIAN_POINT('',(-0.0253982287461323,-0.0153261032788152,0.038096008292213));
#14546=CARTESIAN_POINT('',(-0.0259719091535442,-0.0143324596658711,0.038096008292213));
#14547=CARTESIAN_POINT('',(-0.026516751688746,-0.0133221664996436,0.0380976269573369));
#14548=CARTESIAN_POINT('',(-0.033964695772263,0.000819434977855005,0.0360878724595882));
#14549=CARTESIAN_POINT('',(-0.029671039163471,0.000497669897226626,0.0380976269573369));
#14550=CARTESIAN_POINT('',(-0.029686583142344,0.000158412382788227,0.0380981058729726));
#14551=CARTESIAN_POINT('',(-0.029719583320112,-0.00017957473102295,0.0381));
#14552=CARTESIAN_POINT('',(-0.0297684481177583,-0.000515237285884125,0.0381));
#14553=CARTESIAN_POINT('',(-0.029671039163471,0.000497669897226626,0.0380976269573369));
#14554=CARTESIAN_POINT('',(-0.0295736184376468,0.000490369223102964,0.0360878724595882));
#14555=CARTESIAN_POINT('',(-0.033681004598248,-0.00357480713510563,0.0360878724595882));
#14556=CARTESIAN_POINT('',(-0.000118821305702413,0.00139239998422646,0.0360878724595882));
#14557=CARTESIAN_POINT('',(-0.134911828210942,-0.0101102438404449,0.0360878724595882));
#14558=CARTESIAN_POINT('',(-0.0718590527230494,-0.00538509154317792,0.0379910513718798));
#14559=CARTESIAN_POINT('',(-0.0719145853862041,-0.00473433552897948,0.0360878724595882));
#14560=CARTESIAN_POINT('',(-0.0742697114808609,-0.0169515769903457,0.0360878724595882));
#14561=CARTESIAN_POINT('',(-0.0758331680845535,-0.0101016260427009,0.0360878724595882));
#14562=CARTESIAN_POINT('',(-0.065673158957205,-0.029803362772298,0.0360878724595882));
#14563=CARTESIAN_POINT('',(-0.0694866066521587,-0.0320050578255201,0.0360878724595882));
#14564=CARTESIAN_POINT('',(-0.0285245527641949,-0.0184559454428098,0.0360878724595882));
#14565=CARTESIAN_POINT('',(-0.0247957104665103,-0.016303097338476,0.0380976269573369));
#14566=CARTESIAN_POINT('',(-0.0246174429418305,-0.0165921612864644,0.0380981058729726));
#14567=CARTESIAN_POINT('',(-0.0244543140476856,-0.0168900090071711,0.0381));
#14568=CARTESIAN_POINT('',(-0.0243056025883051,-0.0171948729457303,0.0381));
#14569=CARTESIAN_POINT('',(-0.0258147913940739,-0.0219268297316519,0.0360878724595882));
#14570=CARTESIAN_POINT('',(-0.0264596380972922,-0.0211008572620496,0.0378056033604254));
#14571=CARTESIAN_POINT('',(-0.0242030700509681,-0.0193013042949039,0.0381));
#14572=CARTESIAN_POINT('',(-0.0249608685517024,-0.0199056284333725,0.0381));
#14573=CARTESIAN_POINT('',(-0.0257074003666262,-0.0205009676897302,0.037799540565097));
#14574=CARTESIAN_POINT('',(-0.0264596380972922,-0.0211008572620496,0.0378056033604254));
#14575=CARTESIAN_POINT('',(-0.0294450048660431,0.00220659806502099,0.0360878724595882));
#14576=CARTESIAN_POINT('',(-0.029671039163471,0.000497669897226626,0.0380976269573369));
#14577=CARTESIAN_POINT('',(-0.0296185027779129,0.00164431090385578,0.038096008292213));
#14578=CARTESIAN_POINT('',(-0.0295327603968437,0.00278846346513487,0.038096008292213));
#14579=CARTESIAN_POINT('',(-0.0294138120202635,0.00393012758106388,0.0380976269573369));
#14580=CARTESIAN_POINT('',(-0.0294138120202635,0.00393012758106388,0.0380976269573369));
#14581=CARTESIAN_POINT('',(-0.0293163912944393,0.00392282690694023,0.0360878724595882));
#14582=CARTESIAN_POINT('',(9.00322791819159E-5,-0.00139455742351042,0.0360878724595882));
#14583=CARTESIAN_POINT('',(-0.0718169749811553,-0.0060368558643321,0.0360878724595882));
#14584=CARTESIAN_POINT('',(-0.0715401801615557,-0.00912177956364098,0.0360878724595882));
#14585=CARTESIAN_POINT('',(-0.0741219617408606,-0.00555467313036862,0.0381));
#14586=CARTESIAN_POINT('',(-0.0733667864576874,-0.00549808056649669,0.0381));
#14587=CARTESIAN_POINT('',(-0.0726149471114704,-0.00544173799653864,0.0379937383542818));
#14588=CARTESIAN_POINT('',(-0.0718590527230494,-0.00538509154317792,0.0379910513718797));
#14589=CARTESIAN_POINT('',(-0.0659735515523642,-0.0380898477481531,0.0360878724595882));
#14590=CARTESIAN_POINT('',(-0.0624604964525697,-0.0441746376707862,0.0360878724595882));
#14591=CARTESIAN_POINT('',(0.000859970328785089,-0.00110152042757817,0.0360878724595882));
#14592=CARTESIAN_POINT('',(-0.0559372873874949,-0.0454438269064062,0.0360878724595882));
#14593=CARTESIAN_POINT('',(-0.0563392055646199,-0.0449290171885598,0.0379910513718798));
#14594=CARTESIAN_POINT('',(-0.105774080434502,-0.0843520143800226,0.0360878724595882));
#14595=CARTESIAN_POINT('',(-0.0243405264796751,-0.0237025484553359,0.0360878724595882));
#14596=CARTESIAN_POINT('',(-0.0213454605755016,-0.02047463509541,0.0360878724595882));
#14597=CARTESIAN_POINT('',(-0.0214119093014157,-0.0205462497900414,0.0380976269573369));
#14598=CARTESIAN_POINT('',(-0.0214119093014157,-0.0205462497900414,0.0380976269573369));
#14599=CARTESIAN_POINT('',(-0.0216540575566292,-0.0203081290247161,0.0380981058729726));
#14600=CARTESIAN_POINT('',(-0.0219081380192447,-0.0200828127595417,0.0381));
#14601=CARTESIAN_POINT('',(-0.0221722669695331,-0.0198699911985935,0.0381));
#14602=CARTESIAN_POINT('',(-0.0271214098219425,-0.0202883820466455,0.0360878724595882));
#14603=CARTESIAN_POINT('',(-0.0337074686290555,0.00425189266169227,0.0360878724595882));
#14604=CARTESIAN_POINT('',(-0.0294138120202635,0.00393012758106388,0.0380976269573369));
#14605=CARTESIAN_POINT('',(-0.0293786186769661,0.00426791257920561,0.0380981058729726));
#14606=CARTESIAN_POINT('',(-0.0293608759046348,0.00460704307748762,0.0381));
#14607=CARTESIAN_POINT('',(-0.0293591670150162,0.00494623947912115,0.0381));
#14608=CARTESIAN_POINT('',(-0.0301807347009024,0.0068885557477813,0.0381));
#14609=CARTESIAN_POINT('',(-0.0311243833902018,0.00710393740323018,0.0381));
#14610=CARTESIAN_POINT('',(-0.0320494354427012,0.00731507449768494,0.0377994942326256));
#14611=CARTESIAN_POINT('',(-0.032994629029069,0.0075308087658088,0.0378056033604254));
#14612=CARTESIAN_POINT('',(-0.0329946290290689,0.007530808765809,0.0378056033604253));
#14613=CARTESIAN_POINT('',(-0.032772018248419,0.008554772745415,0.0360878724595882));
#14614=CARTESIAN_POINT('',(-0.0721006661551703,-0.00164261375137147,0.0360878724595882));
#14615=CARTESIAN_POINT('',(-0.0764917434897865,-0.00131354799661936,0.0360878724595882));
#14616=CARTESIAN_POINT('',(-0.0586470487576159,-0.0419729426175641,0.0360878724595882));
#14617=CARTESIAN_POINT('',(-0.058113380028342,-0.0463438741106129,0.0381));
#14618=CARTESIAN_POINT('',(-0.0575213505994717,-0.0458717463956558,0.0381));
#14619=CARTESIAN_POINT('',(-0.0569315365671883,-0.0454013854005182,0.0379937369570753));
#14620=CARTESIAN_POINT('',(-0.0563392055646199,-0.0449290171885598,0.03799105137188));
#14621=CARTESIAN_POINT('',(-0.00088254160994842,0.0010835204314974,0.0360878724595882));
#14622=CARTESIAN_POINT('',(-0.0567516727198629,-0.0444226200000425,0.0360878724595882));
#14623=CARTESIAN_POINT('',(-0.0200838480860451,-0.0216452404153551,0.0360878724595882));
#14624=CARTESIAN_POINT('',(-0.0188222355965895,-0.0228158457352991,0.0360878724595882));
#14625=CARTESIAN_POINT('',(-0.0188886843225037,-0.0228874604299306,0.0380976269573369));
#14626=CARTESIAN_POINT('',(-0.0188886843225037,-0.0228874604299306,0.0380976269573369));
#14627=CARTESIAN_POINT('',(-0.0197524084599532,-0.0221314668556999,0.038096008292213));
#14628=CARTESIAN_POINT('',(-0.0205934834529239,-0.0213510633090702,0.038096008292213));
#14629=CARTESIAN_POINT('',(-0.0214119093014158,-0.0205462497900415,0.0380976269573369));
#14630=CARTESIAN_POINT('',(-0.032214206936958,0.0107942996071149,0.0360878724595882));
#14631=CARTESIAN_POINT('',(-0.0282061473666724,0.00922125214362981,0.0380976269573369));
#14632=CARTESIAN_POINT('',(-0.0283209986780157,0.00890164855687765,0.0380981058729726));
#14633=CARTESIAN_POINT('',(-0.0284521562011581,0.00858840423536773,0.0381));
#14634=CARTESIAN_POINT('',(-0.0285977883478492,0.00828205737797387,0.0381));
#14635=CARTESIAN_POINT('',(-0.0282061473666724,0.00922125214362981,0.0380976269573369));
#14636=CARTESIAN_POINT('',(-0.0281152066818294,0.00918556055494178,0.0360878724595882));
#14637=CARTESIAN_POINT('',(-0.0332383449662371,0.00651166190045385,0.0360878724595882));
#14638=CARTESIAN_POINT('',(0.000296874691723182,0.0013655627543899,0.0360878724595882));
#14639=CARTESIAN_POINT('',(-0.131898120903793,0.0301048853806137,0.0360878724595882));
#14640=CARTESIAN_POINT('',(-0.0702538402287266,0.016034980583055,0.0379910513718798));
#14641=CARTESIAN_POINT('',(-0.0701150920290062,0.0166731938732385,0.0360878724595882));
#14642=CARTESIAN_POINT('',(-0.0759666816170227,0.00569291577382426,0.0360878724595882));
#14643=CARTESIAN_POINT('',(-0.0754416197442588,0.0126993795442679,0.0360878724595882));
#14644=CARTESIAN_POINT('',(-0.0539707893775955,-0.047836786408733,0.0360878724595882));
#14645=CARTESIAN_POINT('',(-0.056965855281769,-0.0510646997686588,0.0360878724595882));
#14646=CARTESIAN_POINT('',(-0.0218173015007629,-0.026043759095225,0.0360878724595882));
#14647=CARTESIAN_POINT('',(-0.0188886843225037,-0.0228874604299306,0.0380976269573369));
#14648=CARTESIAN_POINT('',(-0.0186331336293595,-0.0231111368024327,0.0380981058729726));
#14649=CARTESIAN_POINT('',(-0.0183894599374123,-0.0233476688989606,0.0381));
#14650=CARTESIAN_POINT('',(-0.0181574950875375,-0.0235951551159657,0.0381));
#14651=CARTESIAN_POINT('',(-0.0182048661213878,-0.0285617255484109,0.0360878724595882));
#14652=CARTESIAN_POINT('',(-0.0190645237542203,-0.0279625206206063,0.0378056033604254));
#14653=CARTESIAN_POINT('',(-0.0174386362434398,-0.0255777816345658,0.0381));
#14654=CARTESIAN_POINT('',(-0.0179845312865003,-0.0263784626059346,0.0381));
#14655=CARTESIAN_POINT('',(-0.0185217495395716,-0.0271664170638056,0.0377995318752205));
#14656=CARTESIAN_POINT('',(-0.0190645237542203,-0.0279625206206063,0.0378056033604254));
#14657=CARTESIAN_POINT('',(-0.0274864397187214,0.0107876326490548,0.0360878724595882));
#14658=CARTESIAN_POINT('',(-0.0282061473666724,0.00922125214362981,0.0380976269573369));
#14659=CARTESIAN_POINT('',(-0.0278179666554231,0.0103014657360758,0.038096008292213));
#14660=CARTESIAN_POINT('',(-0.0273987886800175,0.0113695137988182,0.038096008292213));
#14661=CARTESIAN_POINT('',(-0.0269486134404557,0.012425396331857,0.0380976269573369));
#14662=CARTESIAN_POINT('',(-0.0269486134404557,0.012425396331857,0.0380976269573369));
#14663=CARTESIAN_POINT('',(-0.0268576727556129,0.012389704743169,0.0360878724595882));
#14664=CARTESIAN_POINT('',(-0.00032502061896365,-0.00135913863016662,0.0360878724595882));
#14665=CARTESIAN_POINT('',(-0.0704057427890003,0.0153997696898276,0.0360878724595882));
#14666=CARTESIAN_POINT('',(-0.0710505424096426,0.0123703137895158,0.0360878724595882));
#14667=CARTESIAN_POINT('',(-0.0724661995984244,0.0165399371721945,0.0381));
#14668=CARTESIAN_POINT('',(-0.0717278967884184,0.0163714243736826,0.0381));
#14669=CARTESIAN_POINT('',(-0.0709927774744743,0.0162036381873808,0.0379937380935454));
#14670=CARTESIAN_POINT('',(-0.0702538402287266,0.016034980583055,0.0379910513718797));
#14671=CARTESIAN_POINT('',(-0.0518153520482776,-0.0558436683789935,0.0360878724595882));
#14672=CARTESIAN_POINT('',(-0.0466648488147862,-0.0606226369893282,0.0360878724595882));
#14673=CARTESIAN_POINT('',(0.00114644310571797,-0.000799102261362365,0.0360878724595882));
#14674=CARTESIAN_POINT('',(-0.0400573475312375,-0.0599126900825881,0.0360878724595882));
#14675=CARTESIAN_POINT('',(-0.0405931524396215,-0.0595392193784571,0.0379910513718798));
#14676=CARTESIAN_POINT('',(-0.0762116421097509,-0.111781948581455,0.0360878724595882));
#14677=CARTESIAN_POINT('',(-0.0162726963785595,-0.0298240068595172,0.0360878724595882));
#14678=CARTESIAN_POINT('',(-0.0143621370143823,-0.0258566894603815,0.0360878724595882));
#14679=CARTESIAN_POINT('',(-0.0144045248080385,-0.0259447086208621,0.0380976269573369));
#14680=CARTESIAN_POINT('',(-0.0144045248080385,-0.0259447086208621,0.0380976269573369));
#14681=CARTESIAN_POINT('',(-0.0147061024234034,-0.0257885413442229,0.0380981058729726));
#14682=CARTESIAN_POINT('',(-0.0150153079389998,-0.0256481267795946,0.0381));
#14683=CARTESIAN_POINT('',(-0.0153304326374315,-0.0255226136582757,0.0381));
#14684=CARTESIAN_POINT('',(-0.0199363760917553,-0.0273812020395105,0.0360878724595882));
#14685=CARTESIAN_POINT('',(-0.0309566730107413,0.0139984437953421,0.0360878724595882));
#14686=CARTESIAN_POINT('',(-0.0269486134404557,0.012425396331857,0.0380976269573369));
#14687=CARTESIAN_POINT('',(-0.0268154197626154,0.0127378010702421,0.0380981058729726));
#14688=CARTESIAN_POINT('',(-0.0266985047827072,0.01305663517806,0.0381));
#14689=CARTESIAN_POINT('',(-0.0265968919197364,0.0133802583312239,0.0381));
#14690=CARTESIAN_POINT('',(-0.026809451887952,0.0154784442643354,0.0381));
#14691=CARTESIAN_POINT('',(-0.0276485013317483,0.0159628696865731,0.0381));
#14692=CARTESIAN_POINT('',(-0.0284734398909661,0.0164391481858039,0.0377995235335959));
#14693=CARTESIAN_POINT('',(-0.0293090253859591,0.0169215736962691,0.0378056033604254));
#14694=CARTESIAN_POINT('',(-0.029309025385959,0.0169215736962692,0.0378056033604253));
#14695=CARTESIAN_POINT('',(-0.0287944858962959,0.0178344301498091,0.0360878724595882));
#14696=CARTESIAN_POINT('',(-0.0693816047597211,0.0196824073964886,0.0360878724595882));
#14697=CARTESIAN_POINT('',(-0.0734806050148497,0.0212911464486618,0.0360878724595882));
#14698=CARTESIAN_POINT('',(-0.0436697829106127,-0.0573947236294023,0.0360878724595882));
#14699=CARTESIAN_POINT('',(-0.0418714689110484,-0.0614141652807392,0.0381));
#14700=CARTESIAN_POINT('',(-0.0414448937163051,-0.0607884943836876,0.0381));
#14701=CARTESIAN_POINT('',(-0.0410199741123278,-0.0601652517922869,0.0379937372040568));
#14702=CARTESIAN_POINT('',(-0.0405931524396215,-0.0595392193784571,0.0379910513718798));
#14703=CARTESIAN_POINT('',(-0.00116270601620522,0.000775248952687349,0.0360878724595882));
#14704=CARTESIAN_POINT('',(-0.0411365580280743,-0.0591768968244659,0.0360878724595882));
#14705=CARTESIAN_POINT('',(-0.0128115324527708,-0.0266034212610607,0.0360878724595882));
#14706=CARTESIAN_POINT('',(-0.0112609278911604,-0.0273501530617394,0.0360878724595882));
#14707=CARTESIAN_POINT('',(-0.0113033156848166,-0.0274381722222201,0.0380976269573369));
#14708=CARTESIAN_POINT('',(-0.0113033156848166,-0.0274381722222201,0.0380976269573369));
#14709=CARTESIAN_POINT('',(-0.0123515000000904,-0.026970352480113,0.038096008292213));
#14710=CARTESIAN_POINT('',(-0.0133852363744977,-0.0264725312796603,0.038096008292213));
#14711=CARTESIAN_POINT('',(-0.0144045248080386,-0.0259447086208621,0.0380976269573369));
#14712=CARTESIAN_POINT('',(-0.0276013444455855,0.019810043346279,0.0360878724595882));
#14713=CARTESIAN_POINT('',(-0.0242350155957059,0.0171254856702729,0.0380976269573369));
#14714=CARTESIAN_POINT('',(-0.0244389691964899,0.0168539341924472,0.0380981058729726));
#14715=CARTESIAN_POINT('',(-0.0246566301435009,0.0165932657958562,0.0381));
#14716=CARTESIAN_POINT('',(-0.0248860895839066,0.0163434548985887,0.0381));
#14717=CARTESIAN_POINT('',(-0.0242350155957059,0.0171254856702729,0.0380976269573369));
#14718=CARTESIAN_POINT('',(-0.0241586354307792,0.0170645745213054,0.0360878724595882));
#14719=CARTESIAN_POINT('',(-0.0298423125199017,0.0160195412002005,0.0360878724595882));
#14720=CARTESIAN_POINT('',(0.000686192069976045,0.00121738928115235,0.0360878724595882));
#14721=CARTESIAN_POINT('',(-0.117164686728973,0.0676450634224908,0.0360878724595882));
#14722=CARTESIAN_POINT('',(-0.0624062657261817,0.0360302743161303,0.0379910513718797));
#14723=CARTESIAN_POINT('',(-0.0620855650500177,0.0365992368307131,0.0360878724595882));
#14724=CARTESIAN_POINT('',(-0.0709136787172206,0.0278315679885405,0.0360878724595882));
#14725=CARTESIAN_POINT('',(-0.0683467524195916,0.0343719895284193,0.0360878724595882));
#14726=CARTESIAN_POINT('',(-0.0374728783148785,-0.0616197016444726,0.0360878724595882));
#14727=CARTESIAN_POINT('',(-0.0393834376790557,-0.0655870190436084,0.0360878724595882));
#14728=CARTESIAN_POINT('',(-0.0131714872553376,-0.0313174704608752,0.0360878724595882));
#14729=CARTESIAN_POINT('',(-0.0113033156848166,-0.0274381722222201,0.0380976269573369));
#14730=CARTESIAN_POINT('',(-0.0109931886237598,-0.0275765863919514,0.0380981058729726));
#14731=CARTESIAN_POINT('',(-0.0106906216108835,-0.0277307859495195,0.0381));
#14732=CARTESIAN_POINT('',(-0.0103960144653875,-0.0278989042085148,0.0381));
#14733=CARTESIAN_POINT('',(-0.00897735860307736,-0.0326587867091255,0.0360878724595882));
#14734=CARTESIAN_POINT('',(-0.00997544281230146,-0.0323395913105217,0.0378056033604254));
#14735=CARTESIAN_POINT('',(-0.00912470307748723,-0.0295815608297507,0.0381));
#14736=CARTESIAN_POINT('',(-0.00941007072955925,-0.0305067000355915,0.0381));
#14737=CARTESIAN_POINT('',(-0.00968999297354655,-0.0314141856620019,0.0377995009795129));
#14738=CARTESIAN_POINT('',(-0.00997544281230155,-0.0323395913105217,0.0378056033604258));
#14739=CARTESIAN_POINT('',(-0.0230855837801372,0.0184101387314741,0.0360878724595882));
#14740=CARTESIAN_POINT('',(-0.0242350155957059,0.017125485670273,0.0380976269573369));
#14741=CARTESIAN_POINT('',(-0.0235456821184629,0.0180432901304077,0.038096008292213));
#14742=CARTESIAN_POINT('',(-0.0228303143513681,0.018940332937187,0.038096008292213));
#14743=CARTESIAN_POINT('',(-0.0220889122944213,0.019816614090611,0.0380976269573369));
#14744=CARTESIAN_POINT('',(-0.0220889122944212,0.019816614090611,0.0380976269573369));
#14745=CARTESIAN_POINT('',(-0.0220125321294945,0.0197557029416436,0.0360878724595882));
#14746=CARTESIAN_POINT('',(-0.000711194008784808,-0.00120295440505088,0.0360878724595882));
#14747=CARTESIAN_POINT('',(-0.0627386513795295,0.03546805812627,0.0360878724595882));
#14748=CARTESIAN_POINT('',(-0.0642477521644631,0.0327632504762461,0.0360878724595882));
#14749=CARTESIAN_POINT('',(-0.0643714976089894,0.0371649014726893,0.0381));
#14750=CARTESIAN_POINT('',(-0.0637156869020838,0.0367862689845211,0.0381));
#14751=CARTESIAN_POINT('',(-0.0630624971500601,0.0364091497053572,0.0379937374214031));
#14752=CARTESIAN_POINT('',(-0.0624062657261817,0.0360302743161303,0.0379910513718797));
#14753=CARTESIAN_POINT('',(-0.0330531311267744,-0.0686355340084581,0.0360878724595882));
#14754=CARTESIAN_POINT('',(-0.026722824574493,-0.0716840489733078,0.0360878724595882));
#14755=CARTESIAN_POINT('',(0.00133104938162511,-0.000425680352422007,0.0360878724595882));
#14756=CARTESIAN_POINT('',(-0.0206181365580554,-0.0690580478224224,0.0360878724595882));
#14757=CARTESIAN_POINT('',(-0.0212402195802475,-0.0688591006430179,0.0379910513718798));
#14758=CARTESIAN_POINT('',(-0.0398774649342656,-0.129279566104421,0.0360878724595882));
#14759=CARTESIAN_POINT('',(-0.00675896579265711,-0.033295471373732,0.0360878724595882));
#14760=CARTESIAN_POINT('',(-0.00610267455233498,-0.0289412634965852,0.0360878724595882));
#14761=CARTESIAN_POINT('',(-0.00611723507225116,-0.0290378662342407,0.0380976269573369));
#14762=CARTESIAN_POINT('',(-0.00611723507225116,-0.0290378662342407,0.0380976269573369));
#14763=CARTESIAN_POINT('',(-0.0064514455531907,-0.0289775285941458,0.0380981058729726));
#14764=CARTESIAN_POINT('',(-0.00678830185478055,-0.0289344921803286,0.0381));
#14765=CARTESIAN_POINT('',(-0.00712642208899868,-0.028907439890275,0.0381));
#14766=CARTESIAN_POINT('',(-0.0109799078564703,-0.0320410820707389,0.0360878724595882));
#14767=CARTESIAN_POINT('',(-0.0254552411443009,0.022501171766617,0.0360878724595882));
#14768=CARTESIAN_POINT('',(-0.0220889122944212,0.019816614090611,0.0380976269573369));
#14769=CARTESIAN_POINT('',(-0.0218695531248249,0.0200758800372683,0.0380981058729726));
#14770=CARTESIAN_POINT('',(-0.0216638543463789,0.020346087944963,0.0381));
#14771=CARTESIAN_POINT('',(-0.0214713662588505,0.020625382512301,0.0381));
#14772=CARTESIAN_POINT('',(-0.0210560316234151,0.0226930050819694,0.0381));
#14773=CARTESIAN_POINT('',(-0.0217154005971374,0.0234036358285007,0.0381));
#14774=CARTESIAN_POINT('',(-0.02236571582811,0.0241045089609749,0.0377995494270005));
#14775=CARTESIAN_POINT('',(-0.0230191862167674,0.0248087825447128,0.0378056033604254));
#14776=CARTESIAN_POINT('',(-0.0230191862167674,0.0248087825447128,0.0378056033604254));
#14777=CARTESIAN_POINT('',(-0.0222584371097669,0.0255294201702851,0.0360878724595882));
#14778=CARTESIAN_POINT('',(-0.0604976833052133,0.0392585602723486,0.0360878724595882));
#14779=CARTESIAN_POINT('',(-0.0639403923200196,0.0420040290973222,0.0360878724595882));
#14780=CARTESIAN_POINT('',(-0.0248122652103157,-0.067716731574172,0.0360878724595882));
#14781=CARTESIAN_POINT('',(-0.0219090940310932,-0.0710275383540465,0.0381));
#14782=CARTESIAN_POINT('',(-0.0216858799723956,-0.0703038961489941,0.0381));
#14783=CARTESIAN_POINT('',(-0.0214636143223006,-0.0695833286091198,0.0379937379478976));
#14784=CARTESIAN_POINT('',(-0.0212402195802474,-0.0688591006430179,0.0379910513718797));
#14785=CARTESIAN_POINT('',(-0.00133955889047089,0.000398093202307043,0.0360878724595882));
#14786=CARTESIAN_POINT('',(-0.0218662796306798,-0.0686730466725012,0.0360878724595882));
#14787=CARTESIAN_POINT('',(-0.0044008559385837,-0.0291977713805299,0.0360878724595882));
#14788=CARTESIAN_POINT('',(-0.0026990373248336,-0.0294542792644743,0.0360878724595882));
#14789=CARTESIAN_POINT('',(-0.0027135978447498,-0.0295508820021298,0.0380976269573369));
#14790=CARTESIAN_POINT('',(-0.0027135978447498,-0.0295508820021298,0.0380976269573369));
#14791=CARTESIAN_POINT('',(-0.0038531065615546,-0.0294128039292257,0.038096008292213));
#14792=CARTESIAN_POINT('',(-0.00498765230405506,-0.0292417986732627,0.038096008292213));
#14793=CARTESIAN_POINT('',(-0.00611723507225117,-0.0290378662342407,0.0380976269573369));
#14794=CARTESIAN_POINT('',(-0.0205359813737179,0.0270655777991829,0.0360878724595882));
#14795=CARTESIAN_POINT('',(-0.0181104963354469,0.0235080446411563,0.0380976269573369));
#14796=CARTESIAN_POINT('',(-0.0183854300532063,0.0233086738127458,0.0380981058729726));
#14797=CARTESIAN_POINT('',(-0.0186702542937508,0.0231237428720319,0.0381));
#14798=CARTESIAN_POINT('',(-0.0189631525496286,0.0229526647293934,0.0381));
#14799=CARTESIAN_POINT('',(-0.0181104963354469,0.0235080446411563,0.0380976269573369));
#14800=CARTESIAN_POINT('',(-0.0180554634032789,0.0234273261547993,0.0360878724595882));
#14801=CARTESIAN_POINT('',(-0.0237946596453417,0.0241040139637105,0.0360878724595882));
#14802=CARTESIAN_POINT('',(0.00101453827150724,0.000961045427859562,0.0360878724595882));
#14803=CARTESIAN_POINT('',(-0.0920206559695279,0.0991746807238104,0.0360878724595882));
#14804=CARTESIAN_POINT('',(-0.0490136206484792,0.0528241200599628,0.0379910513718798));
#14805=CARTESIAN_POINT('',(-0.0485394631583205,0.0532732769826735,0.0360878724595882));
#14806=CARTESIAN_POINT('',(-0.0595596842638402,0.0474972632506506,0.0360878724595882));
#14807=CARTESIAN_POINT('',(-0.0551789762076608,0.0529904974039791,0.0360878724595882));
#14808=CARTESIAN_POINT('',(-0.0176453375668666,-0.0699274359754942,0.0360878724595882));
#14809=CARTESIAN_POINT('',(-0.0183016288071889,-0.0742816438526409,0.0360878724595882));
#14810=CARTESIAN_POINT('',(-0.00335532856515572,-0.0338084871416211,0.0360878724595882));
#14811=CARTESIAN_POINT('',(-0.0027135978447498,-0.0295508820021299,0.0380976269573369));
#14812=CARTESIAN_POINT('',(-0.00237645056612547,-0.0295917352626892,0.0380981058729726));
#14813=CARTESIAN_POINT('',(-0.00204187463920796,-0.0296499009739147,0.0381));
#14814=CARTESIAN_POINT('',(-0.00171080233582973,-0.0297237132298129,0.0381));
#14815=CARTESIAN_POINT('',(0.00104782662360585,-0.0338539713500096,0.0360878724595882));
#14816=CARTESIAN_POINT('',(8.67361737988404E-18,-0.0338431473925382,0.0378056033604254));
#14817=CARTESIAN_POINT('',(3.54557943140778E-17,-0.0309568885286708,0.0381));
#14818=CARTESIAN_POINT('',(2.48551882157301E-17,-0.0319241827858496,0.0381));
#14819=CARTESIAN_POINT('',(2.14871660469181E-17,-0.0328709920111627,0.0377994775065455));
#14820=CARTESIAN_POINT('',(7.42396233957362E-18,-0.0338431473925382,0.0378056033604254));
#14821=CARTESIAN_POINT('',(-0.0166334724132722,0.0243968231960386,0.0360878724595882));
#14822=CARTESIAN_POINT('',(-0.0181104963354469,0.0235080446411563,0.0380976269573369));
#14823=CARTESIAN_POINT('',(-0.0171812603967533,0.0241818890149783,0.038096008292213));
#14824=CARTESIAN_POINT('',(-0.0162332664034152,0.0248282203758047,0.038096008292213));
#14825=CARTESIAN_POINT('',(-0.0152665143554324,0.0254470387236356,0.0380976269573369));
#14826=CARTESIAN_POINT('',(-0.0152665143554324,0.0254470387236356,0.0380976269573369));
#14827=CARTESIAN_POINT('',(-0.0152114814232646,0.0253663202372786,0.0360878724595882));
#14828=CARTESIAN_POINT('',(-0.00103417468990192,-0.000939882401967911,0.0360878724595882));
#14829=CARTESIAN_POINT('',(-0.0494969554709507,0.0523848539491839,0.0360878724595882));
#14830=CARTESIAN_POINT('',(-0.0517362671928545,0.0502450285790055,0.0360878724595882));
#14831=CARTESIAN_POINT('',(-0.0505571055673312,0.054487601181852,0.0381));
#14832=CARTESIAN_POINT('',(-0.0500420722886161,0.0539325273189193,0.0381));
#14833=CARTESIAN_POINT('',(-0.0495288784288341,0.053379435878121,0.0379937366728073));
#14834=CARTESIAN_POINT('',(-0.0490136206484791,0.0528241200599629,0.0379910513718797));
#14835=CARTESIAN_POINT('',(-0.0113539944533804,-0.0753288312391912,0.0360878724595882));
#14836=CARTESIAN_POINT('',(-0.00440636009957195,-0.0763760186257415,0.0360878724595882));
#14837=CARTESIAN_POINT('',(0.00139738607876086,-1.44348761014937E-5,0.0360878724595882));
#14838=CARTESIAN_POINT('',(0.000653086329511832,-0.0720672949569831,0.0360878724595882));
#14839=CARTESIAN_POINT('',(1.26851654180804E-17,-0.0720605486322606,0.0379910513718798));
#14840=CARTESIAN_POINT('',(5.20417042793042E-18,-0.135290126844984,0.0360878724595882));
#14841=CARTESIAN_POINT('',(0.00335532856515574,-0.0338084871416212,0.0360878724595882));
#14842=CARTESIAN_POINT('',(0.00269903732483349,-0.0294542792644744,0.0360878724595882));
#14843=CARTESIAN_POINT('',(0.00271359784474968,-0.0295508820021298,0.0380976269573369));
#14844=CARTESIAN_POINT('',(0.00271359784474968,-0.0295508820021298,0.0380976269573369));
#14845=CARTESIAN_POINT('',(0.00237645056612546,-0.0295917352626892,0.0380981058729726));
#14846=CARTESIAN_POINT('',(0.00204187463920782,-0.0296499009739136,0.0381));
#14847=CARTESIAN_POINT('',(0.00171080233582994,-0.0297237132298128,0.0381));
#14848=CARTESIAN_POINT('',(-0.00104782662360583,-0.0338539713500096,0.0360878724595882));
#14849=CARTESIAN_POINT('',(-0.0176919993937035,0.0290045718816622,0.0360878724595882));
#14850=CARTESIAN_POINT('',(-0.0152665143554324,0.0254470387236356,0.0380976269573369));
#14851=CARTESIAN_POINT('',(-0.0149804807189406,0.0256301289614347,0.0380981058729726));
#14852=CARTESIAN_POINT('',(-0.0147042753811132,0.0258277015106176,0.0381));
#14853=CARTESIAN_POINT('',(-0.0144380154803267,0.0260378509441597,0.0381));
#14854=CARTESIAN_POINT('',(-0.0134316905462651,0.0278911928114578,0.0381));
#14855=CARTESIAN_POINT('',(-0.0138519598921177,0.0287638911004449,0.0381));
#14856=CARTESIAN_POINT('',(-0.0142648121468691,0.0296211876410586,0.0377995156037443));
#14857=CARTESIAN_POINT('',(-0.0146839913341811,0.0304916221925098,0.0378056033604254));
#14858=CARTESIAN_POINT('',(-0.0146839913341808,0.03049162219251,0.0378056033604252));
#14859=CARTESIAN_POINT('',(-0.0137446285064927,0.0309560091746161,0.0360878724595882));
#14860=CARTESIAN_POINT('',(-0.0462382771993269,0.0553464177846563,0.0360878724595882));
#14861=CARTESIAN_POINT('',(-0.0487187951697659,0.0589846694290399,0.0360878724595882));
#14862=CARTESIAN_POINT('',(-0.00375006885924976,-0.0720218107485947,0.0360878724595882));
#14863=CARTESIAN_POINT('',(8.41323472698766E-18,-0.0743298029453788,0.0381));
#14864=CARTESIAN_POINT('',(8.5191617978375E-18,-0.0735725098714723,0.0381));
#14865=CARTESIAN_POINT('',(1.01855781912015E-17,-0.0728185820038919,0.0379937384231299));
#14866=CARTESIAN_POINT('',(1.01775469872675E-17,-0.0720605486322606,0.0379910513718797));
#14867=CARTESIAN_POINT('',(-0.00139738607876084,-1.44348761014934E-5,0.0360878724595882));
#14868=CARTESIAN_POINT('',(-0.000653086329511818,-0.0720672949569832,0.0360878724595882));
#14869=CARTESIAN_POINT('',(0.00440085593858476,-0.0291977713805297,0.0360878724595882));
#14870=CARTESIAN_POINT('',(0.00610267455233484,-0.0289412634965852,0.0360878724595882));
#14871=CARTESIAN_POINT('',(0.00611723507225104,-0.0290378662342407,0.0380976269573369));
#14872=CARTESIAN_POINT('',(0.00611723507225104,-0.0290378662342407,0.0380976269573369));
#14873=CARTESIAN_POINT('',(0.00498765230405493,-0.0292417986732627,0.038096008292213));
#14874=CARTESIAN_POINT('',(0.00385310656155448,-0.0294128039292257,0.038096008292213));
#14875=CARTESIAN_POINT('',(0.00271359784474969,-0.0295508820021299,0.0380976269573369));
#14876=CARTESIAN_POINT('',(-0.0116459062361254,0.0319162168892976,0.0360878724595882));
#14877=CARTESIAN_POINT('',(-0.0103767799991792,0.0278018106823183,0.0380976269573369));
#14878=CARTESIAN_POINT('',(-0.0106982647665644,0.0276923354763518,0.0380981058729726));
#14879=CARTESIAN_POINT('',(-0.0110249444169421,0.0275995739171576,0.0381));
#14880=CARTESIAN_POINT('',(-0.0113552561928919,0.0275224295728815,0.0381));
#14881=CARTESIAN_POINT('',(-0.0103767799991792,0.0278018106823183,0.0380976269573369));
#14882=CARTESIAN_POINT('',(-0.0103479842173012,0.0277084570503118,0.0360878724595882));
#14883=CARTESIAN_POINT('',(-0.015632746840149,0.030046739307822,0.0360878724595882));
#14884=CARTESIAN_POINT('',(0.00125273829538714,0.000619308470823049,0.0360878724595882));
#14885=CARTESIAN_POINT('',(-0.05870018610119,0.121892192421899,0.0360878724595882));
#14886=CARTESIAN_POINT('',(-0.0312659002834279,0.0649243109216351,0.0379910513718798));
#14887=CARTESIAN_POINT('',(-0.0306804169530809,0.065213752688798,0.0360878724595882));
#14888=CARTESIAN_POINT('',(-0.0429135504902483,0.0629426182346338,0.0360878724595882));
#14889=CARTESIAN_POINT('',(-0.0371083058107307,0.0669005670402277,0.0360878724595882));
#14890=CARTESIAN_POINT('',(0.00375006885924977,-0.0720218107485947,0.0360878724595882));
#14891=CARTESIAN_POINT('',(0.00440636009957196,-0.0763760186257415,0.0360878724595882));
#14892=CARTESIAN_POINT('',(0.0067589657926571,-0.0332954713737319,0.0360878724595882));
#14893=CARTESIAN_POINT('',(0.00611723507225104,-0.0290378662342407,0.0380976269573369));
#14894=CARTESIAN_POINT('',(0.00645144555319069,-0.0289775285941459,0.0380981058729726));
#14895=CARTESIAN_POINT('',(0.00678830185478073,-0.0289344921803295,0.0381));
#14896=CARTESIAN_POINT('',(0.00712642208899889,-0.028907439890275,0.0381));
#14897=CARTESIAN_POINT('',(0.0109799078564703,-0.0320410820707389,0.0360878724595882));
#14898=CARTESIAN_POINT('',(0.00997544281230147,-0.0323395913105217,0.0378056033604255));
#14899=CARTESIAN_POINT('',(0.00912470307748729,-0.0295815608297507,0.0381));
#14900=CARTESIAN_POINT('',(0.0094100707295606,-0.0305067000355911,0.0381));
#14901=CARTESIAN_POINT('',(0.00968999297354658,-0.0314141856620018,0.0377995009795129));
#14902=CARTESIAN_POINT('',(0.00997544281230156,-0.0323395913105217,0.0378056033604258));
#14903=CARTESIAN_POINT('',(-0.00870340402769653,0.02821574285594,0.0360878724595882));
#14904=CARTESIAN_POINT('',(-0.0103767799991792,0.0278018106823183,0.0380976269573369));
#14905=CARTESIAN_POINT('',(-0.00929020829007283,0.028171820940096,0.038096008292213));
#14906=CARTESIAN_POINT('',(-0.00819382149700268,0.0285100114771817,0.038096008292213));
#14907=CARTESIAN_POINT('',(-0.00708761961996873,0.0288163822935752,0.0380976269573369));
#14908=CARTESIAN_POINT('',(-0.00708761961996872,0.0288163822935751,0.0380976269573369));
#14909=CARTESIAN_POINT('',(-0.00705882383809073,0.0287230286615686,0.0360878724595882));
#14910=CARTESIAN_POINT('',(-0.00126526441142039,-0.000593297722864109,0.0360878724595882));
#14911=CARTESIAN_POINT('',(-0.0318572378549666,0.0646470256115677,0.0360878724595882));
#14912=CARTESIAN_POINT('',(-0.0346277878402918,0.0632623153958441,0.0360878724595882));
#14913=CARTESIAN_POINT('',(-0.0322504928298122,0.0669688384111078,0.0381));
#14914=CARTESIAN_POINT('',(-0.0319219237322976,0.0662865576498644,0.0381));
#14915=CARTESIAN_POINT('',(-0.0315946997179175,0.0656070699825336,0.0379937376149748));
#14916=CARTESIAN_POINT('',(-0.0312659002834279,0.0649243109216351,0.0379910513718797));
#14917=CARTESIAN_POINT('',(0.0113539944533804,-0.0753288312391912,0.0360878724595882));
#14918=CARTESIAN_POINT('',(0.0183016288071889,-0.0742816438526409,0.0360878724595882));
#14919=CARTESIAN_POINT('',(0.0013395588904709,0.000398093202307046,0.0360878724595882));
#14920=CARTESIAN_POINT('',(0.0218662796306799,-0.0686730466725012,0.0360878724595882));
#14921=CARTESIAN_POINT('',(0.0212402195802474,-0.0688591006430179,0.0379910513718798));
#14922=CARTESIAN_POINT('',(0.0398774649342665,-0.129279566104424,0.0360878724595882));
#14923=CARTESIAN_POINT('',(0.0131714872553376,-0.0313174704608752,0.0360878724595882));
#14924=CARTESIAN_POINT('',(0.0112609278911603,-0.0273501530617395,0.0360878724595882));
#14925=CARTESIAN_POINT('',(0.0113033156848165,-0.0274381722222201,0.0380976269573369));
#14926=CARTESIAN_POINT('',(0.0113033156848165,-0.0274381722222201,0.0380976269573369));
#14927=CARTESIAN_POINT('',(0.0109931886237598,-0.0275765863919514,0.0380981058729726));
#14928=CARTESIAN_POINT('',(0.010690621610883,-0.0277307859495185,0.0381));
#14929=CARTESIAN_POINT('',(0.0103960144653877,-0.0278989042085148,0.0381));
#14930=CARTESIAN_POINT('',(0.00897735860307738,-0.0326587867091256,0.0360878724595882));
#14931=CARTESIAN_POINT('',(-0.00835674585691499,0.0329307885005545,0.0360878724595882));
#14932=CARTESIAN_POINT('',(-0.00708761961996872,0.0288163822935751,0.0380976269573369));
#14933=CARTESIAN_POINT('',(-0.00676032686042164,0.0289070284514093,0.0380981058729726));
#14934=CARTESIAN_POINT('',(-0.00643815701958842,0.0290144104540561,0.0381));
#14935=CARTESIAN_POINT('',(-0.00612178366618864,0.029136742054403,0.0381));
#14936=CARTESIAN_POINT('',(-0.00461388482007634,0.0306111256611647,0.0381));
#14937=CARTESIAN_POINT('',(-0.00475811060742411,0.0315680012383095,0.0381));
#14938=CARTESIAN_POINT('',(-0.0048994109962179,0.0325054680642066,0.0377994878164326));
#14939=CARTESIAN_POINT('',(-0.00504405938191818,0.0334651473982223,0.0378056033604254));
#14940=CARTESIAN_POINT('',(-0.00504405938191787,0.0334651473982223,0.0378056033604252));
#14941=CARTESIAN_POINT('',(-0.00400954934310786,0.0336320209155737,0.0360878724595882));
#14942=CARTESIAN_POINT('',(-0.027870397250943,0.0665165031930433,0.0360878724595882));
#14943=CARTESIAN_POINT('',(-0.0291683192697673,0.0707242630320291,0.0360878724595882));
#14944=CARTESIAN_POINT('',(0.0176453375668666,-0.0699274359754942,0.0360878724595882));
#14945=CARTESIAN_POINT('',(0.0219090940310932,-0.0710275383540465,0.0381));
#14946=CARTESIAN_POINT('',(0.0216858799723956,-0.0703038961489941,0.0381));
#14947=CARTESIAN_POINT('',(0.0214636143223006,-0.0695833286091198,0.0379937379478977));
#14948=CARTESIAN_POINT('',(0.0212402195802474,-0.0688591006430179,0.0379910513718797));
#14949=CARTESIAN_POINT('',(-0.00133104938162509,-0.000425680352422,0.0360878724595882));
#14950=CARTESIAN_POINT('',(0.0206181365580554,-0.0690580478224224,0.0360878724595882));
#14951=CARTESIAN_POINT('',(0.0128115324527718,-0.0266034212610603,0.0360878724595882));
#14952=CARTESIAN_POINT('',(0.0143621370143822,-0.0258566894603815,0.0360878724595882));
#14953=CARTESIAN_POINT('',(0.0144045248080384,-0.0259447086208622,0.0380976269573369));
#14954=CARTESIAN_POINT('',(0.0144045248080384,-0.0259447086208622,0.0380976269573369));
#14955=CARTESIAN_POINT('',(0.0133852363744976,-0.0264725312796604,0.038096008292213));
#14956=CARTESIAN_POINT('',(0.0123515000000903,-0.0269703524801131,0.038096008292213));
#14957=CARTESIAN_POINT('',(0.0113033156848165,-0.0274381722222202,0.0380976269573369));
#14958=CARTESIAN_POINT('',(-0.00172104122223555,0.0339309600467873,0.0360878724595882));
#14959=CARTESIAN_POINT('',(-0.00172104122223548,0.0296252638381196,0.0380976269573369));
#14960=CARTESIAN_POINT('',(-0.00206051170685159,0.0296154116070713,0.0380981058729726));
#14961=CARTESIAN_POINT('',(-0.00240001984651535,0.0296230617010034,0.0381));
#14962=CARTESIAN_POINT('',(-0.00273839549169566,0.0296467057686262,0.0381));
#14963=CARTESIAN_POINT('',(-0.00172104122223548,0.0296252638381196,0.0380976269573369));
#14964=CARTESIAN_POINT('',(-0.00172104122223548,0.0295275699403431,0.0360878724595882));
#14965=CARTESIAN_POINT('',(-0.00608179587502956,0.0333196800064898,0.0360878724595882));
#14966=CARTESIAN_POINT('',(0.00137962702417043,0.000222543238363451,0.0360878724595882));
#14967=CARTESIAN_POINT('',(-0.0201639470962383,0.133779047908227,0.0360878724595882));
#14968=CARTESIAN_POINT('',(-0.0107400674700505,0.0712556918422743,0.0379910513718798));
#14969=CARTESIAN_POINT('',(-0.010095281062768,0.0713597002826828,0.0360878724595882));
#14970=CARTESIAN_POINT('',(-0.0224543594325833,0.0727952453693392,0.0360878724595882));
#14971=CARTESIAN_POINT('',(-0.0157403995953994,0.0748662277066493,0.0360878724595882));
#14972=CARTESIAN_POINT('',(0.0248122652103157,-0.067716731574172,0.0360878724595882));
#14973=CARTESIAN_POINT('',(0.026722824574493,-0.0716840489733078,0.0360878724595882));
#14974=CARTESIAN_POINT('',(0.0162726963785595,-0.0298240068595172,0.0360878724595882));
#14975=CARTESIAN_POINT('',(0.0144045248080384,-0.0259447086208622,0.0380976269573369));
#14976=CARTESIAN_POINT('',(0.0147061024234034,-0.0257885413442229,0.0380981058729726));
#14977=CARTESIAN_POINT('',(0.0150153079389999,-0.0256481267795944,0.0381));
#14978=CARTESIAN_POINT('',(0.0153304326374317,-0.0255226136582757,0.0381));
#14979=CARTESIAN_POINT('',(0.0199363760917553,-0.0273812020395105,0.0360878724595882));
#14980=CARTESIAN_POINT('',(0.0190645237542203,-0.0279625206206063,0.0378056033604254));
#14981=CARTESIAN_POINT('',(0.0174386362434399,-0.0255777816345658,0.0381));
#14982=CARTESIAN_POINT('',(0.0179845312865001,-0.0263784626059348,0.0381));
#14983=CARTESIAN_POINT('',(0.0185217495395717,-0.0271664170638056,0.0377995318752205));
#14984=CARTESIAN_POINT('',(0.0190645237542203,-0.0279625206206063,0.0378056033604254));
#14985=CARTESIAN_POINT('',(-5.3572164678046E-16,0.0295275699403432,0.0360878724595882));
#14986=CARTESIAN_POINT('',(-0.00172104122223548,0.0296252638381196,0.0380976269573369));
#14987=CARTESIAN_POINT('',(-0.000573680407411784,0.0296585629446864,0.038096008292213));
#14988=CARTESIAN_POINT('',(0.000573680407411913,0.0296585629446864,0.038096008292213));
#14989=CARTESIAN_POINT('',(0.00172104122223561,0.0296252638381197,0.0380976269573369));
#14990=CARTESIAN_POINT('',(0.00172104122223561,0.0296252638381196,0.0380976269573369));
#14991=CARTESIAN_POINT('',(0.00172104122223561,0.0295275699403432,0.0360878724595882));
#14992=CARTESIAN_POINT('',(-0.00138392983746273,-0.000193995937439659,0.0360878724595882));
#14993=CARTESIAN_POINT('',(-0.0113868648523831,0.0711650253495645,0.0360878724595882));
#14994=CARTESIAN_POINT('',(-0.0144424775765752,0.0706584678676635,0.0360878724595882));
#14995=CARTESIAN_POINT('',(-0.0110782822754077,0.0734996004596299,0.0381));
#14996=CARTESIAN_POINT('',(-0.0109654137990501,0.072750767047502,0.0381));
#14997=CARTESIAN_POINT('',(-0.0108530382952846,0.0720052042948256,0.0379937382284297));
#14998=CARTESIAN_POINT('',(-0.0107400674700506,0.0712556918422743,0.0379910513718797));
#14999=CARTESIAN_POINT('',(0.0330531311267743,-0.0686355340084581,0.0360878724595882));
#15000=CARTESIAN_POINT('',(0.0393834376790557,-0.0655870190436084,0.0360878724595882));
#15001=CARTESIAN_POINT('',(0.00116270601620524,0.000775248952687362,0.0360878724595882));
#15002=CARTESIAN_POINT('',(0.0411365580280742,-0.0591768968244659,0.0360878724595882));
#15003=CARTESIAN_POINT('',(0.0405931524396215,-0.0595392193784571,0.0379910513718798));
#15004=CARTESIAN_POINT('',(0.0762116421097495,-0.111781948581453,0.0360878724595882));
#15005=CARTESIAN_POINT('',(0.021817301500763,-0.0260437590952251,0.0360878724595882));
#15006=CARTESIAN_POINT('',(0.0188222355965894,-0.0228158457352993,0.0360878724595882));
#15007=CARTESIAN_POINT('',(0.0188886843225036,-0.0228874604299307,0.0380976269573369));
#15008=CARTESIAN_POINT('',(0.0188886843225036,-0.0228874604299307,0.0380976269573369));
#15009=CARTESIAN_POINT('',(0.0186331336293595,-0.0231111368024327,0.0380981058729726));
#15010=CARTESIAN_POINT('',(0.0183894599374112,-0.0233476688989594,0.0381));
#15011=CARTESIAN_POINT('',(0.0181574950875376,-0.0235951551159656,0.0381));
#15012=CARTESIAN_POINT('',(0.0182048661213878,-0.0285617255484109,0.0360878724595882));
#15013=CARTESIAN_POINT('',(0.00172104122223556,0.0339309600467874,0.0360878724595882));
#15014=CARTESIAN_POINT('',(0.00172104122223561,0.0296252638381196,0.0380976269573369));
#15015=CARTESIAN_POINT('',(0.00206051170685161,0.0296154116070713,0.0380981058729726));
#15016=CARTESIAN_POINT('',(0.00240001984651518,0.0296230617010045,0.0381));
#15017=CARTESIAN_POINT('',(0.00273839549169545,0.0296467057686262,0.0381));
#15018=CARTESIAN_POINT('',(0.00461388482007627,0.0306111256611647,0.0381));
#15019=CARTESIAN_POINT('',(0.00475811060742413,0.0315680012383095,0.0381));
#15020=CARTESIAN_POINT('',(0.00489941099621788,0.0325054680642066,0.0377994878164325));
#15021=CARTESIAN_POINT('',(0.00504405938191817,0.0334651473982223,0.0378056033604254));
#15022=CARTESIAN_POINT('',(0.00504405938191839,0.0334651473982223,0.0378056033604253));
#15023=CARTESIAN_POINT('',(0.00608179587502956,0.0333196800064898,0.0360878724595882));
#15024=CARTESIAN_POINT('',(-0.00702611019958905,0.0717763053898621,0.0360878724595882));
#15025=CARTESIAN_POINT('',(-0.00702611019958905,0.0761796954963063,0.0360878724595882));
#15026=CARTESIAN_POINT('',(0.0374728783148785,-0.0616197016444726,0.0360878724595882));
#15027=CARTESIAN_POINT('',(0.0418714689110483,-0.0614141652807391,0.0381));
#15028=CARTESIAN_POINT('',(0.0414448937163051,-0.0607884943836875,0.0381));
#15029=CARTESIAN_POINT('',(0.0410199741123277,-0.0601652517922869,0.0379937372040568));
#15030=CARTESIAN_POINT('',(0.0405931524396215,-0.0595392193784571,0.0379910513718798));
#15031=CARTESIAN_POINT('',(-0.00114644310571796,-0.000799102261362355,0.0360878724595882));
#15032=CARTESIAN_POINT('',(0.0400573475312375,-0.0599126900825882,0.0360878724595882));
#15033=CARTESIAN_POINT('',(0.0200838480860459,-0.0216452404153543,0.0360878724595882));
#15034=CARTESIAN_POINT('',(0.0213454605755015,-0.0204746350954101,0.0360878724595882));
#15035=CARTESIAN_POINT('',(0.0214119093014156,-0.0205462497900415,0.0380976269573369));
#15036=CARTESIAN_POINT('',(0.0214119093014156,-0.0205462497900415,0.0380976269573369));
#15037=CARTESIAN_POINT('',(0.0205934834529238,-0.0213510633090702,0.038096008292213));
#15038=CARTESIAN_POINT('',(0.019752408459953,-0.0221314668557,0.038096008292213));
#15039=CARTESIAN_POINT('',(0.0188886843225036,-0.0228874604299307,0.0380976269573369));
#15040=CARTESIAN_POINT('',(0.00835674585691497,0.0329307885005544,0.0360878724595882));
#15041=CARTESIAN_POINT('',(0.00708761961996883,0.0288163822935751,0.0380976269573369));
#15042=CARTESIAN_POINT('',(0.00676032686042164,0.0289070284514093,0.0380981058729726));
#15043=CARTESIAN_POINT('',(0.00643815701958754,0.0290144104540541,0.0381));
#15044=CARTESIAN_POINT('',(0.00612178366618842,0.0291367420544031,0.0381));
#15045=CARTESIAN_POINT('',(0.00708761961996883,0.0288163822935751,0.0380976269573369));
#15046=CARTESIAN_POINT('',(0.00705882383809083,0.0287230286615685,0.0360878724595882));
#15047=CARTESIAN_POINT('',(0.00400954934310783,0.0336320209155737,0.0360878724595882));
#15048=CARTESIAN_POINT('',(0.00138392983746271,-0.000193995937439657,0.0360878724595882));
#15049=CARTESIAN_POINT('',(0.0201639470962386,0.133779047908229,0.0360878724595882));
#15050=CARTESIAN_POINT('',(0.0107400674700505,0.0712556918422743,0.0379910513718798));
#15051=CARTESIAN_POINT('',(0.0113868648523831,0.0711650253495646,0.0360878724595882));
#15052=CARTESIAN_POINT('',(0.,0.0761796954963063,0.0360878724595882));
#15053=CARTESIAN_POINT('',(0.00702611019958904,0.0761796954963063,0.0360878724595882));
#15054=CARTESIAN_POINT('',(0.0436697829106127,-0.0573947236294023,0.0360878724595882));
#15055=CARTESIAN_POINT('',(0.0466648488147862,-0.0606226369893282,0.0360878724595882));
#15056=CARTESIAN_POINT('',(0.0243405264796751,-0.0237025484553359,0.0360878724595882));
#15057=CARTESIAN_POINT('',(0.0214119093014156,-0.0205462497900415,0.0380976269573369));
#15058=CARTESIAN_POINT('',(0.0216540575566291,-0.0203081290247161,0.0380981058729726));
#15059=CARTESIAN_POINT('',(0.0219081380192447,-0.0200828127595416,0.0381));
#15060=CARTESIAN_POINT('',(0.0221722669695333,-0.0198699911985934,0.0381));
#15061=CARTESIAN_POINT('',(0.0271214098219425,-0.0202883820466455,0.0360878724595882));
#15062=CARTESIAN_POINT('',(0.0264596380972922,-0.0211008572620496,0.0378056033604254));
#15063=CARTESIAN_POINT('',(0.0242030700509682,-0.0193013042949038,0.0381));
#15064=CARTESIAN_POINT('',(0.0249608685517025,-0.0199056284333725,0.0381));
#15065=CARTESIAN_POINT('',(0.0257074003666262,-0.0205009676897301,0.037799540565097));
#15066=CARTESIAN_POINT('',(0.0264596380972922,-0.0211008572620496,0.0378056033604254));
#15067=CARTESIAN_POINT('',(0.0087034040276955,0.0282157428559404,0.0360878724595882));
#15068=CARTESIAN_POINT('',(0.00708761961996883,0.0288163822935751,0.0380976269573369));
#15069=CARTESIAN_POINT('',(0.00819382149700279,0.0285100114771816,0.038096008292213));
#15070=CARTESIAN_POINT('',(0.00929020829007295,0.028171820940096,0.038096008292213));
#15071=CARTESIAN_POINT('',(0.0103767799991793,0.0278018106823183,0.0380976269573369));
#15072=CARTESIAN_POINT('',(0.0103767799991793,0.0278018106823183,0.0380976269573369));
#15073=CARTESIAN_POINT('',(0.0103479842173013,0.0277084570503118,0.0360878724595882));
#15074=CARTESIAN_POINT('',(-0.00137962702417045,0.000222543238363454,0.0360878724595882));
#15075=CARTESIAN_POINT('',(0.010095281062768,0.0713597002826828,0.0360878724595882));
#15076=CARTESIAN_POINT('',(0.00702611019958905,0.0717763053898621,0.0360878724595882));
#15077=CARTESIAN_POINT('',(0.0110782822754077,0.0734996004596299,0.0381));
#15078=CARTESIAN_POINT('',(0.0109654137990501,0.072750767047502,0.0381));
#15079=CARTESIAN_POINT('',(0.0108530382952846,0.0720052042948256,0.0379937382284297));
#15080=CARTESIAN_POINT('',(0.0107400674700505,0.0712556918422743,0.0379910513718797));
#15081=CARTESIAN_POINT('',(0.0518153520482776,-0.0558436683789935,0.0360878724595882));
#15082=CARTESIAN_POINT('',(0.056965855281769,-0.0510646997686588,0.0360878724595882));
#15083=CARTESIAN_POINT('',(0.000882541609948436,0.00108352043149742,0.0360878724595882));
#15084=CARTESIAN_POINT('',(0.0567516727198629,-0.0444226200000425,0.0360878724595882));
#15085=CARTESIAN_POINT('',(0.0563392055646199,-0.0449290171885598,0.0379910513718798));
#15086=CARTESIAN_POINT('',(0.1057740804345,-0.0843520143800205,0.0360878724595882));
#15087=CARTESIAN_POINT('',(0.0285245527641949,-0.0184559454428099,0.0360878724595882));
#15088=CARTESIAN_POINT('',(0.0247111050692412,-0.0162542503895879,0.0360878724595882));
#15089=CARTESIAN_POINT('',(0.0247957104665103,-0.016303097338476,0.0380976269573369));
#15090=CARTESIAN_POINT('',(0.0247957104665103,-0.016303097338476,0.0380976269573369));
#15091=CARTESIAN_POINT('',(0.0246174429418305,-0.0165921612864643,0.0380981058729726));
#15092=CARTESIAN_POINT('',(0.0244543140476865,-0.0168900090071714,0.0381));
#15093=CARTESIAN_POINT('',(0.0243056025883052,-0.0171948729457301,0.0381));
#15094=CARTESIAN_POINT('',(0.0258147913940739,-0.0219268297316519,0.0360878724595882));
#15095=CARTESIAN_POINT('',(0.0116459062361255,0.0319162168892977,0.0360878724595882));
#15096=CARTESIAN_POINT('',(0.0103767799991793,0.0278018106823183,0.0380976269573369));
#15097=CARTESIAN_POINT('',(0.0106982647665644,0.0276923354763518,0.0380981058729726));
#15098=CARTESIAN_POINT('',(0.0110249444169415,0.0275995739171556,0.0381));
#15099=CARTESIAN_POINT('',(0.0113552561928917,0.0275224295728816,0.0381));
#15100=CARTESIAN_POINT('',(0.0134316905462651,0.0278911928114579,0.0381));
#15101=CARTESIAN_POINT('',(0.0138519598921198,0.0287638911004439,0.0381));
#15102=CARTESIAN_POINT('',(0.014264812146869,0.0296211876410586,0.0377995156037443));
#15103=CARTESIAN_POINT('',(0.0146839913341811,0.0304916221925098,0.0378056033604254));
#15104=CARTESIAN_POINT('',(0.0146839913341813,0.0304916221925097,0.0378056033604252));
#15105=CARTESIAN_POINT('',(0.015632746840149,0.030046739307822,0.0360878724595882));
#15106=CARTESIAN_POINT('',(0.0144424775765752,0.0706584678676635,0.0360878724595882));
#15107=CARTESIAN_POINT('',(0.0157403995953994,0.0748662277066493,0.0360878724595882));
#15108=CARTESIAN_POINT('',(0.0539707893775955,-0.047836786408733,0.0360878724595882));
#15109=CARTESIAN_POINT('',(0.058113380028342,-0.0463438741106129,0.0381));
#15110=CARTESIAN_POINT('',(0.0575213505994717,-0.0458717463956558,0.0381));
#15111=CARTESIAN_POINT('',(0.0569315365671883,-0.0454013854005181,0.0379937369570754));
#15112=CARTESIAN_POINT('',(0.0563392055646199,-0.0449290171885598,0.03799105137188));
#15113=CARTESIAN_POINT('',(-0.000859970328785076,-0.00110152042757815,0.0360878724595882));
#15114=CARTESIAN_POINT('',(0.0559372873874949,-0.0454438269064061,0.0360878724595882));
#15115=CARTESIAN_POINT('',(0.0255716256803592,-0.0147637849701711,0.0360878724595882));
#15116=CARTESIAN_POINT('',(0.0264321462914766,-0.0132733195507554,0.0360878724595882));
#15117=CARTESIAN_POINT('',(0.0265167516887459,-0.0133221664996437,0.0380976269573369));
#15118=CARTESIAN_POINT('',(0.0265167516887459,-0.0133221664996437,0.0380976269573369));
#15119=CARTESIAN_POINT('',(0.0259719091535441,-0.0143324596658712,0.038096008292213));
#15120=CARTESIAN_POINT('',(0.0253982287461323,-0.0153261032788153,0.038096008292213));
#15121=CARTESIAN_POINT('',(0.0247957104665103,-0.0163030973384761,0.0380976269573369));
#15122=CARTESIAN_POINT('',(0.0176919993937035,0.0290045718816621,0.0360878724595882));
#15123=CARTESIAN_POINT('',(0.0152665143554325,0.0254470387236355,0.0380976269573369));
#15124=CARTESIAN_POINT('',(0.0149804807189407,0.0256301289614347,0.0380981058729726));
#15125=CARTESIAN_POINT('',(0.0147042753811122,0.0258277015106166,0.0381));
#15126=CARTESIAN_POINT('',(0.0144380154803265,0.0260378509441598,0.0381));
#15127=CARTESIAN_POINT('',(0.0152665143554325,0.0254470387236355,0.0380976269573369));
#15128=CARTESIAN_POINT('',(0.0152114814232646,0.0253663202372785,0.0360878724595882));
#15129=CARTESIAN_POINT('',(0.0137446285064926,0.0309560091746161,0.0360878724595882));
#15130=CARTESIAN_POINT('',(0.00126526441142037,-0.0005932977228641,0.0360878724595882));
#15131=CARTESIAN_POINT('',(0.05870018610119,0.121892192421899,0.0360878724595882));
#15132=CARTESIAN_POINT('',(0.0312659002834278,0.064924310921635,0.0379910513718798));
#15133=CARTESIAN_POINT('',(0.0318572378549666,0.0646470256115677,0.0360878724595882));
#15134=CARTESIAN_POINT('',(0.0224543594325833,0.0727952453693392,0.0360878724595882));
#15135=CARTESIAN_POINT('',(0.0291683192697673,0.0707242630320291,0.0360878724595882));
#15136=CARTESIAN_POINT('',(0.058647048757616,-0.041972942617564,0.0360878724595882));
#15137=CARTESIAN_POINT('',(0.0624604964525697,-0.0441746376707862,0.0360878724595882));
#15138=CARTESIAN_POINT('',(0.0302455939864304,-0.0154750146039775,0.0360878724595882));
#15139=CARTESIAN_POINT('',(0.0265167516887459,-0.0133221664996437,0.0380976269573369));
#15140=CARTESIAN_POINT('',(0.0266779546486821,-0.0130232503206069,0.0380981058729726));
#15141=CARTESIAN_POINT('',(0.0268543338942007,-0.0127330526938327,0.0381));
#15142=CARTESIAN_POINT('',(0.0270439980800007,-0.0124518328228958,0.0381));
#15143=CARTESIAN_POINT('',(0.0318965872691034,-0.0113928502748379,0.0360878724595882));
#15144=CARTESIAN_POINT('',(0.0315036974792103,-0.0123642901361729,0.0378056033604255));
#15145=CARTESIAN_POINT('',(0.0288169548710445,-0.0113098213662608,0.0381));
#15146=CARTESIAN_POINT('',(0.0297184013905055,-0.0116636130542432,0.0381));
#15147=CARTESIAN_POINT('',(0.0306032619289987,-0.0120108952243823,0.0377995080925208));
#15148=CARTESIAN_POINT('',(0.0315036974792104,-0.0123642901361728,0.0378056033604254));
#15149=CARTESIAN_POINT('',(0.0166334724132713,0.0243968231960392,0.0360878724595882));
#15150=CARTESIAN_POINT('',(0.0152665143554326,0.0254470387236356,0.0380976269573369));
#15151=CARTESIAN_POINT('',(0.0162332664034153,0.0248282203758047,0.038096008292213));
#15152=CARTESIAN_POINT('',(0.0171812603967534,0.0241818890149783,0.038096008292213));
#15153=CARTESIAN_POINT('',(0.018110496335447,0.0235080446411564,0.0380976269573369));
#15154=CARTESIAN_POINT('',(0.0181104963354469,0.0235080446411563,0.0380976269573369));
#15155=CARTESIAN_POINT('',(0.018055463403279,0.0234273261547993,0.0360878724595882));
#15156=CARTESIAN_POINT('',(-0.00125273829538716,0.000619308470823058,0.0360878724595882));
#15157=CARTESIAN_POINT('',(0.0306804169530809,0.0652137526887979,0.0360878724595882));
#15158=CARTESIAN_POINT('',(0.027870397250943,0.0665165031930433,0.0360878724595882));
#15159=CARTESIAN_POINT('',(0.0322504928298122,0.0669688384111078,0.0381));
#15160=CARTESIAN_POINT('',(0.0319219237322976,0.0662865576498644,0.0381));
#15161=CARTESIAN_POINT('',(0.0315946997179174,0.0656070699825335,0.0379937376149748));
#15162=CARTESIAN_POINT('',(0.0312659002834278,0.064924310921635,0.0379910513718797));
#15163=CARTESIAN_POINT('',(0.0659735515523642,-0.0380898477481531,0.0360878724595882));
#15164=CARTESIAN_POINT('',(0.0694866066521587,-0.0320050578255201,0.0360878724595882));
#15165=CARTESIAN_POINT('',(0.000523959508677642,0.00129551636501782,0.0360878724595882));
#15166=CARTESIAN_POINT('',(0.067324152239878,-0.0257211984431583,0.0360878724595882));
#15167=CARTESIAN_POINT('',(0.0670792730346704,-0.0263266746537145,0.0379910513718797));
#15168=CARTESIAN_POINT('',(0.125938027530743,-0.0494270335282071,0.0360878724595882));
#15169=CARTESIAN_POINT('',(0.0326972723365901,-0.00922824004521848,0.0360878724595882));
#15170=CARTESIAN_POINT('',(0.0284042844135923,-0.00824839356615858,0.0360878724595882));
#15171=CARTESIAN_POINT('',(0.0284995289213845,-0.00827013250353364,0.0380976269573369));
#15172=CARTESIAN_POINT('',(0.0284995289213845,-0.00827013250353364,0.0380976269573369));
#15173=CARTESIAN_POINT('',(0.0284143844170508,-0.00859889942669323,0.0380981058729726));
#15174=CARTESIAN_POINT('',(0.0283462950388333,-0.00893159769451101,0.0381));
#15175=CARTESIAN_POINT('',(0.0282940506357217,-0.00926675085580951,0.0381));
#15176=CARTESIAN_POINT('',(0.0311309591650504,-0.0133436388689283,0.0360878724595882));
#15177=CARTESIAN_POINT('',(0.0205359813737179,0.0270655777991829,0.0360878724595882));
#15178=CARTESIAN_POINT('',(0.0181104963354469,0.0235080446411563,0.0380976269573369));
#15179=CARTESIAN_POINT('',(0.0183854300532063,0.0233086738127459,0.0380981058729726));
#15180=CARTESIAN_POINT('',(0.0186702542937519,0.0231237428720341,0.0381));
#15181=CARTESIAN_POINT('',(0.0189631525496285,0.0229526647293936,0.0381));
#15182=CARTESIAN_POINT('',(0.0210560316234151,0.0226930050819694,0.0381));
#15183=CARTESIAN_POINT('',(0.0217154005971346,0.0234036358285034,0.0381));
#15184=CARTESIAN_POINT('',(0.02236571582811,0.0241045089609749,0.0377995494270005));
#15185=CARTESIAN_POINT('',(0.0230191862167674,0.0248087825447128,0.0378056033604254));
#15186=CARTESIAN_POINT('',(0.0230191862167676,0.0248087825447126,0.0378056033604252));
#15187=CARTESIAN_POINT('',(0.0237946596453417,0.0241040139637106,0.0360878724595882));
#15188=CARTESIAN_POINT('',(0.0346277878402918,0.0632623153958441,0.0360878724595882));
#15189=CARTESIAN_POINT('',(0.0371083058107307,0.0669005670402277,0.0360878724595882));
#15190=CARTESIAN_POINT('',(0.065673158957205,-0.0298033627722979,0.0360878724595882));
#15191=CARTESIAN_POINT('',(0.0691916623037498,-0.0271557263490169,0.0381));
#15192=CARTESIAN_POINT('',(0.068486728912299,-0.0268790603803899,0.0381));
#15193=CARTESIAN_POINT('',(0.0677847399533121,-0.0266035500163387,0.0379937377892975));
#15194=CARTESIAN_POINT('',(0.0670792730346704,-0.0263266746537145,0.0379910513718797));
#15195=CARTESIAN_POINT('',(-0.000497085414222015,-0.00130606366986085,0.0360878724595882));
#15196=CARTESIAN_POINT('',(0.0668469537826309,-0.0269370802826404,0.0360878724595882));
#15197=CARTESIAN_POINT('',(0.0287872521137417,-0.00657050244058504,0.0360878724595882));
#15198=CARTESIAN_POINT('',(0.0291702198138907,-0.00489261131501266,0.0360878724595882));
#15199=CARTESIAN_POINT('',(0.0292654643216828,-0.00491435025238772,0.0380976269573369));
#15200=CARTESIAN_POINT('',(0.0292654643216828,-0.00491435025238772,0.0380976269573369));
#15201=CARTESIAN_POINT('',(0.029042616750026,-0.00604035408439616,0.038096008292213));
#15202=CARTESIAN_POINT('',(0.0287873049499265,-0.00715894816811147,0.038096008292213));
#15203=CARTESIAN_POINT('',(0.0284995289213845,-0.00827013250353364,0.0380976269573369));
#15204=CARTESIAN_POINT('',(0.0254552411443009,0.022501171766617,0.0360878724595882));
#15205=CARTESIAN_POINT('',(0.0220889122944213,0.0198166140906109,0.0380976269573369));
#15206=CARTESIAN_POINT('',(0.0218695531248249,0.0200758800372682,0.0380981058729726));
#15207=CARTESIAN_POINT('',(0.0216638543463765,0.0203460879449614,0.0381));
#15208=CARTESIAN_POINT('',(0.0214713662588503,0.0206253825123011,0.0381));
#15209=CARTESIAN_POINT('',(0.0220889122944213,0.0198166140906109,0.0380976269573369));
#15210=CARTESIAN_POINT('',(0.0220125321294945,0.0197557029416434,0.0360878724595882));
#15211=CARTESIAN_POINT('',(0.0222584371097669,0.025529420170285,0.0360878724595882));
#15212=CARTESIAN_POINT('',(0.00103417468990192,-0.000939882401967904,0.0360878724595882));
#15213=CARTESIAN_POINT('',(0.0920206559695261,0.0991746807238084,0.0360878724595882));
#15214=CARTESIAN_POINT('',(0.0490136206484792,0.0528241200599628,0.0379910513718797));
#15215=CARTESIAN_POINT('',(0.0494969554709507,0.0523848539491839,0.0360878724595882));
#15216=CARTESIAN_POINT('',(0.0429135504902483,0.0629426182346338,0.0360878724595882));
#15217=CARTESIAN_POINT('',(0.0487187951697658,0.0589846694290399,0.0360878724595882));
#15218=CARTESIAN_POINT('',(0.0684132669541707,-0.0228216814589305,0.0360878724595882));
#15219=CARTESIAN_POINT('',(0.0727062548771684,-0.0238015279379905,0.0360878724595882));
#15220=CARTESIAN_POINT('',(0.0334632077368884,-0.00587245779407255,0.0360878724595882));
#15221=CARTESIAN_POINT('',(0.0292654643216828,-0.00491435025238772,0.0380976269573369));
#15222=CARTESIAN_POINT('',(0.0293313983959239,-0.00458119867391915,0.0380981058729726));
#15223=CARTESIAN_POINT('',(0.0294144043543533,-0.00425190501819479,0.0381));
#15224=CARTESIAN_POINT('',(0.0295127512804294,-0.0039272744569158,0.0381));
#15225=CARTESIAN_POINT('',(0.0338376129615368,-0.00148501375941106,0.0360878724595882));
#15226=CARTESIAN_POINT('',(0.0337485150884015,-0.00252910157190353,0.0378056033604254));
#15227=CARTESIAN_POINT('',(0.030870326789705,-0.00231341117689204,0.0381));
#15228=CARTESIAN_POINT('',(0.0318350763159408,-0.00238570915909635,0.0381));
#15229=CARTESIAN_POINT('',(0.0327797411616841,-0.00245650200257544,0.0377994816967313));
#15230=CARTESIAN_POINT('',(0.0337485150884014,-0.00252910157190353,0.0378056033604254));
#15231=CARTESIAN_POINT('',(0.0230855837801366,0.0184101387314749,0.0360878724595882));
#15232=CARTESIAN_POINT('',(0.0220889122944213,0.0198166140906109,0.0380976269573369));
#15233=CARTESIAN_POINT('',(0.0228303143513681,0.0189403329371869,0.038096008292213));
#15234=CARTESIAN_POINT('',(0.023545682118463,0.0180432901304076,0.038096008292213));
#15235=CARTESIAN_POINT('',(0.024235015595706,0.0171254856702729,0.0380976269573369));
#15236=CARTESIAN_POINT('',(0.024235015595706,0.0171254856702729,0.0380976269573369));
#15237=CARTESIAN_POINT('',(0.0241586354307794,0.0170645745213054,0.0360878724595882));
#15238=CARTESIAN_POINT('',(-0.00101453827150725,0.000961045427859575,0.0360878724595882));
#15239=CARTESIAN_POINT('',(0.0485394631583205,0.0532732769826735,0.0360878724595882));
#15240=CARTESIAN_POINT('',(0.0462382771993269,0.0553464177846563,0.0360878724595882));
#15241=CARTESIAN_POINT('',(0.0505571055673312,0.054487601181852,0.0381));
#15242=CARTESIAN_POINT('',(0.0500420722886161,0.0539325273189193,0.0381));
#15243=CARTESIAN_POINT('',(0.0495288784288341,0.053379435878121,0.0379937366728073));
#15244=CARTESIAN_POINT('',(0.0490136206484791,0.0528241200599629,0.0379910513718797));
#15245=CARTESIAN_POINT('',(0.0742697114808609,-0.0169515769903457,0.0360878724595882));
#15246=CARTESIAN_POINT('',(0.0758331680845535,-0.0101016260427009,0.0360878724595882));
#15247=CARTESIAN_POINT('',(0.000118821305702415,0.00139239998422647,0.0360878724595882));
#15248=CARTESIAN_POINT('',(0.0719145853862041,-0.00473433552897949,0.0360878724595882));
#15249=CARTESIAN_POINT('',(0.0718590527230494,-0.00538509154317791,0.0379910513718798));
#15250=CARTESIAN_POINT('',(0.134911828210939,-0.0101102438404447,0.0360878724595882));
#15251=CARTESIAN_POINT('',(0.033964695772263,0.00081943497785501,0.0360878724595882));
#15252=CARTESIAN_POINT('',(0.0295736184376469,0.000490369223102843,0.0360878724595882));
#15253=CARTESIAN_POINT('',(0.029671039163471,0.000497669897226503,0.0380976269573369));
#15254=CARTESIAN_POINT('',(0.029671039163471,0.000497669897226503,0.0380976269573369));
#15255=CARTESIAN_POINT('',(0.029686583142344,0.000158412382788214,0.0380981058729726));
#15256=CARTESIAN_POINT('',(0.0297195833201141,-0.000179574731022543,0.0381));
#15257=CARTESIAN_POINT('',(0.0297684481177583,-0.000515237285883915,0.0381));
#15258=CARTESIAN_POINT('',(0.033681004598248,-0.00357480713510562,0.0360878724595882));
#15259=CARTESIAN_POINT('',(0.0276013444455856,0.019810043346279,0.0360878724595882));
#15260=CARTESIAN_POINT('',(0.024235015595706,0.0171254856702729,0.0380976269573369));
#15261=CARTESIAN_POINT('',(0.02443896919649,0.0168539341924472,0.0380981058729726));
#15262=CARTESIAN_POINT('',(0.0246566301434981,0.0165932657958538,0.0381));
#15263=CARTESIAN_POINT('',(0.0248860895839065,0.0163434548985889,0.0381));
#15264=CARTESIAN_POINT('',(0.0268094518879519,0.0154784442643354,0.0381));
#15265=CARTESIAN_POINT('',(0.0276485013317484,0.015962869686573,0.0381));
#15266=CARTESIAN_POINT('',(0.028473439890966,0.0164391481858039,0.0377995235335959));
#15267=CARTESIAN_POINT('',(0.0293090253859592,0.0169215736962691,0.0378056033604254));
#15268=CARTESIAN_POINT('',(0.0293090253859591,0.0169215736962691,0.0378056033604254));
#15269=CARTESIAN_POINT('',(0.0298423125199018,0.0160195412002005,0.0360878724595882));
#15270=CARTESIAN_POINT('',(0.0517362671928545,0.0502450285790055,0.0360878724595882));
#15271=CARTESIAN_POINT('',(0.0551789762076608,0.0529904974039791,0.0360878724595882));
#15272=CARTESIAN_POINT('',(0.0715401801615557,-0.00912177956364099,0.0360878724595882));
#15273=CARTESIAN_POINT('',(0.0741219617408605,-0.00555467313036862,0.0381));
#15274=CARTESIAN_POINT('',(0.0733667864576873,-0.00549808056649603,0.0381));
#15275=CARTESIAN_POINT('',(0.0726149471114704,-0.00544173799653863,0.0379937383542818));
#15276=CARTESIAN_POINT('',(0.0718590527230494,-0.00538509154317791,0.0379910513718797));
#15277=CARTESIAN_POINT('',(-9.00322791819148E-5,-0.0013945574235104,0.0360878724595882));
#15278=CARTESIAN_POINT('',(0.0718169749811553,-0.00603685586433209,0.0360878724595882));
#15279=CARTESIAN_POINT('',(0.0294450048660431,0.00220659806502207,0.0360878724595882));
#15280=CARTESIAN_POINT('',(0.0293163912944393,0.00392282690694009,0.0360878724595882));
#15281=CARTESIAN_POINT('',(0.0294138120202635,0.00393012758106375,0.0380976269573369));
#15282=CARTESIAN_POINT('',(0.0294138120202635,0.00393012758106375,0.0380976269573369));
#15283=CARTESIAN_POINT('',(0.0295327603968437,0.00278846346513475,0.038096008292213));
#15284=CARTESIAN_POINT('',(0.0296185027779129,0.00164431090385567,0.038096008292213));
#15285=CARTESIAN_POINT('',(0.029671039163471,0.000497669897226508,0.0380976269573369));
#15286=CARTESIAN_POINT('',(0.0309566730107413,0.0139984437953421,0.0360878724595882));
#15287=CARTESIAN_POINT('',(0.0269486134404557,0.0124253963318569,0.0380976269573369));
#15288=CARTESIAN_POINT('',(0.0268154197626154,0.012737801070242,0.0380981058729726));
#15289=CARTESIAN_POINT('',(0.0266985047827064,0.0130566351780599,0.0381));
#15290=CARTESIAN_POINT('',(0.0265968919197364,0.0133802583312241,0.0381));
#15291=CARTESIAN_POINT('',(0.0269486134404557,0.0124253963318569,0.0380976269573369));
#15292=CARTESIAN_POINT('',(0.0268576727556128,0.0123897047431689,0.0360878724595882));
#15293=CARTESIAN_POINT('',(0.0287944858962959,0.0178344301498091,0.0360878724595882));
#15294=CARTESIAN_POINT('',(0.000711194008784796,-0.00120295440505087,0.0360878724595882));
#15295=CARTESIAN_POINT('',(0.117164686728978,0.0676450634224936,0.0360878724595882));
#15296=CARTESIAN_POINT('',(0.0624062657261817,0.0360302743161303,0.0379910513718797));
#15297=CARTESIAN_POINT('',(0.0627386513795295,0.03546805812627,0.0360878724595882));
#15298=CARTESIAN_POINT('',(0.0595596842638402,0.0474972632506506,0.0360878724595882));
#15299=CARTESIAN_POINT('',(0.0639403923200196,0.0420040290973222,0.0360878724595882));
#15300=CARTESIAN_POINT('',(0.0721006661551703,-0.00164261375137145,0.0360878724595882));
#15301=CARTESIAN_POINT('',(0.0764917434897865,-0.00131354799661934,0.0360878724595882));
#15302=CARTESIAN_POINT('',(0.0337074686290555,0.00425189266169227,0.0360878724595882));
#15303=CARTESIAN_POINT('',(0.0294138120202635,0.00393012758106375,0.0380976269573369));
#15304=CARTESIAN_POINT('',(0.0293786186769661,0.00426791257920559,0.0380981058729726));
#15305=CARTESIAN_POINT('',(0.0293608759046347,0.00460704307748771,0.0381));
#15306=CARTESIAN_POINT('',(0.0293591670150162,0.00494623947912135,0.0381));
#15307=CARTESIAN_POINT('',(0.032772018248419,0.00855477274541501,0.0360878724595882));
#15308=CARTESIAN_POINT('',(0.0329946290290691,0.0075308087658087,0.0378056033604255));
#15309=CARTESIAN_POINT('',(0.0301807347009024,0.00688855574778137,0.0381));
#15310=CARTESIAN_POINT('',(0.0311243833902018,0.00710393740323025,0.0381));
#15311=CARTESIAN_POINT('',(0.0320494354427013,0.00731507449768497,0.0377994942326256));
#15312=CARTESIAN_POINT('',(0.032994629029069,0.00753080876580882,0.0378056033604254));
#15313=CARTESIAN_POINT('',(0.0274864397187209,0.0107876326490558,0.0360878724595882));
#15314=CARTESIAN_POINT('',(0.0269486134404557,0.0124253963318569,0.0380976269573369));
#15315=CARTESIAN_POINT('',(0.0273987886800175,0.0113695137988181,0.038096008292213));
#15316=CARTESIAN_POINT('',(0.0278179666554231,0.0103014657360757,0.038096008292213));
#15317=CARTESIAN_POINT('',(0.0282061473666724,0.00922125214362971,0.0380976269573369));
#15318=CARTESIAN_POINT('',(0.0282061473666724,0.0092212521436297,0.0380976269573369));
#15319=CARTESIAN_POINT('',(0.0281152066818296,0.0091855605549417,0.0360878724595882));
#15320=CARTESIAN_POINT('',(-0.000686192069976059,0.00121738928115238,0.0360878724595882));
#15321=CARTESIAN_POINT('',(0.0620855650500177,0.0365992368307132,0.0360878724595882));
#15322=CARTESIAN_POINT('',(0.0604976833052133,0.0392585602723486,0.0360878724595882));
#15323=CARTESIAN_POINT('',(0.0643714976089894,0.0371649014726894,0.0381));
#15324=CARTESIAN_POINT('',(0.063715686902084,0.0367862689845208,0.0381));
#15325=CARTESIAN_POINT('',(0.06306249715006,0.0364091497053572,0.0379937374214031));
#15326=CARTESIAN_POINT('',(0.0624062657261817,0.0360302743161303,0.0379910513718797));
#15327=CARTESIAN_POINT('',(0.0759666816170227,0.00569291577382428,0.0360878724595882));
#15328=CARTESIAN_POINT('',(0.0754416197442588,0.0126993795442679,0.0360878724595882));
#15329=CARTESIAN_POINT('',(-0.000296874691723186,0.00136556275438992,0.0360878724595882));
#15330=CARTESIAN_POINT('',(0.0701150920290061,0.0166731938732385,0.0360878724595882));
#15331=CARTESIAN_POINT('',(0.0702538402287266,0.016034980583055,0.0379910513718798));
#15332=CARTESIAN_POINT('',(0.131898120903792,0.0301048853806135,0.0360878724595882));
#15333=CARTESIAN_POINT('',(0.032214206936958,0.0107942996071149,0.0360878724595882));
#15334=CARTESIAN_POINT('',(0.0282061473666724,0.0092212521436297,0.0380976269573369));
#15335=CARTESIAN_POINT('',(0.0283209986780156,0.00890164855687764,0.0380981058729726));
#15336=CARTESIAN_POINT('',(0.0284521562011572,0.00858840423536742,0.0381));
#15337=CARTESIAN_POINT('',(0.0285977883478492,0.00828205737797409,0.0381));
#15338=CARTESIAN_POINT('',(0.0332383449662371,0.00651166190045388,0.0360878724595882));
#15339=CARTESIAN_POINT('',(0.0642477521644631,0.0327632504762461,0.0360878724595882));
#15340=CARTESIAN_POINT('',(0.0683467524195916,0.0343719895284193,0.0360878724595882));
#15341=CARTESIAN_POINT('',(0.0710505424096426,0.0123703137895158,0.0360878724595882));
#15342=CARTESIAN_POINT('',(0.0724661995984244,0.0165399371721945,0.0381));
#15343=CARTESIAN_POINT('',(0.0717278967884184,0.0163714243736826,0.0381));
#15344=CARTESIAN_POINT('',(0.0709927774744743,0.0162036381873808,0.0379937380935454));
#15345=CARTESIAN_POINT('',(0.0702538402287266,0.0160349805830551,0.0379910513718797));
#15346=CARTESIAN_POINT('',(0.000325020618963646,-0.0013591386301666,0.0360878724595882));
#15347=CARTESIAN_POINT('',(0.0704057427890003,0.0153997696898277,0.0360878724595882));
#15348=CARTESIAN_POINT('',(0.0709136787172206,0.0278315679885406,0.0360878724595882));
#15349=CARTESIAN_POINT('',(0.0734806050148497,0.0212911464486619,0.0360878724595882));
#15350=CARTESIAN_POINT('',(0.0693816047597211,0.0196824073964887,0.0360878724595882));
#15351=CARTESIAN_POINT('',(0.0337074686290555,0.00425189266169227,0.0020121275404118));
#15352=CARTESIAN_POINT('',(0.0331502317098657,0.00681506831603857,0.0020121275404118));
#15353=CARTESIAN_POINT('',(0.0310917548974512,0.00405587201625284,0.00201212754041179));
#15354=CARTESIAN_POINT('',(0.0312203684690549,0.00233964317433481,0.0020121275404118));
#15355=CARTESIAN_POINT('',(0.0313489820406588,0.000623414332415564,0.00201212754041179));
#15356=CARTESIAN_POINT('',(8.13387697235808E-5,-0.000374141674986522,0.00201212754041179));
#15357=CARTESIAN_POINT('',(0.0704933054904529,0.0149334894438621,0.00201212754041179));
#15358=CARTESIAN_POINT('',(0.033964695772263,0.00081943497785501,0.0020121275404118));
#15359=CARTESIAN_POINT('',(0.0337957042371888,-0.00179816397542543,0.00201212754041179));
#15360=CARTESIAN_POINT('',(0.0710505424096426,0.0123703137895158,0.0020121275404118));
#15361=CARTESIAN_POINT('',(0.0736662561412469,0.0125663344349552,0.0020121275404118));
#15362=CARTESIAN_POINT('',(2.46673597589641E-5,0.000382085736169781,0.0020121275404118));
#15363=CARTESIAN_POINT('',(0.0719316746200962,-0.0042602127046519,0.00201212754041179));
#15364=CARTESIAN_POINT('',(0.0741913180140107,0.00555987066451157,0.00201212754041179));
#15365=CARTESIAN_POINT('',(0.0747163798867745,-0.00144659310593204,0.0020121275404118));
#15366=CARTESIAN_POINT('',(0.0721006661551703,-0.00164261375137145,0.0020121275404118));
#15367=CARTESIAN_POINT('',(0.0334632077368884,-0.00587245779407255,0.0020121275404118));
#15368=CARTESIAN_POINT('',(0.0336862365775733,-0.00325890837702217,0.0020121275404118));
#15369=CARTESIAN_POINT('',(0.0309059247277114,-0.0052887746350591,0.00201212754041179));
#15370=CARTESIAN_POINT('',(0.0305229570275624,-0.0069666657606315,0.0020121275404118));
#15371=CARTESIAN_POINT('',(0.0301399893274131,-0.00864455688620506,0.00201212754041179));
#15372=CARTESIAN_POINT('',(-3.25550782610857E-5,-0.000381494633384642,0.00201212754041179));
#15373=CARTESIAN_POINT('',(0.0717632090022406,-0.00650823014659061,0.00201212754041179));
#15374=CARTESIAN_POINT('',(0.0326972723365901,-0.00922824004521848,0.0020121275404118));
#15375=CARTESIAN_POINT('',(0.0317642377852533,-0.0116797352920328,0.00201212754041179));
#15376=CARTESIAN_POINT('',(0.0715401801615557,-0.00912177956364099,0.0020121275404118));
#15377=CARTESIAN_POINT('',(0.0740974631707328,-0.00970546272265447,0.0020121275404118));
#15378=CARTESIAN_POINT('',(0.000136193205980851,0.000357839907034606,0.0020121275404118));
#15379=CARTESIAN_POINT('',(0.0674802324028338,-0.0252731767057448,0.00201212754041179));
#15380=CARTESIAN_POINT('',(0.0725340065670402,-0.0165554136702992,0.00201212754041179));
#15381=CARTESIAN_POINT('',(0.0709705499633477,-0.023405364617944,0.00201212754041179));
#15382=CARTESIAN_POINT('',(0.0684132669541707,-0.0228216814589305,0.0020121275404118));
#15383=CARTESIAN_POINT('',(0.0302455939864304,-0.0154750146039775,0.0020121275404118));
#15384=CARTESIAN_POINT('',(0.0312290714957491,-0.0130433167593006,0.0020121275404118));
#15385=CARTESIAN_POINT('',(0.0279739675174975,-0.0141634904506408,0.00201212754041179));
#15386=CARTESIAN_POINT('',(0.0271134469063802,-0.0156539558700565,0.0020121275404118));
#15387=CARTESIAN_POINT('',(0.0262529262952621,-0.0171444212894733,0.00201212754041179));
#15388=CARTESIAN_POINT('',(-0.000143556264676648,-0.000354950119444914,
0.00201212754041179));
#15389=CARTESIAN_POINT('',(0.0666566364665237,-0.0273716649276211,0.00201212754041179));
#15390=CARTESIAN_POINT('',(0.0285245527641949,-0.0184559454428099,0.0020121275404118));
#15391=CARTESIAN_POINT('',(0.0269103794110363,-0.0205235108722689,0.00201212754041179));
#15392=CARTESIAN_POINT('',(0.065673158957205,-0.0298033627722979,0.0020121275404118));
#15393=CARTESIAN_POINT('',(0.0679447854261378,-0.0311148869256346,0.0020121275404118));
#15394=CARTESIAN_POINT('',(0.0002356176881773,0.000301798431804848,0.0020121275404118));
#15395=CARTESIAN_POINT('',(0.0570328754044573,-0.0440405080470231,0.00201212754041179));
#15396=CARTESIAN_POINT('',(0.0644317303263433,-0.0371996768482676,0.00201212754041179));
#15397=CARTESIAN_POINT('',(0.0609186752265488,-0.0432844667709007,0.00201212754041179));
#15398=CARTESIAN_POINT('',(0.058647048757616,-0.041972942617564,0.0020121275404118));
#15399=CARTESIAN_POINT('',(0.0243405264796751,-0.0237025484553359,0.0020121275404118));
#15400=CARTESIAN_POINT('',(0.0259970663650047,-0.0216687692078624,0.0020121275404118));
#15401=CARTESIAN_POINT('',(0.0225564005316197,-0.021779717984229,0.00201212754041179));
#15402=CARTESIAN_POINT('',(0.0212947880421641,-0.0229503233041732,0.0020121275404118));
#15403=CARTESIAN_POINT('',(0.0200331755527076,-0.0241209286241182,0.00201212754041179));
#15404=CARTESIAN_POINT('',(-0.000241801846989395,-0.000296866729719553,
0.00201212754041179));
#15405=CARTESIAN_POINT('',(0.0556273292629251,-0.0458030071612594,0.00201212754041179));
#15406=CARTESIAN_POINT('',(0.021817301500763,-0.0260437590952251,0.0020121275404118));
#15407=CARTESIAN_POINT('',(0.0196654157318937,-0.0275436824455599,0.00201212754041179));
#15408=CARTESIAN_POINT('',(0.0539707893775955,-0.047836786408733,0.0020121275404118));
#15409=CARTESIAN_POINT('',(0.0557549153256508,-0.0497596168798399,0.0020121275404118));
#15410=CARTESIAN_POINT('',(0.000314106504788003,0.000218940841488622,0.0020121275404118));
#15411=CARTESIAN_POINT('',(0.0415178971417435,-0.0588946469797372,0.00201212754041179));
#15412=CARTESIAN_POINT('',(0.0506044120921594,-0.0545385854901745,0.00201212754041179));
#15413=CARTESIAN_POINT('',(0.045453908858668,-0.0593175541005092,0.00201212754041179));
#15414=CARTESIAN_POINT('',(0.0436697829106127,-0.0573947236294023,0.0020121275404118));
#15415=CARTESIAN_POINT('',(0.0162726963785595,-0.0298240068595172,0.0020121275404118));
#15416=CARTESIAN_POINT('',(0.0184551078014828,-0.0283688564204782,0.0020121275404118));
#15417=CARTESIAN_POINT('',(0.0151345983713741,-0.0274607219962004,0.00201212754041179));
#15418=CARTESIAN_POINT('',(0.0135839938097637,-0.0282074537968792,0.0020121275404118));
#15419=CARTESIAN_POINT('',(0.0120333892481522,-0.0289541855975585,0.00201212754041179));
#15420=CARTESIAN_POINT('',(-0.000318562274067212,-0.000212405428280433,
0.00201212754041179));
#15421=CARTESIAN_POINT('',(0.0396552897378019,-0.0601645512054337,0.00201212754041179));
#15422=CARTESIAN_POINT('',(0.0131714872553376,-0.0313174704608752,0.0020121275404118));
#15423=CARTESIAN_POINT('',(0.0106730935647171,-0.0321164769601036,0.00201212754041179));
#15424=CARTESIAN_POINT('',(0.0374728783148785,-0.0616197016444726,0.0020121275404118));
#15425=CARTESIAN_POINT('',(0.0386109763220639,-0.0639829865077894,0.0020121275404118));
#15426=CARTESIAN_POINT('',(0.000364685580014602,0.000116629396600075,0.0020121275404118));
#15427=CARTESIAN_POINT('',(0.0223138715196951,-0.0685157380734003,0.00201212754041179));
#15428=CARTESIAN_POINT('',(0.0322806697697825,-0.0670315014726391,0.00201212754041179));
#15429=CARTESIAN_POINT('',(0.0259503632175011,-0.0700800164374888,0.00201212754041179));
#15430=CARTESIAN_POINT('',(0.0248122652103157,-0.067716731574172,0.0020121275404118));
#15431=CARTESIAN_POINT('',(0.0067589657926571,-0.0332954713737319,0.0020121275404118));
#15432=CARTESIAN_POINT('',(0.00927333192089273,-0.0325482462454587,0.0020121275404118));
#15433=CARTESIAN_POINT('',(0.00636802072874091,-0.0307017203494157,0.00201212754041179));
#15434=CARTESIAN_POINT('',(0.00466620211499082,-0.0309582282333603,0.0020121275404118));
#15435=CARTESIAN_POINT('',(0.00296438350123953,-0.0312147361173051,0.00201212754041179));
#15436=CARTESIAN_POINT('',(-0.000367017045106641,-0.000109070972412725,
0.00201212754041179));
#15437=CARTESIAN_POINT('',(0.0201597036951023,-0.0691802108472209,0.00201212754041179));
#15438=CARTESIAN_POINT('',(0.00335532856515574,-0.0338084871416212,0.0020121275404118));
#15439=CARTESIAN_POINT('',(0.000732420196215594,-0.0338355815559042,0.00201212754041179));
#15440=CARTESIAN_POINT('',(0.0176453375668666,-0.0699274359754942,0.0020121275404118));
#15441=CARTESIAN_POINT('',(0.0180362826307828,-0.0725211869998103,0.0020121275404118));
#15442=CARTESIAN_POINT('',(0.00038286074106059,3.95491800393227E-6,0.0020121275404118));
#15443=CARTESIAN_POINT('',(0.00112716049030961,-0.0720489051628777,0.00201212754041179));
#15444=CARTESIAN_POINT('',(0.0110886482769744,-0.0735683743863606,0.00201212754041179));
#15445=CARTESIAN_POINT('',(0.00414101392316593,-0.0746155617729109,0.00201212754041179));
#15446=CARTESIAN_POINT('',(0.00375006885924977,-0.0720218107485947,0.0020121275404118));
#15447=CARTESIAN_POINT('',(-0.00335532856515572,-0.0338084871416211,0.0020121275404118));
#15448=CARTESIAN_POINT('',(-0.00073242019621558,-0.0338355815559041,0.0020121275404118));
#15449=CARTESIAN_POINT('',(-0.00296438350123958,-0.031214736117305,0.00201212754041179));
#15450=CARTESIAN_POINT('',(-0.00466620211498969,-0.0309582282333605,0.0020121275404118));
#15451=CARTESIAN_POINT('',(-0.00636802072874099,-0.0307017203494158,0.00201212754041179));
#15452=CARTESIAN_POINT('',(-0.000382860741060573,3.95491800393211E-6,0.00201212754041179));
#15453=CARTESIAN_POINT('',(-0.0011271604903096,-0.0720489051628777,0.00201212754041179));
#15454=CARTESIAN_POINT('',(-0.00675896579265711,-0.033295471373732,0.0020121275404118));
#15455=CARTESIAN_POINT('',(-0.00927333192089273,-0.0325482462454587,0.00201212754041179));
#15456=CARTESIAN_POINT('',(-0.00375006885924976,-0.0720218107485947,0.0020121275404118));
#15457=CARTESIAN_POINT('',(-0.00414101392316591,-0.0746155617729109,0.0020121275404118));
#15458=CARTESIAN_POINT('',(0.000367017045106654,-0.000109070972412729,0.0020121275404118));
#15459=CARTESIAN_POINT('',(-0.0201597036951022,-0.0691802108472209,0.00201212754041179));
#15460=CARTESIAN_POINT('',(-0.0110886482769744,-0.0735683743863606,0.00201212754041179));
#15461=CARTESIAN_POINT('',(-0.0180362826307828,-0.0725211869998104,0.00201212754041179));
#15462=CARTESIAN_POINT('',(-0.0176453375668666,-0.0699274359754942,0.0020121275404118));
#15463=CARTESIAN_POINT('',(-0.0131714872553376,-0.0313174704608752,0.0020121275404118));
#15464=CARTESIAN_POINT('',(-0.0106730935647171,-0.0321164769601035,0.0020121275404118));
#15465=CARTESIAN_POINT('',(-0.0120333892481522,-0.0289541855975584,0.00201212754041179));
#15466=CARTESIAN_POINT('',(-0.0135839938097627,-0.0282074537968797,0.0020121275404118));
#15467=CARTESIAN_POINT('',(-0.0151345983713742,-0.0274607219962004,0.00201212754041179));
#15468=CARTESIAN_POINT('',(-0.000364685580014582,0.000116629396600068,0.00201212754041179));
#15469=CARTESIAN_POINT('',(-0.0223138715196951,-0.0685157380734003,0.00201212754041179));
#15470=CARTESIAN_POINT('',(-0.0162726963785595,-0.0298240068595172,0.0020121275404118));
#15471=CARTESIAN_POINT('',(-0.0184551078014828,-0.0283688564204783,0.00201212754041179));
#15472=CARTESIAN_POINT('',(-0.0248122652103157,-0.067716731574172,0.0020121275404118));
#15473=CARTESIAN_POINT('',(-0.0259503632175011,-0.0700800164374888,0.0020121275404118));
#15474=CARTESIAN_POINT('',(0.000318562274067232,-0.000212405428280447,0.0020121275404118));
#15475=CARTESIAN_POINT('',(-0.0396552897378019,-0.0601645512054337,0.00201212754041179));
#15476=CARTESIAN_POINT('',(-0.0322806697697825,-0.0670315014726391,0.00201212754041179));
#15477=CARTESIAN_POINT('',(-0.0386109763220639,-0.0639829865077894,0.0020121275404118));
#15478=CARTESIAN_POINT('',(-0.0374728783148785,-0.0616197016444726,0.0020121275404118));
#15479=CARTESIAN_POINT('',(-0.0218173015007629,-0.026043759095225,0.0020121275404118));
#15480=CARTESIAN_POINT('',(-0.0196654157318937,-0.0275436824455599,0.0020121275404118));
#15481=CARTESIAN_POINT('',(-0.0200331755527076,-0.0241209286241181,0.00201212754041179));
#15482=CARTESIAN_POINT('',(-0.0212947880421633,-0.022950323304174,0.0020121275404118));
#15483=CARTESIAN_POINT('',(-0.0225564005316198,-0.021779717984229,0.00201212754041179));
#15484=CARTESIAN_POINT('',(-0.000314106504787989,0.000218940841488612,0.00201212754041179));
#15485=CARTESIAN_POINT('',(-0.0415178971417435,-0.0588946469797372,0.00201212754041179));
#15486=CARTESIAN_POINT('',(-0.0243405264796751,-0.0237025484553359,0.0020121275404118));
#15487=CARTESIAN_POINT('',(-0.0259970663650047,-0.0216687692078625,0.00201212754041179));
#15488=CARTESIAN_POINT('',(-0.0436697829106127,-0.0573947236294023,0.0020121275404118));
#15489=CARTESIAN_POINT('',(-0.045453908858668,-0.0593175541005092,0.0020121275404118));
#15490=CARTESIAN_POINT('',(0.000241801846989411,-0.000296866729719572,0.0020121275404118));
#15491=CARTESIAN_POINT('',(-0.0556273292629251,-0.0458030071612595,0.00201212754041179));
#15492=CARTESIAN_POINT('',(-0.0506044120921594,-0.0545385854901746,0.00201212754041179));
#15493=CARTESIAN_POINT('',(-0.0557549153256508,-0.0497596168798399,0.0020121275404118));
#15494=CARTESIAN_POINT('',(-0.0539707893775955,-0.047836786408733,0.0020121275404118));
#15495=CARTESIAN_POINT('',(-0.0285245527641949,-0.0184559454428098,0.0020121275404118));
#15496=CARTESIAN_POINT('',(-0.0269103794110362,-0.0205235108722689,0.0020121275404118));
#15497=CARTESIAN_POINT('',(-0.0262529262952621,-0.0171444212894732,0.00201212754041179));
#15498=CARTESIAN_POINT('',(-0.0271134469063796,-0.0156539558700576,0.0020121275404118));
#15499=CARTESIAN_POINT('',(-0.0279739675174977,-0.0141634904506408,0.00201212754041179));
#15500=CARTESIAN_POINT('',(-0.000235617688177287,0.000301798431804832,0.00201212754041179));
#15501=CARTESIAN_POINT('',(-0.0570328754044573,-0.0440405080470232,0.00201212754041179));
#15502=CARTESIAN_POINT('',(-0.0302455939864304,-0.0154750146039775,0.0020121275404118));
#15503=CARTESIAN_POINT('',(-0.0312290714957491,-0.0130433167593006,0.00201212754041179));
#15504=CARTESIAN_POINT('',(-0.0586470487576159,-0.0419729426175641,0.0020121275404118));
#15505=CARTESIAN_POINT('',(-0.0609186752265488,-0.0432844667709008,0.0020121275404118));
#15506=CARTESIAN_POINT('',(0.000143556264676652,-0.000354950119444924,0.0020121275404118));
#15507=CARTESIAN_POINT('',(-0.0666566364665237,-0.0273716649276211,0.00201212754041179));
#15508=CARTESIAN_POINT('',(-0.0644317303263433,-0.0371996768482677,0.00201212754041179));
#15509=CARTESIAN_POINT('',(-0.0679447854261378,-0.0311148869256347,0.00201212754041179));
#15510=CARTESIAN_POINT('',(-0.065673158957205,-0.029803362772298,0.0020121275404118));
#15511=CARTESIAN_POINT('',(-0.0326972723365901,-0.00922824004521846,0.0020121275404118));
#15512=CARTESIAN_POINT('',(-0.0317642377852532,-0.0116797352920328,0.0020121275404118));
#15513=CARTESIAN_POINT('',(-0.030139989327413,-0.00864455688620496,0.00201212754041179));
#15514=CARTESIAN_POINT('',(-0.0305229570275621,-0.0069666657606326,0.0020121275404118));
#15515=CARTESIAN_POINT('',(-0.0309059247277115,-0.00528877463505904,0.00201212754041179));
#15516=CARTESIAN_POINT('',(-0.000136193205980846,0.000357839907034594,0.00201212754041179));
#15517=CARTESIAN_POINT('',(-0.0674802324028338,-0.0252731767057448,0.00201212754041179));
#15518=CARTESIAN_POINT('',(-0.0334632077368884,-0.00587245779407255,0.0020121275404118));
#15519=CARTESIAN_POINT('',(-0.0336862365775734,-0.00325890837702218,0.00201212754041179));
#15520=CARTESIAN_POINT('',(-0.0684132669541707,-0.0228216814589305,0.0020121275404118));
#15521=CARTESIAN_POINT('',(-0.0709705499633477,-0.023405364617944,0.0020121275404118));
#15522=CARTESIAN_POINT('',(3.2555078261087E-5,-0.00038149463338466,0.0020121275404118));
#15523=CARTESIAN_POINT('',(-0.0717632090022406,-0.00650823014659059,0.00201212754041179));
#15524=CARTESIAN_POINT('',(-0.0725340065670403,-0.0165554136702992,0.00201212754041179));
#15525=CARTESIAN_POINT('',(-0.0740974631707328,-0.00970546272265445,0.00201212754041179));
#15526=CARTESIAN_POINT('',(-0.0715401801615557,-0.00912177956364098,0.0020121275404118));
#15527=CARTESIAN_POINT('',(-0.033964695772263,0.000819434977855005,0.0020121275404118));
#15528=CARTESIAN_POINT('',(-0.0337957042371888,-0.00179816397542544,0.0020121275404118));
#15529=CARTESIAN_POINT('',(-0.0313489820406587,0.000623414332415622,0.00201212754041179));
#15530=CARTESIAN_POINT('',(-0.0312203684690551,0.00233964317433366,0.0020121275404118));
#15531=CARTESIAN_POINT('',(-0.0310917548974513,0.00405587201625292,0.00201212754041179));
#15532=CARTESIAN_POINT('',(-2.46673597589629E-5,0.000382085736169763,0.00201212754041179));
#15533=CARTESIAN_POINT('',(-0.0719316746200961,-0.00426021270465192,0.00201212754041179));
#15534=CARTESIAN_POINT('',(-0.0337074686290555,0.00425189266169227,0.0020121275404118));
#15535=CARTESIAN_POINT('',(-0.0331502317098657,0.00681506831603855,0.00201212754041179));
#15536=CARTESIAN_POINT('',(-0.0721006661551703,-0.00164261375137147,0.0020121275404118));
#15537=CARTESIAN_POINT('',(-0.0747163798867745,-0.00144659310593206,0.0020121275404118));
#15538=CARTESIAN_POINT('',(-8.13387697235848E-5,-0.000374141674986541,0.0020121275404118));
#15539=CARTESIAN_POINT('',(-0.0704933054904529,0.0149334894438621,0.00201212754041179));
#15540=CARTESIAN_POINT('',(-0.0741913180140107,0.00555987066451156,0.00201212754041179));
#15541=CARTESIAN_POINT('',(-0.0736662561412469,0.0125663344349552,0.00201212754041179));
#15542=CARTESIAN_POINT('',(-0.0710505424096426,0.0123703137895158,0.0020121275404118));
#15543=CARTESIAN_POINT('',(-0.032214206936958,0.0107942996071149,0.0020121275404118));
#15544=CARTESIAN_POINT('',(-0.032824274057645,0.00824318210151109,0.0020121275404118));
#15545=CARTESIAN_POINT('',(-0.0297724801268501,0.00983599245179236,0.00201212754041179));
#15546=CARTESIAN_POINT('',(-0.0291437131637421,0.0114380645459054,0.0020121275404118));
#15547=CARTESIAN_POINT('',(-0.0285149462006335,0.0130401366400196,0.00201212754041179));
#15548=CARTESIAN_POINT('',(8.90502896284297E-5,0.000372381570890617,0.00201212754041179));
#15549=CARTESIAN_POINT('',(-0.0699916718804082,0.0171312898908849,0.00201212754041179));
#15550=CARTESIAN_POINT('',(-0.0309566730107413,0.0139984437953421,0.0020121275404118));
#15551=CARTESIAN_POINT('',(-0.0296686832773411,0.0162834962817846,0.00201212754041179));
#15552=CARTESIAN_POINT('',(-0.0693816047597211,0.0196824073964886,0.0020121275404118));
#15553=CARTESIAN_POINT('',(-0.0718233315698289,0.0206407145518112,0.0020121275404118));
#15554=CARTESIAN_POINT('',(-0.000188005311069006,-0.000333544586872174,
0.0020121275404118));
#15555=CARTESIAN_POINT('',(-0.0629597624310627,0.0350483029626886,0.00201212754041179));
#15556=CARTESIAN_POINT('',(-0.0692564052721999,0.02718113609169,0.00201212754041179));
#15557=CARTESIAN_POINT('',(-0.0666894789745709,0.0337215576315687,0.00201212754041179));
#15558=CARTESIAN_POINT('',(-0.0642477521644631,0.0327632504762461,0.0020121275404118));
#15559=CARTESIAN_POINT('',(-0.0276013444455855,0.019810043346279,0.0020121275404118));
#15560=CARTESIAN_POINT('',(-0.0289362630811253,0.0175520852741195,0.0020121275404118));
#15561=CARTESIAN_POINT('',(-0.0255505626993939,0.0181745994772854,0.00201212754041179));
#15562=CARTESIAN_POINT('',(-0.024477511048752,0.019520163687454,0.0020121275404118));
#15563=CARTESIAN_POINT('',(-0.0234044593981092,0.0208657278976235,0.00201212754041179));
#15564=CARTESIAN_POINT('',(0.000194855429991572,0.000329589668868218,0.00201212754041179));
#15565=CARTESIAN_POINT('',(-0.0618326019407531,0.0370006022001891,0.00201212754041179));
#15566=CARTESIAN_POINT('',(-0.0254552411443009,0.022501171766617,0.0020121275404118));
#15567=CARTESIAN_POINT('',(-0.0235509421367524,0.0243050641439476,0.00201212754041179));
#15568=CARTESIAN_POINT('',(-0.0604976833052133,0.0392585602723486,0.0020121275404118));
#15569=CARTESIAN_POINT('',(-0.0625484650514049,0.0408940041413422,0.0020121275404118));
#15570=CARTESIAN_POINT('',(-0.000277966755478225,-0.0002633105984779,0.0020121275404118));
#15571=CARTESIAN_POINT('',(-0.0498319681853059,0.0520489209563361,0.00201212754041179));
#15572=CARTESIAN_POINT('',(-0.0581677569952255,0.0463872382946707,0.00201212754041179));
#15573=CARTESIAN_POINT('',(-0.0537870489390461,0.0518804724479991,0.00201212754041179));
#15574=CARTESIAN_POINT('',(-0.0517362671928545,0.0502450285790055,0.0020121275404118));
#15575=CARTESIAN_POINT('',(-0.0205359813737179,0.0270655777991829,0.0020121275404118));
#15576=CARTESIAN_POINT('',(-0.0224771381451487,0.0253014086440649,0.0020121275404118));
#15577=CARTESIAN_POINT('',(-0.019058365649299,0.0248983135813056,0.00201212754041179));
#15578=CARTESIAN_POINT('',(-0.0176363746592923,0.0258678106225449,0.0020121275404118));
#15579=CARTESIAN_POINT('',(-0.0162143836692846,0.0268373076637849,0.00201212754041179));
#15580=CARTESIAN_POINT('',(0.000283346810291,0.000257512278386456,0.00201212754041179));
#15581=CARTESIAN_POINT('',(-0.0481794339707578,0.0535822486295382,0.00201212754041179));
#15582=CARTESIAN_POINT('',(-0.0176919993937035,0.0290045718816622,0.0020121275404118));
#15583=CARTESIAN_POINT('',(-0.015340596435706,0.0301670203959037,0.00201212754041179));
#15584=CARTESIAN_POINT('',(-0.0462382771993269,0.0553464177846563,0.0020121275404118));
#15585=CARTESIAN_POINT('',(-0.0477158929237458,0.0575136820025336,0.0020121275404118));
#15586=CARTESIAN_POINT('',(-0.000343229633826193,-0.000169680307889338,
0.0020121275404118));
#15587=CARTESIAN_POINT('',(-0.0322763848822943,0.0644247639100856,0.00201212754041179));
#15588=CARTESIAN_POINT('',(-0.0419106482442283,0.0614716308081276,0.00201212754041179));
#15589=CARTESIAN_POINT('',(-0.0361054035647107,0.0654295796137215,0.00201212754041179));
#15590=CARTESIAN_POINT('',(-0.0346277878402918,0.0632623153958441,0.0020121275404118));
#15591=CARTESIAN_POINT('',(-0.0116459062361254,0.0319162168892976,0.0020121275404118));
#15592=CARTESIAN_POINT('',(-0.0140208208456795,0.0308025908225822,0.0020121275404118));
#15593=CARTESIAN_POINT('',(-0.0108727491750037,0.0294097032591772,0.00201212754041179));
#15594=CARTESIAN_POINT('',(-0.00922816898539906,0.0299169890648055,0.0020121275404118));
#15595=CARTESIAN_POINT('',(-0.00758358879579325,0.0304242748704341,0.00201212754041179));
#15596=CARTESIAN_POINT('',(0.000346661583049073,0.00016255379189603,0.00201212754041179));
#15597=CARTESIAN_POINT('',(-0.0302453118604971,0.0654028771263278,0.00201212754041179));
#15598=CARTESIAN_POINT('',(-0.00835674585691499,0.0329307885005545,0.0020121275404118));
#15599=CARTESIAN_POINT('',(-0.00576717142024856,0.0333485044998953,0.00201212754041179));
#15600=CARTESIAN_POINT('',(-0.027870397250943,0.0665165031930433,0.0020121275404118));
#15601=CARTESIAN_POINT('',(-0.0286435543120647,0.0690230168231636,0.0020121275404118));
#15602=CARTESIAN_POINT('',(-0.000377995052970262,-6.09731773150409E-5,0.0020121275404118));
#15603=CARTESIAN_POINT('',(-0.0118529031399087,0.0710761838670043,0.00201212754041179));
#15604=CARTESIAN_POINT('',(-0.0219295944748808,0.0710939991604738,0.00201212754041179));
#15605=CARTESIAN_POINT('',(-0.0152156346376969,0.0731649814977839,0.00201212754041179));
#15606=CARTESIAN_POINT('',(-0.0144424775765752,0.0706584678676635,0.0020121275404118));
#15607=CARTESIAN_POINT('',(-0.00172104122223555,0.0339309600467873,0.0020121275404118));
#15608=CARTESIAN_POINT('',(-0.00431869208471289,0.0335668276315696,0.0020121275404118));
#15609=CARTESIAN_POINT('',(-0.00172104122223552,0.031307911740114,0.00201212754041179));
#15610=CARTESIAN_POINT('',(-5.68022565641454E-16,0.0313079117401141,0.0020121275404118));
#15611=CARTESIAN_POINT('',(0.0017210412222356,0.0313079117401141,0.00201212754041179));
#15612=CARTESIAN_POINT('',(0.000379173952853938,5.31516876400764E-5,0.00201212754041179));
#15613=CARTESIAN_POINT('',(-0.0096237610620664,0.0714121729746443,0.00201212754041179));
#15614=CARTESIAN_POINT('',(0.00172104122223556,0.0339309600467874,0.0020121275404118));
#15615=CARTESIAN_POINT('',(0.00431869208471289,0.0335668276315696,0.00201212754041179));
#15616=CARTESIAN_POINT('',(-0.00702611019958905,0.0717763053898621,0.0020121275404118));
#15617=CARTESIAN_POINT('',(-0.00702611019958905,0.0743993536965353,0.0020121275404118));
#15618=CARTESIAN_POINT('',(-0.000379173952853955,5.31516876400788E-5,0.0020121275404118));
#15619=CARTESIAN_POINT('',(0.0096237610620664,0.0714121729746443,0.00201212754041179));
#15620=CARTESIAN_POINT('',(0.,0.0743993536965353,0.00201212754041179));
#15621=CARTESIAN_POINT('',(0.00702611019958904,0.0743993536965353,0.00201212754041179));
#15622=CARTESIAN_POINT('',(0.00702611019958905,0.0717763053898621,0.0020121275404118));
#15623=CARTESIAN_POINT('',(0.00835674585691497,0.0329307885005544,0.0020121275404118));
#15624=CARTESIAN_POINT('',(0.00576717142024853,0.0333485044998952,0.0020121275404118));
#15625=CARTESIAN_POINT('',(0.00758358879579328,0.030424274870434,0.00201212754041179));
#15626=CARTESIAN_POINT('',(0.00922816898539797,0.0299169890648059,0.0020121275404118));
#15627=CARTESIAN_POINT('',(0.0108727491750038,0.0294097032591773,0.00201212754041179));
#15628=CARTESIAN_POINT('',(0.000377995052970243,-6.09731773150378E-5,0.00201212754041179));
#15629=CARTESIAN_POINT('',(0.0118529031399087,0.0710761838670043,0.00201212754041179));
#15630=CARTESIAN_POINT('',(0.0116459062361255,0.0319162168892977,0.0020121275404118));
#15631=CARTESIAN_POINT('',(0.0140208208456795,0.0308025908225822,0.00201212754041179));
#15632=CARTESIAN_POINT('',(0.0144424775765752,0.0706584678676635,0.0020121275404118));
#15633=CARTESIAN_POINT('',(0.0152156346376969,0.0731649814977839,0.0020121275404118));
#15634=CARTESIAN_POINT('',(-0.000346661583049093,0.000162553791896039,0.0020121275404118));
#15635=CARTESIAN_POINT('',(0.0302453118604971,0.0654028771263278,0.00201212754041179));
#15636=CARTESIAN_POINT('',(0.0219295944748808,0.0710939991604738,0.00201212754041179));
#15637=CARTESIAN_POINT('',(0.0286435543120647,0.0690230168231637,0.00201212754041179));
#15638=CARTESIAN_POINT('',(0.027870397250943,0.0665165031930433,0.0020121275404118));
#15639=CARTESIAN_POINT('',(0.0176919993937035,0.0290045718816621,0.0020121275404118));
#15640=CARTESIAN_POINT('',(0.015340596435706,0.0301670203959036,0.0020121275404118));
#15641=CARTESIAN_POINT('',(0.0162143836692846,0.0268373076637847,0.00201212754041179));
#15642=CARTESIAN_POINT('',(0.0176363746592914,0.0258678106225455,0.0020121275404118));
#15643=CARTESIAN_POINT('',(0.0190583656492991,0.0248983135813056,0.00201212754041179));
#15644=CARTESIAN_POINT('',(0.000343229633826175,-0.000169680307889329,0.00201212754041179));
#15645=CARTESIAN_POINT('',(0.0322763848822943,0.0644247639100856,0.00201212754041179));
#15646=CARTESIAN_POINT('',(0.0205359813737179,0.0270655777991829,0.0020121275404118));
#15647=CARTESIAN_POINT('',(0.0224771381451487,0.0253014086440649,0.00201212754041179));
#15648=CARTESIAN_POINT('',(0.0346277878402918,0.0632623153958441,0.0020121275404118));
#15649=CARTESIAN_POINT('',(0.0361054035647106,0.0654295796137215,0.0020121275404118));
#15650=CARTESIAN_POINT('',(-0.000283346810291008,0.000257512278386463,0.0020121275404118));
#15651=CARTESIAN_POINT('',(0.0481794339707578,0.0535822486295383,0.00201212754041179));
#15652=CARTESIAN_POINT('',(0.0419106482442283,0.0614716308081276,0.00201212754041179));
#15653=CARTESIAN_POINT('',(0.0477158929237458,0.0575136820025336,0.0020121275404118));
#15654=CARTESIAN_POINT('',(0.0462382771993269,0.0553464177846563,0.0020121275404118));
#15655=CARTESIAN_POINT('',(0.0276013444455856,0.019810043346279,0.0020121275404118));
#15656=CARTESIAN_POINT('',(0.025550562699394,0.0181745994772854,0.0020121275404118));
#15657=CARTESIAN_POINT('',(0.0289362630811254,0.0175520852741195,0.00201212754041179));
#15658=CARTESIAN_POINT('',(-0.000194855429991582,0.000329589668868237,0.0020121275404118));
#15659=CARTESIAN_POINT('',(0.0618326019407531,0.0370006022001891,0.00201212754041179));
#15660=CARTESIAN_POINT('',(0.0244775110487513,0.0195201636874549,0.0020121275404118));
#15661=CARTESIAN_POINT('',(0.0234044593981093,0.0208657278976234,0.0020121275404118));
#15662=CARTESIAN_POINT('',(0.0604976833052133,0.0392585602723486,0.0020121275404118));
#15663=CARTESIAN_POINT('',(0.0625484650514049,0.0408940041413422,0.00201212754041179));
#15664=CARTESIAN_POINT('',(0.0254552411443009,0.022501171766617,0.0020121275404118));
#15665=CARTESIAN_POINT('',(0.0235509421367523,0.0243050641439476,0.0020121275404118));
#15666=CARTESIAN_POINT('',(0.0581677569952255,0.0463872382946707,0.00201212754041179));
#15667=CARTESIAN_POINT('',(0.0537870489390461,0.0518804724479991,0.00201212754041179));
#15668=CARTESIAN_POINT('',(0.000277966755478212,-0.000263310598477888,0.00201212754041179));
#15669=CARTESIAN_POINT('',(0.049831968185306,0.052048920956336,0.00201212754041179));
#15670=CARTESIAN_POINT('',(0.0517362671928545,0.0502450285790055,0.0020121275404118));
#15671=CARTESIAN_POINT('',(0.,1.6998568749196E-18,0.0360878628));
#15672=CARTESIAN_POINT('',(0.,5.0547296634807E-18,0.0360878628));
#15673=CARTESIAN_POINT('',(0.,-4.85844605395442E-18,-0.0019304));
#15674=CARTESIAN_POINT('',(0.,-4.85844605395442E-18,-0.0019304));
#15675=CARTESIAN_POINT('',(-0.0793444453917172,-4.85844605395442E-18,-0.0019304));
#15676=CARTESIAN_POINT('',(0.,-4.99886979641356E-18,-0.0019304));
#15677=CARTESIAN_POINT('',(0.,-4.99886979641356E-18,-0.0019304));
#15678=CARTESIAN_POINT('',(-0.0816377391406889,-4.99886979641356E-18,-0.0019304));
#15679=CARTESIAN_POINT('',(0.,0.,-0.0019304));
#15680=CARTESIAN_POINT('',(0.,-1.83477852985843E-18,-0.0019304));
#15681=CARTESIAN_POINT('',(0.,-1.83477852985843E-18,-0.0019304));
#15682=CARTESIAN_POINT('',(-0.0299642073312219,-1.83477852985843E-18,-0.0019304));
#15683=CARTESIAN_POINT('',(0.,-1.88487772089794E-18,-0.0019304));
#15684=CARTESIAN_POINT('',(0.,-1.88487772089794E-18,-0.0019304));
#15685=CARTESIAN_POINT('',(-0.0307823892114895,-1.88487772089794E-18,-0.0019304));
#15686=CARTESIAN_POINT('',(0.,0.,-0.0019304));
#15687=MECHANICAL_DESIGN_GEOMETRIC_PRESENTATION_REPRESENTATION('',(#8543),
#15688);
#15688=(
GEOMETRIC_REPRESENTATION_CONTEXT(3)
GLOBAL_UNCERTAINTY_ASSIGNED_CONTEXT((#15689))
GLOBAL_UNIT_ASSIGNED_CONTEXT((#15692,#15691,#15690))
REPRESENTATION_CONTEXT('Part 1','TOP_LEVEL_ASSEMBLY_PART')
);
#15689=UNCERTAINTY_MEASURE_WITH_UNIT(LENGTH_MEASURE(2.E-5),#15692,
'DISTANCE_ACCURACY_VALUE','Maximum Tolerance applied to model');
#15690=(
NAMED_UNIT(*)
SI_UNIT($,.STERADIAN.)
SOLID_ANGLE_UNIT()
);
#15691=(
NAMED_UNIT(*)
PLANE_ANGLE_UNIT()
SI_UNIT($,.RADIAN.)
);
#15692=(
LENGTH_UNIT()
NAMED_UNIT(*)
SI_UNIT($,.METRE.)
);
#15693=PRODUCT_DEFINITION_SHAPE('','',#15694);
#15694=PRODUCT_DEFINITION('','',#15696,#15695);
#15695=PRODUCT_DEFINITION_CONTEXT('',#15702,'design');
#15696=PRODUCT_DEFINITION_FORMATION_WITH_SPECIFIED_SOURCE('','',#15698,
 .NOT_KNOWN.);
#15697=PRODUCT_RELATED_PRODUCT_CATEGORY('','',(#15698));
#15698=PRODUCT('Part 1','Part 1','Part 1',(#15700));
#15699=PRODUCT_CATEGORY('','');
#15700=PRODUCT_CONTEXT('',#15702,'mechanical');
#15701=APPLICATION_PROTOCOL_DEFINITION('international standard',
'ap242_managed_model_based_3d_engineering',2020,#15702);
#15702=APPLICATION_CONTEXT('managed model based 3d engineering');
ENDSEC;
END-ISO-10303-21;
