ISO-10303-21;
HEADER;
/* Generated by software containing ST-Developer
 * from STEP Tools, Inc. (www.steptools.com) 
 */
/* OPTION: using custom renumber hook */

FILE_DESCRIPTION(
/* description */ ('STEP AP242 Edition 2',
'CAx-IF Rec.Pracs.---Representation and Presentation of Product Manufa
cturing Information (PMI)---4.0---2014-10-13',
'CAx-IF Rec.Pracs.---3D Tessellated Geometry---0.4---2014-09-14','2;1',
'CAx-IF Rec.Pracs.---User Defined Attributes---1.5---2016-08-15'),
/* implementation_level */ '2;1');

FILE_NAME(
/* name */ 'Center Shaft + Final Discs - Part 5',
/* time_stamp */ '2026-08-20T04:33:36Z',
/* author */ (''),
/* organization */ (''),
/* preprocessor_version */ 'ST-DEVELOPER v20',
/* originating_system */ 'ONSHAPE BY PTC INC, 1.219',
/* authorisation */ '  ');

FILE_SCHEMA (('AP242_MANAGED_MODEL_BASED_3D_ENGINEERING_MIM_LF { 1 0 10303 442 3 1 4 }'));
ENDSEC;

DATA;
#10=SHAPE_REPRESENTATION_RELATIONSHIP('','',#2930,#11);
#11=ADVANCED_BREP_SHAPE_REPRESENTATION('',(#2928),#5320);
#12=CONICAL_SURFACE('',#3236,0.00328785540619635,0.88494524158032);
#13=LINE('',#4620,#185);
#14=LINE('',#4624,#186);
#15=LINE('',#4628,#187);
#16=LINE('',#4632,#188);
#17=LINE('',#4636,#189);
#18=LINE('',#4638,#190);
#19=LINE('',#4642,#191);
#20=LINE('',#4646,#192);
#21=LINE('',#4650,#193);
#22=LINE('',#4654,#194);
#23=LINE('',#4658,#195);
#24=LINE('',#4662,#196);
#25=LINE('',#4666,#197);
#26=LINE('',#4670,#198);
#27=LINE('',#4674,#199);
#28=LINE('',#4678,#200);
#29=LINE('',#4682,#201);
#30=LINE('',#4686,#202);
#31=LINE('',#4690,#203);
#32=LINE('',#4694,#204);
#33=LINE('',#4698,#205);
#34=LINE('',#4702,#206);
#35=LINE('',#4706,#207);
#36=LINE('',#4710,#208);
#37=LINE('',#4714,#209);
#38=LINE('',#4718,#210);
#39=LINE('',#4722,#211);
#40=LINE('',#4726,#212);
#41=LINE('',#4730,#213);
#42=LINE('',#4734,#214);
#43=LINE('',#4738,#215);
#44=LINE('',#4742,#216);
#45=LINE('',#4746,#217);
#46=LINE('',#4750,#218);
#47=LINE('',#4754,#219);
#48=LINE('',#4758,#220);
#49=LINE('',#4762,#221);
#50=LINE('',#4766,#222);
#51=LINE('',#4770,#223);
#52=LINE('',#4774,#224);
#53=LINE('',#4778,#225);
#54=LINE('',#4782,#226);
#55=LINE('',#4786,#227);
#56=LINE('',#4790,#228);
#57=LINE('',#4794,#229);
#58=LINE('',#4798,#230);
#59=LINE('',#4802,#231);
#60=LINE('',#4806,#232);
#61=LINE('',#4810,#233);
#62=LINE('',#4814,#234);
#63=LINE('',#4818,#235);
#64=LINE('',#4822,#236);
#65=LINE('',#4826,#237);
#66=LINE('',#4830,#238);
#67=LINE('',#4834,#239);
#68=LINE('',#4838,#240);
#69=LINE('',#4842,#241);
#70=LINE('',#4846,#242);
#71=LINE('',#4850,#243);
#72=LINE('',#4854,#244);
#73=LINE('',#4858,#245);
#74=LINE('',#4862,#246);
#75=LINE('',#4866,#247);
#76=LINE('',#4870,#248);
#77=LINE('',#4874,#249);
#78=LINE('',#4878,#250);
#79=LINE('',#4882,#251);
#80=LINE('',#4886,#252);
#81=LINE('',#4890,#253);
#82=LINE('',#4894,#254);
#83=LINE('',#4898,#255);
#84=LINE('',#4902,#256);
#85=LINE('',#4906,#257);
#86=LINE('',#4910,#258);
#87=LINE('',#4914,#259);
#88=LINE('',#4918,#260);
#89=LINE('',#4922,#261);
#90=LINE('',#4926,#262);
#91=LINE('',#4930,#263);
#92=LINE('',#4934,#264);
#93=LINE('',#4938,#265);
#94=LINE('',#4942,#266);
#95=LINE('',#4946,#267);
#96=LINE('',#4950,#268);
#97=LINE('',#4954,#269);
#98=LINE('',#4958,#270);
#99=LINE('',#4962,#271);
#100=LINE('',#4966,#272);
#101=LINE('',#4970,#273);
#102=LINE('',#4974,#274);
#103=LINE('',#4978,#275);
#104=LINE('',#4982,#276);
#105=LINE('',#4986,#277);
#106=LINE('',#4990,#278);
#107=LINE('',#4994,#279);
#108=LINE('',#4998,#280);
#109=LINE('',#5002,#281);
#110=LINE('',#5008,#282);
#111=LINE('',#5012,#283);
#112=LINE('',#5016,#284);
#113=LINE('',#5033,#285);
#114=LINE('',#5041,#286);
#115=LINE('',#5049,#287);
#116=LINE('',#5057,#288);
#117=LINE('',#5065,#289);
#118=LINE('',#5073,#290);
#119=LINE('',#5081,#291);
#120=LINE('',#5089,#292);
#121=LINE('',#5097,#293);
#122=LINE('',#5105,#294);
#123=LINE('',#5113,#295);
#124=LINE('',#5121,#296);
#125=LINE('',#5127,#297);
#126=LINE('',#5131,#298);
#127=LINE('',#5135,#299);
#128=LINE('',#5137,#300);
#129=LINE('',#5139,#301);
#130=LINE('',#5143,#302);
#131=LINE('',#5147,#303);
#132=LINE('',#5151,#304);
#133=LINE('',#5153,#305);
#134=LINE('',#5155,#306);
#135=LINE('',#5159,#307);
#136=LINE('',#5163,#308);
#137=LINE('',#5167,#309);
#138=LINE('',#5169,#310);
#139=LINE('',#5171,#311);
#140=LINE('',#5175,#312);
#141=LINE('',#5179,#313);
#142=LINE('',#5183,#314);
#143=LINE('',#5185,#315);
#144=LINE('',#5187,#316);
#145=LINE('',#5191,#317);
#146=LINE('',#5195,#318);
#147=LINE('',#5199,#319);
#148=LINE('',#5201,#320);
#149=LINE('',#5203,#321);
#150=LINE('',#5207,#322);
#151=LINE('',#5211,#323);
#152=LINE('',#5215,#324);
#153=LINE('',#5217,#325);
#154=LINE('',#5219,#326);
#155=LINE('',#5223,#327);
#156=LINE('',#5227,#328);
#157=LINE('',#5231,#329);
#158=LINE('',#5233,#330);
#159=LINE('',#5235,#331);
#160=LINE('',#5239,#332);
#161=LINE('',#5243,#333);
#162=LINE('',#5247,#334);
#163=LINE('',#5249,#335);
#164=LINE('',#5251,#336);
#165=LINE('',#5255,#337);
#166=LINE('',#5259,#338);
#167=LINE('',#5263,#339);
#168=LINE('',#5265,#340);
#169=LINE('',#5267,#341);
#170=LINE('',#5271,#342);
#171=LINE('',#5275,#343);
#172=LINE('',#5279,#344);
#173=LINE('',#5281,#345);
#174=LINE('',#5283,#346);
#175=LINE('',#5287,#347);
#176=LINE('',#5291,#348);
#177=LINE('',#5295,#349);
#178=LINE('',#5297,#350);
#179=LINE('',#5299,#351);
#180=LINE('',#5303,#352);
#181=LINE('',#5307,#353);
#182=LINE('',#5311,#354);
#183=LINE('',#5313,#355);
#184=LINE('',#5315,#356);
#185=VECTOR('',#3574,1.);
#186=VECTOR('',#3577,1.);
#187=VECTOR('',#3582,1.);
#188=VECTOR('',#3587,1.);
#189=VECTOR('',#3592,1.);
#190=VECTOR('',#3595,1.);
#191=VECTOR('',#3598,1.);
#192=VECTOR('',#3603,1.);
#193=VECTOR('',#3608,1.);
#194=VECTOR('',#3615,1.);
#195=VECTOR('',#3618,1.);
#196=VECTOR('',#3623,1.);
#197=VECTOR('',#3628,1.);
#198=VECTOR('',#3635,1.);
#199=VECTOR('',#3638,1.);
#200=VECTOR('',#3643,1.);
#201=VECTOR('',#3648,1.);
#202=VECTOR('',#3655,1.);
#203=VECTOR('',#3658,1.);
#204=VECTOR('',#3663,1.);
#205=VECTOR('',#3668,1.);
#206=VECTOR('',#3675,1.);
#207=VECTOR('',#3678,1.);
#208=VECTOR('',#3683,1.);
#209=VECTOR('',#3688,1.);
#210=VECTOR('',#3695,1.);
#211=VECTOR('',#3698,1.);
#212=VECTOR('',#3703,1.);
#213=VECTOR('',#3708,1.);
#214=VECTOR('',#3715,1.);
#215=VECTOR('',#3718,1.);
#216=VECTOR('',#3723,1.);
#217=VECTOR('',#3728,1.);
#218=VECTOR('',#3735,1.);
#219=VECTOR('',#3738,1.);
#220=VECTOR('',#3743,1.);
#221=VECTOR('',#3748,1.);
#222=VECTOR('',#3755,1.);
#223=VECTOR('',#3758,1.);
#224=VECTOR('',#3763,1.);
#225=VECTOR('',#3768,1.);
#226=VECTOR('',#3775,1.);
#227=VECTOR('',#3778,1.);
#228=VECTOR('',#3783,1.);
#229=VECTOR('',#3788,1.);
#230=VECTOR('',#3795,1.);
#231=VECTOR('',#3798,1.);
#232=VECTOR('',#3803,1.);
#233=VECTOR('',#3808,1.);
#234=VECTOR('',#3815,1.);
#235=VECTOR('',#3818,1.);
#236=VECTOR('',#3823,1.);
#237=VECTOR('',#3828,1.);
#238=VECTOR('',#3835,1.);
#239=VECTOR('',#3838,1.);
#240=VECTOR('',#3843,1.);
#241=VECTOR('',#3848,1.);
#242=VECTOR('',#3855,1.);
#243=VECTOR('',#3858,1.);
#244=VECTOR('',#3863,1.);
#245=VECTOR('',#3868,1.);
#246=VECTOR('',#3875,1.);
#247=VECTOR('',#3878,1.);
#248=VECTOR('',#3883,1.);
#249=VECTOR('',#3888,1.);
#250=VECTOR('',#3895,1.);
#251=VECTOR('',#3898,1.);
#252=VECTOR('',#3903,1.);
#253=VECTOR('',#3908,1.);
#254=VECTOR('',#3915,1.);
#255=VECTOR('',#3918,1.);
#256=VECTOR('',#3923,1.);
#257=VECTOR('',#3928,1.);
#258=VECTOR('',#3935,1.);
#259=VECTOR('',#3938,1.);
#260=VECTOR('',#3943,1.);
#261=VECTOR('',#3948,1.);
#262=VECTOR('',#3955,1.);
#263=VECTOR('',#3958,1.);
#264=VECTOR('',#3963,1.);
#265=VECTOR('',#3968,1.);
#266=VECTOR('',#3975,1.);
#267=VECTOR('',#3978,1.);
#268=VECTOR('',#3983,1.);
#269=VECTOR('',#3988,1.);
#270=VECTOR('',#3995,1.);
#271=VECTOR('',#3998,1.);
#272=VECTOR('',#4003,1.);
#273=VECTOR('',#4008,1.);
#274=VECTOR('',#4015,1.);
#275=VECTOR('',#4018,1.);
#276=VECTOR('',#4023,1.);
#277=VECTOR('',#4028,1.);
#278=VECTOR('',#4035,1.);
#279=VECTOR('',#4038,1.);
#280=VECTOR('',#4043,1.);
#281=VECTOR('',#4048,1.);
#282=VECTOR('',#4057,1.);
#283=VECTOR('',#4062,1.);
#284=VECTOR('',#4067,1.);
#285=VECTOR('',#4090,1.);
#286=VECTOR('',#4097,1.);
#287=VECTOR('',#4104,1.);
#288=VECTOR('',#4111,1.);
#289=VECTOR('',#4118,1.);
#290=VECTOR('',#4125,1.);
#291=VECTOR('',#4132,1.);
#292=VECTOR('',#4139,1.);
#293=VECTOR('',#4146,1.);
#294=VECTOR('',#4153,1.);
#295=VECTOR('',#4160,1.);
#296=VECTOR('',#4167,1.);
#297=VECTOR('',#4174,1.);
#298=VECTOR('',#4177,1.);
#299=VECTOR('',#4182,1.);
#300=VECTOR('',#4185,1.);
#301=VECTOR('',#4186,1.);
#302=VECTOR('',#4191,1.);
#303=VECTOR('',#4196,1.);
#304=VECTOR('',#4201,1.);
#305=VECTOR('',#4204,1.);
#306=VECTOR('',#4205,1.);
#307=VECTOR('',#4210,1.);
#308=VECTOR('',#4215,1.);
#309=VECTOR('',#4220,1.);
#310=VECTOR('',#4223,1.);
#311=VECTOR('',#4224,1.);
#312=VECTOR('',#4229,1.);
#313=VECTOR('',#4234,1.);
#314=VECTOR('',#4239,1.);
#315=VECTOR('',#4242,1.);
#316=VECTOR('',#4243,1.);
#317=VECTOR('',#4248,1.);
#318=VECTOR('',#4253,1.);
#319=VECTOR('',#4258,1.);
#320=VECTOR('',#4261,1.);
#321=VECTOR('',#4262,1.);
#322=VECTOR('',#4267,1.);
#323=VECTOR('',#4272,1.);
#324=VECTOR('',#4277,1.);
#325=VECTOR('',#4280,1.);
#326=VECTOR('',#4281,1.);
#327=VECTOR('',#4286,1.);
#328=VECTOR('',#4291,1.);
#329=VECTOR('',#4296,1.);
#330=VECTOR('',#4299,1.);
#331=VECTOR('',#4300,1.);
#332=VECTOR('',#4305,1.);
#333=VECTOR('',#4310,1.);
#334=VECTOR('',#4315,1.);
#335=VECTOR('',#4318,1.);
#336=VECTOR('',#4319,1.);
#337=VECTOR('',#4324,1.);
#338=VECTOR('',#4329,1.);
#339=VECTOR('',#4334,1.);
#340=VECTOR('',#4337,1.);
#341=VECTOR('',#4338,1.);
#342=VECTOR('',#4343,1.);
#343=VECTOR('',#4348,1.);
#344=VECTOR('',#4353,1.);
#345=VECTOR('',#4356,1.);
#346=VECTOR('',#4357,1.);
#347=VECTOR('',#4362,1.);
#348=VECTOR('',#4367,1.);
#349=VECTOR('',#4372,1.);
#350=VECTOR('',#4375,1.);
#351=VECTOR('',#4376,1.);
#352=VECTOR('',#4381,1.);
#353=VECTOR('',#4386,1.);
#354=VECTOR('',#4391,1.);
#355=VECTOR('',#4394,1.);
#356=VECTOR('',#4395,1.);
#357=PLANE('',#2934);
#358=PLANE('',#3235);
#359=PLANE('',#3241);
#360=PLANE('',#3242);
#361=PLANE('',#3283);
#362=PLANE('',#3290);
#363=PLANE('',#3297);
#364=PLANE('',#3304);
#365=PLANE('',#3311);
#366=PLANE('',#3318);
#367=PLANE('',#3325);
#368=PLANE('',#3332);
#369=PLANE('',#3339);
#370=PLANE('',#3346);
#371=PLANE('',#3353);
#372=PLANE('',#3360);
#373=PLANE('',#3363);
#374=CIRCLE('',#2933,0.00332298617098852);
#375=CIRCLE('',#2935,9.99999999999948E-6);
#376=CIRCLE('',#2936,0.000465849901079583);
#377=CIRCLE('',#2937,0.000129185062812672);
#378=CIRCLE('',#2938,0.000465849901079583);
#379=CIRCLE('',#2939,9.99999999999948E-6);
#380=CIRCLE('',#2940,0.000465849901079583);
#381=CIRCLE('',#2941,0.000129185062812672);
#382=CIRCLE('',#2942,0.000465849901079582);
#383=CIRCLE('',#2943,9.99999999999948E-6);
#384=CIRCLE('',#2944,0.000465849901079583);
#385=CIRCLE('',#2945,0.000129185062812672);
#386=CIRCLE('',#2946,0.000465849901079583);
#387=CIRCLE('',#2947,9.99999999999948E-6);
#388=CIRCLE('',#2948,0.000465849901079583);
#389=CIRCLE('',#2949,0.000129185062812672);
#390=CIRCLE('',#2950,0.000465849901079583);
#391=CIRCLE('',#2951,9.99999999999948E-6);
#392=CIRCLE('',#2952,0.000465849901079583);
#393=CIRCLE('',#2953,0.000129185062812672);
#394=CIRCLE('',#2954,0.000465849901079583);
#395=CIRCLE('',#2955,9.99999999999948E-6);
#396=CIRCLE('',#2956,0.000465849901079583);
#397=CIRCLE('',#2957,0.000129185062812672);
#398=CIRCLE('',#2958,0.000465849901079583);
#399=CIRCLE('',#2959,9.99999999999948E-6);
#400=CIRCLE('',#2960,0.000465849901079583);
#401=CIRCLE('',#2961,0.000129185062812672);
#402=CIRCLE('',#2962,0.000465849901079583);
#403=CIRCLE('',#2963,9.99999999999948E-6);
#404=CIRCLE('',#2964,0.000465849901079583);
#405=CIRCLE('',#2965,0.000129185062812672);
#406=CIRCLE('',#2966,0.000465849901079582);
#407=CIRCLE('',#2967,9.99999999999948E-6);
#408=CIRCLE('',#2968,0.000465849901079583);
#409=CIRCLE('',#2969,0.000129185062812672);
#410=CIRCLE('',#2970,0.000465849901079582);
#411=CIRCLE('',#2971,9.99999999999948E-6);
#412=CIRCLE('',#2972,0.000465849901079583);
#413=CIRCLE('',#2973,0.000129185062812672);
#414=CIRCLE('',#2974,0.000465849901079583);
#415=CIRCLE('',#2975,9.99999999999948E-6);
#416=CIRCLE('',#2976,0.000465849901079583);
#417=CIRCLE('',#2977,0.000129185062812672);
#418=CIRCLE('',#2978,0.000465849901079582);
#419=CIRCLE('',#2979,9.99999999999948E-6);
#420=CIRCLE('',#2980,0.000465849901079583);
#421=CIRCLE('',#2981,0.000129185062812672);
#422=CIRCLE('',#2982,0.000465849901079583);
#423=CIRCLE('',#2983,9.99999999999948E-6);
#424=CIRCLE('',#2984,0.000465849901079583);
#425=CIRCLE('',#2985,0.000129185062812672);
#426=CIRCLE('',#2986,0.000465849901079583);
#427=CIRCLE('',#2987,9.99999999999948E-6);
#428=CIRCLE('',#2988,0.000465849901079583);
#429=CIRCLE('',#2989,0.000129185062812672);
#430=CIRCLE('',#2990,0.000465849901079583);
#431=CIRCLE('',#2991,9.99999999999948E-6);
#432=CIRCLE('',#2992,0.000465849901079582);
#433=CIRCLE('',#2993,0.000129185062812672);
#434=CIRCLE('',#2994,0.000465849901079582);
#435=CIRCLE('',#2995,9.99999999999948E-6);
#436=CIRCLE('',#2996,0.000465849901079583);
#437=CIRCLE('',#2997,0.000129185062812672);
#438=CIRCLE('',#2998,0.000465849901079582);
#439=CIRCLE('',#2999,9.99999999999948E-6);
#440=CIRCLE('',#3000,0.000465849901079583);
#441=CIRCLE('',#3001,0.000129185062812672);
#442=CIRCLE('',#3002,0.000465849901079583);
#443=CIRCLE('',#3003,9.99999999999948E-6);
#444=CIRCLE('',#3004,0.000465849901079583);
#445=CIRCLE('',#3005,0.000129185062812672);
#446=CIRCLE('',#3006,0.000465849901079583);
#447=CIRCLE('',#3007,9.99999999999948E-6);
#448=CIRCLE('',#3008,0.000465849901079583);
#449=CIRCLE('',#3009,0.000129185062812672);
#450=CIRCLE('',#3010,0.000465849901079583);
#451=CIRCLE('',#3011,9.99999999999948E-6);
#452=CIRCLE('',#3012,0.000465849901079583);
#453=CIRCLE('',#3013,0.000129185062812672);
#454=CIRCLE('',#3014,0.000465849901079582);
#455=CIRCLE('',#3015,9.99999999999948E-6);
#456=CIRCLE('',#3016,0.000465849901079582);
#457=CIRCLE('',#3017,0.000129185062812672);
#458=CIRCLE('',#3018,0.000465849901079583);
#459=CIRCLE('',#3019,9.99999999999948E-6);
#460=CIRCLE('',#3020,0.000465849901079583);
#461=CIRCLE('',#3021,0.000129185062812672);
#462=CIRCLE('',#3022,0.000465849901079583);
#463=CIRCLE('',#3023,9.99999999999948E-6);
#464=CIRCLE('',#3024,0.000465849901079583);
#465=CIRCLE('',#3025,0.000129185062812672);
#466=CIRCLE('',#3026,0.000465849901079583);
#467=CIRCLE('',#3027,9.99999999999948E-6);
#468=CIRCLE('',#3028,0.000465849901079582);
#469=CIRCLE('',#3029,0.000129185062812672);
#470=CIRCLE('',#3030,0.000465849901079583);
#471=CIRCLE('',#3031,9.99999999999948E-6);
#472=CIRCLE('',#3032,0.000465849901079583);
#473=CIRCLE('',#3033,0.000129185062812672);
#474=CIRCLE('',#3034,0.000465849901079583);
#475=CIRCLE('',#3036,0.000129185062812672);
#476=CIRCLE('',#3038,0.000465849901079583);
#477=CIRCLE('',#3040,9.99999999999948E-6);
#478=CIRCLE('',#3042,0.000465849901079583);
#479=CIRCLE('',#3044,0.000129185062812672);
#480=CIRCLE('',#3046,0.000465849901079583);
#481=CIRCLE('',#3048,9.99999999999948E-6);
#482=CIRCLE('',#3050,0.000465849901079583);
#483=CIRCLE('',#3052,0.000129185062812672);
#484=CIRCLE('',#3054,0.000465849901079582);
#485=CIRCLE('',#3056,9.99999999999948E-6);
#486=CIRCLE('',#3058,0.000465849901079583);
#487=CIRCLE('',#3060,0.000129185062812672);
#488=CIRCLE('',#3062,0.000465849901079582);
#489=CIRCLE('',#3064,9.99999999999948E-6);
#490=CIRCLE('',#3066,0.000465849901079583);
#491=CIRCLE('',#3068,0.000129185062812672);
#492=CIRCLE('',#3070,0.000465849901079583);
#493=CIRCLE('',#3072,9.99999999999948E-6);
#494=CIRCLE('',#3074,0.000465849901079582);
#495=CIRCLE('',#3076,0.000129185062812672);
#496=CIRCLE('',#3078,0.000465849901079583);
#497=CIRCLE('',#3080,9.99999999999948E-6);
#498=CIRCLE('',#3082,0.000465849901079583);
#499=CIRCLE('',#3084,0.000129185062812672);
#500=CIRCLE('',#3086,0.000465849901079583);
#501=CIRCLE('',#3088,9.99999999999948E-6);
#502=CIRCLE('',#3090,0.000465849901079583);
#503=CIRCLE('',#3092,0.000129185062812672);
#504=CIRCLE('',#3094,0.000465849901079582);
#505=CIRCLE('',#3096,9.99999999999948E-6);
#506=CIRCLE('',#3098,0.000465849901079583);
#507=CIRCLE('',#3100,0.000129185062812672);
#508=CIRCLE('',#3102,0.000465849901079583);
#509=CIRCLE('',#3104,9.99999999999948E-6);
#510=CIRCLE('',#3106,0.000465849901079583);
#511=CIRCLE('',#3108,0.000129185062812672);
#512=CIRCLE('',#3110,0.000465849901079582);
#513=CIRCLE('',#3112,9.99999999999948E-6);
#514=CIRCLE('',#3114,0.000465849901079583);
#515=CIRCLE('',#3116,0.000129185062812672);
#516=CIRCLE('',#3118,0.000465849901079582);
#517=CIRCLE('',#3120,9.99999999999948E-6);
#518=CIRCLE('',#3122,0.000465849901079583);
#519=CIRCLE('',#3124,0.000129185062812672);
#520=CIRCLE('',#3126,0.000465849901079583);
#521=CIRCLE('',#3128,9.99999999999948E-6);
#522=CIRCLE('',#3130,0.000465849901079583);
#523=CIRCLE('',#3132,0.000129185062812672);
#524=CIRCLE('',#3134,0.000465849901079583);
#525=CIRCLE('',#3136,9.99999999999948E-6);
#526=CIRCLE('',#3138,0.000465849901079583);
#527=CIRCLE('',#3140,0.000129185062812672);
#528=CIRCLE('',#3142,0.000465849901079583);
#529=CIRCLE('',#3144,9.99999999999948E-6);
#530=CIRCLE('',#3146,0.000465849901079583);
#531=CIRCLE('',#3148,0.000129185062812672);
#532=CIRCLE('',#3150,0.000465849901079583);
#533=CIRCLE('',#3152,9.99999999999948E-6);
#534=CIRCLE('',#3154,0.000465849901079583);
#535=CIRCLE('',#3156,0.000129185062812672);
#536=CIRCLE('',#3158,0.000465849901079583);
#537=CIRCLE('',#3160,9.99999999999948E-6);
#538=CIRCLE('',#3162,0.000465849901079583);
#539=CIRCLE('',#3164,0.000129185062812672);
#540=CIRCLE('',#3166,0.000465849901079582);
#541=CIRCLE('',#3168,9.99999999999948E-6);
#542=CIRCLE('',#3170,0.000465849901079583);
#543=CIRCLE('',#3172,0.000129185062812672);
#544=CIRCLE('',#3174,0.000465849901079583);
#545=CIRCLE('',#3176,9.99999999999948E-6);
#546=CIRCLE('',#3178,0.000465849901079583);
#547=CIRCLE('',#3180,0.000129185062812672);
#548=CIRCLE('',#3182,0.000465849901079583);
#549=CIRCLE('',#3184,9.99999999999948E-6);
#550=CIRCLE('',#3186,0.000465849901079583);
#551=CIRCLE('',#3188,0.000129185062812672);
#552=CIRCLE('',#3190,0.000465849901079583);
#553=CIRCLE('',#3192,9.99999999999948E-6);
#554=CIRCLE('',#3194,0.000465849901079583);
#555=CIRCLE('',#3196,0.000129185062812672);
#556=CIRCLE('',#3198,0.000465849901079583);
#557=CIRCLE('',#3200,9.99999999999948E-6);
#558=CIRCLE('',#3202,0.000465849901079582);
#559=CIRCLE('',#3204,0.000129185062812672);
#560=CIRCLE('',#3206,0.000465849901079583);
#561=CIRCLE('',#3208,9.99999999999948E-6);
#562=CIRCLE('',#3210,0.000465849901079583);
#563=CIRCLE('',#3212,0.000129185062812672);
#564=CIRCLE('',#3214,0.000465849901079583);
#565=CIRCLE('',#3216,9.99999999999948E-6);
#566=CIRCLE('',#3218,0.000465849901079583);
#567=CIRCLE('',#3220,0.000129185062812672);
#568=CIRCLE('',#3222,0.000465849901079582);
#569=CIRCLE('',#3224,9.99999999999948E-6);
#570=CIRCLE('',#3226,0.000465849901079582);
#571=CIRCLE('',#3228,0.000129185062812672);
#572=CIRCLE('',#3230,0.000465849901079583);
#573=CIRCLE('',#3232,9.99999999999948E-6);
#574=CIRCLE('',#3234,0.000465849901079583);
#575=CIRCLE('',#3237,0.00660968265999488);
#576=CIRCLE('',#3239,0.00666038147814003);
#577=CIRCLE('',#3240,0.00666038147814003);
#578=CIRCLE('',#3243,0.00395309429521674);
#579=CIRCLE('',#3244,0.00395310360000003);
#580=CIRCLE('',#3245,0.00378897637565476);
#581=CIRCLE('',#3246,0.00395309429521674);
#582=CIRCLE('',#3247,0.00395310359999999);
#583=CIRCLE('',#3248,0.00378897637565477);
#584=CIRCLE('',#3249,0.00395309429521675);
#585=CIRCLE('',#3250,0.00395310359999999);
#586=CIRCLE('',#3251,0.00378897637565475);
#587=CIRCLE('',#3252,0.00395309429521674);
#588=CIRCLE('',#3253,0.00395310360000001);
#589=CIRCLE('',#3254,0.00378897637565477);
#590=CIRCLE('',#3255,0.00395309429521674);
#591=CIRCLE('',#3256,0.00395310359999999);
#592=CIRCLE('',#3257,0.00378897637565477);
#593=CIRCLE('',#3258,0.00395309429521674);
#594=CIRCLE('',#3259,0.00395310359999999);
#595=CIRCLE('',#3260,0.00378897637565475);
#596=CIRCLE('',#3261,0.00395309429521674);
#597=CIRCLE('',#3262,0.00395310360000002);
#598=CIRCLE('',#3263,0.00378897637565476);
#599=CIRCLE('',#3264,0.00395309429521673);
#600=CIRCLE('',#3265,0.00395310359999999);
#601=CIRCLE('',#3266,0.00378897637565477);
#602=CIRCLE('',#3267,0.00395309429521674);
#603=CIRCLE('',#3268,0.00395310359999999);
#604=CIRCLE('',#3269,0.00378897637565475);
#605=CIRCLE('',#3270,0.00395309429521675);
#606=CIRCLE('',#3271,0.00395310360000003);
#607=CIRCLE('',#3272,0.00378897637565476);
#608=CIRCLE('',#3273,0.00395309429521674);
#609=CIRCLE('',#3274,0.0039531036);
#610=CIRCLE('',#3275,0.00378897637565477);
#611=CIRCLE('',#3276,0.00395309429521674);
#612=CIRCLE('',#3277,0.00395310359999999);
#613=CIRCLE('',#3278,0.00378897637565475);
#614=CIRCLE('',#3280,0.00378897637565475);
#615=CIRCLE('',#3282,0.00395309429521674);
#616=CIRCLE('',#3285,0.00395310360000003);
#617=CIRCLE('',#3287,0.00378897637565476);
#618=CIRCLE('',#3289,0.00395309429521674);
#619=CIRCLE('',#3292,0.00395310359999999);
#620=CIRCLE('',#3294,0.00378897637565477);
#621=CIRCLE('',#3296,0.00395309429521675);
#622=CIRCLE('',#3299,0.00395310359999999);
#623=CIRCLE('',#3301,0.00378897637565475);
#624=CIRCLE('',#3303,0.00395309429521674);
#625=CIRCLE('',#3306,0.00395310360000001);
#626=CIRCLE('',#3308,0.00378897637565477);
#627=CIRCLE('',#3310,0.00395309429521674);
#628=CIRCLE('',#3313,0.00395310359999999);
#629=CIRCLE('',#3315,0.00378897637565477);
#630=CIRCLE('',#3317,0.00395309429521674);
#631=CIRCLE('',#3320,0.00395310359999999);
#632=CIRCLE('',#3322,0.00378897637565475);
#633=CIRCLE('',#3324,0.00395309429521674);
#634=CIRCLE('',#3327,0.00395310360000002);
#635=CIRCLE('',#3329,0.00378897637565476);
#636=CIRCLE('',#3331,0.00395309429521673);
#637=CIRCLE('',#3334,0.00395310359999999);
#638=CIRCLE('',#3336,0.00378897637565477);
#639=CIRCLE('',#3338,0.00395309429521674);
#640=CIRCLE('',#3341,0.00395310359999999);
#641=CIRCLE('',#3343,0.00378897637565475);
#642=CIRCLE('',#3345,0.00395309429521675);
#643=CIRCLE('',#3348,0.00395310360000003);
#644=CIRCLE('',#3350,0.00378897637565476);
#645=CIRCLE('',#3352,0.00395309429521674);
#646=CIRCLE('',#3355,0.0039531036);
#647=CIRCLE('',#3357,0.00378897637565477);
#648=CIRCLE('',#3359,0.00395309429521674);
#649=CIRCLE('',#3362,0.00395310359999999);
#650=ORIENTED_EDGE('',*,*,#1548,.F.);
#651=ORIENTED_EDGE('',*,*,#1549,.T.);
#652=ORIENTED_EDGE('',*,*,#1550,.T.);
#653=ORIENTED_EDGE('',*,*,#1551,.T.);
#654=ORIENTED_EDGE('',*,*,#1552,.F.);
#655=ORIENTED_EDGE('',*,*,#1553,.T.);
#656=ORIENTED_EDGE('',*,*,#1554,.T.);
#657=ORIENTED_EDGE('',*,*,#1555,.T.);
#658=ORIENTED_EDGE('',*,*,#1556,.F.);
#659=ORIENTED_EDGE('',*,*,#1557,.T.);
#660=ORIENTED_EDGE('',*,*,#1558,.T.);
#661=ORIENTED_EDGE('',*,*,#1559,.T.);
#662=ORIENTED_EDGE('',*,*,#1560,.F.);
#663=ORIENTED_EDGE('',*,*,#1561,.T.);
#664=ORIENTED_EDGE('',*,*,#1562,.T.);
#665=ORIENTED_EDGE('',*,*,#1563,.T.);
#666=ORIENTED_EDGE('',*,*,#1564,.F.);
#667=ORIENTED_EDGE('',*,*,#1565,.T.);
#668=ORIENTED_EDGE('',*,*,#1566,.T.);
#669=ORIENTED_EDGE('',*,*,#1567,.T.);
#670=ORIENTED_EDGE('',*,*,#1568,.F.);
#671=ORIENTED_EDGE('',*,*,#1569,.T.);
#672=ORIENTED_EDGE('',*,*,#1570,.T.);
#673=ORIENTED_EDGE('',*,*,#1571,.T.);
#674=ORIENTED_EDGE('',*,*,#1572,.F.);
#675=ORIENTED_EDGE('',*,*,#1573,.T.);
#676=ORIENTED_EDGE('',*,*,#1574,.T.);
#677=ORIENTED_EDGE('',*,*,#1575,.T.);
#678=ORIENTED_EDGE('',*,*,#1576,.F.);
#679=ORIENTED_EDGE('',*,*,#1577,.T.);
#680=ORIENTED_EDGE('',*,*,#1578,.T.);
#681=ORIENTED_EDGE('',*,*,#1579,.T.);
#682=ORIENTED_EDGE('',*,*,#1580,.F.);
#683=ORIENTED_EDGE('',*,*,#1581,.T.);
#684=ORIENTED_EDGE('',*,*,#1582,.T.);
#685=ORIENTED_EDGE('',*,*,#1583,.T.);
#686=ORIENTED_EDGE('',*,*,#1584,.F.);
#687=ORIENTED_EDGE('',*,*,#1585,.T.);
#688=ORIENTED_EDGE('',*,*,#1586,.T.);
#689=ORIENTED_EDGE('',*,*,#1587,.T.);
#690=ORIENTED_EDGE('',*,*,#1588,.F.);
#691=ORIENTED_EDGE('',*,*,#1589,.T.);
#692=ORIENTED_EDGE('',*,*,#1590,.T.);
#693=ORIENTED_EDGE('',*,*,#1591,.T.);
#694=ORIENTED_EDGE('',*,*,#1592,.F.);
#695=ORIENTED_EDGE('',*,*,#1593,.T.);
#696=ORIENTED_EDGE('',*,*,#1594,.T.);
#697=ORIENTED_EDGE('',*,*,#1595,.T.);
#698=ORIENTED_EDGE('',*,*,#1596,.F.);
#699=ORIENTED_EDGE('',*,*,#1597,.T.);
#700=ORIENTED_EDGE('',*,*,#1598,.T.);
#701=ORIENTED_EDGE('',*,*,#1599,.T.);
#702=ORIENTED_EDGE('',*,*,#1600,.F.);
#703=ORIENTED_EDGE('',*,*,#1601,.T.);
#704=ORIENTED_EDGE('',*,*,#1602,.T.);
#705=ORIENTED_EDGE('',*,*,#1603,.T.);
#706=ORIENTED_EDGE('',*,*,#1604,.F.);
#707=ORIENTED_EDGE('',*,*,#1605,.T.);
#708=ORIENTED_EDGE('',*,*,#1606,.T.);
#709=ORIENTED_EDGE('',*,*,#1607,.T.);
#710=ORIENTED_EDGE('',*,*,#1608,.F.);
#711=ORIENTED_EDGE('',*,*,#1609,.T.);
#712=ORIENTED_EDGE('',*,*,#1610,.T.);
#713=ORIENTED_EDGE('',*,*,#1611,.T.);
#714=ORIENTED_EDGE('',*,*,#1612,.F.);
#715=ORIENTED_EDGE('',*,*,#1613,.T.);
#716=ORIENTED_EDGE('',*,*,#1614,.T.);
#717=ORIENTED_EDGE('',*,*,#1615,.T.);
#718=ORIENTED_EDGE('',*,*,#1616,.F.);
#719=ORIENTED_EDGE('',*,*,#1617,.T.);
#720=ORIENTED_EDGE('',*,*,#1618,.T.);
#721=ORIENTED_EDGE('',*,*,#1619,.T.);
#722=ORIENTED_EDGE('',*,*,#1620,.F.);
#723=ORIENTED_EDGE('',*,*,#1621,.T.);
#724=ORIENTED_EDGE('',*,*,#1622,.T.);
#725=ORIENTED_EDGE('',*,*,#1623,.T.);
#726=ORIENTED_EDGE('',*,*,#1624,.F.);
#727=ORIENTED_EDGE('',*,*,#1625,.T.);
#728=ORIENTED_EDGE('',*,*,#1626,.T.);
#729=ORIENTED_EDGE('',*,*,#1627,.T.);
#730=ORIENTED_EDGE('',*,*,#1628,.F.);
#731=ORIENTED_EDGE('',*,*,#1629,.T.);
#732=ORIENTED_EDGE('',*,*,#1630,.T.);
#733=ORIENTED_EDGE('',*,*,#1631,.T.);
#734=ORIENTED_EDGE('',*,*,#1632,.F.);
#735=ORIENTED_EDGE('',*,*,#1633,.T.);
#736=ORIENTED_EDGE('',*,*,#1634,.T.);
#737=ORIENTED_EDGE('',*,*,#1635,.T.);
#738=ORIENTED_EDGE('',*,*,#1636,.F.);
#739=ORIENTED_EDGE('',*,*,#1637,.T.);
#740=ORIENTED_EDGE('',*,*,#1638,.T.);
#741=ORIENTED_EDGE('',*,*,#1639,.T.);
#742=ORIENTED_EDGE('',*,*,#1640,.F.);
#743=ORIENTED_EDGE('',*,*,#1641,.T.);
#744=ORIENTED_EDGE('',*,*,#1642,.T.);
#745=ORIENTED_EDGE('',*,*,#1643,.T.);
#746=ORIENTED_EDGE('',*,*,#1644,.F.);
#747=ORIENTED_EDGE('',*,*,#1645,.T.);
#748=ORIENTED_EDGE('',*,*,#1646,.T.);
#749=ORIENTED_EDGE('',*,*,#1647,.T.);
#750=ORIENTED_EDGE('',*,*,#1648,.F.);
#751=ORIENTED_EDGE('',*,*,#1649,.T.);
#752=ORIENTED_EDGE('',*,*,#1549,.F.);
#753=ORIENTED_EDGE('',*,*,#1620,.T.);
#754=ORIENTED_EDGE('',*,*,#1650,.F.);
#755=ORIENTED_EDGE('',*,*,#1651,.F.);
#756=ORIENTED_EDGE('',*,*,#1652,.T.);
#757=ORIENTED_EDGE('',*,*,#1652,.F.);
#758=ORIENTED_EDGE('',*,*,#1653,.T.);
#759=ORIENTED_EDGE('',*,*,#1654,.T.);
#760=ORIENTED_EDGE('',*,*,#1621,.F.);
#761=ORIENTED_EDGE('',*,*,#1654,.F.);
#762=ORIENTED_EDGE('',*,*,#1655,.T.);
#763=ORIENTED_EDGE('',*,*,#1656,.T.);
#764=ORIENTED_EDGE('',*,*,#1622,.F.);
#765=ORIENTED_EDGE('',*,*,#1656,.F.);
#766=ORIENTED_EDGE('',*,*,#1657,.T.);
#767=ORIENTED_EDGE('',*,*,#1658,.T.);
#768=ORIENTED_EDGE('',*,*,#1623,.F.);
#769=ORIENTED_EDGE('',*,*,#1616,.T.);
#770=ORIENTED_EDGE('',*,*,#1659,.F.);
#771=ORIENTED_EDGE('',*,*,#1660,.F.);
#772=ORIENTED_EDGE('',*,*,#1661,.T.);
#773=ORIENTED_EDGE('',*,*,#1661,.F.);
#774=ORIENTED_EDGE('',*,*,#1662,.T.);
#775=ORIENTED_EDGE('',*,*,#1663,.T.);
#776=ORIENTED_EDGE('',*,*,#1617,.F.);
#777=ORIENTED_EDGE('',*,*,#1663,.F.);
#778=ORIENTED_EDGE('',*,*,#1664,.T.);
#779=ORIENTED_EDGE('',*,*,#1665,.T.);
#780=ORIENTED_EDGE('',*,*,#1618,.F.);
#781=ORIENTED_EDGE('',*,*,#1665,.F.);
#782=ORIENTED_EDGE('',*,*,#1666,.T.);
#783=ORIENTED_EDGE('',*,*,#1650,.T.);
#784=ORIENTED_EDGE('',*,*,#1619,.F.);
#785=ORIENTED_EDGE('',*,*,#1612,.T.);
#786=ORIENTED_EDGE('',*,*,#1667,.F.);
#787=ORIENTED_EDGE('',*,*,#1668,.F.);
#788=ORIENTED_EDGE('',*,*,#1669,.T.);
#789=ORIENTED_EDGE('',*,*,#1669,.F.);
#790=ORIENTED_EDGE('',*,*,#1670,.T.);
#791=ORIENTED_EDGE('',*,*,#1671,.T.);
#792=ORIENTED_EDGE('',*,*,#1613,.F.);
#793=ORIENTED_EDGE('',*,*,#1671,.F.);
#794=ORIENTED_EDGE('',*,*,#1672,.T.);
#795=ORIENTED_EDGE('',*,*,#1673,.T.);
#796=ORIENTED_EDGE('',*,*,#1614,.F.);
#797=ORIENTED_EDGE('',*,*,#1673,.F.);
#798=ORIENTED_EDGE('',*,*,#1674,.T.);
#799=ORIENTED_EDGE('',*,*,#1659,.T.);
#800=ORIENTED_EDGE('',*,*,#1615,.F.);
#801=ORIENTED_EDGE('',*,*,#1608,.T.);
#802=ORIENTED_EDGE('',*,*,#1675,.F.);
#803=ORIENTED_EDGE('',*,*,#1676,.F.);
#804=ORIENTED_EDGE('',*,*,#1677,.T.);
#805=ORIENTED_EDGE('',*,*,#1677,.F.);
#806=ORIENTED_EDGE('',*,*,#1678,.T.);
#807=ORIENTED_EDGE('',*,*,#1679,.T.);
#808=ORIENTED_EDGE('',*,*,#1609,.F.);
#809=ORIENTED_EDGE('',*,*,#1679,.F.);
#810=ORIENTED_EDGE('',*,*,#1680,.T.);
#811=ORIENTED_EDGE('',*,*,#1681,.T.);
#812=ORIENTED_EDGE('',*,*,#1610,.F.);
#813=ORIENTED_EDGE('',*,*,#1681,.F.);
#814=ORIENTED_EDGE('',*,*,#1682,.T.);
#815=ORIENTED_EDGE('',*,*,#1667,.T.);
#816=ORIENTED_EDGE('',*,*,#1611,.F.);
#817=ORIENTED_EDGE('',*,*,#1604,.T.);
#818=ORIENTED_EDGE('',*,*,#1683,.F.);
#819=ORIENTED_EDGE('',*,*,#1684,.F.);
#820=ORIENTED_EDGE('',*,*,#1685,.T.);
#821=ORIENTED_EDGE('',*,*,#1685,.F.);
#822=ORIENTED_EDGE('',*,*,#1686,.T.);
#823=ORIENTED_EDGE('',*,*,#1687,.T.);
#824=ORIENTED_EDGE('',*,*,#1605,.F.);
#825=ORIENTED_EDGE('',*,*,#1687,.F.);
#826=ORIENTED_EDGE('',*,*,#1688,.T.);
#827=ORIENTED_EDGE('',*,*,#1689,.T.);
#828=ORIENTED_EDGE('',*,*,#1606,.F.);
#829=ORIENTED_EDGE('',*,*,#1689,.F.);
#830=ORIENTED_EDGE('',*,*,#1690,.T.);
#831=ORIENTED_EDGE('',*,*,#1675,.T.);
#832=ORIENTED_EDGE('',*,*,#1607,.F.);
#833=ORIENTED_EDGE('',*,*,#1600,.T.);
#834=ORIENTED_EDGE('',*,*,#1691,.F.);
#835=ORIENTED_EDGE('',*,*,#1692,.F.);
#836=ORIENTED_EDGE('',*,*,#1693,.T.);
#837=ORIENTED_EDGE('',*,*,#1693,.F.);
#838=ORIENTED_EDGE('',*,*,#1694,.T.);
#839=ORIENTED_EDGE('',*,*,#1695,.T.);
#840=ORIENTED_EDGE('',*,*,#1601,.F.);
#841=ORIENTED_EDGE('',*,*,#1695,.F.);
#842=ORIENTED_EDGE('',*,*,#1696,.T.);
#843=ORIENTED_EDGE('',*,*,#1697,.T.);
#844=ORIENTED_EDGE('',*,*,#1602,.F.);
#845=ORIENTED_EDGE('',*,*,#1697,.F.);
#846=ORIENTED_EDGE('',*,*,#1698,.T.);
#847=ORIENTED_EDGE('',*,*,#1683,.T.);
#848=ORIENTED_EDGE('',*,*,#1603,.F.);
#849=ORIENTED_EDGE('',*,*,#1596,.T.);
#850=ORIENTED_EDGE('',*,*,#1699,.F.);
#851=ORIENTED_EDGE('',*,*,#1700,.F.);
#852=ORIENTED_EDGE('',*,*,#1701,.T.);
#853=ORIENTED_EDGE('',*,*,#1701,.F.);
#854=ORIENTED_EDGE('',*,*,#1702,.T.);
#855=ORIENTED_EDGE('',*,*,#1703,.T.);
#856=ORIENTED_EDGE('',*,*,#1597,.F.);
#857=ORIENTED_EDGE('',*,*,#1703,.F.);
#858=ORIENTED_EDGE('',*,*,#1704,.T.);
#859=ORIENTED_EDGE('',*,*,#1705,.T.);
#860=ORIENTED_EDGE('',*,*,#1598,.F.);
#861=ORIENTED_EDGE('',*,*,#1705,.F.);
#862=ORIENTED_EDGE('',*,*,#1706,.T.);
#863=ORIENTED_EDGE('',*,*,#1691,.T.);
#864=ORIENTED_EDGE('',*,*,#1599,.F.);
#865=ORIENTED_EDGE('',*,*,#1592,.T.);
#866=ORIENTED_EDGE('',*,*,#1707,.F.);
#867=ORIENTED_EDGE('',*,*,#1708,.F.);
#868=ORIENTED_EDGE('',*,*,#1709,.T.);
#869=ORIENTED_EDGE('',*,*,#1709,.F.);
#870=ORIENTED_EDGE('',*,*,#1710,.T.);
#871=ORIENTED_EDGE('',*,*,#1711,.T.);
#872=ORIENTED_EDGE('',*,*,#1593,.F.);
#873=ORIENTED_EDGE('',*,*,#1711,.F.);
#874=ORIENTED_EDGE('',*,*,#1712,.T.);
#875=ORIENTED_EDGE('',*,*,#1713,.T.);
#876=ORIENTED_EDGE('',*,*,#1594,.F.);
#877=ORIENTED_EDGE('',*,*,#1713,.F.);
#878=ORIENTED_EDGE('',*,*,#1714,.T.);
#879=ORIENTED_EDGE('',*,*,#1699,.T.);
#880=ORIENTED_EDGE('',*,*,#1595,.F.);
#881=ORIENTED_EDGE('',*,*,#1588,.T.);
#882=ORIENTED_EDGE('',*,*,#1715,.F.);
#883=ORIENTED_EDGE('',*,*,#1716,.F.);
#884=ORIENTED_EDGE('',*,*,#1717,.T.);
#885=ORIENTED_EDGE('',*,*,#1717,.F.);
#886=ORIENTED_EDGE('',*,*,#1718,.T.);
#887=ORIENTED_EDGE('',*,*,#1719,.T.);
#888=ORIENTED_EDGE('',*,*,#1589,.F.);
#889=ORIENTED_EDGE('',*,*,#1719,.F.);
#890=ORIENTED_EDGE('',*,*,#1720,.T.);
#891=ORIENTED_EDGE('',*,*,#1721,.T.);
#892=ORIENTED_EDGE('',*,*,#1590,.F.);
#893=ORIENTED_EDGE('',*,*,#1721,.F.);
#894=ORIENTED_EDGE('',*,*,#1722,.T.);
#895=ORIENTED_EDGE('',*,*,#1707,.T.);
#896=ORIENTED_EDGE('',*,*,#1591,.F.);
#897=ORIENTED_EDGE('',*,*,#1584,.T.);
#898=ORIENTED_EDGE('',*,*,#1723,.F.);
#899=ORIENTED_EDGE('',*,*,#1724,.F.);
#900=ORIENTED_EDGE('',*,*,#1725,.T.);
#901=ORIENTED_EDGE('',*,*,#1725,.F.);
#902=ORIENTED_EDGE('',*,*,#1726,.T.);
#903=ORIENTED_EDGE('',*,*,#1727,.T.);
#904=ORIENTED_EDGE('',*,*,#1585,.F.);
#905=ORIENTED_EDGE('',*,*,#1727,.F.);
#906=ORIENTED_EDGE('',*,*,#1728,.T.);
#907=ORIENTED_EDGE('',*,*,#1729,.T.);
#908=ORIENTED_EDGE('',*,*,#1586,.F.);
#909=ORIENTED_EDGE('',*,*,#1729,.F.);
#910=ORIENTED_EDGE('',*,*,#1730,.T.);
#911=ORIENTED_EDGE('',*,*,#1715,.T.);
#912=ORIENTED_EDGE('',*,*,#1587,.F.);
#913=ORIENTED_EDGE('',*,*,#1580,.T.);
#914=ORIENTED_EDGE('',*,*,#1731,.F.);
#915=ORIENTED_EDGE('',*,*,#1732,.F.);
#916=ORIENTED_EDGE('',*,*,#1733,.T.);
#917=ORIENTED_EDGE('',*,*,#1733,.F.);
#918=ORIENTED_EDGE('',*,*,#1734,.T.);
#919=ORIENTED_EDGE('',*,*,#1735,.T.);
#920=ORIENTED_EDGE('',*,*,#1581,.F.);
#921=ORIENTED_EDGE('',*,*,#1735,.F.);
#922=ORIENTED_EDGE('',*,*,#1736,.T.);
#923=ORIENTED_EDGE('',*,*,#1737,.T.);
#924=ORIENTED_EDGE('',*,*,#1582,.F.);
#925=ORIENTED_EDGE('',*,*,#1737,.F.);
#926=ORIENTED_EDGE('',*,*,#1738,.T.);
#927=ORIENTED_EDGE('',*,*,#1723,.T.);
#928=ORIENTED_EDGE('',*,*,#1583,.F.);
#929=ORIENTED_EDGE('',*,*,#1576,.T.);
#930=ORIENTED_EDGE('',*,*,#1739,.F.);
#931=ORIENTED_EDGE('',*,*,#1740,.F.);
#932=ORIENTED_EDGE('',*,*,#1741,.T.);
#933=ORIENTED_EDGE('',*,*,#1741,.F.);
#934=ORIENTED_EDGE('',*,*,#1742,.T.);
#935=ORIENTED_EDGE('',*,*,#1743,.T.);
#936=ORIENTED_EDGE('',*,*,#1577,.F.);
#937=ORIENTED_EDGE('',*,*,#1743,.F.);
#938=ORIENTED_EDGE('',*,*,#1744,.T.);
#939=ORIENTED_EDGE('',*,*,#1745,.T.);
#940=ORIENTED_EDGE('',*,*,#1578,.F.);
#941=ORIENTED_EDGE('',*,*,#1745,.F.);
#942=ORIENTED_EDGE('',*,*,#1746,.T.);
#943=ORIENTED_EDGE('',*,*,#1731,.T.);
#944=ORIENTED_EDGE('',*,*,#1579,.F.);
#945=ORIENTED_EDGE('',*,*,#1572,.T.);
#946=ORIENTED_EDGE('',*,*,#1747,.F.);
#947=ORIENTED_EDGE('',*,*,#1748,.F.);
#948=ORIENTED_EDGE('',*,*,#1749,.T.);
#949=ORIENTED_EDGE('',*,*,#1749,.F.);
#950=ORIENTED_EDGE('',*,*,#1750,.T.);
#951=ORIENTED_EDGE('',*,*,#1751,.T.);
#952=ORIENTED_EDGE('',*,*,#1573,.F.);
#953=ORIENTED_EDGE('',*,*,#1751,.F.);
#954=ORIENTED_EDGE('',*,*,#1752,.T.);
#955=ORIENTED_EDGE('',*,*,#1753,.T.);
#956=ORIENTED_EDGE('',*,*,#1574,.F.);
#957=ORIENTED_EDGE('',*,*,#1753,.F.);
#958=ORIENTED_EDGE('',*,*,#1754,.T.);
#959=ORIENTED_EDGE('',*,*,#1739,.T.);
#960=ORIENTED_EDGE('',*,*,#1575,.F.);
#961=ORIENTED_EDGE('',*,*,#1568,.T.);
#962=ORIENTED_EDGE('',*,*,#1755,.F.);
#963=ORIENTED_EDGE('',*,*,#1756,.F.);
#964=ORIENTED_EDGE('',*,*,#1757,.T.);
#965=ORIENTED_EDGE('',*,*,#1757,.F.);
#966=ORIENTED_EDGE('',*,*,#1758,.T.);
#967=ORIENTED_EDGE('',*,*,#1759,.T.);
#968=ORIENTED_EDGE('',*,*,#1569,.F.);
#969=ORIENTED_EDGE('',*,*,#1759,.F.);
#970=ORIENTED_EDGE('',*,*,#1760,.T.);
#971=ORIENTED_EDGE('',*,*,#1761,.T.);
#972=ORIENTED_EDGE('',*,*,#1570,.F.);
#973=ORIENTED_EDGE('',*,*,#1761,.F.);
#974=ORIENTED_EDGE('',*,*,#1762,.T.);
#975=ORIENTED_EDGE('',*,*,#1747,.T.);
#976=ORIENTED_EDGE('',*,*,#1571,.F.);
#977=ORIENTED_EDGE('',*,*,#1564,.T.);
#978=ORIENTED_EDGE('',*,*,#1763,.F.);
#979=ORIENTED_EDGE('',*,*,#1764,.F.);
#980=ORIENTED_EDGE('',*,*,#1765,.T.);
#981=ORIENTED_EDGE('',*,*,#1765,.F.);
#982=ORIENTED_EDGE('',*,*,#1766,.T.);
#983=ORIENTED_EDGE('',*,*,#1767,.T.);
#984=ORIENTED_EDGE('',*,*,#1565,.F.);
#985=ORIENTED_EDGE('',*,*,#1767,.F.);
#986=ORIENTED_EDGE('',*,*,#1768,.T.);
#987=ORIENTED_EDGE('',*,*,#1769,.T.);
#988=ORIENTED_EDGE('',*,*,#1566,.F.);
#989=ORIENTED_EDGE('',*,*,#1769,.F.);
#990=ORIENTED_EDGE('',*,*,#1770,.T.);
#991=ORIENTED_EDGE('',*,*,#1755,.T.);
#992=ORIENTED_EDGE('',*,*,#1567,.F.);
#993=ORIENTED_EDGE('',*,*,#1560,.T.);
#994=ORIENTED_EDGE('',*,*,#1771,.F.);
#995=ORIENTED_EDGE('',*,*,#1772,.F.);
#996=ORIENTED_EDGE('',*,*,#1773,.T.);
#997=ORIENTED_EDGE('',*,*,#1773,.F.);
#998=ORIENTED_EDGE('',*,*,#1774,.T.);
#999=ORIENTED_EDGE('',*,*,#1775,.T.);
#1000=ORIENTED_EDGE('',*,*,#1561,.F.);
#1001=ORIENTED_EDGE('',*,*,#1775,.F.);
#1002=ORIENTED_EDGE('',*,*,#1776,.T.);
#1003=ORIENTED_EDGE('',*,*,#1777,.T.);
#1004=ORIENTED_EDGE('',*,*,#1562,.F.);
#1005=ORIENTED_EDGE('',*,*,#1777,.F.);
#1006=ORIENTED_EDGE('',*,*,#1778,.T.);
#1007=ORIENTED_EDGE('',*,*,#1763,.T.);
#1008=ORIENTED_EDGE('',*,*,#1563,.F.);
#1009=ORIENTED_EDGE('',*,*,#1556,.T.);
#1010=ORIENTED_EDGE('',*,*,#1779,.F.);
#1011=ORIENTED_EDGE('',*,*,#1780,.F.);
#1012=ORIENTED_EDGE('',*,*,#1781,.T.);
#1013=ORIENTED_EDGE('',*,*,#1781,.F.);
#1014=ORIENTED_EDGE('',*,*,#1782,.T.);
#1015=ORIENTED_EDGE('',*,*,#1783,.T.);
#1016=ORIENTED_EDGE('',*,*,#1557,.F.);
#1017=ORIENTED_EDGE('',*,*,#1783,.F.);
#1018=ORIENTED_EDGE('',*,*,#1784,.T.);
#1019=ORIENTED_EDGE('',*,*,#1785,.T.);
#1020=ORIENTED_EDGE('',*,*,#1558,.F.);
#1021=ORIENTED_EDGE('',*,*,#1785,.F.);
#1022=ORIENTED_EDGE('',*,*,#1786,.T.);
#1023=ORIENTED_EDGE('',*,*,#1771,.T.);
#1024=ORIENTED_EDGE('',*,*,#1559,.F.);
#1025=ORIENTED_EDGE('',*,*,#1552,.T.);
#1026=ORIENTED_EDGE('',*,*,#1787,.F.);
#1027=ORIENTED_EDGE('',*,*,#1788,.F.);
#1028=ORIENTED_EDGE('',*,*,#1789,.T.);
#1029=ORIENTED_EDGE('',*,*,#1789,.F.);
#1030=ORIENTED_EDGE('',*,*,#1790,.T.);
#1031=ORIENTED_EDGE('',*,*,#1791,.T.);
#1032=ORIENTED_EDGE('',*,*,#1553,.F.);
#1033=ORIENTED_EDGE('',*,*,#1791,.F.);
#1034=ORIENTED_EDGE('',*,*,#1792,.T.);
#1035=ORIENTED_EDGE('',*,*,#1793,.T.);
#1036=ORIENTED_EDGE('',*,*,#1554,.F.);
#1037=ORIENTED_EDGE('',*,*,#1793,.F.);
#1038=ORIENTED_EDGE('',*,*,#1794,.T.);
#1039=ORIENTED_EDGE('',*,*,#1779,.T.);
#1040=ORIENTED_EDGE('',*,*,#1555,.F.);
#1041=ORIENTED_EDGE('',*,*,#1648,.T.);
#1042=ORIENTED_EDGE('',*,*,#1795,.F.);
#1043=ORIENTED_EDGE('',*,*,#1796,.F.);
#1044=ORIENTED_EDGE('',*,*,#1797,.T.);
#1045=ORIENTED_EDGE('',*,*,#1797,.F.);
#1046=ORIENTED_EDGE('',*,*,#1798,.T.);
#1047=ORIENTED_EDGE('',*,*,#1799,.T.);
#1048=ORIENTED_EDGE('',*,*,#1649,.F.);
#1049=ORIENTED_EDGE('',*,*,#1799,.F.);
#1050=ORIENTED_EDGE('',*,*,#1800,.T.);
#1051=ORIENTED_EDGE('',*,*,#1801,.T.);
#1052=ORIENTED_EDGE('',*,*,#1550,.F.);
#1053=ORIENTED_EDGE('',*,*,#1801,.F.);
#1054=ORIENTED_EDGE('',*,*,#1802,.T.);
#1055=ORIENTED_EDGE('',*,*,#1787,.T.);
#1056=ORIENTED_EDGE('',*,*,#1551,.F.);
#1057=ORIENTED_EDGE('',*,*,#1644,.T.);
#1058=ORIENTED_EDGE('',*,*,#1803,.F.);
#1059=ORIENTED_EDGE('',*,*,#1804,.F.);
#1060=ORIENTED_EDGE('',*,*,#1805,.T.);
#1061=ORIENTED_EDGE('',*,*,#1805,.F.);
#1062=ORIENTED_EDGE('',*,*,#1806,.T.);
#1063=ORIENTED_EDGE('',*,*,#1807,.T.);
#1064=ORIENTED_EDGE('',*,*,#1645,.F.);
#1065=ORIENTED_EDGE('',*,*,#1807,.F.);
#1066=ORIENTED_EDGE('',*,*,#1808,.T.);
#1067=ORIENTED_EDGE('',*,*,#1809,.T.);
#1068=ORIENTED_EDGE('',*,*,#1646,.F.);
#1069=ORIENTED_EDGE('',*,*,#1809,.F.);
#1070=ORIENTED_EDGE('',*,*,#1810,.T.);
#1071=ORIENTED_EDGE('',*,*,#1795,.T.);
#1072=ORIENTED_EDGE('',*,*,#1647,.F.);
#1073=ORIENTED_EDGE('',*,*,#1640,.T.);
#1074=ORIENTED_EDGE('',*,*,#1811,.F.);
#1075=ORIENTED_EDGE('',*,*,#1812,.F.);
#1076=ORIENTED_EDGE('',*,*,#1813,.T.);
#1077=ORIENTED_EDGE('',*,*,#1813,.F.);
#1078=ORIENTED_EDGE('',*,*,#1814,.T.);
#1079=ORIENTED_EDGE('',*,*,#1815,.T.);
#1080=ORIENTED_EDGE('',*,*,#1641,.F.);
#1081=ORIENTED_EDGE('',*,*,#1815,.F.);
#1082=ORIENTED_EDGE('',*,*,#1816,.T.);
#1083=ORIENTED_EDGE('',*,*,#1817,.T.);
#1084=ORIENTED_EDGE('',*,*,#1642,.F.);
#1085=ORIENTED_EDGE('',*,*,#1817,.F.);
#1086=ORIENTED_EDGE('',*,*,#1818,.T.);
#1087=ORIENTED_EDGE('',*,*,#1803,.T.);
#1088=ORIENTED_EDGE('',*,*,#1643,.F.);
#1089=ORIENTED_EDGE('',*,*,#1636,.T.);
#1090=ORIENTED_EDGE('',*,*,#1819,.F.);
#1091=ORIENTED_EDGE('',*,*,#1820,.F.);
#1092=ORIENTED_EDGE('',*,*,#1821,.T.);
#1093=ORIENTED_EDGE('',*,*,#1821,.F.);
#1094=ORIENTED_EDGE('',*,*,#1822,.T.);
#1095=ORIENTED_EDGE('',*,*,#1823,.T.);
#1096=ORIENTED_EDGE('',*,*,#1637,.F.);
#1097=ORIENTED_EDGE('',*,*,#1823,.F.);
#1098=ORIENTED_EDGE('',*,*,#1824,.T.);
#1099=ORIENTED_EDGE('',*,*,#1825,.T.);
#1100=ORIENTED_EDGE('',*,*,#1638,.F.);
#1101=ORIENTED_EDGE('',*,*,#1825,.F.);
#1102=ORIENTED_EDGE('',*,*,#1826,.T.);
#1103=ORIENTED_EDGE('',*,*,#1811,.T.);
#1104=ORIENTED_EDGE('',*,*,#1639,.F.);
#1105=ORIENTED_EDGE('',*,*,#1632,.T.);
#1106=ORIENTED_EDGE('',*,*,#1827,.F.);
#1107=ORIENTED_EDGE('',*,*,#1828,.F.);
#1108=ORIENTED_EDGE('',*,*,#1829,.T.);
#1109=ORIENTED_EDGE('',*,*,#1829,.F.);
#1110=ORIENTED_EDGE('',*,*,#1830,.T.);
#1111=ORIENTED_EDGE('',*,*,#1831,.T.);
#1112=ORIENTED_EDGE('',*,*,#1633,.F.);
#1113=ORIENTED_EDGE('',*,*,#1831,.F.);
#1114=ORIENTED_EDGE('',*,*,#1832,.T.);
#1115=ORIENTED_EDGE('',*,*,#1833,.T.);
#1116=ORIENTED_EDGE('',*,*,#1634,.F.);
#1117=ORIENTED_EDGE('',*,*,#1833,.F.);
#1118=ORIENTED_EDGE('',*,*,#1834,.T.);
#1119=ORIENTED_EDGE('',*,*,#1819,.T.);
#1120=ORIENTED_EDGE('',*,*,#1635,.F.);
#1121=ORIENTED_EDGE('',*,*,#1628,.T.);
#1122=ORIENTED_EDGE('',*,*,#1835,.F.);
#1123=ORIENTED_EDGE('',*,*,#1836,.F.);
#1124=ORIENTED_EDGE('',*,*,#1837,.T.);
#1125=ORIENTED_EDGE('',*,*,#1837,.F.);
#1126=ORIENTED_EDGE('',*,*,#1838,.T.);
#1127=ORIENTED_EDGE('',*,*,#1839,.T.);
#1128=ORIENTED_EDGE('',*,*,#1629,.F.);
#1129=ORIENTED_EDGE('',*,*,#1839,.F.);
#1130=ORIENTED_EDGE('',*,*,#1840,.T.);
#1131=ORIENTED_EDGE('',*,*,#1841,.T.);
#1132=ORIENTED_EDGE('',*,*,#1630,.F.);
#1133=ORIENTED_EDGE('',*,*,#1841,.F.);
#1134=ORIENTED_EDGE('',*,*,#1842,.T.);
#1135=ORIENTED_EDGE('',*,*,#1827,.T.);
#1136=ORIENTED_EDGE('',*,*,#1631,.F.);
#1137=ORIENTED_EDGE('',*,*,#1624,.T.);
#1138=ORIENTED_EDGE('',*,*,#1658,.F.);
#1139=ORIENTED_EDGE('',*,*,#1843,.F.);
#1140=ORIENTED_EDGE('',*,*,#1844,.T.);
#1141=ORIENTED_EDGE('',*,*,#1844,.F.);
#1142=ORIENTED_EDGE('',*,*,#1845,.T.);
#1143=ORIENTED_EDGE('',*,*,#1846,.T.);
#1144=ORIENTED_EDGE('',*,*,#1625,.F.);
#1145=ORIENTED_EDGE('',*,*,#1846,.F.);
#1146=ORIENTED_EDGE('',*,*,#1847,.T.);
#1147=ORIENTED_EDGE('',*,*,#1848,.T.);
#1148=ORIENTED_EDGE('',*,*,#1626,.F.);
#1149=ORIENTED_EDGE('',*,*,#1848,.F.);
#1150=ORIENTED_EDGE('',*,*,#1849,.T.);
#1151=ORIENTED_EDGE('',*,*,#1835,.T.);
#1152=ORIENTED_EDGE('',*,*,#1627,.F.);
#1153=ORIENTED_EDGE('',*,*,#1732,.T.);
#1154=ORIENTED_EDGE('',*,*,#1746,.F.);
#1155=ORIENTED_EDGE('',*,*,#1744,.F.);
#1156=ORIENTED_EDGE('',*,*,#1742,.F.);
#1157=ORIENTED_EDGE('',*,*,#1740,.T.);
#1158=ORIENTED_EDGE('',*,*,#1754,.F.);
#1159=ORIENTED_EDGE('',*,*,#1752,.F.);
#1160=ORIENTED_EDGE('',*,*,#1750,.F.);
#1161=ORIENTED_EDGE('',*,*,#1748,.T.);
#1162=ORIENTED_EDGE('',*,*,#1762,.F.);
#1163=ORIENTED_EDGE('',*,*,#1760,.F.);
#1164=ORIENTED_EDGE('',*,*,#1758,.F.);
#1165=ORIENTED_EDGE('',*,*,#1756,.T.);
#1166=ORIENTED_EDGE('',*,*,#1770,.F.);
#1167=ORIENTED_EDGE('',*,*,#1768,.F.);
#1168=ORIENTED_EDGE('',*,*,#1766,.F.);
#1169=ORIENTED_EDGE('',*,*,#1764,.T.);
#1170=ORIENTED_EDGE('',*,*,#1778,.F.);
#1171=ORIENTED_EDGE('',*,*,#1776,.F.);
#1172=ORIENTED_EDGE('',*,*,#1774,.F.);
#1173=ORIENTED_EDGE('',*,*,#1772,.T.);
#1174=ORIENTED_EDGE('',*,*,#1786,.F.);
#1175=ORIENTED_EDGE('',*,*,#1784,.F.);
#1176=ORIENTED_EDGE('',*,*,#1782,.F.);
#1177=ORIENTED_EDGE('',*,*,#1780,.T.);
#1178=ORIENTED_EDGE('',*,*,#1794,.F.);
#1179=ORIENTED_EDGE('',*,*,#1792,.F.);
#1180=ORIENTED_EDGE('',*,*,#1790,.F.);
#1181=ORIENTED_EDGE('',*,*,#1788,.T.);
#1182=ORIENTED_EDGE('',*,*,#1802,.F.);
#1183=ORIENTED_EDGE('',*,*,#1800,.F.);
#1184=ORIENTED_EDGE('',*,*,#1798,.F.);
#1185=ORIENTED_EDGE('',*,*,#1796,.T.);
#1186=ORIENTED_EDGE('',*,*,#1810,.F.);
#1187=ORIENTED_EDGE('',*,*,#1808,.F.);
#1188=ORIENTED_EDGE('',*,*,#1806,.F.);
#1189=ORIENTED_EDGE('',*,*,#1804,.T.);
#1190=ORIENTED_EDGE('',*,*,#1818,.F.);
#1191=ORIENTED_EDGE('',*,*,#1816,.F.);
#1192=ORIENTED_EDGE('',*,*,#1814,.F.);
#1193=ORIENTED_EDGE('',*,*,#1812,.T.);
#1194=ORIENTED_EDGE('',*,*,#1826,.F.);
#1195=ORIENTED_EDGE('',*,*,#1824,.F.);
#1196=ORIENTED_EDGE('',*,*,#1822,.F.);
#1197=ORIENTED_EDGE('',*,*,#1820,.T.);
#1198=ORIENTED_EDGE('',*,*,#1834,.F.);
#1199=ORIENTED_EDGE('',*,*,#1832,.F.);
#1200=ORIENTED_EDGE('',*,*,#1830,.F.);
#1201=ORIENTED_EDGE('',*,*,#1828,.T.);
#1202=ORIENTED_EDGE('',*,*,#1842,.F.);
#1203=ORIENTED_EDGE('',*,*,#1840,.F.);
#1204=ORIENTED_EDGE('',*,*,#1838,.F.);
#1205=ORIENTED_EDGE('',*,*,#1836,.T.);
#1206=ORIENTED_EDGE('',*,*,#1849,.F.);
#1207=ORIENTED_EDGE('',*,*,#1847,.F.);
#1208=ORIENTED_EDGE('',*,*,#1845,.F.);
#1209=ORIENTED_EDGE('',*,*,#1843,.T.);
#1210=ORIENTED_EDGE('',*,*,#1657,.F.);
#1211=ORIENTED_EDGE('',*,*,#1655,.F.);
#1212=ORIENTED_EDGE('',*,*,#1653,.F.);
#1213=ORIENTED_EDGE('',*,*,#1651,.T.);
#1214=ORIENTED_EDGE('',*,*,#1666,.F.);
#1215=ORIENTED_EDGE('',*,*,#1664,.F.);
#1216=ORIENTED_EDGE('',*,*,#1662,.F.);
#1217=ORIENTED_EDGE('',*,*,#1660,.T.);
#1218=ORIENTED_EDGE('',*,*,#1674,.F.);
#1219=ORIENTED_EDGE('',*,*,#1672,.F.);
#1220=ORIENTED_EDGE('',*,*,#1670,.F.);
#1221=ORIENTED_EDGE('',*,*,#1668,.T.);
#1222=ORIENTED_EDGE('',*,*,#1682,.F.);
#1223=ORIENTED_EDGE('',*,*,#1680,.F.);
#1224=ORIENTED_EDGE('',*,*,#1678,.F.);
#1225=ORIENTED_EDGE('',*,*,#1676,.T.);
#1226=ORIENTED_EDGE('',*,*,#1690,.F.);
#1227=ORIENTED_EDGE('',*,*,#1688,.F.);
#1228=ORIENTED_EDGE('',*,*,#1686,.F.);
#1229=ORIENTED_EDGE('',*,*,#1684,.T.);
#1230=ORIENTED_EDGE('',*,*,#1698,.F.);
#1231=ORIENTED_EDGE('',*,*,#1696,.F.);
#1232=ORIENTED_EDGE('',*,*,#1694,.F.);
#1233=ORIENTED_EDGE('',*,*,#1692,.T.);
#1234=ORIENTED_EDGE('',*,*,#1706,.F.);
#1235=ORIENTED_EDGE('',*,*,#1704,.F.);
#1236=ORIENTED_EDGE('',*,*,#1702,.F.);
#1237=ORIENTED_EDGE('',*,*,#1700,.T.);
#1238=ORIENTED_EDGE('',*,*,#1714,.F.);
#1239=ORIENTED_EDGE('',*,*,#1712,.F.);
#1240=ORIENTED_EDGE('',*,*,#1710,.F.);
#1241=ORIENTED_EDGE('',*,*,#1708,.T.);
#1242=ORIENTED_EDGE('',*,*,#1722,.F.);
#1243=ORIENTED_EDGE('',*,*,#1720,.F.);
#1244=ORIENTED_EDGE('',*,*,#1718,.F.);
#1245=ORIENTED_EDGE('',*,*,#1716,.T.);
#1246=ORIENTED_EDGE('',*,*,#1730,.F.);
#1247=ORIENTED_EDGE('',*,*,#1728,.F.);
#1248=ORIENTED_EDGE('',*,*,#1726,.F.);
#1249=ORIENTED_EDGE('',*,*,#1724,.T.);
#1250=ORIENTED_EDGE('',*,*,#1738,.F.);
#1251=ORIENTED_EDGE('',*,*,#1736,.F.);
#1252=ORIENTED_EDGE('',*,*,#1734,.F.);
#1253=ORIENTED_EDGE('',*,*,#1548,.T.);
#1254=ORIENTED_EDGE('',*,*,#1850,.F.);
#1255=ORIENTED_EDGE('',*,*,#1851,.T.);
#1256=ORIENTED_EDGE('',*,*,#1852,.T.);
#1257=ORIENTED_EDGE('',*,*,#1850,.T.);
#1258=ORIENTED_EDGE('',*,*,#1852,.F.);
#1259=ORIENTED_EDGE('',*,*,#1853,.T.);
#1260=ORIENTED_EDGE('',*,*,#1854,.T.);
#1261=ORIENTED_EDGE('',*,*,#1855,.T.);
#1262=ORIENTED_EDGE('',*,*,#1856,.T.);
#1263=ORIENTED_EDGE('',*,*,#1857,.T.);
#1264=ORIENTED_EDGE('',*,*,#1858,.T.);
#1265=ORIENTED_EDGE('',*,*,#1859,.T.);
#1266=ORIENTED_EDGE('',*,*,#1860,.T.);
#1267=ORIENTED_EDGE('',*,*,#1861,.T.);
#1268=ORIENTED_EDGE('',*,*,#1862,.T.);
#1269=ORIENTED_EDGE('',*,*,#1863,.T.);
#1270=ORIENTED_EDGE('',*,*,#1864,.T.);
#1271=ORIENTED_EDGE('',*,*,#1865,.T.);
#1272=ORIENTED_EDGE('',*,*,#1866,.T.);
#1273=ORIENTED_EDGE('',*,*,#1867,.T.);
#1274=ORIENTED_EDGE('',*,*,#1868,.T.);
#1275=ORIENTED_EDGE('',*,*,#1869,.T.);
#1276=ORIENTED_EDGE('',*,*,#1870,.T.);
#1277=ORIENTED_EDGE('',*,*,#1871,.T.);
#1278=ORIENTED_EDGE('',*,*,#1872,.T.);
#1279=ORIENTED_EDGE('',*,*,#1873,.T.);
#1280=ORIENTED_EDGE('',*,*,#1874,.T.);
#1281=ORIENTED_EDGE('',*,*,#1875,.T.);
#1282=ORIENTED_EDGE('',*,*,#1876,.T.);
#1283=ORIENTED_EDGE('',*,*,#1877,.T.);
#1284=ORIENTED_EDGE('',*,*,#1878,.T.);
#1285=ORIENTED_EDGE('',*,*,#1879,.T.);
#1286=ORIENTED_EDGE('',*,*,#1880,.T.);
#1287=ORIENTED_EDGE('',*,*,#1881,.T.);
#1288=ORIENTED_EDGE('',*,*,#1882,.T.);
#1289=ORIENTED_EDGE('',*,*,#1883,.T.);
#1290=ORIENTED_EDGE('',*,*,#1884,.T.);
#1291=ORIENTED_EDGE('',*,*,#1885,.T.);
#1292=ORIENTED_EDGE('',*,*,#1886,.T.);
#1293=ORIENTED_EDGE('',*,*,#1887,.T.);
#1294=ORIENTED_EDGE('',*,*,#1888,.T.);
#1295=ORIENTED_EDGE('',*,*,#1889,.T.);
#1296=ORIENTED_EDGE('',*,*,#1890,.T.);
#1297=ORIENTED_EDGE('',*,*,#1891,.T.);
#1298=ORIENTED_EDGE('',*,*,#1892,.T.);
#1299=ORIENTED_EDGE('',*,*,#1893,.T.);
#1300=ORIENTED_EDGE('',*,*,#1894,.T.);
#1301=ORIENTED_EDGE('',*,*,#1895,.T.);
#1302=ORIENTED_EDGE('',*,*,#1896,.T.);
#1303=ORIENTED_EDGE('',*,*,#1897,.T.);
#1304=ORIENTED_EDGE('',*,*,#1898,.T.);
#1305=ORIENTED_EDGE('',*,*,#1899,.T.);
#1306=ORIENTED_EDGE('',*,*,#1900,.T.);
#1307=ORIENTED_EDGE('',*,*,#1851,.F.);
#1308=ORIENTED_EDGE('',*,*,#1900,.F.);
#1309=ORIENTED_EDGE('',*,*,#1901,.F.);
#1310=ORIENTED_EDGE('',*,*,#1902,.T.);
#1311=ORIENTED_EDGE('',*,*,#1903,.T.);
#1312=ORIENTED_EDGE('',*,*,#1853,.F.);
#1313=ORIENTED_EDGE('',*,*,#1903,.F.);
#1314=ORIENTED_EDGE('',*,*,#1904,.T.);
#1315=ORIENTED_EDGE('',*,*,#1905,.T.);
#1316=ORIENTED_EDGE('',*,*,#1854,.F.);
#1317=ORIENTED_EDGE('',*,*,#1905,.F.);
#1318=ORIENTED_EDGE('',*,*,#1906,.T.);
#1319=ORIENTED_EDGE('',*,*,#1907,.T.);
#1320=ORIENTED_EDGE('',*,*,#1855,.F.);
#1321=ORIENTED_EDGE('',*,*,#1907,.F.);
#1322=ORIENTED_EDGE('',*,*,#1908,.T.);
#1323=ORIENTED_EDGE('',*,*,#1909,.T.);
#1324=ORIENTED_EDGE('',*,*,#1856,.F.);
#1325=ORIENTED_EDGE('',*,*,#1909,.F.);
#1326=ORIENTED_EDGE('',*,*,#1910,.T.);
#1327=ORIENTED_EDGE('',*,*,#1911,.T.);
#1328=ORIENTED_EDGE('',*,*,#1857,.F.);
#1329=ORIENTED_EDGE('',*,*,#1911,.F.);
#1330=ORIENTED_EDGE('',*,*,#1912,.T.);
#1331=ORIENTED_EDGE('',*,*,#1913,.T.);
#1332=ORIENTED_EDGE('',*,*,#1858,.F.);
#1333=ORIENTED_EDGE('',*,*,#1913,.F.);
#1334=ORIENTED_EDGE('',*,*,#1914,.T.);
#1335=ORIENTED_EDGE('',*,*,#1915,.T.);
#1336=ORIENTED_EDGE('',*,*,#1859,.F.);
#1337=ORIENTED_EDGE('',*,*,#1915,.F.);
#1338=ORIENTED_EDGE('',*,*,#1916,.T.);
#1339=ORIENTED_EDGE('',*,*,#1917,.T.);
#1340=ORIENTED_EDGE('',*,*,#1860,.F.);
#1341=ORIENTED_EDGE('',*,*,#1917,.F.);
#1342=ORIENTED_EDGE('',*,*,#1918,.T.);
#1343=ORIENTED_EDGE('',*,*,#1919,.T.);
#1344=ORIENTED_EDGE('',*,*,#1861,.F.);
#1345=ORIENTED_EDGE('',*,*,#1919,.F.);
#1346=ORIENTED_EDGE('',*,*,#1920,.T.);
#1347=ORIENTED_EDGE('',*,*,#1921,.T.);
#1348=ORIENTED_EDGE('',*,*,#1862,.F.);
#1349=ORIENTED_EDGE('',*,*,#1921,.F.);
#1350=ORIENTED_EDGE('',*,*,#1922,.T.);
#1351=ORIENTED_EDGE('',*,*,#1923,.T.);
#1352=ORIENTED_EDGE('',*,*,#1863,.F.);
#1353=ORIENTED_EDGE('',*,*,#1923,.F.);
#1354=ORIENTED_EDGE('',*,*,#1924,.T.);
#1355=ORIENTED_EDGE('',*,*,#1925,.T.);
#1356=ORIENTED_EDGE('',*,*,#1864,.F.);
#1357=ORIENTED_EDGE('',*,*,#1925,.F.);
#1358=ORIENTED_EDGE('',*,*,#1926,.T.);
#1359=ORIENTED_EDGE('',*,*,#1927,.T.);
#1360=ORIENTED_EDGE('',*,*,#1865,.F.);
#1361=ORIENTED_EDGE('',*,*,#1927,.F.);
#1362=ORIENTED_EDGE('',*,*,#1928,.T.);
#1363=ORIENTED_EDGE('',*,*,#1929,.T.);
#1364=ORIENTED_EDGE('',*,*,#1866,.F.);
#1365=ORIENTED_EDGE('',*,*,#1929,.F.);
#1366=ORIENTED_EDGE('',*,*,#1930,.T.);
#1367=ORIENTED_EDGE('',*,*,#1931,.T.);
#1368=ORIENTED_EDGE('',*,*,#1867,.F.);
#1369=ORIENTED_EDGE('',*,*,#1931,.F.);
#1370=ORIENTED_EDGE('',*,*,#1932,.T.);
#1371=ORIENTED_EDGE('',*,*,#1933,.T.);
#1372=ORIENTED_EDGE('',*,*,#1868,.F.);
#1373=ORIENTED_EDGE('',*,*,#1933,.F.);
#1374=ORIENTED_EDGE('',*,*,#1934,.T.);
#1375=ORIENTED_EDGE('',*,*,#1935,.T.);
#1376=ORIENTED_EDGE('',*,*,#1869,.F.);
#1377=ORIENTED_EDGE('',*,*,#1935,.F.);
#1378=ORIENTED_EDGE('',*,*,#1936,.T.);
#1379=ORIENTED_EDGE('',*,*,#1937,.T.);
#1380=ORIENTED_EDGE('',*,*,#1870,.F.);
#1381=ORIENTED_EDGE('',*,*,#1937,.F.);
#1382=ORIENTED_EDGE('',*,*,#1938,.T.);
#1383=ORIENTED_EDGE('',*,*,#1939,.T.);
#1384=ORIENTED_EDGE('',*,*,#1871,.F.);
#1385=ORIENTED_EDGE('',*,*,#1939,.F.);
#1386=ORIENTED_EDGE('',*,*,#1940,.T.);
#1387=ORIENTED_EDGE('',*,*,#1941,.T.);
#1388=ORIENTED_EDGE('',*,*,#1872,.F.);
#1389=ORIENTED_EDGE('',*,*,#1941,.F.);
#1390=ORIENTED_EDGE('',*,*,#1942,.T.);
#1391=ORIENTED_EDGE('',*,*,#1943,.T.);
#1392=ORIENTED_EDGE('',*,*,#1873,.F.);
#1393=ORIENTED_EDGE('',*,*,#1943,.F.);
#1394=ORIENTED_EDGE('',*,*,#1944,.T.);
#1395=ORIENTED_EDGE('',*,*,#1945,.T.);
#1396=ORIENTED_EDGE('',*,*,#1874,.F.);
#1397=ORIENTED_EDGE('',*,*,#1945,.F.);
#1398=ORIENTED_EDGE('',*,*,#1946,.T.);
#1399=ORIENTED_EDGE('',*,*,#1947,.T.);
#1400=ORIENTED_EDGE('',*,*,#1875,.F.);
#1401=ORIENTED_EDGE('',*,*,#1947,.F.);
#1402=ORIENTED_EDGE('',*,*,#1948,.T.);
#1403=ORIENTED_EDGE('',*,*,#1949,.T.);
#1404=ORIENTED_EDGE('',*,*,#1876,.F.);
#1405=ORIENTED_EDGE('',*,*,#1949,.F.);
#1406=ORIENTED_EDGE('',*,*,#1950,.T.);
#1407=ORIENTED_EDGE('',*,*,#1951,.T.);
#1408=ORIENTED_EDGE('',*,*,#1877,.F.);
#1409=ORIENTED_EDGE('',*,*,#1951,.F.);
#1410=ORIENTED_EDGE('',*,*,#1952,.T.);
#1411=ORIENTED_EDGE('',*,*,#1953,.T.);
#1412=ORIENTED_EDGE('',*,*,#1878,.F.);
#1413=ORIENTED_EDGE('',*,*,#1953,.F.);
#1414=ORIENTED_EDGE('',*,*,#1954,.T.);
#1415=ORIENTED_EDGE('',*,*,#1955,.T.);
#1416=ORIENTED_EDGE('',*,*,#1879,.F.);
#1417=ORIENTED_EDGE('',*,*,#1955,.F.);
#1418=ORIENTED_EDGE('',*,*,#1956,.T.);
#1419=ORIENTED_EDGE('',*,*,#1957,.T.);
#1420=ORIENTED_EDGE('',*,*,#1880,.F.);
#1421=ORIENTED_EDGE('',*,*,#1957,.F.);
#1422=ORIENTED_EDGE('',*,*,#1958,.T.);
#1423=ORIENTED_EDGE('',*,*,#1959,.T.);
#1424=ORIENTED_EDGE('',*,*,#1881,.F.);
#1425=ORIENTED_EDGE('',*,*,#1959,.F.);
#1426=ORIENTED_EDGE('',*,*,#1960,.T.);
#1427=ORIENTED_EDGE('',*,*,#1961,.T.);
#1428=ORIENTED_EDGE('',*,*,#1882,.F.);
#1429=ORIENTED_EDGE('',*,*,#1961,.F.);
#1430=ORIENTED_EDGE('',*,*,#1962,.T.);
#1431=ORIENTED_EDGE('',*,*,#1963,.T.);
#1432=ORIENTED_EDGE('',*,*,#1883,.F.);
#1433=ORIENTED_EDGE('',*,*,#1963,.F.);
#1434=ORIENTED_EDGE('',*,*,#1964,.T.);
#1435=ORIENTED_EDGE('',*,*,#1965,.T.);
#1436=ORIENTED_EDGE('',*,*,#1884,.F.);
#1437=ORIENTED_EDGE('',*,*,#1965,.F.);
#1438=ORIENTED_EDGE('',*,*,#1966,.T.);
#1439=ORIENTED_EDGE('',*,*,#1967,.T.);
#1440=ORIENTED_EDGE('',*,*,#1885,.F.);
#1441=ORIENTED_EDGE('',*,*,#1967,.F.);
#1442=ORIENTED_EDGE('',*,*,#1968,.T.);
#1443=ORIENTED_EDGE('',*,*,#1969,.T.);
#1444=ORIENTED_EDGE('',*,*,#1886,.F.);
#1445=ORIENTED_EDGE('',*,*,#1969,.F.);
#1446=ORIENTED_EDGE('',*,*,#1970,.T.);
#1447=ORIENTED_EDGE('',*,*,#1971,.T.);
#1448=ORIENTED_EDGE('',*,*,#1887,.F.);
#1449=ORIENTED_EDGE('',*,*,#1971,.F.);
#1450=ORIENTED_EDGE('',*,*,#1972,.T.);
#1451=ORIENTED_EDGE('',*,*,#1973,.T.);
#1452=ORIENTED_EDGE('',*,*,#1888,.F.);
#1453=ORIENTED_EDGE('',*,*,#1973,.F.);
#1454=ORIENTED_EDGE('',*,*,#1974,.T.);
#1455=ORIENTED_EDGE('',*,*,#1975,.T.);
#1456=ORIENTED_EDGE('',*,*,#1889,.F.);
#1457=ORIENTED_EDGE('',*,*,#1975,.F.);
#1458=ORIENTED_EDGE('',*,*,#1976,.T.);
#1459=ORIENTED_EDGE('',*,*,#1977,.T.);
#1460=ORIENTED_EDGE('',*,*,#1890,.F.);
#1461=ORIENTED_EDGE('',*,*,#1977,.F.);
#1462=ORIENTED_EDGE('',*,*,#1978,.T.);
#1463=ORIENTED_EDGE('',*,*,#1979,.T.);
#1464=ORIENTED_EDGE('',*,*,#1891,.F.);
#1465=ORIENTED_EDGE('',*,*,#1979,.F.);
#1466=ORIENTED_EDGE('',*,*,#1980,.T.);
#1467=ORIENTED_EDGE('',*,*,#1981,.T.);
#1468=ORIENTED_EDGE('',*,*,#1892,.F.);
#1469=ORIENTED_EDGE('',*,*,#1981,.F.);
#1470=ORIENTED_EDGE('',*,*,#1982,.T.);
#1471=ORIENTED_EDGE('',*,*,#1983,.T.);
#1472=ORIENTED_EDGE('',*,*,#1893,.F.);
#1473=ORIENTED_EDGE('',*,*,#1983,.F.);
#1474=ORIENTED_EDGE('',*,*,#1984,.T.);
#1475=ORIENTED_EDGE('',*,*,#1985,.T.);
#1476=ORIENTED_EDGE('',*,*,#1894,.F.);
#1477=ORIENTED_EDGE('',*,*,#1985,.F.);
#1478=ORIENTED_EDGE('',*,*,#1986,.T.);
#1479=ORIENTED_EDGE('',*,*,#1987,.T.);
#1480=ORIENTED_EDGE('',*,*,#1895,.F.);
#1481=ORIENTED_EDGE('',*,*,#1987,.F.);
#1482=ORIENTED_EDGE('',*,*,#1988,.T.);
#1483=ORIENTED_EDGE('',*,*,#1989,.T.);
#1484=ORIENTED_EDGE('',*,*,#1896,.F.);
#1485=ORIENTED_EDGE('',*,*,#1989,.F.);
#1486=ORIENTED_EDGE('',*,*,#1990,.T.);
#1487=ORIENTED_EDGE('',*,*,#1991,.T.);
#1488=ORIENTED_EDGE('',*,*,#1897,.F.);
#1489=ORIENTED_EDGE('',*,*,#1991,.F.);
#1490=ORIENTED_EDGE('',*,*,#1992,.T.);
#1491=ORIENTED_EDGE('',*,*,#1993,.T.);
#1492=ORIENTED_EDGE('',*,*,#1898,.F.);
#1493=ORIENTED_EDGE('',*,*,#1993,.F.);
#1494=ORIENTED_EDGE('',*,*,#1994,.T.);
#1495=ORIENTED_EDGE('',*,*,#1995,.T.);
#1496=ORIENTED_EDGE('',*,*,#1899,.F.);
#1497=ORIENTED_EDGE('',*,*,#1995,.F.);
#1498=ORIENTED_EDGE('',*,*,#1996,.T.);
#1499=ORIENTED_EDGE('',*,*,#1901,.T.);
#1500=ORIENTED_EDGE('',*,*,#1902,.F.);
#1501=ORIENTED_EDGE('',*,*,#1996,.F.);
#1502=ORIENTED_EDGE('',*,*,#1994,.F.);
#1503=ORIENTED_EDGE('',*,*,#1992,.F.);
#1504=ORIENTED_EDGE('',*,*,#1990,.F.);
#1505=ORIENTED_EDGE('',*,*,#1988,.F.);
#1506=ORIENTED_EDGE('',*,*,#1986,.F.);
#1507=ORIENTED_EDGE('',*,*,#1984,.F.);
#1508=ORIENTED_EDGE('',*,*,#1982,.F.);
#1509=ORIENTED_EDGE('',*,*,#1980,.F.);
#1510=ORIENTED_EDGE('',*,*,#1978,.F.);
#1511=ORIENTED_EDGE('',*,*,#1976,.F.);
#1512=ORIENTED_EDGE('',*,*,#1974,.F.);
#1513=ORIENTED_EDGE('',*,*,#1972,.F.);
#1514=ORIENTED_EDGE('',*,*,#1970,.F.);
#1515=ORIENTED_EDGE('',*,*,#1968,.F.);
#1516=ORIENTED_EDGE('',*,*,#1966,.F.);
#1517=ORIENTED_EDGE('',*,*,#1964,.F.);
#1518=ORIENTED_EDGE('',*,*,#1962,.F.);
#1519=ORIENTED_EDGE('',*,*,#1960,.F.);
#1520=ORIENTED_EDGE('',*,*,#1958,.F.);
#1521=ORIENTED_EDGE('',*,*,#1956,.F.);
#1522=ORIENTED_EDGE('',*,*,#1954,.F.);
#1523=ORIENTED_EDGE('',*,*,#1952,.F.);
#1524=ORIENTED_EDGE('',*,*,#1950,.F.);
#1525=ORIENTED_EDGE('',*,*,#1948,.F.);
#1526=ORIENTED_EDGE('',*,*,#1946,.F.);
#1527=ORIENTED_EDGE('',*,*,#1944,.F.);
#1528=ORIENTED_EDGE('',*,*,#1942,.F.);
#1529=ORIENTED_EDGE('',*,*,#1940,.F.);
#1530=ORIENTED_EDGE('',*,*,#1938,.F.);
#1531=ORIENTED_EDGE('',*,*,#1936,.F.);
#1532=ORIENTED_EDGE('',*,*,#1934,.F.);
#1533=ORIENTED_EDGE('',*,*,#1932,.F.);
#1534=ORIENTED_EDGE('',*,*,#1930,.F.);
#1535=ORIENTED_EDGE('',*,*,#1928,.F.);
#1536=ORIENTED_EDGE('',*,*,#1926,.F.);
#1537=ORIENTED_EDGE('',*,*,#1924,.F.);
#1538=ORIENTED_EDGE('',*,*,#1922,.F.);
#1539=ORIENTED_EDGE('',*,*,#1920,.F.);
#1540=ORIENTED_EDGE('',*,*,#1918,.F.);
#1541=ORIENTED_EDGE('',*,*,#1916,.F.);
#1542=ORIENTED_EDGE('',*,*,#1914,.F.);
#1543=ORIENTED_EDGE('',*,*,#1912,.F.);
#1544=ORIENTED_EDGE('',*,*,#1910,.F.);
#1545=ORIENTED_EDGE('',*,*,#1908,.F.);
#1546=ORIENTED_EDGE('',*,*,#1906,.F.);
#1547=ORIENTED_EDGE('',*,*,#1904,.F.);
#1548=EDGE_CURVE('',#1997,#1997,#2298,.F.);
#1549=EDGE_CURVE('',#1998,#1998,#374,.T.);
#1550=EDGE_CURVE('',#1999,#2000,#375,.T.);
#1551=EDGE_CURVE('',#2000,#2001,#376,.T.);
#1552=EDGE_CURVE('',#2002,#2001,#377,.T.);
#1553=EDGE_CURVE('',#2002,#2003,#378,.T.);
#1554=EDGE_CURVE('',#2003,#2004,#379,.T.);
#1555=EDGE_CURVE('',#2004,#2005,#380,.T.);
#1556=EDGE_CURVE('',#2006,#2005,#381,.T.);
#1557=EDGE_CURVE('',#2006,#2007,#382,.T.);
#1558=EDGE_CURVE('',#2007,#2008,#383,.T.);
#1559=EDGE_CURVE('',#2008,#2009,#384,.T.);
#1560=EDGE_CURVE('',#2010,#2009,#385,.T.);
#1561=EDGE_CURVE('',#2010,#2011,#386,.T.);
#1562=EDGE_CURVE('',#2011,#2012,#387,.T.);
#1563=EDGE_CURVE('',#2012,#2013,#388,.T.);
#1564=EDGE_CURVE('',#2014,#2013,#389,.T.);
#1565=EDGE_CURVE('',#2014,#2015,#390,.T.);
#1566=EDGE_CURVE('',#2015,#2016,#391,.T.);
#1567=EDGE_CURVE('',#2016,#2017,#392,.T.);
#1568=EDGE_CURVE('',#2018,#2017,#393,.T.);
#1569=EDGE_CURVE('',#2018,#2019,#394,.T.);
#1570=EDGE_CURVE('',#2019,#2020,#395,.T.);
#1571=EDGE_CURVE('',#2020,#2021,#396,.T.);
#1572=EDGE_CURVE('',#2022,#2021,#397,.T.);
#1573=EDGE_CURVE('',#2022,#2023,#398,.T.);
#1574=EDGE_CURVE('',#2023,#2024,#399,.T.);
#1575=EDGE_CURVE('',#2024,#2025,#400,.T.);
#1576=EDGE_CURVE('',#2026,#2025,#401,.T.);
#1577=EDGE_CURVE('',#2026,#2027,#402,.T.);
#1578=EDGE_CURVE('',#2027,#2028,#403,.T.);
#1579=EDGE_CURVE('',#2028,#2029,#404,.T.);
#1580=EDGE_CURVE('',#2030,#2029,#405,.T.);
#1581=EDGE_CURVE('',#2030,#2031,#406,.T.);
#1582=EDGE_CURVE('',#2031,#2032,#407,.T.);
#1583=EDGE_CURVE('',#2032,#2033,#408,.T.);
#1584=EDGE_CURVE('',#2034,#2033,#409,.T.);
#1585=EDGE_CURVE('',#2034,#2035,#410,.T.);
#1586=EDGE_CURVE('',#2035,#2036,#411,.T.);
#1587=EDGE_CURVE('',#2036,#2037,#412,.T.);
#1588=EDGE_CURVE('',#2038,#2037,#413,.T.);
#1589=EDGE_CURVE('',#2038,#2039,#414,.T.);
#1590=EDGE_CURVE('',#2039,#2040,#415,.T.);
#1591=EDGE_CURVE('',#2040,#2041,#416,.T.);
#1592=EDGE_CURVE('',#2042,#2041,#417,.T.);
#1593=EDGE_CURVE('',#2042,#2043,#418,.T.);
#1594=EDGE_CURVE('',#2043,#2044,#419,.T.);
#1595=EDGE_CURVE('',#2044,#2045,#420,.T.);
#1596=EDGE_CURVE('',#2046,#2045,#421,.T.);
#1597=EDGE_CURVE('',#2046,#2047,#422,.T.);
#1598=EDGE_CURVE('',#2047,#2048,#423,.T.);
#1599=EDGE_CURVE('',#2048,#2049,#424,.T.);
#1600=EDGE_CURVE('',#2050,#2049,#425,.T.);
#1601=EDGE_CURVE('',#2050,#2051,#426,.T.);
#1602=EDGE_CURVE('',#2051,#2052,#427,.T.);
#1603=EDGE_CURVE('',#2052,#2053,#428,.T.);
#1604=EDGE_CURVE('',#2054,#2053,#429,.T.);
#1605=EDGE_CURVE('',#2054,#2055,#430,.T.);
#1606=EDGE_CURVE('',#2055,#2056,#431,.T.);
#1607=EDGE_CURVE('',#2056,#2057,#432,.T.);
#1608=EDGE_CURVE('',#2058,#2057,#433,.T.);
#1609=EDGE_CURVE('',#2058,#2059,#434,.T.);
#1610=EDGE_CURVE('',#2059,#2060,#435,.T.);
#1611=EDGE_CURVE('',#2060,#2061,#436,.T.);
#1612=EDGE_CURVE('',#2062,#2061,#437,.T.);
#1613=EDGE_CURVE('',#2062,#2063,#438,.T.);
#1614=EDGE_CURVE('',#2063,#2064,#439,.T.);
#1615=EDGE_CURVE('',#2064,#2065,#440,.T.);
#1616=EDGE_CURVE('',#2066,#2065,#441,.T.);
#1617=EDGE_CURVE('',#2066,#2067,#442,.T.);
#1618=EDGE_CURVE('',#2067,#2068,#443,.T.);
#1619=EDGE_CURVE('',#2068,#2069,#444,.T.);
#1620=EDGE_CURVE('',#2070,#2069,#445,.T.);
#1621=EDGE_CURVE('',#2070,#2071,#446,.T.);
#1622=EDGE_CURVE('',#2071,#2072,#447,.T.);
#1623=EDGE_CURVE('',#2072,#2073,#448,.T.);
#1624=EDGE_CURVE('',#2074,#2073,#449,.T.);
#1625=EDGE_CURVE('',#2074,#2075,#450,.T.);
#1626=EDGE_CURVE('',#2075,#2076,#451,.T.);
#1627=EDGE_CURVE('',#2076,#2077,#452,.T.);
#1628=EDGE_CURVE('',#2078,#2077,#453,.T.);
#1629=EDGE_CURVE('',#2078,#2079,#454,.T.);
#1630=EDGE_CURVE('',#2079,#2080,#455,.T.);
#1631=EDGE_CURVE('',#2080,#2081,#456,.T.);
#1632=EDGE_CURVE('',#2082,#2081,#457,.T.);
#1633=EDGE_CURVE('',#2082,#2083,#458,.T.);
#1634=EDGE_CURVE('',#2083,#2084,#459,.T.);
#1635=EDGE_CURVE('',#2084,#2085,#460,.T.);
#1636=EDGE_CURVE('',#2086,#2085,#461,.T.);
#1637=EDGE_CURVE('',#2086,#2087,#462,.T.);
#1638=EDGE_CURVE('',#2087,#2088,#463,.T.);
#1639=EDGE_CURVE('',#2088,#2089,#464,.T.);
#1640=EDGE_CURVE('',#2090,#2089,#465,.T.);
#1641=EDGE_CURVE('',#2090,#2091,#466,.T.);
#1642=EDGE_CURVE('',#2091,#2092,#467,.T.);
#1643=EDGE_CURVE('',#2092,#2093,#468,.T.);
#1644=EDGE_CURVE('',#2094,#2093,#469,.T.);
#1645=EDGE_CURVE('',#2094,#2095,#470,.T.);
#1646=EDGE_CURVE('',#2095,#2096,#471,.T.);
#1647=EDGE_CURVE('',#2096,#2097,#472,.T.);
#1648=EDGE_CURVE('',#2098,#2097,#473,.T.);
#1649=EDGE_CURVE('',#2098,#1999,#474,.T.);
#1650=EDGE_CURVE('',#2099,#2069,#13,.T.);
#1651=EDGE_CURVE('',#2100,#2099,#475,.F.);
#1652=EDGE_CURVE('',#2100,#2070,#14,.T.);
#1653=EDGE_CURVE('',#2100,#2101,#476,.F.);
#1654=EDGE_CURVE('',#2101,#2071,#15,.T.);
#1655=EDGE_CURVE('',#2101,#2102,#477,.F.);
#1656=EDGE_CURVE('',#2102,#2072,#16,.T.);
#1657=EDGE_CURVE('',#2102,#2103,#478,.F.);
#1658=EDGE_CURVE('',#2103,#2073,#17,.T.);
#1659=EDGE_CURVE('',#2104,#2065,#18,.T.);
#1660=EDGE_CURVE('',#2105,#2104,#479,.F.);
#1661=EDGE_CURVE('',#2105,#2066,#19,.T.);
#1662=EDGE_CURVE('',#2105,#2106,#480,.F.);
#1663=EDGE_CURVE('',#2106,#2067,#20,.T.);
#1664=EDGE_CURVE('',#2106,#2107,#481,.F.);
#1665=EDGE_CURVE('',#2107,#2068,#21,.T.);
#1666=EDGE_CURVE('',#2107,#2099,#482,.F.);
#1667=EDGE_CURVE('',#2108,#2061,#22,.T.);
#1668=EDGE_CURVE('',#2109,#2108,#483,.F.);
#1669=EDGE_CURVE('',#2109,#2062,#23,.T.);
#1670=EDGE_CURVE('',#2109,#2110,#484,.F.);
#1671=EDGE_CURVE('',#2110,#2063,#24,.T.);
#1672=EDGE_CURVE('',#2110,#2111,#485,.F.);
#1673=EDGE_CURVE('',#2111,#2064,#25,.T.);
#1674=EDGE_CURVE('',#2111,#2104,#486,.F.);
#1675=EDGE_CURVE('',#2112,#2057,#26,.T.);
#1676=EDGE_CURVE('',#2113,#2112,#487,.F.);
#1677=EDGE_CURVE('',#2113,#2058,#27,.T.);
#1678=EDGE_CURVE('',#2113,#2114,#488,.F.);
#1679=EDGE_CURVE('',#2114,#2059,#28,.T.);
#1680=EDGE_CURVE('',#2114,#2115,#489,.F.);
#1681=EDGE_CURVE('',#2115,#2060,#29,.T.);
#1682=EDGE_CURVE('',#2115,#2108,#490,.F.);
#1683=EDGE_CURVE('',#2116,#2053,#30,.T.);
#1684=EDGE_CURVE('',#2117,#2116,#491,.F.);
#1685=EDGE_CURVE('',#2117,#2054,#31,.T.);
#1686=EDGE_CURVE('',#2117,#2118,#492,.F.);
#1687=EDGE_CURVE('',#2118,#2055,#32,.T.);
#1688=EDGE_CURVE('',#2118,#2119,#493,.F.);
#1689=EDGE_CURVE('',#2119,#2056,#33,.T.);
#1690=EDGE_CURVE('',#2119,#2112,#494,.F.);
#1691=EDGE_CURVE('',#2120,#2049,#34,.T.);
#1692=EDGE_CURVE('',#2121,#2120,#495,.F.);
#1693=EDGE_CURVE('',#2121,#2050,#35,.T.);
#1694=EDGE_CURVE('',#2121,#2122,#496,.F.);
#1695=EDGE_CURVE('',#2122,#2051,#36,.T.);
#1696=EDGE_CURVE('',#2122,#2123,#497,.F.);
#1697=EDGE_CURVE('',#2123,#2052,#37,.T.);
#1698=EDGE_CURVE('',#2123,#2116,#498,.F.);
#1699=EDGE_CURVE('',#2124,#2045,#38,.T.);
#1700=EDGE_CURVE('',#2125,#2124,#499,.F.);
#1701=EDGE_CURVE('',#2125,#2046,#39,.T.);
#1702=EDGE_CURVE('',#2125,#2126,#500,.F.);
#1703=EDGE_CURVE('',#2126,#2047,#40,.T.);
#1704=EDGE_CURVE('',#2126,#2127,#501,.F.);
#1705=EDGE_CURVE('',#2127,#2048,#41,.T.);
#1706=EDGE_CURVE('',#2127,#2120,#502,.F.);
#1707=EDGE_CURVE('',#2128,#2041,#42,.T.);
#1708=EDGE_CURVE('',#2129,#2128,#503,.F.);
#1709=EDGE_CURVE('',#2129,#2042,#43,.T.);
#1710=EDGE_CURVE('',#2129,#2130,#504,.F.);
#1711=EDGE_CURVE('',#2130,#2043,#44,.T.);
#1712=EDGE_CURVE('',#2130,#2131,#505,.F.);
#1713=EDGE_CURVE('',#2131,#2044,#45,.T.);
#1714=EDGE_CURVE('',#2131,#2124,#506,.F.);
#1715=EDGE_CURVE('',#2132,#2037,#46,.T.);
#1716=EDGE_CURVE('',#2133,#2132,#507,.F.);
#1717=EDGE_CURVE('',#2133,#2038,#47,.T.);
#1718=EDGE_CURVE('',#2133,#2134,#508,.F.);
#1719=EDGE_CURVE('',#2134,#2039,#48,.T.);
#1720=EDGE_CURVE('',#2134,#2135,#509,.F.);
#1721=EDGE_CURVE('',#2135,#2040,#49,.T.);
#1722=EDGE_CURVE('',#2135,#2128,#510,.F.);
#1723=EDGE_CURVE('',#2136,#2033,#50,.T.);
#1724=EDGE_CURVE('',#2137,#2136,#511,.F.);
#1725=EDGE_CURVE('',#2137,#2034,#51,.T.);
#1726=EDGE_CURVE('',#2137,#2138,#512,.F.);
#1727=EDGE_CURVE('',#2138,#2035,#52,.T.);
#1728=EDGE_CURVE('',#2138,#2139,#513,.F.);
#1729=EDGE_CURVE('',#2139,#2036,#53,.T.);
#1730=EDGE_CURVE('',#2139,#2132,#514,.F.);
#1731=EDGE_CURVE('',#2140,#2029,#54,.T.);
#1732=EDGE_CURVE('',#2141,#2140,#515,.F.);
#1733=EDGE_CURVE('',#2141,#2030,#55,.T.);
#1734=EDGE_CURVE('',#2141,#2142,#516,.F.);
#1735=EDGE_CURVE('',#2142,#2031,#56,.T.);
#1736=EDGE_CURVE('',#2142,#2143,#517,.F.);
#1737=EDGE_CURVE('',#2143,#2032,#57,.T.);
#1738=EDGE_CURVE('',#2143,#2136,#518,.F.);
#1739=EDGE_CURVE('',#2144,#2025,#58,.T.);
#1740=EDGE_CURVE('',#2145,#2144,#519,.F.);
#1741=EDGE_CURVE('',#2145,#2026,#59,.T.);
#1742=EDGE_CURVE('',#2145,#2146,#520,.F.);
#1743=EDGE_CURVE('',#2146,#2027,#60,.T.);
#1744=EDGE_CURVE('',#2146,#2147,#521,.F.);
#1745=EDGE_CURVE('',#2147,#2028,#61,.T.);
#1746=EDGE_CURVE('',#2147,#2140,#522,.F.);
#1747=EDGE_CURVE('',#2148,#2021,#62,.T.);
#1748=EDGE_CURVE('',#2149,#2148,#523,.F.);
#1749=EDGE_CURVE('',#2149,#2022,#63,.T.);
#1750=EDGE_CURVE('',#2149,#2150,#524,.F.);
#1751=EDGE_CURVE('',#2150,#2023,#64,.T.);
#1752=EDGE_CURVE('',#2150,#2151,#525,.F.);
#1753=EDGE_CURVE('',#2151,#2024,#65,.T.);
#1754=EDGE_CURVE('',#2151,#2144,#526,.F.);
#1755=EDGE_CURVE('',#2152,#2017,#66,.T.);
#1756=EDGE_CURVE('',#2153,#2152,#527,.F.);
#1757=EDGE_CURVE('',#2153,#2018,#67,.T.);
#1758=EDGE_CURVE('',#2153,#2154,#528,.F.);
#1759=EDGE_CURVE('',#2154,#2019,#68,.T.);
#1760=EDGE_CURVE('',#2154,#2155,#529,.F.);
#1761=EDGE_CURVE('',#2155,#2020,#69,.T.);
#1762=EDGE_CURVE('',#2155,#2148,#530,.F.);
#1763=EDGE_CURVE('',#2156,#2013,#70,.T.);
#1764=EDGE_CURVE('',#2157,#2156,#531,.F.);
#1765=EDGE_CURVE('',#2157,#2014,#71,.T.);
#1766=EDGE_CURVE('',#2157,#2158,#532,.F.);
#1767=EDGE_CURVE('',#2158,#2015,#72,.T.);
#1768=EDGE_CURVE('',#2158,#2159,#533,.F.);
#1769=EDGE_CURVE('',#2159,#2016,#73,.T.);
#1770=EDGE_CURVE('',#2159,#2152,#534,.F.);
#1771=EDGE_CURVE('',#2160,#2009,#74,.T.);
#1772=EDGE_CURVE('',#2161,#2160,#535,.F.);
#1773=EDGE_CURVE('',#2161,#2010,#75,.T.);
#1774=EDGE_CURVE('',#2161,#2162,#536,.F.);
#1775=EDGE_CURVE('',#2162,#2011,#76,.T.);
#1776=EDGE_CURVE('',#2162,#2163,#537,.F.);
#1777=EDGE_CURVE('',#2163,#2012,#77,.T.);
#1778=EDGE_CURVE('',#2163,#2156,#538,.F.);
#1779=EDGE_CURVE('',#2164,#2005,#78,.T.);
#1780=EDGE_CURVE('',#2165,#2164,#539,.F.);
#1781=EDGE_CURVE('',#2165,#2006,#79,.T.);
#1782=EDGE_CURVE('',#2165,#2166,#540,.F.);
#1783=EDGE_CURVE('',#2166,#2007,#80,.T.);
#1784=EDGE_CURVE('',#2166,#2167,#541,.F.);
#1785=EDGE_CURVE('',#2167,#2008,#81,.T.);
#1786=EDGE_CURVE('',#2167,#2160,#542,.F.);
#1787=EDGE_CURVE('',#2168,#2001,#82,.T.);
#1788=EDGE_CURVE('',#2169,#2168,#543,.F.);
#1789=EDGE_CURVE('',#2169,#2002,#83,.T.);
#1790=EDGE_CURVE('',#2169,#2170,#544,.F.);
#1791=EDGE_CURVE('',#2170,#2003,#84,.T.);
#1792=EDGE_CURVE('',#2170,#2171,#545,.F.);
#1793=EDGE_CURVE('',#2171,#2004,#85,.T.);
#1794=EDGE_CURVE('',#2171,#2164,#546,.F.);
#1795=EDGE_CURVE('',#2172,#2097,#86,.T.);
#1796=EDGE_CURVE('',#2173,#2172,#547,.F.);
#1797=EDGE_CURVE('',#2173,#2098,#87,.T.);
#1798=EDGE_CURVE('',#2173,#2174,#548,.F.);
#1799=EDGE_CURVE('',#2174,#1999,#88,.T.);
#1800=EDGE_CURVE('',#2174,#2175,#549,.F.);
#1801=EDGE_CURVE('',#2175,#2000,#89,.T.);
#1802=EDGE_CURVE('',#2175,#2168,#550,.F.);
#1803=EDGE_CURVE('',#2176,#2093,#90,.T.);
#1804=EDGE_CURVE('',#2177,#2176,#551,.F.);
#1805=EDGE_CURVE('',#2177,#2094,#91,.T.);
#1806=EDGE_CURVE('',#2177,#2178,#552,.F.);
#1807=EDGE_CURVE('',#2178,#2095,#92,.T.);
#1808=EDGE_CURVE('',#2178,#2179,#553,.F.);
#1809=EDGE_CURVE('',#2179,#2096,#93,.T.);
#1810=EDGE_CURVE('',#2179,#2172,#554,.F.);
#1811=EDGE_CURVE('',#2180,#2089,#94,.T.);
#1812=EDGE_CURVE('',#2181,#2180,#555,.F.);
#1813=EDGE_CURVE('',#2181,#2090,#95,.T.);
#1814=EDGE_CURVE('',#2181,#2182,#556,.F.);
#1815=EDGE_CURVE('',#2182,#2091,#96,.T.);
#1816=EDGE_CURVE('',#2182,#2183,#557,.F.);
#1817=EDGE_CURVE('',#2183,#2092,#97,.T.);
#1818=EDGE_CURVE('',#2183,#2176,#558,.F.);
#1819=EDGE_CURVE('',#2184,#2085,#98,.T.);
#1820=EDGE_CURVE('',#2185,#2184,#559,.F.);
#1821=EDGE_CURVE('',#2185,#2086,#99,.T.);
#1822=EDGE_CURVE('',#2185,#2186,#560,.F.);
#1823=EDGE_CURVE('',#2186,#2087,#100,.T.);
#1824=EDGE_CURVE('',#2186,#2187,#561,.F.);
#1825=EDGE_CURVE('',#2187,#2088,#101,.T.);
#1826=EDGE_CURVE('',#2187,#2180,#562,.F.);
#1827=EDGE_CURVE('',#2188,#2081,#102,.T.);
#1828=EDGE_CURVE('',#2189,#2188,#563,.F.);
#1829=EDGE_CURVE('',#2189,#2082,#103,.T.);
#1830=EDGE_CURVE('',#2189,#2190,#564,.F.);
#1831=EDGE_CURVE('',#2190,#2083,#104,.T.);
#1832=EDGE_CURVE('',#2190,#2191,#565,.F.);
#1833=EDGE_CURVE('',#2191,#2084,#105,.T.);
#1834=EDGE_CURVE('',#2191,#2184,#566,.F.);
#1835=EDGE_CURVE('',#2192,#2077,#106,.T.);
#1836=EDGE_CURVE('',#2193,#2192,#567,.F.);
#1837=EDGE_CURVE('',#2193,#2078,#107,.T.);
#1838=EDGE_CURVE('',#2193,#2194,#568,.F.);
#1839=EDGE_CURVE('',#2194,#2079,#108,.T.);
#1840=EDGE_CURVE('',#2194,#2195,#569,.F.);
#1841=EDGE_CURVE('',#2195,#2080,#109,.T.);
#1842=EDGE_CURVE('',#2195,#2188,#570,.F.);
#1843=EDGE_CURVE('',#2196,#2103,#571,.F.);
#1844=EDGE_CURVE('',#2196,#2074,#110,.T.);
#1845=EDGE_CURVE('',#2196,#2197,#572,.F.);
#1846=EDGE_CURVE('',#2197,#2075,#111,.T.);
#1847=EDGE_CURVE('',#2197,#2198,#573,.F.);
#1848=EDGE_CURVE('',#2198,#2076,#112,.T.);
#1849=EDGE_CURVE('',#2198,#2192,#574,.F.);
#1850=EDGE_CURVE('',#2199,#2199,#575,.T.);
#1851=EDGE_CURVE('',#2200,#2200,#576,.T.);
#1852=EDGE_CURVE('',#2201,#2201,#577,.T.);
#1853=EDGE_CURVE('',#2202,#2203,#578,.T.);
#1854=EDGE_CURVE('',#2203,#2204,#113,.T.);
#1855=EDGE_CURVE('',#2204,#2205,#579,.T.);
#1856=EDGE_CURVE('',#2205,#2206,#580,.T.);
#1857=EDGE_CURVE('',#2206,#2207,#581,.T.);
#1858=EDGE_CURVE('',#2207,#2208,#114,.T.);
#1859=EDGE_CURVE('',#2208,#2209,#582,.T.);
#1860=EDGE_CURVE('',#2209,#2210,#583,.T.);
#1861=EDGE_CURVE('',#2210,#2211,#584,.T.);
#1862=EDGE_CURVE('',#2211,#2212,#115,.T.);
#1863=EDGE_CURVE('',#2212,#2213,#585,.T.);
#1864=EDGE_CURVE('',#2213,#2214,#586,.T.);
#1865=EDGE_CURVE('',#2214,#2215,#587,.T.);
#1866=EDGE_CURVE('',#2215,#2216,#116,.T.);
#1867=EDGE_CURVE('',#2216,#2217,#588,.T.);
#1868=EDGE_CURVE('',#2217,#2218,#589,.T.);
#1869=EDGE_CURVE('',#2218,#2219,#590,.T.);
#1870=EDGE_CURVE('',#2219,#2220,#117,.T.);
#1871=EDGE_CURVE('',#2220,#2221,#591,.T.);
#1872=EDGE_CURVE('',#2221,#2222,#592,.T.);
#1873=EDGE_CURVE('',#2222,#2223,#593,.T.);
#1874=EDGE_CURVE('',#2223,#2224,#118,.T.);
#1875=EDGE_CURVE('',#2224,#2225,#594,.T.);
#1876=EDGE_CURVE('',#2225,#2226,#595,.T.);
#1877=EDGE_CURVE('',#2226,#2227,#596,.T.);
#1878=EDGE_CURVE('',#2227,#2228,#119,.T.);
#1879=EDGE_CURVE('',#2228,#2229,#597,.T.);
#1880=EDGE_CURVE('',#2229,#2230,#598,.T.);
#1881=EDGE_CURVE('',#2230,#2231,#599,.T.);
#1882=EDGE_CURVE('',#2231,#2232,#120,.T.);
#1883=EDGE_CURVE('',#2232,#2233,#600,.T.);
#1884=EDGE_CURVE('',#2233,#2234,#601,.T.);
#1885=EDGE_CURVE('',#2234,#2235,#602,.T.);
#1886=EDGE_CURVE('',#2235,#2236,#121,.T.);
#1887=EDGE_CURVE('',#2236,#2237,#603,.T.);
#1888=EDGE_CURVE('',#2237,#2238,#604,.T.);
#1889=EDGE_CURVE('',#2238,#2239,#605,.T.);
#1890=EDGE_CURVE('',#2239,#2240,#122,.T.);
#1891=EDGE_CURVE('',#2240,#2241,#606,.T.);
#1892=EDGE_CURVE('',#2241,#2242,#607,.T.);
#1893=EDGE_CURVE('',#2242,#2243,#608,.T.);
#1894=EDGE_CURVE('',#2243,#2244,#123,.T.);
#1895=EDGE_CURVE('',#2244,#2245,#609,.T.);
#1896=EDGE_CURVE('',#2245,#2246,#610,.T.);
#1897=EDGE_CURVE('',#2246,#2247,#611,.T.);
#1898=EDGE_CURVE('',#2247,#2248,#124,.T.);
#1899=EDGE_CURVE('',#2248,#2249,#612,.T.);
#1900=EDGE_CURVE('',#2249,#2202,#613,.T.);
#1901=EDGE_CURVE('',#2250,#2249,#125,.T.);
#1902=EDGE_CURVE('',#2250,#2251,#614,.T.);
#1903=EDGE_CURVE('',#2251,#2202,#126,.T.);
#1904=EDGE_CURVE('',#2251,#2252,#615,.T.);
#1905=EDGE_CURVE('',#2252,#2203,#127,.T.);
#1906=EDGE_CURVE('',#2252,#2253,#128,.T.);
#1907=EDGE_CURVE('',#2253,#2204,#129,.T.);
#1908=EDGE_CURVE('',#2253,#2254,#616,.T.);
#1909=EDGE_CURVE('',#2254,#2205,#130,.T.);
#1910=EDGE_CURVE('',#2254,#2255,#617,.T.);
#1911=EDGE_CURVE('',#2255,#2206,#131,.T.);
#1912=EDGE_CURVE('',#2255,#2256,#618,.T.);
#1913=EDGE_CURVE('',#2256,#2207,#132,.T.);
#1914=EDGE_CURVE('',#2256,#2257,#133,.T.);
#1915=EDGE_CURVE('',#2257,#2208,#134,.T.);
#1916=EDGE_CURVE('',#2257,#2258,#619,.T.);
#1917=EDGE_CURVE('',#2258,#2209,#135,.T.);
#1918=EDGE_CURVE('',#2258,#2259,#620,.T.);
#1919=EDGE_CURVE('',#2259,#2210,#136,.T.);
#1920=EDGE_CURVE('',#2259,#2260,#621,.T.);
#1921=EDGE_CURVE('',#2260,#2211,#137,.T.);
#1922=EDGE_CURVE('',#2260,#2261,#138,.T.);
#1923=EDGE_CURVE('',#2261,#2212,#139,.T.);
#1924=EDGE_CURVE('',#2261,#2262,#622,.T.);
#1925=EDGE_CURVE('',#2262,#2213,#140,.T.);
#1926=EDGE_CURVE('',#2262,#2263,#623,.T.);
#1927=EDGE_CURVE('',#2263,#2214,#141,.T.);
#1928=EDGE_CURVE('',#2263,#2264,#624,.T.);
#1929=EDGE_CURVE('',#2264,#2215,#142,.T.);
#1930=EDGE_CURVE('',#2264,#2265,#143,.T.);
#1931=EDGE_CURVE('',#2265,#2216,#144,.T.);
#1932=EDGE_CURVE('',#2265,#2266,#625,.T.);
#1933=EDGE_CURVE('',#2266,#2217,#145,.T.);
#1934=EDGE_CURVE('',#2266,#2267,#626,.T.);
#1935=EDGE_CURVE('',#2267,#2218,#146,.T.);
#1936=EDGE_CURVE('',#2267,#2268,#627,.T.);
#1937=EDGE_CURVE('',#2268,#2219,#147,.T.);
#1938=EDGE_CURVE('',#2268,#2269,#148,.T.);
#1939=EDGE_CURVE('',#2269,#2220,#149,.T.);
#1940=EDGE_CURVE('',#2269,#2270,#628,.T.);
#1941=EDGE_CURVE('',#2270,#2221,#150,.T.);
#1942=EDGE_CURVE('',#2270,#2271,#629,.T.);
#1943=EDGE_CURVE('',#2271,#2222,#151,.T.);
#1944=EDGE_CURVE('',#2271,#2272,#630,.T.);
#1945=EDGE_CURVE('',#2272,#2223,#152,.T.);
#1946=EDGE_CURVE('',#2272,#2273,#153,.T.);
#1947=EDGE_CURVE('',#2273,#2224,#154,.T.);
#1948=EDGE_CURVE('',#2273,#2274,#631,.T.);
#1949=EDGE_CURVE('',#2274,#2225,#155,.T.);
#1950=EDGE_CURVE('',#2274,#2275,#632,.T.);
#1951=EDGE_CURVE('',#2275,#2226,#156,.T.);
#1952=EDGE_CURVE('',#2275,#2276,#633,.T.);
#1953=EDGE_CURVE('',#2276,#2227,#157,.T.);
#1954=EDGE_CURVE('',#2276,#2277,#158,.T.);
#1955=EDGE_CURVE('',#2277,#2228,#159,.T.);
#1956=EDGE_CURVE('',#2277,#2278,#634,.T.);
#1957=EDGE_CURVE('',#2278,#2229,#160,.T.);
#1958=EDGE_CURVE('',#2278,#2279,#635,.T.);
#1959=EDGE_CURVE('',#2279,#2230,#161,.T.);
#1960=EDGE_CURVE('',#2279,#2280,#636,.T.);
#1961=EDGE_CURVE('',#2280,#2231,#162,.T.);
#1962=EDGE_CURVE('',#2280,#2281,#163,.T.);
#1963=EDGE_CURVE('',#2281,#2232,#164,.T.);
#1964=EDGE_CURVE('',#2281,#2282,#637,.T.);
#1965=EDGE_CURVE('',#2282,#2233,#165,.T.);
#1966=EDGE_CURVE('',#2282,#2283,#638,.T.);
#1967=EDGE_CURVE('',#2283,#2234,#166,.T.);
#1968=EDGE_CURVE('',#2283,#2284,#639,.T.);
#1969=EDGE_CURVE('',#2284,#2235,#167,.T.);
#1970=EDGE_CURVE('',#2284,#2285,#168,.T.);
#1971=EDGE_CURVE('',#2285,#2236,#169,.T.);
#1972=EDGE_CURVE('',#2285,#2286,#640,.T.);
#1973=EDGE_CURVE('',#2286,#2237,#170,.T.);
#1974=EDGE_CURVE('',#2286,#2287,#641,.T.);
#1975=EDGE_CURVE('',#2287,#2238,#171,.T.);
#1976=EDGE_CURVE('',#2287,#2288,#642,.T.);
#1977=EDGE_CURVE('',#2288,#2239,#172,.T.);
#1978=EDGE_CURVE('',#2288,#2289,#173,.T.);
#1979=EDGE_CURVE('',#2289,#2240,#174,.T.);
#1980=EDGE_CURVE('',#2289,#2290,#643,.T.);
#1981=EDGE_CURVE('',#2290,#2241,#175,.T.);
#1982=EDGE_CURVE('',#2290,#2291,#644,.T.);
#1983=EDGE_CURVE('',#2291,#2242,#176,.T.);
#1984=EDGE_CURVE('',#2291,#2292,#645,.T.);
#1985=EDGE_CURVE('',#2292,#2243,#177,.T.);
#1986=EDGE_CURVE('',#2292,#2293,#178,.T.);
#1987=EDGE_CURVE('',#2293,#2244,#179,.T.);
#1988=EDGE_CURVE('',#2293,#2294,#646,.T.);
#1989=EDGE_CURVE('',#2294,#2245,#180,.T.);
#1990=EDGE_CURVE('',#2294,#2295,#647,.T.);
#1991=EDGE_CURVE('',#2295,#2246,#181,.T.);
#1992=EDGE_CURVE('',#2295,#2296,#648,.T.);
#1993=EDGE_CURVE('',#2296,#2247,#182,.T.);
#1994=EDGE_CURVE('',#2296,#2297,#183,.T.);
#1995=EDGE_CURVE('',#2297,#2248,#184,.T.);
#1996=EDGE_CURVE('',#2297,#2250,#649,.T.);
#1997=VERTEX_POINT('',#4415);
#1998=VERTEX_POINT('',#4417);
#1999=VERTEX_POINT('',#4420);
#2000=VERTEX_POINT('',#4421);
#2001=VERTEX_POINT('',#4423);
#2002=VERTEX_POINT('',#4425);
#2003=VERTEX_POINT('',#4427);
#2004=VERTEX_POINT('',#4429);
#2005=VERTEX_POINT('',#4431);
#2006=VERTEX_POINT('',#4433);
#2007=VERTEX_POINT('',#4435);
#2008=VERTEX_POINT('',#4437);
#2009=VERTEX_POINT('',#4439);
#2010=VERTEX_POINT('',#4441);
#2011=VERTEX_POINT('',#4443);
#2012=VERTEX_POINT('',#4445);
#2013=VERTEX_POINT('',#4447);
#2014=VERTEX_POINT('',#4449);
#2015=VERTEX_POINT('',#4451);
#2016=VERTEX_POINT('',#4453);
#2017=VERTEX_POINT('',#4455);
#2018=VERTEX_POINT('',#4457);
#2019=VERTEX_POINT('',#4459);
#2020=VERTEX_POINT('',#4461);
#2021=VERTEX_POINT('',#4463);
#2022=VERTEX_POINT('',#4465);
#2023=VERTEX_POINT('',#4467);
#2024=VERTEX_POINT('',#4469);
#2025=VERTEX_POINT('',#4471);
#2026=VERTEX_POINT('',#4473);
#2027=VERTEX_POINT('',#4475);
#2028=VERTEX_POINT('',#4477);
#2029=VERTEX_POINT('',#4479);
#2030=VERTEX_POINT('',#4481);
#2031=VERTEX_POINT('',#4483);
#2032=VERTEX_POINT('',#4485);
#2033=VERTEX_POINT('',#4487);
#2034=VERTEX_POINT('',#4489);
#2035=VERTEX_POINT('',#4491);
#2036=VERTEX_POINT('',#4493);
#2037=VERTEX_POINT('',#4495);
#2038=VERTEX_POINT('',#4497);
#2039=VERTEX_POINT('',#4499);
#2040=VERTEX_POINT('',#4501);
#2041=VERTEX_POINT('',#4503);
#2042=VERTEX_POINT('',#4505);
#2043=VERTEX_POINT('',#4507);
#2044=VERTEX_POINT('',#4509);
#2045=VERTEX_POINT('',#4511);
#2046=VERTEX_POINT('',#4513);
#2047=VERTEX_POINT('',#4515);
#2048=VERTEX_POINT('',#4517);
#2049=VERTEX_POINT('',#4519);
#2050=VERTEX_POINT('',#4521);
#2051=VERTEX_POINT('',#4523);
#2052=VERTEX_POINT('',#4525);
#2053=VERTEX_POINT('',#4527);
#2054=VERTEX_POINT('',#4529);
#2055=VERTEX_POINT('',#4531);
#2056=VERTEX_POINT('',#4533);
#2057=VERTEX_POINT('',#4535);
#2058=VERTEX_POINT('',#4537);
#2059=VERTEX_POINT('',#4539);
#2060=VERTEX_POINT('',#4541);
#2061=VERTEX_POINT('',#4543);
#2062=VERTEX_POINT('',#4545);
#2063=VERTEX_POINT('',#4547);
#2064=VERTEX_POINT('',#4549);
#2065=VERTEX_POINT('',#4551);
#2066=VERTEX_POINT('',#4553);
#2067=VERTEX_POINT('',#4555);
#2068=VERTEX_POINT('',#4557);
#2069=VERTEX_POINT('',#4559);
#2070=VERTEX_POINT('',#4561);
#2071=VERTEX_POINT('',#4563);
#2072=VERTEX_POINT('',#4565);
#2073=VERTEX_POINT('',#4567);
#2074=VERTEX_POINT('',#4569);
#2075=VERTEX_POINT('',#4571);
#2076=VERTEX_POINT('',#4573);
#2077=VERTEX_POINT('',#4575);
#2078=VERTEX_POINT('',#4577);
#2079=VERTEX_POINT('',#4579);
#2080=VERTEX_POINT('',#4581);
#2081=VERTEX_POINT('',#4583);
#2082=VERTEX_POINT('',#4585);
#2083=VERTEX_POINT('',#4587);
#2084=VERTEX_POINT('',#4589);
#2085=VERTEX_POINT('',#4591);
#2086=VERTEX_POINT('',#4593);
#2087=VERTEX_POINT('',#4595);
#2088=VERTEX_POINT('',#4597);
#2089=VERTEX_POINT('',#4599);
#2090=VERTEX_POINT('',#4601);
#2091=VERTEX_POINT('',#4603);
#2092=VERTEX_POINT('',#4605);
#2093=VERTEX_POINT('',#4607);
#2094=VERTEX_POINT('',#4609);
#2095=VERTEX_POINT('',#4611);
#2096=VERTEX_POINT('',#4613);
#2097=VERTEX_POINT('',#4615);
#2098=VERTEX_POINT('',#4617);
#2099=VERTEX_POINT('',#4621);
#2100=VERTEX_POINT('',#4623);
#2101=VERTEX_POINT('',#4627);
#2102=VERTEX_POINT('',#4631);
#2103=VERTEX_POINT('',#4635);
#2104=VERTEX_POINT('',#4639);
#2105=VERTEX_POINT('',#4641);
#2106=VERTEX_POINT('',#4645);
#2107=VERTEX_POINT('',#4649);
#2108=VERTEX_POINT('',#4655);
#2109=VERTEX_POINT('',#4657);
#2110=VERTEX_POINT('',#4661);
#2111=VERTEX_POINT('',#4665);
#2112=VERTEX_POINT('',#4671);
#2113=VERTEX_POINT('',#4673);
#2114=VERTEX_POINT('',#4677);
#2115=VERTEX_POINT('',#4681);
#2116=VERTEX_POINT('',#4687);
#2117=VERTEX_POINT('',#4689);
#2118=VERTEX_POINT('',#4693);
#2119=VERTEX_POINT('',#4697);
#2120=VERTEX_POINT('',#4703);
#2121=VERTEX_POINT('',#4705);
#2122=VERTEX_POINT('',#4709);
#2123=VERTEX_POINT('',#4713);
#2124=VERTEX_POINT('',#4719);
#2125=VERTEX_POINT('',#4721);
#2126=VERTEX_POINT('',#4725);
#2127=VERTEX_POINT('',#4729);
#2128=VERTEX_POINT('',#4735);
#2129=VERTEX_POINT('',#4737);
#2130=VERTEX_POINT('',#4741);
#2131=VERTEX_POINT('',#4745);
#2132=VERTEX_POINT('',#4751);
#2133=VERTEX_POINT('',#4753);
#2134=VERTEX_POINT('',#4757);
#2135=VERTEX_POINT('',#4761);
#2136=VERTEX_POINT('',#4767);
#2137=VERTEX_POINT('',#4769);
#2138=VERTEX_POINT('',#4773);
#2139=VERTEX_POINT('',#4777);
#2140=VERTEX_POINT('',#4783);
#2141=VERTEX_POINT('',#4785);
#2142=VERTEX_POINT('',#4789);
#2143=VERTEX_POINT('',#4793);
#2144=VERTEX_POINT('',#4799);
#2145=VERTEX_POINT('',#4801);
#2146=VERTEX_POINT('',#4805);
#2147=VERTEX_POINT('',#4809);
#2148=VERTEX_POINT('',#4815);
#2149=VERTEX_POINT('',#4817);
#2150=VERTEX_POINT('',#4821);
#2151=VERTEX_POINT('',#4825);
#2152=VERTEX_POINT('',#4831);
#2153=VERTEX_POINT('',#4833);
#2154=VERTEX_POINT('',#4837);
#2155=VERTEX_POINT('',#4841);
#2156=VERTEX_POINT('',#4847);
#2157=VERTEX_POINT('',#4849);
#2158=VERTEX_POINT('',#4853);
#2159=VERTEX_POINT('',#4857);
#2160=VERTEX_POINT('',#4863);
#2161=VERTEX_POINT('',#4865);
#2162=VERTEX_POINT('',#4869);
#2163=VERTEX_POINT('',#4873);
#2164=VERTEX_POINT('',#4879);
#2165=VERTEX_POINT('',#4881);
#2166=VERTEX_POINT('',#4885);
#2167=VERTEX_POINT('',#4889);
#2168=VERTEX_POINT('',#4895);
#2169=VERTEX_POINT('',#4897);
#2170=VERTEX_POINT('',#4901);
#2171=VERTEX_POINT('',#4905);
#2172=VERTEX_POINT('',#4911);
#2173=VERTEX_POINT('',#4913);
#2174=VERTEX_POINT('',#4917);
#2175=VERTEX_POINT('',#4921);
#2176=VERTEX_POINT('',#4927);
#2177=VERTEX_POINT('',#4929);
#2178=VERTEX_POINT('',#4933);
#2179=VERTEX_POINT('',#4937);
#2180=VERTEX_POINT('',#4943);
#2181=VERTEX_POINT('',#4945);
#2182=VERTEX_POINT('',#4949);
#2183=VERTEX_POINT('',#4953);
#2184=VERTEX_POINT('',#4959);
#2185=VERTEX_POINT('',#4961);
#2186=VERTEX_POINT('',#4965);
#2187=VERTEX_POINT('',#4969);
#2188=VERTEX_POINT('',#4975);
#2189=VERTEX_POINT('',#4977);
#2190=VERTEX_POINT('',#4981);
#2191=VERTEX_POINT('',#4985);
#2192=VERTEX_POINT('',#4991);
#2193=VERTEX_POINT('',#4993);
#2194=VERTEX_POINT('',#4997);
#2195=VERTEX_POINT('',#5001);
#2196=VERTEX_POINT('',#5007);
#2197=VERTEX_POINT('',#5011);
#2198=VERTEX_POINT('',#5015);
#2199=VERTEX_POINT('',#5022);
#2200=VERTEX_POINT('',#5025);
#2201=VERTEX_POINT('',#5027);
#2202=VERTEX_POINT('',#5031);
#2203=VERTEX_POINT('',#5032);
#2204=VERTEX_POINT('',#5034);
#2205=VERTEX_POINT('',#5036);
#2206=VERTEX_POINT('',#5038);
#2207=VERTEX_POINT('',#5040);
#2208=VERTEX_POINT('',#5042);
#2209=VERTEX_POINT('',#5044);
#2210=VERTEX_POINT('',#5046);
#2211=VERTEX_POINT('',#5048);
#2212=VERTEX_POINT('',#5050);
#2213=VERTEX_POINT('',#5052);
#2214=VERTEX_POINT('',#5054);
#2215=VERTEX_POINT('',#5056);
#2216=VERTEX_POINT('',#5058);
#2217=VERTEX_POINT('',#5060);
#2218=VERTEX_POINT('',#5062);
#2219=VERTEX_POINT('',#5064);
#2220=VERTEX_POINT('',#5066);
#2221=VERTEX_POINT('',#5068);
#2222=VERTEX_POINT('',#5070);
#2223=VERTEX_POINT('',#5072);
#2224=VERTEX_POINT('',#5074);
#2225=VERTEX_POINT('',#5076);
#2226=VERTEX_POINT('',#5078);
#2227=VERTEX_POINT('',#5080);
#2228=VERTEX_POINT('',#5082);
#2229=VERTEX_POINT('',#5084);
#2230=VERTEX_POINT('',#5086);
#2231=VERTEX_POINT('',#5088);
#2232=VERTEX_POINT('',#5090);
#2233=VERTEX_POINT('',#5092);
#2234=VERTEX_POINT('',#5094);
#2235=VERTEX_POINT('',#5096);
#2236=VERTEX_POINT('',#5098);
#2237=VERTEX_POINT('',#5100);
#2238=VERTEX_POINT('',#5102);
#2239=VERTEX_POINT('',#5104);
#2240=VERTEX_POINT('',#5106);
#2241=VERTEX_POINT('',#5108);
#2242=VERTEX_POINT('',#5110);
#2243=VERTEX_POINT('',#5112);
#2244=VERTEX_POINT('',#5114);
#2245=VERTEX_POINT('',#5116);
#2246=VERTEX_POINT('',#5118);
#2247=VERTEX_POINT('',#5120);
#2248=VERTEX_POINT('',#5122);
#2249=VERTEX_POINT('',#5124);
#2250=VERTEX_POINT('',#5128);
#2251=VERTEX_POINT('',#5130);
#2252=VERTEX_POINT('',#5134);
#2253=VERTEX_POINT('',#5138);
#2254=VERTEX_POINT('',#5142);
#2255=VERTEX_POINT('',#5146);
#2256=VERTEX_POINT('',#5150);
#2257=VERTEX_POINT('',#5154);
#2258=VERTEX_POINT('',#5158);
#2259=VERTEX_POINT('',#5162);
#2260=VERTEX_POINT('',#5166);
#2261=VERTEX_POINT('',#5170);
#2262=VERTEX_POINT('',#5174);
#2263=VERTEX_POINT('',#5178);
#2264=VERTEX_POINT('',#5182);
#2265=VERTEX_POINT('',#5186);
#2266=VERTEX_POINT('',#5190);
#2267=VERTEX_POINT('',#5194);
#2268=VERTEX_POINT('',#5198);
#2269=VERTEX_POINT('',#5202);
#2270=VERTEX_POINT('',#5206);
#2271=VERTEX_POINT('',#5210);
#2272=VERTEX_POINT('',#5214);
#2273=VERTEX_POINT('',#5218);
#2274=VERTEX_POINT('',#5222);
#2275=VERTEX_POINT('',#5226);
#2276=VERTEX_POINT('',#5230);
#2277=VERTEX_POINT('',#5234);
#2278=VERTEX_POINT('',#5238);
#2279=VERTEX_POINT('',#5242);
#2280=VERTEX_POINT('',#5246);
#2281=VERTEX_POINT('',#5250);
#2282=VERTEX_POINT('',#5254);
#2283=VERTEX_POINT('',#5258);
#2284=VERTEX_POINT('',#5262);
#2285=VERTEX_POINT('',#5266);
#2286=VERTEX_POINT('',#5270);
#2287=VERTEX_POINT('',#5274);
#2288=VERTEX_POINT('',#5278);
#2289=VERTEX_POINT('',#5282);
#2290=VERTEX_POINT('',#5286);
#2291=VERTEX_POINT('',#5290);
#2292=VERTEX_POINT('',#5294);
#2293=VERTEX_POINT('',#5298);
#2294=VERTEX_POINT('',#5302);
#2295=VERTEX_POINT('',#5306);
#2296=VERTEX_POINT('',#5310);
#2297=VERTEX_POINT('',#5314);
#2298=B_SPLINE_CURVE_WITH_KNOTS('',3,(#4404,#4405,#4406,#4407,#4408,#4409,
#4410,#4411,#4412,#4413,#4414),.UNSPECIFIED.,.T.,.F.,(1,1,1,1,1,1,1,1,1,
1,1,1,1,1,1),(-0.0078221015129658,-0.0052147343419772,-0.0026073671709886,
0.,0.0026073671709886,0.0052147343419772,0.0078221015129658,0.0104294686839544,
0.013036835854943,0.0156442030259316,0.0182515701969202,0.0208589373679088,
0.0234663045388974,0.026073671709886,0.0286810388808746),.UNSPECIFIED.);
#2299=EDGE_LOOP('',(#650));
#2300=EDGE_LOOP('',(#651));
#2301=EDGE_LOOP('',(#652,#653,#654,#655,#656,#657,#658,#659,#660,#661,#662,
#663,#664,#665,#666,#667,#668,#669,#670,#671,#672,#673,#674,#675,#676,#677,
#678,#679,#680,#681,#682,#683,#684,#685,#686,#687,#688,#689,#690,#691,#692,
#693,#694,#695,#696,#697,#698,#699,#700,#701,#702,#703,#704,#705,#706,#707,
#708,#709,#710,#711,#712,#713,#714,#715,#716,#717,#718,#719,#720,#721,#722,
#723,#724,#725,#726,#727,#728,#729,#730,#731,#732,#733,#734,#735,#736,#737,
#738,#739,#740,#741,#742,#743,#744,#745,#746,#747,#748,#749,#750,#751));
#2302=EDGE_LOOP('',(#752));
#2303=EDGE_LOOP('',(#753,#754,#755,#756));
#2304=EDGE_LOOP('',(#757,#758,#759,#760));
#2305=EDGE_LOOP('',(#761,#762,#763,#764));
#2306=EDGE_LOOP('',(#765,#766,#767,#768));
#2307=EDGE_LOOP('',(#769,#770,#771,#772));
#2308=EDGE_LOOP('',(#773,#774,#775,#776));
#2309=EDGE_LOOP('',(#777,#778,#779,#780));
#2310=EDGE_LOOP('',(#781,#782,#783,#784));
#2311=EDGE_LOOP('',(#785,#786,#787,#788));
#2312=EDGE_LOOP('',(#789,#790,#791,#792));
#2313=EDGE_LOOP('',(#793,#794,#795,#796));
#2314=EDGE_LOOP('',(#797,#798,#799,#800));
#2315=EDGE_LOOP('',(#801,#802,#803,#804));
#2316=EDGE_LOOP('',(#805,#806,#807,#808));
#2317=EDGE_LOOP('',(#809,#810,#811,#812));
#2318=EDGE_LOOP('',(#813,#814,#815,#816));
#2319=EDGE_LOOP('',(#817,#818,#819,#820));
#2320=EDGE_LOOP('',(#821,#822,#823,#824));
#2321=EDGE_LOOP('',(#825,#826,#827,#828));
#2322=EDGE_LOOP('',(#829,#830,#831,#832));
#2323=EDGE_LOOP('',(#833,#834,#835,#836));
#2324=EDGE_LOOP('',(#837,#838,#839,#840));
#2325=EDGE_LOOP('',(#841,#842,#843,#844));
#2326=EDGE_LOOP('',(#845,#846,#847,#848));
#2327=EDGE_LOOP('',(#849,#850,#851,#852));
#2328=EDGE_LOOP('',(#853,#854,#855,#856));
#2329=EDGE_LOOP('',(#857,#858,#859,#860));
#2330=EDGE_LOOP('',(#861,#862,#863,#864));
#2331=EDGE_LOOP('',(#865,#866,#867,#868));
#2332=EDGE_LOOP('',(#869,#870,#871,#872));
#2333=EDGE_LOOP('',(#873,#874,#875,#876));
#2334=EDGE_LOOP('',(#877,#878,#879,#880));
#2335=EDGE_LOOP('',(#881,#882,#883,#884));
#2336=EDGE_LOOP('',(#885,#886,#887,#888));
#2337=EDGE_LOOP('',(#889,#890,#891,#892));
#2338=EDGE_LOOP('',(#893,#894,#895,#896));
#2339=EDGE_LOOP('',(#897,#898,#899,#900));
#2340=EDGE_LOOP('',(#901,#902,#903,#904));
#2341=EDGE_LOOP('',(#905,#906,#907,#908));
#2342=EDGE_LOOP('',(#909,#910,#911,#912));
#2343=EDGE_LOOP('',(#913,#914,#915,#916));
#2344=EDGE_LOOP('',(#917,#918,#919,#920));
#2345=EDGE_LOOP('',(#921,#922,#923,#924));
#2346=EDGE_LOOP('',(#925,#926,#927,#928));
#2347=EDGE_LOOP('',(#929,#930,#931,#932));
#2348=EDGE_LOOP('',(#933,#934,#935,#936));
#2349=EDGE_LOOP('',(#937,#938,#939,#940));
#2350=EDGE_LOOP('',(#941,#942,#943,#944));
#2351=EDGE_LOOP('',(#945,#946,#947,#948));
#2352=EDGE_LOOP('',(#949,#950,#951,#952));
#2353=EDGE_LOOP('',(#953,#954,#955,#956));
#2354=EDGE_LOOP('',(#957,#958,#959,#960));
#2355=EDGE_LOOP('',(#961,#962,#963,#964));
#2356=EDGE_LOOP('',(#965,#966,#967,#968));
#2357=EDGE_LOOP('',(#969,#970,#971,#972));
#2358=EDGE_LOOP('',(#973,#974,#975,#976));
#2359=EDGE_LOOP('',(#977,#978,#979,#980));
#2360=EDGE_LOOP('',(#981,#982,#983,#984));
#2361=EDGE_LOOP('',(#985,#986,#987,#988));
#2362=EDGE_LOOP('',(#989,#990,#991,#992));
#2363=EDGE_LOOP('',(#993,#994,#995,#996));
#2364=EDGE_LOOP('',(#997,#998,#999,#1000));
#2365=EDGE_LOOP('',(#1001,#1002,#1003,#1004));
#2366=EDGE_LOOP('',(#1005,#1006,#1007,#1008));
#2367=EDGE_LOOP('',(#1009,#1010,#1011,#1012));
#2368=EDGE_LOOP('',(#1013,#1014,#1015,#1016));
#2369=EDGE_LOOP('',(#1017,#1018,#1019,#1020));
#2370=EDGE_LOOP('',(#1021,#1022,#1023,#1024));
#2371=EDGE_LOOP('',(#1025,#1026,#1027,#1028));
#2372=EDGE_LOOP('',(#1029,#1030,#1031,#1032));
#2373=EDGE_LOOP('',(#1033,#1034,#1035,#1036));
#2374=EDGE_LOOP('',(#1037,#1038,#1039,#1040));
#2375=EDGE_LOOP('',(#1041,#1042,#1043,#1044));
#2376=EDGE_LOOP('',(#1045,#1046,#1047,#1048));
#2377=EDGE_LOOP('',(#1049,#1050,#1051,#1052));
#2378=EDGE_LOOP('',(#1053,#1054,#1055,#1056));
#2379=EDGE_LOOP('',(#1057,#1058,#1059,#1060));
#2380=EDGE_LOOP('',(#1061,#1062,#1063,#1064));
#2381=EDGE_LOOP('',(#1065,#1066,#1067,#1068));
#2382=EDGE_LOOP('',(#1069,#1070,#1071,#1072));
#2383=EDGE_LOOP('',(#1073,#1074,#1075,#1076));
#2384=EDGE_LOOP('',(#1077,#1078,#1079,#1080));
#2385=EDGE_LOOP('',(#1081,#1082,#1083,#1084));
#2386=EDGE_LOOP('',(#1085,#1086,#1087,#1088));
#2387=EDGE_LOOP('',(#1089,#1090,#1091,#1092));
#2388=EDGE_LOOP('',(#1093,#1094,#1095,#1096));
#2389=EDGE_LOOP('',(#1097,#1098,#1099,#1100));
#2390=EDGE_LOOP('',(#1101,#1102,#1103,#1104));
#2391=EDGE_LOOP('',(#1105,#1106,#1107,#1108));
#2392=EDGE_LOOP('',(#1109,#1110,#1111,#1112));
#2393=EDGE_LOOP('',(#1113,#1114,#1115,#1116));
#2394=EDGE_LOOP('',(#1117,#1118,#1119,#1120));
#2395=EDGE_LOOP('',(#1121,#1122,#1123,#1124));
#2396=EDGE_LOOP('',(#1125,#1126,#1127,#1128));
#2397=EDGE_LOOP('',(#1129,#1130,#1131,#1132));
#2398=EDGE_LOOP('',(#1133,#1134,#1135,#1136));
#2399=EDGE_LOOP('',(#1137,#1138,#1139,#1140));
#2400=EDGE_LOOP('',(#1141,#1142,#1143,#1144));
#2401=EDGE_LOOP('',(#1145,#1146,#1147,#1148));
#2402=EDGE_LOOP('',(#1149,#1150,#1151,#1152));
#2403=EDGE_LOOP('',(#1153,#1154,#1155,#1156,#1157,#1158,#1159,#1160,#1161,
#1162,#1163,#1164,#1165,#1166,#1167,#1168,#1169,#1170,#1171,#1172,#1173,
#1174,#1175,#1176,#1177,#1178,#1179,#1180,#1181,#1182,#1183,#1184,#1185,
#1186,#1187,#1188,#1189,#1190,#1191,#1192,#1193,#1194,#1195,#1196,#1197,
#1198,#1199,#1200,#1201,#1202,#1203,#1204,#1205,#1206,#1207,#1208,#1209,
#1210,#1211,#1212,#1213,#1214,#1215,#1216,#1217,#1218,#1219,#1220,#1221,
#1222,#1223,#1224,#1225,#1226,#1227,#1228,#1229,#1230,#1231,#1232,#1233,
#1234,#1235,#1236,#1237,#1238,#1239,#1240,#1241,#1242,#1243,#1244,#1245,
#1246,#1247,#1248,#1249,#1250,#1251,#1252));
#2404=EDGE_LOOP('',(#1253));
#2405=EDGE_LOOP('',(#1254));
#2406=EDGE_LOOP('',(#1255));
#2407=EDGE_LOOP('',(#1256));
#2408=EDGE_LOOP('',(#1257));
#2409=EDGE_LOOP('',(#1258));
#2410=EDGE_LOOP('',(#1259,#1260,#1261,#1262,#1263,#1264,#1265,#1266,#1267,
#1268,#1269,#1270,#1271,#1272,#1273,#1274,#1275,#1276,#1277,#1278,#1279,
#1280,#1281,#1282,#1283,#1284,#1285,#1286,#1287,#1288,#1289,#1290,#1291,
#1292,#1293,#1294,#1295,#1296,#1297,#1298,#1299,#1300,#1301,#1302,#1303,
#1304,#1305,#1306));
#2411=EDGE_LOOP('',(#1307));
#2412=EDGE_LOOP('',(#1308,#1309,#1310,#1311));
#2413=EDGE_LOOP('',(#1312,#1313,#1314,#1315));
#2414=EDGE_LOOP('',(#1316,#1317,#1318,#1319));
#2415=EDGE_LOOP('',(#1320,#1321,#1322,#1323));
#2416=EDGE_LOOP('',(#1324,#1325,#1326,#1327));
#2417=EDGE_LOOP('',(#1328,#1329,#1330,#1331));
#2418=EDGE_LOOP('',(#1332,#1333,#1334,#1335));
#2419=EDGE_LOOP('',(#1336,#1337,#1338,#1339));
#2420=EDGE_LOOP('',(#1340,#1341,#1342,#1343));
#2421=EDGE_LOOP('',(#1344,#1345,#1346,#1347));
#2422=EDGE_LOOP('',(#1348,#1349,#1350,#1351));
#2423=EDGE_LOOP('',(#1352,#1353,#1354,#1355));
#2424=EDGE_LOOP('',(#1356,#1357,#1358,#1359));
#2425=EDGE_LOOP('',(#1360,#1361,#1362,#1363));
#2426=EDGE_LOOP('',(#1364,#1365,#1366,#1367));
#2427=EDGE_LOOP('',(#1368,#1369,#1370,#1371));
#2428=EDGE_LOOP('',(#1372,#1373,#1374,#1375));
#2429=EDGE_LOOP('',(#1376,#1377,#1378,#1379));
#2430=EDGE_LOOP('',(#1380,#1381,#1382,#1383));
#2431=EDGE_LOOP('',(#1384,#1385,#1386,#1387));
#2432=EDGE_LOOP('',(#1388,#1389,#1390,#1391));
#2433=EDGE_LOOP('',(#1392,#1393,#1394,#1395));
#2434=EDGE_LOOP('',(#1396,#1397,#1398,#1399));
#2435=EDGE_LOOP('',(#1400,#1401,#1402,#1403));
#2436=EDGE_LOOP('',(#1404,#1405,#1406,#1407));
#2437=EDGE_LOOP('',(#1408,#1409,#1410,#1411));
#2438=EDGE_LOOP('',(#1412,#1413,#1414,#1415));
#2439=EDGE_LOOP('',(#1416,#1417,#1418,#1419));
#2440=EDGE_LOOP('',(#1420,#1421,#1422,#1423));
#2441=EDGE_LOOP('',(#1424,#1425,#1426,#1427));
#2442=EDGE_LOOP('',(#1428,#1429,#1430,#1431));
#2443=EDGE_LOOP('',(#1432,#1433,#1434,#1435));
#2444=EDGE_LOOP('',(#1436,#1437,#1438,#1439));
#2445=EDGE_LOOP('',(#1440,#1441,#1442,#1443));
#2446=EDGE_LOOP('',(#1444,#1445,#1446,#1447));
#2447=EDGE_LOOP('',(#1448,#1449,#1450,#1451));
#2448=EDGE_LOOP('',(#1452,#1453,#1454,#1455));
#2449=EDGE_LOOP('',(#1456,#1457,#1458,#1459));
#2450=EDGE_LOOP('',(#1460,#1461,#1462,#1463));
#2451=EDGE_LOOP('',(#1464,#1465,#1466,#1467));
#2452=EDGE_LOOP('',(#1468,#1469,#1470,#1471));
#2453=EDGE_LOOP('',(#1472,#1473,#1474,#1475));
#2454=EDGE_LOOP('',(#1476,#1477,#1478,#1479));
#2455=EDGE_LOOP('',(#1480,#1481,#1482,#1483));
#2456=EDGE_LOOP('',(#1484,#1485,#1486,#1487));
#2457=EDGE_LOOP('',(#1488,#1489,#1490,#1491));
#2458=EDGE_LOOP('',(#1492,#1493,#1494,#1495));
#2459=EDGE_LOOP('',(#1496,#1497,#1498,#1499));
#2460=EDGE_LOOP('',(#1500,#1501,#1502,#1503,#1504,#1505,#1506,#1507,#1508,
#1509,#1510,#1511,#1512,#1513,#1514,#1515,#1516,#1517,#1518,#1519,#1520,
#1521,#1522,#1523,#1524,#1525,#1526,#1527,#1528,#1529,#1530,#1531,#1532,
#1533,#1534,#1535,#1536,#1537,#1538,#1539,#1540,#1541,#1542,#1543,#1544,
#1545,#1546,#1547));
#2461=FACE_BOUND('',#2299,.T.);
#2462=FACE_BOUND('',#2300,.T.);
#2463=FACE_BOUND('',#2301,.T.);
#2464=FACE_BOUND('',#2302,.T.);
#2465=FACE_BOUND('',#2303,.T.);
#2466=FACE_BOUND('',#2304,.T.);
#2467=FACE_BOUND('',#2305,.T.);
#2468=FACE_BOUND('',#2306,.T.);
#2469=FACE_BOUND('',#2307,.T.);
#2470=FACE_BOUND('',#2308,.T.);
#2471=FACE_BOUND('',#2309,.T.);
#2472=FACE_BOUND('',#2310,.T.);
#2473=FACE_BOUND('',#2311,.T.);
#2474=FACE_BOUND('',#2312,.T.);
#2475=FACE_BOUND('',#2313,.T.);
#2476=FACE_BOUND('',#2314,.T.);
#2477=FACE_BOUND('',#2315,.T.);
#2478=FACE_BOUND('',#2316,.T.);
#2479=FACE_BOUND('',#2317,.T.);
#2480=FACE_BOUND('',#2318,.T.);
#2481=FACE_BOUND('',#2319,.T.);
#2482=FACE_BOUND('',#2320,.T.);
#2483=FACE_BOUND('',#2321,.T.);
#2484=FACE_BOUND('',#2322,.T.);
#2485=FACE_BOUND('',#2323,.T.);
#2486=FACE_BOUND('',#2324,.T.);
#2487=FACE_BOUND('',#2325,.T.);
#2488=FACE_BOUND('',#2326,.T.);
#2489=FACE_BOUND('',#2327,.T.);
#2490=FACE_BOUND('',#2328,.T.);
#2491=FACE_BOUND('',#2329,.T.);
#2492=FACE_BOUND('',#2330,.T.);
#2493=FACE_BOUND('',#2331,.T.);
#2494=FACE_BOUND('',#2332,.T.);
#2495=FACE_BOUND('',#2333,.T.);
#2496=FACE_BOUND('',#2334,.T.);
#2497=FACE_BOUND('',#2335,.T.);
#2498=FACE_BOUND('',#2336,.T.);
#2499=FACE_BOUND('',#2337,.T.);
#2500=FACE_BOUND('',#2338,.T.);
#2501=FACE_BOUND('',#2339,.T.);
#2502=FACE_BOUND('',#2340,.T.);
#2503=FACE_BOUND('',#2341,.T.);
#2504=FACE_BOUND('',#2342,.T.);
#2505=FACE_BOUND('',#2343,.T.);
#2506=FACE_BOUND('',#2344,.T.);
#2507=FACE_BOUND('',#2345,.T.);
#2508=FACE_BOUND('',#2346,.T.);
#2509=FACE_BOUND('',#2347,.T.);
#2510=FACE_BOUND('',#2348,.T.);
#2511=FACE_BOUND('',#2349,.T.);
#2512=FACE_BOUND('',#2350,.T.);
#2513=FACE_BOUND('',#2351,.T.);
#2514=FACE_BOUND('',#2352,.T.);
#2515=FACE_BOUND('',#2353,.T.);
#2516=FACE_BOUND('',#2354,.T.);
#2517=FACE_BOUND('',#2355,.T.);
#2518=FACE_BOUND('',#2356,.T.);
#2519=FACE_BOUND('',#2357,.T.);
#2520=FACE_BOUND('',#2358,.T.);
#2521=FACE_BOUND('',#2359,.T.);
#2522=FACE_BOUND('',#2360,.T.);
#2523=FACE_BOUND('',#2361,.T.);
#2524=FACE_BOUND('',#2362,.T.);
#2525=FACE_BOUND('',#2363,.T.);
#2526=FACE_BOUND('',#2364,.T.);
#2527=FACE_BOUND('',#2365,.T.);
#2528=FACE_BOUND('',#2366,.T.);
#2529=FACE_BOUND('',#2367,.T.);
#2530=FACE_BOUND('',#2368,.T.);
#2531=FACE_BOUND('',#2369,.T.);
#2532=FACE_BOUND('',#2370,.T.);
#2533=FACE_BOUND('',#2371,.T.);
#2534=FACE_BOUND('',#2372,.T.);
#2535=FACE_BOUND('',#2373,.T.);
#2536=FACE_BOUND('',#2374,.T.);
#2537=FACE_BOUND('',#2375,.T.);
#2538=FACE_BOUND('',#2376,.T.);
#2539=FACE_BOUND('',#2377,.T.);
#2540=FACE_BOUND('',#2378,.T.);
#2541=FACE_BOUND('',#2379,.T.);
#2542=FACE_BOUND('',#2380,.T.);
#2543=FACE_BOUND('',#2381,.T.);
#2544=FACE_BOUND('',#2382,.T.);
#2545=FACE_BOUND('',#2383,.T.);
#2546=FACE_BOUND('',#2384,.T.);
#2547=FACE_BOUND('',#2385,.T.);
#2548=FACE_BOUND('',#2386,.T.);
#2549=FACE_BOUND('',#2387,.T.);
#2550=FACE_BOUND('',#2388,.T.);
#2551=FACE_BOUND('',#2389,.T.);
#2552=FACE_BOUND('',#2390,.T.);
#2553=FACE_BOUND('',#2391,.T.);
#2554=FACE_BOUND('',#2392,.T.);
#2555=FACE_BOUND('',#2393,.T.);
#2556=FACE_BOUND('',#2394,.T.);
#2557=FACE_BOUND('',#2395,.T.);
#2558=FACE_BOUND('',#2396,.T.);
#2559=FACE_BOUND('',#2397,.T.);
#2560=FACE_BOUND('',#2398,.T.);
#2561=FACE_BOUND('',#2399,.T.);
#2562=FACE_BOUND('',#2400,.T.);
#2563=FACE_BOUND('',#2401,.T.);
#2564=FACE_BOUND('',#2402,.T.);
#2565=FACE_BOUND('',#2403,.T.);
#2566=FACE_BOUND('',#2404,.T.);
#2567=FACE_BOUND('',#2405,.T.);
#2568=FACE_BOUND('',#2406,.T.);
#2569=FACE_BOUND('',#2407,.T.);
#2570=FACE_BOUND('',#2408,.T.);
#2571=FACE_BOUND('',#2409,.T.);
#2572=FACE_BOUND('',#2410,.T.);
#2573=FACE_BOUND('',#2411,.T.);
#2574=FACE_BOUND('',#2412,.T.);
#2575=FACE_BOUND('',#2413,.T.);
#2576=FACE_BOUND('',#2414,.T.);
#2577=FACE_BOUND('',#2415,.T.);
#2578=FACE_BOUND('',#2416,.T.);
#2579=FACE_BOUND('',#2417,.T.);
#2580=FACE_BOUND('',#2418,.T.);
#2581=FACE_BOUND('',#2419,.T.);
#2582=FACE_BOUND('',#2420,.T.);
#2583=FACE_BOUND('',#2421,.T.);
#2584=FACE_BOUND('',#2422,.T.);
#2585=FACE_BOUND('',#2423,.T.);
#2586=FACE_BOUND('',#2424,.T.);
#2587=FACE_BOUND('',#2425,.T.);
#2588=FACE_BOUND('',#2426,.T.);
#2589=FACE_BOUND('',#2427,.T.);
#2590=FACE_BOUND('',#2428,.T.);
#2591=FACE_BOUND('',#2429,.T.);
#2592=FACE_BOUND('',#2430,.T.);
#2593=FACE_BOUND('',#2431,.T.);
#2594=FACE_BOUND('',#2432,.T.);
#2595=FACE_BOUND('',#2433,.T.);
#2596=FACE_BOUND('',#2434,.T.);
#2597=FACE_BOUND('',#2435,.T.);
#2598=FACE_BOUND('',#2436,.T.);
#2599=FACE_BOUND('',#2437,.T.);
#2600=FACE_BOUND('',#2438,.T.);
#2601=FACE_BOUND('',#2439,.T.);
#2602=FACE_BOUND('',#2440,.T.);
#2603=FACE_BOUND('',#2441,.T.);
#2604=FACE_BOUND('',#2442,.T.);
#2605=FACE_BOUND('',#2443,.T.);
#2606=FACE_BOUND('',#2444,.T.);
#2607=FACE_BOUND('',#2445,.T.);
#2608=FACE_BOUND('',#2446,.T.);
#2609=FACE_BOUND('',#2447,.T.);
#2610=FACE_BOUND('',#2448,.T.);
#2611=FACE_BOUND('',#2449,.T.);
#2612=FACE_BOUND('',#2450,.T.);
#2613=FACE_BOUND('',#2451,.T.);
#2614=FACE_BOUND('',#2452,.T.);
#2615=FACE_BOUND('',#2453,.T.);
#2616=FACE_BOUND('',#2454,.T.);
#2617=FACE_BOUND('',#2455,.T.);
#2618=FACE_BOUND('',#2456,.T.);
#2619=FACE_BOUND('',#2457,.T.);
#2620=FACE_BOUND('',#2458,.T.);
#2621=FACE_BOUND('',#2459,.T.);
#2622=FACE_BOUND('',#2460,.T.);
#2623=CYLINDRICAL_SURFACE('',#2932,0.00332298617098852);
#2624=CYLINDRICAL_SURFACE('',#3035,0.000129185062812672);
#2625=CYLINDRICAL_SURFACE('',#3037,0.000465849901079583);
#2626=CYLINDRICAL_SURFACE('',#3039,9.99999999999948E-6);
#2627=CYLINDRICAL_SURFACE('',#3041,0.000465849901079583);
#2628=CYLINDRICAL_SURFACE('',#3043,0.000129185062812672);
#2629=CYLINDRICAL_SURFACE('',#3045,0.000465849901079583);
#2630=CYLINDRICAL_SURFACE('',#3047,9.99999999999948E-6);
#2631=CYLINDRICAL_SURFACE('',#3049,0.000465849901079583);
#2632=CYLINDRICAL_SURFACE('',#3051,0.000129185062812672);
#2633=CYLINDRICAL_SURFACE('',#3053,0.000465849901079582);
#2634=CYLINDRICAL_SURFACE('',#3055,9.99999999999948E-6);
#2635=CYLINDRICAL_SURFACE('',#3057,0.000465849901079583);
#2636=CYLINDRICAL_SURFACE('',#3059,0.000129185062812672);
#2637=CYLINDRICAL_SURFACE('',#3061,0.000465849901079582);
#2638=CYLINDRICAL_SURFACE('',#3063,9.99999999999948E-6);
#2639=CYLINDRICAL_SURFACE('',#3065,0.000465849901079583);
#2640=CYLINDRICAL_SURFACE('',#3067,0.000129185062812672);
#2641=CYLINDRICAL_SURFACE('',#3069,0.000465849901079583);
#2642=CYLINDRICAL_SURFACE('',#3071,9.99999999999948E-6);
#2643=CYLINDRICAL_SURFACE('',#3073,0.000465849901079582);
#2644=CYLINDRICAL_SURFACE('',#3075,0.000129185062812672);
#2645=CYLINDRICAL_SURFACE('',#3077,0.000465849901079583);
#2646=CYLINDRICAL_SURFACE('',#3079,9.99999999999948E-6);
#2647=CYLINDRICAL_SURFACE('',#3081,0.000465849901079583);
#2648=CYLINDRICAL_SURFACE('',#3083,0.000129185062812672);
#2649=CYLINDRICAL_SURFACE('',#3085,0.000465849901079583);
#2650=CYLINDRICAL_SURFACE('',#3087,9.99999999999948E-6);
#2651=CYLINDRICAL_SURFACE('',#3089,0.000465849901079583);
#2652=CYLINDRICAL_SURFACE('',#3091,0.000129185062812672);
#2653=CYLINDRICAL_SURFACE('',#3093,0.000465849901079582);
#2654=CYLINDRICAL_SURFACE('',#3095,9.99999999999948E-6);
#2655=CYLINDRICAL_SURFACE('',#3097,0.000465849901079583);
#2656=CYLINDRICAL_SURFACE('',#3099,0.000129185062812672);
#2657=CYLINDRICAL_SURFACE('',#3101,0.000465849901079583);
#2658=CYLINDRICAL_SURFACE('',#3103,9.99999999999948E-6);
#2659=CYLINDRICAL_SURFACE('',#3105,0.000465849901079583);
#2660=CYLINDRICAL_SURFACE('',#3107,0.000129185062812672);
#2661=CYLINDRICAL_SURFACE('',#3109,0.000465849901079582);
#2662=CYLINDRICAL_SURFACE('',#3111,9.99999999999948E-6);
#2663=CYLINDRICAL_SURFACE('',#3113,0.000465849901079583);
#2664=CYLINDRICAL_SURFACE('',#3115,0.000129185062812672);
#2665=CYLINDRICAL_SURFACE('',#3117,0.000465849901079582);
#2666=CYLINDRICAL_SURFACE('',#3119,9.99999999999948E-6);
#2667=CYLINDRICAL_SURFACE('',#3121,0.000465849901079583);
#2668=CYLINDRICAL_SURFACE('',#3123,0.000129185062812672);
#2669=CYLINDRICAL_SURFACE('',#3125,0.000465849901079583);
#2670=CYLINDRICAL_SURFACE('',#3127,9.99999999999948E-6);
#2671=CYLINDRICAL_SURFACE('',#3129,0.000465849901079583);
#2672=CYLINDRICAL_SURFACE('',#3131,0.000129185062812672);
#2673=CYLINDRICAL_SURFACE('',#3133,0.000465849901079583);
#2674=CYLINDRICAL_SURFACE('',#3135,9.99999999999948E-6);
#2675=CYLINDRICAL_SURFACE('',#3137,0.000465849901079583);
#2676=CYLINDRICAL_SURFACE('',#3139,0.000129185062812672);
#2677=CYLINDRICAL_SURFACE('',#3141,0.000465849901079583);
#2678=CYLINDRICAL_SURFACE('',#3143,9.99999999999948E-6);
#2679=CYLINDRICAL_SURFACE('',#3145,0.000465849901079583);
#2680=CYLINDRICAL_SURFACE('',#3147,0.000129185062812672);
#2681=CYLINDRICAL_SURFACE('',#3149,0.000465849901079583);
#2682=CYLINDRICAL_SURFACE('',#3151,9.99999999999948E-6);
#2683=CYLINDRICAL_SURFACE('',#3153,0.000465849901079583);
#2684=CYLINDRICAL_SURFACE('',#3155,0.000129185062812672);
#2685=CYLINDRICAL_SURFACE('',#3157,0.000465849901079583);
#2686=CYLINDRICAL_SURFACE('',#3159,9.99999999999948E-6);
#2687=CYLINDRICAL_SURFACE('',#3161,0.000465849901079583);
#2688=CYLINDRICAL_SURFACE('',#3163,0.000129185062812672);
#2689=CYLINDRICAL_SURFACE('',#3165,0.000465849901079582);
#2690=CYLINDRICAL_SURFACE('',#3167,9.99999999999948E-6);
#2691=CYLINDRICAL_SURFACE('',#3169,0.000465849901079583);
#2692=CYLINDRICAL_SURFACE('',#3171,0.000129185062812672);
#2693=CYLINDRICAL_SURFACE('',#3173,0.000465849901079583);
#2694=CYLINDRICAL_SURFACE('',#3175,9.99999999999948E-6);
#2695=CYLINDRICAL_SURFACE('',#3177,0.000465849901079583);
#2696=CYLINDRICAL_SURFACE('',#3179,0.000129185062812672);
#2697=CYLINDRICAL_SURFACE('',#3181,0.000465849901079583);
#2698=CYLINDRICAL_SURFACE('',#3183,9.99999999999948E-6);
#2699=CYLINDRICAL_SURFACE('',#3185,0.000465849901079583);
#2700=CYLINDRICAL_SURFACE('',#3187,0.000129185062812672);
#2701=CYLINDRICAL_SURFACE('',#3189,0.000465849901079583);
#2702=CYLINDRICAL_SURFACE('',#3191,9.99999999999948E-6);
#2703=CYLINDRICAL_SURFACE('',#3193,0.000465849901079583);
#2704=CYLINDRICAL_SURFACE('',#3195,0.000129185062812672);
#2705=CYLINDRICAL_SURFACE('',#3197,0.000465849901079583);
#2706=CYLINDRICAL_SURFACE('',#3199,9.99999999999948E-6);
#2707=CYLINDRICAL_SURFACE('',#3201,0.000465849901079582);
#2708=CYLINDRICAL_SURFACE('',#3203,0.000129185062812672);
#2709=CYLINDRICAL_SURFACE('',#3205,0.000465849901079583);
#2710=CYLINDRICAL_SURFACE('',#3207,9.99999999999948E-6);
#2711=CYLINDRICAL_SURFACE('',#3209,0.000465849901079583);
#2712=CYLINDRICAL_SURFACE('',#3211,0.000129185062812672);
#2713=CYLINDRICAL_SURFACE('',#3213,0.000465849901079583);
#2714=CYLINDRICAL_SURFACE('',#3215,9.99999999999948E-6);
#2715=CYLINDRICAL_SURFACE('',#3217,0.000465849901079583);
#2716=CYLINDRICAL_SURFACE('',#3219,0.000129185062812672);
#2717=CYLINDRICAL_SURFACE('',#3221,0.000465849901079582);
#2718=CYLINDRICAL_SURFACE('',#3223,9.99999999999948E-6);
#2719=CYLINDRICAL_SURFACE('',#3225,0.000465849901079582);
#2720=CYLINDRICAL_SURFACE('',#3227,0.000129185062812672);
#2721=CYLINDRICAL_SURFACE('',#3229,0.000465849901079583);
#2722=CYLINDRICAL_SURFACE('',#3231,9.99999999999948E-6);
#2723=CYLINDRICAL_SURFACE('',#3233,0.000465849901079583);
#2724=CYLINDRICAL_SURFACE('',#3238,0.00666038147814003);
#2725=CYLINDRICAL_SURFACE('',#3279,0.00378897637565475);
#2726=CYLINDRICAL_SURFACE('',#3281,0.00395309429521674);
#2727=CYLINDRICAL_SURFACE('',#3284,0.00395310360000003);
#2728=CYLINDRICAL_SURFACE('',#3286,0.00378897637565476);
#2729=CYLINDRICAL_SURFACE('',#3288,0.00395309429521674);
#2730=CYLINDRICAL_SURFACE('',#3291,0.00395310359999999);
#2731=CYLINDRICAL_SURFACE('',#3293,0.00378897637565477);
#2732=CYLINDRICAL_SURFACE('',#3295,0.00395309429521675);
#2733=CYLINDRICAL_SURFACE('',#3298,0.00395310359999999);
#2734=CYLINDRICAL_SURFACE('',#3300,0.00378897637565475);
#2735=CYLINDRICAL_SURFACE('',#3302,0.00395309429521674);
#2736=CYLINDRICAL_SURFACE('',#3305,0.00395310360000001);
#2737=CYLINDRICAL_SURFACE('',#3307,0.00378897637565477);
#2738=CYLINDRICAL_SURFACE('',#3309,0.00395309429521674);
#2739=CYLINDRICAL_SURFACE('',#3312,0.00395310359999999);
#2740=CYLINDRICAL_SURFACE('',#3314,0.00378897637565477);
#2741=CYLINDRICAL_SURFACE('',#3316,0.00395309429521674);
#2742=CYLINDRICAL_SURFACE('',#3319,0.00395310359999999);
#2743=CYLINDRICAL_SURFACE('',#3321,0.00378897637565475);
#2744=CYLINDRICAL_SURFACE('',#3323,0.00395309429521674);
#2745=CYLINDRICAL_SURFACE('',#3326,0.00395310360000002);
#2746=CYLINDRICAL_SURFACE('',#3328,0.00378897637565476);
#2747=CYLINDRICAL_SURFACE('',#3330,0.00395309429521673);
#2748=CYLINDRICAL_SURFACE('',#3333,0.00395310359999999);
#2749=CYLINDRICAL_SURFACE('',#3335,0.00378897637565477);
#2750=CYLINDRICAL_SURFACE('',#3337,0.00395309429521674);
#2751=CYLINDRICAL_SURFACE('',#3340,0.00395310359999999);
#2752=CYLINDRICAL_SURFACE('',#3342,0.00378897637565475);
#2753=CYLINDRICAL_SURFACE('',#3344,0.00395309429521675);
#2754=CYLINDRICAL_SURFACE('',#3347,0.00395310360000003);
#2755=CYLINDRICAL_SURFACE('',#3349,0.00378897637565476);
#2756=CYLINDRICAL_SURFACE('',#3351,0.00395309429521674);
#2757=CYLINDRICAL_SURFACE('',#3354,0.0039531036);
#2758=CYLINDRICAL_SURFACE('',#3356,0.00378897637565477);
#2759=CYLINDRICAL_SURFACE('',#3358,0.00395309429521674);
#2760=CYLINDRICAL_SURFACE('',#3361,0.00395310359999999);
#2761=ADVANCED_FACE('',(#2461,#2462),#2623,.T.);
#2762=ADVANCED_FACE('',(#2463,#2464),#357,.F.);
#2763=ADVANCED_FACE('',(#2465),#2624,.T.);
#2764=ADVANCED_FACE('',(#2466),#2625,.F.);
#2765=ADVANCED_FACE('',(#2467),#2626,.F.);
#2766=ADVANCED_FACE('',(#2468),#2627,.F.);
#2767=ADVANCED_FACE('',(#2469),#2628,.T.);
#2768=ADVANCED_FACE('',(#2470),#2629,.F.);
#2769=ADVANCED_FACE('',(#2471),#2630,.F.);
#2770=ADVANCED_FACE('',(#2472),#2631,.F.);
#2771=ADVANCED_FACE('',(#2473),#2632,.T.);
#2772=ADVANCED_FACE('',(#2474),#2633,.F.);
#2773=ADVANCED_FACE('',(#2475),#2634,.F.);
#2774=ADVANCED_FACE('',(#2476),#2635,.F.);
#2775=ADVANCED_FACE('',(#2477),#2636,.T.);
#2776=ADVANCED_FACE('',(#2478),#2637,.F.);
#2777=ADVANCED_FACE('',(#2479),#2638,.F.);
#2778=ADVANCED_FACE('',(#2480),#2639,.F.);
#2779=ADVANCED_FACE('',(#2481),#2640,.T.);
#2780=ADVANCED_FACE('',(#2482),#2641,.F.);
#2781=ADVANCED_FACE('',(#2483),#2642,.F.);
#2782=ADVANCED_FACE('',(#2484),#2643,.F.);
#2783=ADVANCED_FACE('',(#2485),#2644,.T.);
#2784=ADVANCED_FACE('',(#2486),#2645,.F.);
#2785=ADVANCED_FACE('',(#2487),#2646,.F.);
#2786=ADVANCED_FACE('',(#2488),#2647,.F.);
#2787=ADVANCED_FACE('',(#2489),#2648,.T.);
#2788=ADVANCED_FACE('',(#2490),#2649,.F.);
#2789=ADVANCED_FACE('',(#2491),#2650,.F.);
#2790=ADVANCED_FACE('',(#2492),#2651,.F.);
#2791=ADVANCED_FACE('',(#2493),#2652,.T.);
#2792=ADVANCED_FACE('',(#2494),#2653,.F.);
#2793=ADVANCED_FACE('',(#2495),#2654,.F.);
#2794=ADVANCED_FACE('',(#2496),#2655,.F.);
#2795=ADVANCED_FACE('',(#2497),#2656,.T.);
#2796=ADVANCED_FACE('',(#2498),#2657,.F.);
#2797=ADVANCED_FACE('',(#2499),#2658,.F.);
#2798=ADVANCED_FACE('',(#2500),#2659,.F.);
#2799=ADVANCED_FACE('',(#2501),#2660,.T.);
#2800=ADVANCED_FACE('',(#2502),#2661,.F.);
#2801=ADVANCED_FACE('',(#2503),#2662,.F.);
#2802=ADVANCED_FACE('',(#2504),#2663,.F.);
#2803=ADVANCED_FACE('',(#2505),#2664,.T.);
#2804=ADVANCED_FACE('',(#2506),#2665,.F.);
#2805=ADVANCED_FACE('',(#2507),#2666,.F.);
#2806=ADVANCED_FACE('',(#2508),#2667,.F.);
#2807=ADVANCED_FACE('',(#2509),#2668,.T.);
#2808=ADVANCED_FACE('',(#2510),#2669,.F.);
#2809=ADVANCED_FACE('',(#2511),#2670,.F.);
#2810=ADVANCED_FACE('',(#2512),#2671,.F.);
#2811=ADVANCED_FACE('',(#2513),#2672,.T.);
#2812=ADVANCED_FACE('',(#2514),#2673,.F.);
#2813=ADVANCED_FACE('',(#2515),#2674,.F.);
#2814=ADVANCED_FACE('',(#2516),#2675,.F.);
#2815=ADVANCED_FACE('',(#2517),#2676,.T.);
#2816=ADVANCED_FACE('',(#2518),#2677,.F.);
#2817=ADVANCED_FACE('',(#2519),#2678,.F.);
#2818=ADVANCED_FACE('',(#2520),#2679,.F.);
#2819=ADVANCED_FACE('',(#2521),#2680,.T.);
#2820=ADVANCED_FACE('',(#2522),#2681,.F.);
#2821=ADVANCED_FACE('',(#2523),#2682,.F.);
#2822=ADVANCED_FACE('',(#2524),#2683,.F.);
#2823=ADVANCED_FACE('',(#2525),#2684,.T.);
#2824=ADVANCED_FACE('',(#2526),#2685,.F.);
#2825=ADVANCED_FACE('',(#2527),#2686,.F.);
#2826=ADVANCED_FACE('',(#2528),#2687,.F.);
#2827=ADVANCED_FACE('',(#2529),#2688,.T.);
#2828=ADVANCED_FACE('',(#2530),#2689,.F.);
#2829=ADVANCED_FACE('',(#2531),#2690,.F.);
#2830=ADVANCED_FACE('',(#2532),#2691,.F.);
#2831=ADVANCED_FACE('',(#2533),#2692,.T.);
#2832=ADVANCED_FACE('',(#2534),#2693,.F.);
#2833=ADVANCED_FACE('',(#2535),#2694,.F.);
#2834=ADVANCED_FACE('',(#2536),#2695,.F.);
#2835=ADVANCED_FACE('',(#2537),#2696,.T.);
#2836=ADVANCED_FACE('',(#2538),#2697,.F.);
#2837=ADVANCED_FACE('',(#2539),#2698,.F.);
#2838=ADVANCED_FACE('',(#2540),#2699,.F.);
#2839=ADVANCED_FACE('',(#2541),#2700,.T.);
#2840=ADVANCED_FACE('',(#2542),#2701,.F.);
#2841=ADVANCED_FACE('',(#2543),#2702,.F.);
#2842=ADVANCED_FACE('',(#2544),#2703,.F.);
#2843=ADVANCED_FACE('',(#2545),#2704,.T.);
#2844=ADVANCED_FACE('',(#2546),#2705,.F.);
#2845=ADVANCED_FACE('',(#2547),#2706,.F.);
#2846=ADVANCED_FACE('',(#2548),#2707,.F.);
#2847=ADVANCED_FACE('',(#2549),#2708,.T.);
#2848=ADVANCED_FACE('',(#2550),#2709,.F.);
#2849=ADVANCED_FACE('',(#2551),#2710,.F.);
#2850=ADVANCED_FACE('',(#2552),#2711,.F.);
#2851=ADVANCED_FACE('',(#2553),#2712,.T.);
#2852=ADVANCED_FACE('',(#2554),#2713,.F.);
#2853=ADVANCED_FACE('',(#2555),#2714,.F.);
#2854=ADVANCED_FACE('',(#2556),#2715,.F.);
#2855=ADVANCED_FACE('',(#2557),#2716,.T.);
#2856=ADVANCED_FACE('',(#2558),#2717,.F.);
#2857=ADVANCED_FACE('',(#2559),#2718,.F.);
#2858=ADVANCED_FACE('',(#2560),#2719,.F.);
#2859=ADVANCED_FACE('',(#2561),#2720,.T.);
#2860=ADVANCED_FACE('',(#2562),#2721,.F.);
#2861=ADVANCED_FACE('',(#2563),#2722,.F.);
#2862=ADVANCED_FACE('',(#2564),#2723,.F.);
#2863=ADVANCED_FACE('',(#2565),#358,.F.);
#2864=ADVANCED_FACE('',(#2566,#2567),#12,.T.);
#2865=ADVANCED_FACE('',(#2568,#2569),#2724,.T.);
#2866=ADVANCED_FACE('',(#2570,#2571),#359,.F.);
#2867=ADVANCED_FACE('',(#2572,#2573),#360,.F.);
#2868=ADVANCED_FACE('',(#2574),#2725,.F.);
#2869=ADVANCED_FACE('',(#2575),#2726,.F.);
#2870=ADVANCED_FACE('',(#2576),#361,.T.);
#2871=ADVANCED_FACE('',(#2577),#2727,.F.);
#2872=ADVANCED_FACE('',(#2578),#2728,.F.);
#2873=ADVANCED_FACE('',(#2579),#2729,.F.);
#2874=ADVANCED_FACE('',(#2580),#362,.T.);
#2875=ADVANCED_FACE('',(#2581),#2730,.F.);
#2876=ADVANCED_FACE('',(#2582),#2731,.F.);
#2877=ADVANCED_FACE('',(#2583),#2732,.F.);
#2878=ADVANCED_FACE('',(#2584),#363,.T.);
#2879=ADVANCED_FACE('',(#2585),#2733,.F.);
#2880=ADVANCED_FACE('',(#2586),#2734,.F.);
#2881=ADVANCED_FACE('',(#2587),#2735,.F.);
#2882=ADVANCED_FACE('',(#2588),#364,.T.);
#2883=ADVANCED_FACE('',(#2589),#2736,.F.);
#2884=ADVANCED_FACE('',(#2590),#2737,.F.);
#2885=ADVANCED_FACE('',(#2591),#2738,.F.);
#2886=ADVANCED_FACE('',(#2592),#365,.T.);
#2887=ADVANCED_FACE('',(#2593),#2739,.F.);
#2888=ADVANCED_FACE('',(#2594),#2740,.F.);
#2889=ADVANCED_FACE('',(#2595),#2741,.F.);
#2890=ADVANCED_FACE('',(#2596),#366,.T.);
#2891=ADVANCED_FACE('',(#2597),#2742,.F.);
#2892=ADVANCED_FACE('',(#2598),#2743,.F.);
#2893=ADVANCED_FACE('',(#2599),#2744,.F.);
#2894=ADVANCED_FACE('',(#2600),#367,.T.);
#2895=ADVANCED_FACE('',(#2601),#2745,.F.);
#2896=ADVANCED_FACE('',(#2602),#2746,.F.);
#2897=ADVANCED_FACE('',(#2603),#2747,.F.);
#2898=ADVANCED_FACE('',(#2604),#368,.T.);
#2899=ADVANCED_FACE('',(#2605),#2748,.F.);
#2900=ADVANCED_FACE('',(#2606),#2749,.F.);
#2901=ADVANCED_FACE('',(#2607),#2750,.F.);
#2902=ADVANCED_FACE('',(#2608),#369,.T.);
#2903=ADVANCED_FACE('',(#2609),#2751,.F.);
#2904=ADVANCED_FACE('',(#2610),#2752,.F.);
#2905=ADVANCED_FACE('',(#2611),#2753,.F.);
#2906=ADVANCED_FACE('',(#2612),#370,.T.);
#2907=ADVANCED_FACE('',(#2613),#2754,.F.);
#2908=ADVANCED_FACE('',(#2614),#2755,.F.);
#2909=ADVANCED_FACE('',(#2615),#2756,.F.);
#2910=ADVANCED_FACE('',(#2616),#371,.T.);
#2911=ADVANCED_FACE('',(#2617),#2757,.F.);
#2912=ADVANCED_FACE('',(#2618),#2758,.F.);
#2913=ADVANCED_FACE('',(#2619),#2759,.F.);
#2914=ADVANCED_FACE('',(#2620),#372,.T.);
#2915=ADVANCED_FACE('',(#2621),#2760,.F.);
#2916=ADVANCED_FACE('',(#2622),#373,.F.);
#2917=CLOSED_SHELL('',(#2761,#2762,#2763,#2764,#2765,#2766,#2767,#2768,
#2769,#2770,#2771,#2772,#2773,#2774,#2775,#2776,#2777,#2778,#2779,#2780,
#2781,#2782,#2783,#2784,#2785,#2786,#2787,#2788,#2789,#2790,#2791,#2792,
#2793,#2794,#2795,#2796,#2797,#2798,#2799,#2800,#2801,#2802,#2803,#2804,
#2805,#2806,#2807,#2808,#2809,#2810,#2811,#2812,#2813,#2814,#2815,#2816,
#2817,#2818,#2819,#2820,#2821,#2822,#2823,#2824,#2825,#2826,#2827,#2828,
#2829,#2830,#2831,#2832,#2833,#2834,#2835,#2836,#2837,#2838,#2839,#2840,
#2841,#2842,#2843,#2844,#2845,#2846,#2847,#2848,#2849,#2850,#2851,#2852,
#2853,#2854,#2855,#2856,#2857,#2858,#2859,#2860,#2861,#2862,#2863,#2864,
#2865,#2866,#2867,#2868,#2869,#2870,#2871,#2872,#2873,#2874,#2875,#2876,
#2877,#2878,#2879,#2880,#2881,#2882,#2883,#2884,#2885,#2886,#2887,#2888,
#2889,#2890,#2891,#2892,#2893,#2894,#2895,#2896,#2897,#2898,#2899,#2900,
#2901,#2902,#2903,#2904,#2905,#2906,#2907,#2908,#2909,#2910,#2911,#2912,
#2913,#2914,#2915,#2916));
#2918=STYLED_ITEM('',(#2919),#2928);
#2919=PRESENTATION_STYLE_ASSIGNMENT((#2920));
#2920=SURFACE_STYLE_USAGE(.BOTH.,#2921);
#2921=SURFACE_SIDE_STYLE('',(#2924,#2922));
#2922=SURFACE_STYLE_RENDERING_WITH_PROPERTIES(.CONSTANT_SHADING.,#2927,
(#2923));
#2923=SURFACE_STYLE_TRANSPARENT(0.250980392156863);
#2924=SURFACE_STYLE_FILL_AREA(#2925);
#2925=FILL_AREA_STYLE('',(#2926));
#2926=FILL_AREA_STYLE_COLOUR('',#2927);
#2927=DRAUGHTING_PRE_DEFINED_COLOUR('blue');
#2928=MANIFOLD_SOLID_BREP('Part 5',#2917);
#2929=SHAPE_DEFINITION_REPRESENTATION(#5325,#2930);
#2930=SHAPE_REPRESENTATION('Part 5',(#2931),#5320);
#2931=AXIS2_PLACEMENT_3D('',#4402,#3364,#3365);
#2932=AXIS2_PLACEMENT_3D('',#4403,#3366,#3367);
#2933=AXIS2_PLACEMENT_3D('',#4416,#3368,#3369);
#2934=AXIS2_PLACEMENT_3D('',#4418,#3370,#3371);
#2935=AXIS2_PLACEMENT_3D('',#4419,#3372,#3373);
#2936=AXIS2_PLACEMENT_3D('',#4422,#3374,#3375);
#2937=AXIS2_PLACEMENT_3D('',#4424,#3376,#3377);
#2938=AXIS2_PLACEMENT_3D('',#4426,#3378,#3379);
#2939=AXIS2_PLACEMENT_3D('',#4428,#3380,#3381);
#2940=AXIS2_PLACEMENT_3D('',#4430,#3382,#3383);
#2941=AXIS2_PLACEMENT_3D('',#4432,#3384,#3385);
#2942=AXIS2_PLACEMENT_3D('',#4434,#3386,#3387);
#2943=AXIS2_PLACEMENT_3D('',#4436,#3388,#3389);
#2944=AXIS2_PLACEMENT_3D('',#4438,#3390,#3391);
#2945=AXIS2_PLACEMENT_3D('',#4440,#3392,#3393);
#2946=AXIS2_PLACEMENT_3D('',#4442,#3394,#3395);
#2947=AXIS2_PLACEMENT_3D('',#4444,#3396,#3397);
#2948=AXIS2_PLACEMENT_3D('',#4446,#3398,#3399);
#2949=AXIS2_PLACEMENT_3D('',#4448,#3400,#3401);
#2950=AXIS2_PLACEMENT_3D('',#4450,#3402,#3403);
#2951=AXIS2_PLACEMENT_3D('',#4452,#3404,#3405);
#2952=AXIS2_PLACEMENT_3D('',#4454,#3406,#3407);
#2953=AXIS2_PLACEMENT_3D('',#4456,#3408,#3409);
#2954=AXIS2_PLACEMENT_3D('',#4458,#3410,#3411);
#2955=AXIS2_PLACEMENT_3D('',#4460,#3412,#3413);
#2956=AXIS2_PLACEMENT_3D('',#4462,#3414,#3415);
#2957=AXIS2_PLACEMENT_3D('',#4464,#3416,#3417);
#2958=AXIS2_PLACEMENT_3D('',#4466,#3418,#3419);
#2959=AXIS2_PLACEMENT_3D('',#4468,#3420,#3421);
#2960=AXIS2_PLACEMENT_3D('',#4470,#3422,#3423);
#2961=AXIS2_PLACEMENT_3D('',#4472,#3424,#3425);
#2962=AXIS2_PLACEMENT_3D('',#4474,#3426,#3427);
#2963=AXIS2_PLACEMENT_3D('',#4476,#3428,#3429);
#2964=AXIS2_PLACEMENT_3D('',#4478,#3430,#3431);
#2965=AXIS2_PLACEMENT_3D('',#4480,#3432,#3433);
#2966=AXIS2_PLACEMENT_3D('',#4482,#3434,#3435);
#2967=AXIS2_PLACEMENT_3D('',#4484,#3436,#3437);
#2968=AXIS2_PLACEMENT_3D('',#4486,#3438,#3439);
#2969=AXIS2_PLACEMENT_3D('',#4488,#3440,#3441);
#2970=AXIS2_PLACEMENT_3D('',#4490,#3442,#3443);
#2971=AXIS2_PLACEMENT_3D('',#4492,#3444,#3445);
#2972=AXIS2_PLACEMENT_3D('',#4494,#3446,#3447);
#2973=AXIS2_PLACEMENT_3D('',#4496,#3448,#3449);
#2974=AXIS2_PLACEMENT_3D('',#4498,#3450,#3451);
#2975=AXIS2_PLACEMENT_3D('',#4500,#3452,#3453);
#2976=AXIS2_PLACEMENT_3D('',#4502,#3454,#3455);
#2977=AXIS2_PLACEMENT_3D('',#4504,#3456,#3457);
#2978=AXIS2_PLACEMENT_3D('',#4506,#3458,#3459);
#2979=AXIS2_PLACEMENT_3D('',#4508,#3460,#3461);
#2980=AXIS2_PLACEMENT_3D('',#4510,#3462,#3463);
#2981=AXIS2_PLACEMENT_3D('',#4512,#3464,#3465);
#2982=AXIS2_PLACEMENT_3D('',#4514,#3466,#3467);
#2983=AXIS2_PLACEMENT_3D('',#4516,#3468,#3469);
#2984=AXIS2_PLACEMENT_3D('',#4518,#3470,#3471);
#2985=AXIS2_PLACEMENT_3D('',#4520,#3472,#3473);
#2986=AXIS2_PLACEMENT_3D('',#4522,#3474,#3475);
#2987=AXIS2_PLACEMENT_3D('',#4524,#3476,#3477);
#2988=AXIS2_PLACEMENT_3D('',#4526,#3478,#3479);
#2989=AXIS2_PLACEMENT_3D('',#4528,#3480,#3481);
#2990=AXIS2_PLACEMENT_3D('',#4530,#3482,#3483);
#2991=AXIS2_PLACEMENT_3D('',#4532,#3484,#3485);
#2992=AXIS2_PLACEMENT_3D('',#4534,#3486,#3487);
#2993=AXIS2_PLACEMENT_3D('',#4536,#3488,#3489);
#2994=AXIS2_PLACEMENT_3D('',#4538,#3490,#3491);
#2995=AXIS2_PLACEMENT_3D('',#4540,#3492,#3493);
#2996=AXIS2_PLACEMENT_3D('',#4542,#3494,#3495);
#2997=AXIS2_PLACEMENT_3D('',#4544,#3496,#3497);
#2998=AXIS2_PLACEMENT_3D('',#4546,#3498,#3499);
#2999=AXIS2_PLACEMENT_3D('',#4548,#3500,#3501);
#3000=AXIS2_PLACEMENT_3D('',#4550,#3502,#3503);
#3001=AXIS2_PLACEMENT_3D('',#4552,#3504,#3505);
#3002=AXIS2_PLACEMENT_3D('',#4554,#3506,#3507);
#3003=AXIS2_PLACEMENT_3D('',#4556,#3508,#3509);
#3004=AXIS2_PLACEMENT_3D('',#4558,#3510,#3511);
#3005=AXIS2_PLACEMENT_3D('',#4560,#3512,#3513);
#3006=AXIS2_PLACEMENT_3D('',#4562,#3514,#3515);
#3007=AXIS2_PLACEMENT_3D('',#4564,#3516,#3517);
#3008=AXIS2_PLACEMENT_3D('',#4566,#3518,#3519);
#3009=AXIS2_PLACEMENT_3D('',#4568,#3520,#3521);
#3010=AXIS2_PLACEMENT_3D('',#4570,#3522,#3523);
#3011=AXIS2_PLACEMENT_3D('',#4572,#3524,#3525);
#3012=AXIS2_PLACEMENT_3D('',#4574,#3526,#3527);
#3013=AXIS2_PLACEMENT_3D('',#4576,#3528,#3529);
#3014=AXIS2_PLACEMENT_3D('',#4578,#3530,#3531);
#3015=AXIS2_PLACEMENT_3D('',#4580,#3532,#3533);
#3016=AXIS2_PLACEMENT_3D('',#4582,#3534,#3535);
#3017=AXIS2_PLACEMENT_3D('',#4584,#3536,#3537);
#3018=AXIS2_PLACEMENT_3D('',#4586,#3538,#3539);
#3019=AXIS2_PLACEMENT_3D('',#4588,#3540,#3541);
#3020=AXIS2_PLACEMENT_3D('',#4590,#3542,#3543);
#3021=AXIS2_PLACEMENT_3D('',#4592,#3544,#3545);
#3022=AXIS2_PLACEMENT_3D('',#4594,#3546,#3547);
#3023=AXIS2_PLACEMENT_3D('',#4596,#3548,#3549);
#3024=AXIS2_PLACEMENT_3D('',#4598,#3550,#3551);
#3025=AXIS2_PLACEMENT_3D('',#4600,#3552,#3553);
#3026=AXIS2_PLACEMENT_3D('',#4602,#3554,#3555);
#3027=AXIS2_PLACEMENT_3D('',#4604,#3556,#3557);
#3028=AXIS2_PLACEMENT_3D('',#4606,#3558,#3559);
#3029=AXIS2_PLACEMENT_3D('',#4608,#3560,#3561);
#3030=AXIS2_PLACEMENT_3D('',#4610,#3562,#3563);
#3031=AXIS2_PLACEMENT_3D('',#4612,#3564,#3565);
#3032=AXIS2_PLACEMENT_3D('',#4614,#3566,#3567);
#3033=AXIS2_PLACEMENT_3D('',#4616,#3568,#3569);
#3034=AXIS2_PLACEMENT_3D('',#4618,#3570,#3571);
#3035=AXIS2_PLACEMENT_3D('',#4619,#3572,#3573);
#3036=AXIS2_PLACEMENT_3D('',#4622,#3575,#3576);
#3037=AXIS2_PLACEMENT_3D('',#4625,#3578,#3579);
#3038=AXIS2_PLACEMENT_3D('',#4626,#3580,#3581);
#3039=AXIS2_PLACEMENT_3D('',#4629,#3583,#3584);
#3040=AXIS2_PLACEMENT_3D('',#4630,#3585,#3586);
#3041=AXIS2_PLACEMENT_3D('',#4633,#3588,#3589);
#3042=AXIS2_PLACEMENT_3D('',#4634,#3590,#3591);
#3043=AXIS2_PLACEMENT_3D('',#4637,#3593,#3594);
#3044=AXIS2_PLACEMENT_3D('',#4640,#3596,#3597);
#3045=AXIS2_PLACEMENT_3D('',#4643,#3599,#3600);
#3046=AXIS2_PLACEMENT_3D('',#4644,#3601,#3602);
#3047=AXIS2_PLACEMENT_3D('',#4647,#3604,#3605);
#3048=AXIS2_PLACEMENT_3D('',#4648,#3606,#3607);
#3049=AXIS2_PLACEMENT_3D('',#4651,#3609,#3610);
#3050=AXIS2_PLACEMENT_3D('',#4652,#3611,#3612);
#3051=AXIS2_PLACEMENT_3D('',#4653,#3613,#3614);
#3052=AXIS2_PLACEMENT_3D('',#4656,#3616,#3617);
#3053=AXIS2_PLACEMENT_3D('',#4659,#3619,#3620);
#3054=AXIS2_PLACEMENT_3D('',#4660,#3621,#3622);
#3055=AXIS2_PLACEMENT_3D('',#4663,#3624,#3625);
#3056=AXIS2_PLACEMENT_3D('',#4664,#3626,#3627);
#3057=AXIS2_PLACEMENT_3D('',#4667,#3629,#3630);
#3058=AXIS2_PLACEMENT_3D('',#4668,#3631,#3632);
#3059=AXIS2_PLACEMENT_3D('',#4669,#3633,#3634);
#3060=AXIS2_PLACEMENT_3D('',#4672,#3636,#3637);
#3061=AXIS2_PLACEMENT_3D('',#4675,#3639,#3640);
#3062=AXIS2_PLACEMENT_3D('',#4676,#3641,#3642);
#3063=AXIS2_PLACEMENT_3D('',#4679,#3644,#3645);
#3064=AXIS2_PLACEMENT_3D('',#4680,#3646,#3647);
#3065=AXIS2_PLACEMENT_3D('',#4683,#3649,#3650);
#3066=AXIS2_PLACEMENT_3D('',#4684,#3651,#3652);
#3067=AXIS2_PLACEMENT_3D('',#4685,#3653,#3654);
#3068=AXIS2_PLACEMENT_3D('',#4688,#3656,#3657);
#3069=AXIS2_PLACEMENT_3D('',#4691,#3659,#3660);
#3070=AXIS2_PLACEMENT_3D('',#4692,#3661,#3662);
#3071=AXIS2_PLACEMENT_3D('',#4695,#3664,#3665);
#3072=AXIS2_PLACEMENT_3D('',#4696,#3666,#3667);
#3073=AXIS2_PLACEMENT_3D('',#4699,#3669,#3670);
#3074=AXIS2_PLACEMENT_3D('',#4700,#3671,#3672);
#3075=AXIS2_PLACEMENT_3D('',#4701,#3673,#3674);
#3076=AXIS2_PLACEMENT_3D('',#4704,#3676,#3677);
#3077=AXIS2_PLACEMENT_3D('',#4707,#3679,#3680);
#3078=AXIS2_PLACEMENT_3D('',#4708,#3681,#3682);
#3079=AXIS2_PLACEMENT_3D('',#4711,#3684,#3685);
#3080=AXIS2_PLACEMENT_3D('',#4712,#3686,#3687);
#3081=AXIS2_PLACEMENT_3D('',#4715,#3689,#3690);
#3082=AXIS2_PLACEMENT_3D('',#4716,#3691,#3692);
#3083=AXIS2_PLACEMENT_3D('',#4717,#3693,#3694);
#3084=AXIS2_PLACEMENT_3D('',#4720,#3696,#3697);
#3085=AXIS2_PLACEMENT_3D('',#4723,#3699,#3700);
#3086=AXIS2_PLACEMENT_3D('',#4724,#3701,#3702);
#3087=AXIS2_PLACEMENT_3D('',#4727,#3704,#3705);
#3088=AXIS2_PLACEMENT_3D('',#4728,#3706,#3707);
#3089=AXIS2_PLACEMENT_3D('',#4731,#3709,#3710);
#3090=AXIS2_PLACEMENT_3D('',#4732,#3711,#3712);
#3091=AXIS2_PLACEMENT_3D('',#4733,#3713,#3714);
#3092=AXIS2_PLACEMENT_3D('',#4736,#3716,#3717);
#3093=AXIS2_PLACEMENT_3D('',#4739,#3719,#3720);
#3094=AXIS2_PLACEMENT_3D('',#4740,#3721,#3722);
#3095=AXIS2_PLACEMENT_3D('',#4743,#3724,#3725);
#3096=AXIS2_PLACEMENT_3D('',#4744,#3726,#3727);
#3097=AXIS2_PLACEMENT_3D('',#4747,#3729,#3730);
#3098=AXIS2_PLACEMENT_3D('',#4748,#3731,#3732);
#3099=AXIS2_PLACEMENT_3D('',#4749,#3733,#3734);
#3100=AXIS2_PLACEMENT_3D('',#4752,#3736,#3737);
#3101=AXIS2_PLACEMENT_3D('',#4755,#3739,#3740);
#3102=AXIS2_PLACEMENT_3D('',#4756,#3741,#3742);
#3103=AXIS2_PLACEMENT_3D('',#4759,#3744,#3745);
#3104=AXIS2_PLACEMENT_3D('',#4760,#3746,#3747);
#3105=AXIS2_PLACEMENT_3D('',#4763,#3749,#3750);
#3106=AXIS2_PLACEMENT_3D('',#4764,#3751,#3752);
#3107=AXIS2_PLACEMENT_3D('',#4765,#3753,#3754);
#3108=AXIS2_PLACEMENT_3D('',#4768,#3756,#3757);
#3109=AXIS2_PLACEMENT_3D('',#4771,#3759,#3760);
#3110=AXIS2_PLACEMENT_3D('',#4772,#3761,#3762);
#3111=AXIS2_PLACEMENT_3D('',#4775,#3764,#3765);
#3112=AXIS2_PLACEMENT_3D('',#4776,#3766,#3767);
#3113=AXIS2_PLACEMENT_3D('',#4779,#3769,#3770);
#3114=AXIS2_PLACEMENT_3D('',#4780,#3771,#3772);
#3115=AXIS2_PLACEMENT_3D('',#4781,#3773,#3774);
#3116=AXIS2_PLACEMENT_3D('',#4784,#3776,#3777);
#3117=AXIS2_PLACEMENT_3D('',#4787,#3779,#3780);
#3118=AXIS2_PLACEMENT_3D('',#4788,#3781,#3782);
#3119=AXIS2_PLACEMENT_3D('',#4791,#3784,#3785);
#3120=AXIS2_PLACEMENT_3D('',#4792,#3786,#3787);
#3121=AXIS2_PLACEMENT_3D('',#4795,#3789,#3790);
#3122=AXIS2_PLACEMENT_3D('',#4796,#3791,#3792);
#3123=AXIS2_PLACEMENT_3D('',#4797,#3793,#3794);
#3124=AXIS2_PLACEMENT_3D('',#4800,#3796,#3797);
#3125=AXIS2_PLACEMENT_3D('',#4803,#3799,#3800);
#3126=AXIS2_PLACEMENT_3D('',#4804,#3801,#3802);
#3127=AXIS2_PLACEMENT_3D('',#4807,#3804,#3805);
#3128=AXIS2_PLACEMENT_3D('',#4808,#3806,#3807);
#3129=AXIS2_PLACEMENT_3D('',#4811,#3809,#3810);
#3130=AXIS2_PLACEMENT_3D('',#4812,#3811,#3812);
#3131=AXIS2_PLACEMENT_3D('',#4813,#3813,#3814);
#3132=AXIS2_PLACEMENT_3D('',#4816,#3816,#3817);
#3133=AXIS2_PLACEMENT_3D('',#4819,#3819,#3820);
#3134=AXIS2_PLACEMENT_3D('',#4820,#3821,#3822);
#3135=AXIS2_PLACEMENT_3D('',#4823,#3824,#3825);
#3136=AXIS2_PLACEMENT_3D('',#4824,#3826,#3827);
#3137=AXIS2_PLACEMENT_3D('',#4827,#3829,#3830);
#3138=AXIS2_PLACEMENT_3D('',#4828,#3831,#3832);
#3139=AXIS2_PLACEMENT_3D('',#4829,#3833,#3834);
#3140=AXIS2_PLACEMENT_3D('',#4832,#3836,#3837);
#3141=AXIS2_PLACEMENT_3D('',#4835,#3839,#3840);
#3142=AXIS2_PLACEMENT_3D('',#4836,#3841,#3842);
#3143=AXIS2_PLACEMENT_3D('',#4839,#3844,#3845);
#3144=AXIS2_PLACEMENT_3D('',#4840,#3846,#3847);
#3145=AXIS2_PLACEMENT_3D('',#4843,#3849,#3850);
#3146=AXIS2_PLACEMENT_3D('',#4844,#3851,#3852);
#3147=AXIS2_PLACEMENT_3D('',#4845,#3853,#3854);
#3148=AXIS2_PLACEMENT_3D('',#4848,#3856,#3857);
#3149=AXIS2_PLACEMENT_3D('',#4851,#3859,#3860);
#3150=AXIS2_PLACEMENT_3D('',#4852,#3861,#3862);
#3151=AXIS2_PLACEMENT_3D('',#4855,#3864,#3865);
#3152=AXIS2_PLACEMENT_3D('',#4856,#3866,#3867);
#3153=AXIS2_PLACEMENT_3D('',#4859,#3869,#3870);
#3154=AXIS2_PLACEMENT_3D('',#4860,#3871,#3872);
#3155=AXIS2_PLACEMENT_3D('',#4861,#3873,#3874);
#3156=AXIS2_PLACEMENT_3D('',#4864,#3876,#3877);
#3157=AXIS2_PLACEMENT_3D('',#4867,#3879,#3880);
#3158=AXIS2_PLACEMENT_3D('',#4868,#3881,#3882);
#3159=AXIS2_PLACEMENT_3D('',#4871,#3884,#3885);
#3160=AXIS2_PLACEMENT_3D('',#4872,#3886,#3887);
#3161=AXIS2_PLACEMENT_3D('',#4875,#3889,#3890);
#3162=AXIS2_PLACEMENT_3D('',#4876,#3891,#3892);
#3163=AXIS2_PLACEMENT_3D('',#4877,#3893,#3894);
#3164=AXIS2_PLACEMENT_3D('',#4880,#3896,#3897);
#3165=AXIS2_PLACEMENT_3D('',#4883,#3899,#3900);
#3166=AXIS2_PLACEMENT_3D('',#4884,#3901,#3902);
#3167=AXIS2_PLACEMENT_3D('',#4887,#3904,#3905);
#3168=AXIS2_PLACEMENT_3D('',#4888,#3906,#3907);
#3169=AXIS2_PLACEMENT_3D('',#4891,#3909,#3910);
#3170=AXIS2_PLACEMENT_3D('',#4892,#3911,#3912);
#3171=AXIS2_PLACEMENT_3D('',#4893,#3913,#3914);
#3172=AXIS2_PLACEMENT_3D('',#4896,#3916,#3917);
#3173=AXIS2_PLACEMENT_3D('',#4899,#3919,#3920);
#3174=AXIS2_PLACEMENT_3D('',#4900,#3921,#3922);
#3175=AXIS2_PLACEMENT_3D('',#4903,#3924,#3925);
#3176=AXIS2_PLACEMENT_3D('',#4904,#3926,#3927);
#3177=AXIS2_PLACEMENT_3D('',#4907,#3929,#3930);
#3178=AXIS2_PLACEMENT_3D('',#4908,#3931,#3932);
#3179=AXIS2_PLACEMENT_3D('',#4909,#3933,#3934);
#3180=AXIS2_PLACEMENT_3D('',#4912,#3936,#3937);
#3181=AXIS2_PLACEMENT_3D('',#4915,#3939,#3940);
#3182=AXIS2_PLACEMENT_3D('',#4916,#3941,#3942);
#3183=AXIS2_PLACEMENT_3D('',#4919,#3944,#3945);
#3184=AXIS2_PLACEMENT_3D('',#4920,#3946,#3947);
#3185=AXIS2_PLACEMENT_3D('',#4923,#3949,#3950);
#3186=AXIS2_PLACEMENT_3D('',#4924,#3951,#3952);
#3187=AXIS2_PLACEMENT_3D('',#4925,#3953,#3954);
#3188=AXIS2_PLACEMENT_3D('',#4928,#3956,#3957);
#3189=AXIS2_PLACEMENT_3D('',#4931,#3959,#3960);
#3190=AXIS2_PLACEMENT_3D('',#4932,#3961,#3962);
#3191=AXIS2_PLACEMENT_3D('',#4935,#3964,#3965);
#3192=AXIS2_PLACEMENT_3D('',#4936,#3966,#3967);
#3193=AXIS2_PLACEMENT_3D('',#4939,#3969,#3970);
#3194=AXIS2_PLACEMENT_3D('',#4940,#3971,#3972);
#3195=AXIS2_PLACEMENT_3D('',#4941,#3973,#3974);
#3196=AXIS2_PLACEMENT_3D('',#4944,#3976,#3977);
#3197=AXIS2_PLACEMENT_3D('',#4947,#3979,#3980);
#3198=AXIS2_PLACEMENT_3D('',#4948,#3981,#3982);
#3199=AXIS2_PLACEMENT_3D('',#4951,#3984,#3985);
#3200=AXIS2_PLACEMENT_3D('',#4952,#3986,#3987);
#3201=AXIS2_PLACEMENT_3D('',#4955,#3989,#3990);
#3202=AXIS2_PLACEMENT_3D('',#4956,#3991,#3992);
#3203=AXIS2_PLACEMENT_3D('',#4957,#3993,#3994);
#3204=AXIS2_PLACEMENT_3D('',#4960,#3996,#3997);
#3205=AXIS2_PLACEMENT_3D('',#4963,#3999,#4000);
#3206=AXIS2_PLACEMENT_3D('',#4964,#4001,#4002);
#3207=AXIS2_PLACEMENT_3D('',#4967,#4004,#4005);
#3208=AXIS2_PLACEMENT_3D('',#4968,#4006,#4007);
#3209=AXIS2_PLACEMENT_3D('',#4971,#4009,#4010);
#3210=AXIS2_PLACEMENT_3D('',#4972,#4011,#4012);
#3211=AXIS2_PLACEMENT_3D('',#4973,#4013,#4014);
#3212=AXIS2_PLACEMENT_3D('',#4976,#4016,#4017);
#3213=AXIS2_PLACEMENT_3D('',#4979,#4019,#4020);
#3214=AXIS2_PLACEMENT_3D('',#4980,#4021,#4022);
#3215=AXIS2_PLACEMENT_3D('',#4983,#4024,#4025);
#3216=AXIS2_PLACEMENT_3D('',#4984,#4026,#4027);
#3217=AXIS2_PLACEMENT_3D('',#4987,#4029,#4030);
#3218=AXIS2_PLACEMENT_3D('',#4988,#4031,#4032);
#3219=AXIS2_PLACEMENT_3D('',#4989,#4033,#4034);
#3220=AXIS2_PLACEMENT_3D('',#4992,#4036,#4037);
#3221=AXIS2_PLACEMENT_3D('',#4995,#4039,#4040);
#3222=AXIS2_PLACEMENT_3D('',#4996,#4041,#4042);
#3223=AXIS2_PLACEMENT_3D('',#4999,#4044,#4045);
#3224=AXIS2_PLACEMENT_3D('',#5000,#4046,#4047);
#3225=AXIS2_PLACEMENT_3D('',#5003,#4049,#4050);
#3226=AXIS2_PLACEMENT_3D('',#5004,#4051,#4052);
#3227=AXIS2_PLACEMENT_3D('',#5005,#4053,#4054);
#3228=AXIS2_PLACEMENT_3D('',#5006,#4055,#4056);
#3229=AXIS2_PLACEMENT_3D('',#5009,#4058,#4059);
#3230=AXIS2_PLACEMENT_3D('',#5010,#4060,#4061);
#3231=AXIS2_PLACEMENT_3D('',#5013,#4063,#4064);
#3232=AXIS2_PLACEMENT_3D('',#5014,#4065,#4066);
#3233=AXIS2_PLACEMENT_3D('',#5017,#4068,#4069);
#3234=AXIS2_PLACEMENT_3D('',#5018,#4070,#4071);
#3235=AXIS2_PLACEMENT_3D('',#5019,#4072,#4073);
#3236=AXIS2_PLACEMENT_3D('',#5020,#4074,#4075);
#3237=AXIS2_PLACEMENT_3D('',#5021,#4076,#4077);
#3238=AXIS2_PLACEMENT_3D('',#5023,#4078,#4079);
#3239=AXIS2_PLACEMENT_3D('',#5024,#4080,#4081);
#3240=AXIS2_PLACEMENT_3D('',#5026,#4082,#4083);
#3241=AXIS2_PLACEMENT_3D('',#5028,#4084,#4085);
#3242=AXIS2_PLACEMENT_3D('',#5029,#4086,#4087);
#3243=AXIS2_PLACEMENT_3D('',#5030,#4088,#4089);
#3244=AXIS2_PLACEMENT_3D('',#5035,#4091,#4092);
#3245=AXIS2_PLACEMENT_3D('',#5037,#4093,#4094);
#3246=AXIS2_PLACEMENT_3D('',#5039,#4095,#4096);
#3247=AXIS2_PLACEMENT_3D('',#5043,#4098,#4099);
#3248=AXIS2_PLACEMENT_3D('',#5045,#4100,#4101);
#3249=AXIS2_PLACEMENT_3D('',#5047,#4102,#4103);
#3250=AXIS2_PLACEMENT_3D('',#5051,#4105,#4106);
#3251=AXIS2_PLACEMENT_3D('',#5053,#4107,#4108);
#3252=AXIS2_PLACEMENT_3D('',#5055,#4109,#4110);
#3253=AXIS2_PLACEMENT_3D('',#5059,#4112,#4113);
#3254=AXIS2_PLACEMENT_3D('',#5061,#4114,#4115);
#3255=AXIS2_PLACEMENT_3D('',#5063,#4116,#4117);
#3256=AXIS2_PLACEMENT_3D('',#5067,#4119,#4120);
#3257=AXIS2_PLACEMENT_3D('',#5069,#4121,#4122);
#3258=AXIS2_PLACEMENT_3D('',#5071,#4123,#4124);
#3259=AXIS2_PLACEMENT_3D('',#5075,#4126,#4127);
#3260=AXIS2_PLACEMENT_3D('',#5077,#4128,#4129);
#3261=AXIS2_PLACEMENT_3D('',#5079,#4130,#4131);
#3262=AXIS2_PLACEMENT_3D('',#5083,#4133,#4134);
#3263=AXIS2_PLACEMENT_3D('',#5085,#4135,#4136);
#3264=AXIS2_PLACEMENT_3D('',#5087,#4137,#4138);
#3265=AXIS2_PLACEMENT_3D('',#5091,#4140,#4141);
#3266=AXIS2_PLACEMENT_3D('',#5093,#4142,#4143);
#3267=AXIS2_PLACEMENT_3D('',#5095,#4144,#4145);
#3268=AXIS2_PLACEMENT_3D('',#5099,#4147,#4148);
#3269=AXIS2_PLACEMENT_3D('',#5101,#4149,#4150);
#3270=AXIS2_PLACEMENT_3D('',#5103,#4151,#4152);
#3271=AXIS2_PLACEMENT_3D('',#5107,#4154,#4155);
#3272=AXIS2_PLACEMENT_3D('',#5109,#4156,#4157);
#3273=AXIS2_PLACEMENT_3D('',#5111,#4158,#4159);
#3274=AXIS2_PLACEMENT_3D('',#5115,#4161,#4162);
#3275=AXIS2_PLACEMENT_3D('',#5117,#4163,#4164);
#3276=AXIS2_PLACEMENT_3D('',#5119,#4165,#4166);
#3277=AXIS2_PLACEMENT_3D('',#5123,#4168,#4169);
#3278=AXIS2_PLACEMENT_3D('',#5125,#4170,#4171);
#3279=AXIS2_PLACEMENT_3D('',#5126,#4172,#4173);
#3280=AXIS2_PLACEMENT_3D('',#5129,#4175,#4176);
#3281=AXIS2_PLACEMENT_3D('',#5132,#4178,#4179);
#3282=AXIS2_PLACEMENT_3D('',#5133,#4180,#4181);
#3283=AXIS2_PLACEMENT_3D('',#5136,#4183,#4184);
#3284=AXIS2_PLACEMENT_3D('',#5140,#4187,#4188);
#3285=AXIS2_PLACEMENT_3D('',#5141,#4189,#4190);
#3286=AXIS2_PLACEMENT_3D('',#5144,#4192,#4193);
#3287=AXIS2_PLACEMENT_3D('',#5145,#4194,#4195);
#3288=AXIS2_PLACEMENT_3D('',#5148,#4197,#4198);
#3289=AXIS2_PLACEMENT_3D('',#5149,#4199,#4200);
#3290=AXIS2_PLACEMENT_3D('',#5152,#4202,#4203);
#3291=AXIS2_PLACEMENT_3D('',#5156,#4206,#4207);
#3292=AXIS2_PLACEMENT_3D('',#5157,#4208,#4209);
#3293=AXIS2_PLACEMENT_3D('',#5160,#4211,#4212);
#3294=AXIS2_PLACEMENT_3D('',#5161,#4213,#4214);
#3295=AXIS2_PLACEMENT_3D('',#5164,#4216,#4217);
#3296=AXIS2_PLACEMENT_3D('',#5165,#4218,#4219);
#3297=AXIS2_PLACEMENT_3D('',#5168,#4221,#4222);
#3298=AXIS2_PLACEMENT_3D('',#5172,#4225,#4226);
#3299=AXIS2_PLACEMENT_3D('',#5173,#4227,#4228);
#3300=AXIS2_PLACEMENT_3D('',#5176,#4230,#4231);
#3301=AXIS2_PLACEMENT_3D('',#5177,#4232,#4233);
#3302=AXIS2_PLACEMENT_3D('',#5180,#4235,#4236);
#3303=AXIS2_PLACEMENT_3D('',#5181,#4237,#4238);
#3304=AXIS2_PLACEMENT_3D('',#5184,#4240,#4241);
#3305=AXIS2_PLACEMENT_3D('',#5188,#4244,#4245);
#3306=AXIS2_PLACEMENT_3D('',#5189,#4246,#4247);
#3307=AXIS2_PLACEMENT_3D('',#5192,#4249,#4250);
#3308=AXIS2_PLACEMENT_3D('',#5193,#4251,#4252);
#3309=AXIS2_PLACEMENT_3D('',#5196,#4254,#4255);
#3310=AXIS2_PLACEMENT_3D('',#5197,#4256,#4257);
#3311=AXIS2_PLACEMENT_3D('',#5200,#4259,#4260);
#3312=AXIS2_PLACEMENT_3D('',#5204,#4263,#4264);
#3313=AXIS2_PLACEMENT_3D('',#5205,#4265,#4266);
#3314=AXIS2_PLACEMENT_3D('',#5208,#4268,#4269);
#3315=AXIS2_PLACEMENT_3D('',#5209,#4270,#4271);
#3316=AXIS2_PLACEMENT_3D('',#5212,#4273,#4274);
#3317=AXIS2_PLACEMENT_3D('',#5213,#4275,#4276);
#3318=AXIS2_PLACEMENT_3D('',#5216,#4278,#4279);
#3319=AXIS2_PLACEMENT_3D('',#5220,#4282,#4283);
#3320=AXIS2_PLACEMENT_3D('',#5221,#4284,#4285);
#3321=AXIS2_PLACEMENT_3D('',#5224,#4287,#4288);
#3322=AXIS2_PLACEMENT_3D('',#5225,#4289,#4290);
#3323=AXIS2_PLACEMENT_3D('',#5228,#4292,#4293);
#3324=AXIS2_PLACEMENT_3D('',#5229,#4294,#4295);
#3325=AXIS2_PLACEMENT_3D('',#5232,#4297,#4298);
#3326=AXIS2_PLACEMENT_3D('',#5236,#4301,#4302);
#3327=AXIS2_PLACEMENT_3D('',#5237,#4303,#4304);
#3328=AXIS2_PLACEMENT_3D('',#5240,#4306,#4307);
#3329=AXIS2_PLACEMENT_3D('',#5241,#4308,#4309);
#3330=AXIS2_PLACEMENT_3D('',#5244,#4311,#4312);
#3331=AXIS2_PLACEMENT_3D('',#5245,#4313,#4314);
#3332=AXIS2_PLACEMENT_3D('',#5248,#4316,#4317);
#3333=AXIS2_PLACEMENT_3D('',#5252,#4320,#4321);
#3334=AXIS2_PLACEMENT_3D('',#5253,#4322,#4323);
#3335=AXIS2_PLACEMENT_3D('',#5256,#4325,#4326);
#3336=AXIS2_PLACEMENT_3D('',#5257,#4327,#4328);
#3337=AXIS2_PLACEMENT_3D('',#5260,#4330,#4331);
#3338=AXIS2_PLACEMENT_3D('',#5261,#4332,#4333);
#3339=AXIS2_PLACEMENT_3D('',#5264,#4335,#4336);
#3340=AXIS2_PLACEMENT_3D('',#5268,#4339,#4340);
#3341=AXIS2_PLACEMENT_3D('',#5269,#4341,#4342);
#3342=AXIS2_PLACEMENT_3D('',#5272,#4344,#4345);
#3343=AXIS2_PLACEMENT_3D('',#5273,#4346,#4347);
#3344=AXIS2_PLACEMENT_3D('',#5276,#4349,#4350);
#3345=AXIS2_PLACEMENT_3D('',#5277,#4351,#4352);
#3346=AXIS2_PLACEMENT_3D('',#5280,#4354,#4355);
#3347=AXIS2_PLACEMENT_3D('',#5284,#4358,#4359);
#3348=AXIS2_PLACEMENT_3D('',#5285,#4360,#4361);
#3349=AXIS2_PLACEMENT_3D('',#5288,#4363,#4364);
#3350=AXIS2_PLACEMENT_3D('',#5289,#4365,#4366);
#3351=AXIS2_PLACEMENT_3D('',#5292,#4368,#4369);
#3352=AXIS2_PLACEMENT_3D('',#5293,#4370,#4371);
#3353=AXIS2_PLACEMENT_3D('',#5296,#4373,#4374);
#3354=AXIS2_PLACEMENT_3D('',#5300,#4377,#4378);
#3355=AXIS2_PLACEMENT_3D('',#5301,#4379,#4380);
#3356=AXIS2_PLACEMENT_3D('',#5304,#4382,#4383);
#3357=AXIS2_PLACEMENT_3D('',#5305,#4384,#4385);
#3358=AXIS2_PLACEMENT_3D('',#5308,#4387,#4388);
#3359=AXIS2_PLACEMENT_3D('',#5309,#4389,#4390);
#3360=AXIS2_PLACEMENT_3D('',#5312,#4392,#4393);
#3361=AXIS2_PLACEMENT_3D('',#5316,#4396,#4397);
#3362=AXIS2_PLACEMENT_3D('',#5317,#4398,#4399);
#3363=AXIS2_PLACEMENT_3D('',#5318,#4400,#4401);
#3364=DIRECTION('',(0.,0.,1.));
#3365=DIRECTION('',(1.,0.,0.));
#3366=DIRECTION('',(1.02630082345318E-16,1.95777352619011E-17,1.));
#3367=DIRECTION('',(1.,0.,-1.02630082345318E-16));
#3368=DIRECTION('',(1.02630082345318E-16,1.95777352619011E-17,1.));
#3369=DIRECTION('',(1.,0.,-1.02630082345318E-16));
#3370=DIRECTION('',(1.02630082345318E-16,1.95777352619011E-17,1.));
#3371=DIRECTION('',(1.,-2.00926458206374E-33,-1.02630082345318E-16));
#3372=DIRECTION('',(1.02630082345318E-16,1.95777352619011E-17,1.));
#3373=DIRECTION('',(1.,0.,-1.02630082345318E-16));
#3374=DIRECTION('',(1.02630082345318E-16,1.95777352619011E-17,1.));
#3375=DIRECTION('',(1.,0.,-1.02630082345318E-16));
#3376=DIRECTION('',(1.02630082345318E-16,1.95777352619011E-17,1.));
#3377=DIRECTION('',(1.,0.,-1.02630082345318E-16));
#3378=DIRECTION('',(1.02630082345318E-16,1.95777352619011E-17,1.));
#3379=DIRECTION('',(1.,0.,-1.02630082345318E-16));
#3380=DIRECTION('',(1.02630082345318E-16,1.95777352619011E-17,1.));
#3381=DIRECTION('',(1.,0.,-1.02630082345318E-16));
#3382=DIRECTION('',(1.02630082345318E-16,1.95777352619011E-17,1.));
#3383=DIRECTION('',(1.,0.,-1.02630082345318E-16));
#3384=DIRECTION('',(1.02630082345318E-16,1.95777352619011E-17,1.));
#3385=DIRECTION('',(1.,0.,-1.02630082345318E-16));
#3386=DIRECTION('',(1.02630082345318E-16,1.95777352619011E-17,1.));
#3387=DIRECTION('',(1.,0.,-1.02630082345318E-16));
#3388=DIRECTION('',(1.02630082345318E-16,1.95777352619011E-17,1.));
#3389=DIRECTION('',(1.,0.,-1.02630082345318E-16));
#3390=DIRECTION('',(1.02630082345318E-16,1.95777352619011E-17,1.));
#3391=DIRECTION('',(1.,0.,-1.02630082345318E-16));
#3392=DIRECTION('',(1.02630082345318E-16,1.95777352619011E-17,1.));
#3393=DIRECTION('',(1.,0.,-1.02630082345318E-16));
#3394=DIRECTION('',(1.02630082345318E-16,1.95777352619011E-17,1.));
#3395=DIRECTION('',(1.,0.,-1.02630082345318E-16));
#3396=DIRECTION('',(1.02630082345318E-16,1.95777352619011E-17,1.));
#3397=DIRECTION('',(1.,0.,-1.02630082345318E-16));
#3398=DIRECTION('',(1.02630082345318E-16,1.95777352619011E-17,1.));
#3399=DIRECTION('',(1.,0.,-1.02630082345318E-16));
#3400=DIRECTION('',(1.02630082345318E-16,1.95777352619011E-17,1.));
#3401=DIRECTION('',(1.,0.,-1.02630082345318E-16));
#3402=DIRECTION('',(1.02630082345318E-16,1.95777352619011E-17,1.));
#3403=DIRECTION('',(1.,0.,-1.02630082345318E-16));
#3404=DIRECTION('',(1.02630082345318E-16,1.95777352619011E-17,1.));
#3405=DIRECTION('',(1.,0.,-1.02630082345318E-16));
#3406=DIRECTION('',(1.02630082345318E-16,1.95777352619011E-17,1.));
#3407=DIRECTION('',(1.,0.,-1.02630082345318E-16));
#3408=DIRECTION('',(1.02630082345318E-16,1.95777352619011E-17,1.));
#3409=DIRECTION('',(1.,0.,-1.02630082345318E-16));
#3410=DIRECTION('',(1.02630082345318E-16,1.95777352619011E-17,1.));
#3411=DIRECTION('',(1.,0.,-1.02630082345318E-16));
#3412=DIRECTION('',(1.02630082345318E-16,1.95777352619011E-17,1.));
#3413=DIRECTION('',(1.,0.,-1.02630082345318E-16));
#3414=DIRECTION('',(1.02630082345318E-16,1.95777352619011E-17,1.));
#3415=DIRECTION('',(1.,0.,-1.02630082345318E-16));
#3416=DIRECTION('',(1.02630082345318E-16,1.95777352619011E-17,1.));
#3417=DIRECTION('',(1.,0.,-1.02630082345318E-16));
#3418=DIRECTION('',(1.02630082345318E-16,1.95777352619011E-17,1.));
#3419=DIRECTION('',(1.,0.,-1.02630082345318E-16));
#3420=DIRECTION('',(1.02630082345318E-16,1.95777352619011E-17,1.));
#3421=DIRECTION('',(1.,0.,-1.02630082345318E-16));
#3422=DIRECTION('',(1.02630082345318E-16,1.95777352619011E-17,1.));
#3423=DIRECTION('',(1.,0.,-1.02630082345318E-16));
#3424=DIRECTION('',(1.02630082345318E-16,1.95777352619011E-17,1.));
#3425=DIRECTION('',(1.,0.,-1.02630082345318E-16));
#3426=DIRECTION('',(1.02630082345318E-16,1.95777352619011E-17,1.));
#3427=DIRECTION('',(1.,0.,-1.02630082345318E-16));
#3428=DIRECTION('',(1.02630082345318E-16,1.95777352619011E-17,1.));
#3429=DIRECTION('',(1.,0.,-1.02630082345318E-16));
#3430=DIRECTION('',(1.02630082345318E-16,1.95777352619011E-17,1.));
#3431=DIRECTION('',(1.,0.,-1.02630082345318E-16));
#3432=DIRECTION('',(1.02630082345318E-16,1.95777352619011E-17,1.));
#3433=DIRECTION('',(1.,0.,-1.02630082345318E-16));
#3434=DIRECTION('',(1.02630082345318E-16,1.95777352619011E-17,1.));
#3435=DIRECTION('',(1.,0.,-1.02630082345318E-16));
#3436=DIRECTION('',(1.02630082345318E-16,1.95777352619011E-17,1.));
#3437=DIRECTION('',(1.,0.,-1.02630082345318E-16));
#3438=DIRECTION('',(1.02630082345318E-16,1.95777352619011E-17,1.));
#3439=DIRECTION('',(1.,0.,-1.02630082345318E-16));
#3440=DIRECTION('',(1.02630082345318E-16,1.95777352619011E-17,1.));
#3441=DIRECTION('',(1.,0.,-1.02630082345318E-16));
#3442=DIRECTION('',(1.02630082345318E-16,1.95777352619011E-17,1.));
#3443=DIRECTION('',(1.,0.,-1.02630082345318E-16));
#3444=DIRECTION('',(1.02630082345318E-16,1.95777352619011E-17,1.));
#3445=DIRECTION('',(1.,0.,-1.02630082345318E-16));
#3446=DIRECTION('',(1.02630082345318E-16,1.95777352619011E-17,1.));
#3447=DIRECTION('',(1.,0.,-1.02630082345318E-16));
#3448=DIRECTION('',(1.02630082345318E-16,1.95777352619011E-17,1.));
#3449=DIRECTION('',(1.,0.,-1.02630082345318E-16));
#3450=DIRECTION('',(1.02630082345318E-16,1.95777352619011E-17,1.));
#3451=DIRECTION('',(1.,0.,-1.02630082345318E-16));
#3452=DIRECTION('',(1.02630082345318E-16,1.95777352619011E-17,1.));
#3453=DIRECTION('',(1.,0.,-1.02630082345318E-16));
#3454=DIRECTION('',(1.02630082345318E-16,1.95777352619011E-17,1.));
#3455=DIRECTION('',(1.,0.,-1.02630082345318E-16));
#3456=DIRECTION('',(1.02630082345318E-16,1.95777352619011E-17,1.));
#3457=DIRECTION('',(1.,0.,-1.02630082345318E-16));
#3458=DIRECTION('',(1.02630082345318E-16,1.95777352619011E-17,1.));
#3459=DIRECTION('',(1.,0.,-1.02630082345318E-16));
#3460=DIRECTION('',(1.02630082345318E-16,1.95777352619011E-17,1.));
#3461=DIRECTION('',(1.,0.,-1.02630082345318E-16));
#3462=DIRECTION('',(1.02630082345318E-16,1.95777352619011E-17,1.));
#3463=DIRECTION('',(1.,0.,-1.02630082345318E-16));
#3464=DIRECTION('',(1.02630082345318E-16,1.95777352619011E-17,1.));
#3465=DIRECTION('',(1.,0.,-1.02630082345318E-16));
#3466=DIRECTION('',(1.02630082345318E-16,1.95777352619011E-17,1.));
#3467=DIRECTION('',(1.,0.,-1.02630082345318E-16));
#3468=DIRECTION('',(1.02630082345318E-16,1.95777352619011E-17,1.));
#3469=DIRECTION('',(1.,0.,-1.02630082345318E-16));
#3470=DIRECTION('',(1.02630082345318E-16,1.95777352619011E-17,1.));
#3471=DIRECTION('',(1.,0.,-1.02630082345318E-16));
#3472=DIRECTION('',(1.02630082345318E-16,1.95777352619011E-17,1.));
#3473=DIRECTION('',(1.,0.,-1.02630082345318E-16));
#3474=DIRECTION('',(1.02630082345318E-16,1.95777352619011E-17,1.));
#3475=DIRECTION('',(1.,0.,-1.02630082345318E-16));
#3476=DIRECTION('',(1.02630082345318E-16,1.95777352619011E-17,1.));
#3477=DIRECTION('',(1.,0.,-1.02630082345318E-16));
#3478=DIRECTION('',(1.02630082345318E-16,1.95777352619011E-17,1.));
#3479=DIRECTION('',(1.,0.,-1.02630082345318E-16));
#3480=DIRECTION('',(1.02630082345318E-16,1.95777352619011E-17,1.));
#3481=DIRECTION('',(1.,0.,-1.02630082345318E-16));
#3482=DIRECTION('',(1.02630082345318E-16,1.95777352619011E-17,1.));
#3483=DIRECTION('',(1.,0.,-1.02630082345318E-16));
#3484=DIRECTION('',(1.02630082345318E-16,1.95777352619011E-17,1.));
#3485=DIRECTION('',(1.,0.,-1.02630082345318E-16));
#3486=DIRECTION('',(1.02630082345318E-16,1.95777352619011E-17,1.));
#3487=DIRECTION('',(1.,0.,-1.02630082345318E-16));
#3488=DIRECTION('',(1.02630082345318E-16,1.95777352619011E-17,1.));
#3489=DIRECTION('',(1.,0.,-1.02630082345318E-16));
#3490=DIRECTION('',(1.02630082345318E-16,1.95777352619011E-17,1.));
#3491=DIRECTION('',(1.,0.,-1.02630082345318E-16));
#3492=DIRECTION('',(1.02630082345318E-16,1.95777352619011E-17,1.));
#3493=DIRECTION('',(1.,0.,-1.02630082345318E-16));
#3494=DIRECTION('',(1.02630082345318E-16,1.95777352619011E-17,1.));
#3495=DIRECTION('',(1.,0.,-1.02630082345318E-16));
#3496=DIRECTION('',(1.02630082345318E-16,1.95777352619011E-17,1.));
#3497=DIRECTION('',(1.,0.,-1.02630082345318E-16));
#3498=DIRECTION('',(1.02630082345318E-16,1.95777352619011E-17,1.));
#3499=DIRECTION('',(1.,0.,-1.02630082345318E-16));
#3500=DIRECTION('',(1.02630082345318E-16,1.95777352619011E-17,1.));
#3501=DIRECTION('',(1.,0.,-1.02630082345318E-16));
#3502=DIRECTION('',(1.02630082345318E-16,1.95777352619011E-17,1.));
#3503=DIRECTION('',(1.,0.,-1.02630082345318E-16));
#3504=DIRECTION('',(1.02630082345318E-16,1.95777352619011E-17,1.));
#3505=DIRECTION('',(1.,0.,-1.02630082345318E-16));
#3506=DIRECTION('',(1.02630082345318E-16,1.95777352619011E-17,1.));
#3507=DIRECTION('',(1.,0.,-1.02630082345318E-16));
#3508=DIRECTION('',(1.02630082345318E-16,1.95777352619011E-17,1.));
#3509=DIRECTION('',(1.,0.,-1.02630082345318E-16));
#3510=DIRECTION('',(1.02630082345318E-16,1.95777352619011E-17,1.));
#3511=DIRECTION('',(1.,0.,-1.02630082345318E-16));
#3512=DIRECTION('',(1.02630082345318E-16,1.95777352619011E-17,1.));
#3513=DIRECTION('',(1.,0.,-1.02630082345318E-16));
#3514=DIRECTION('',(1.02630082345318E-16,1.95777352619011E-17,1.));
#3515=DIRECTION('',(1.,0.,-1.02630082345318E-16));
#3516=DIRECTION('',(1.02630082345318E-16,1.95777352619011E-17,1.));
#3517=DIRECTION('',(1.,0.,-1.02630082345318E-16));
#3518=DIRECTION('',(1.02630082345318E-16,1.95777352619011E-17,1.));
#3519=DIRECTION('',(1.,0.,-1.02630082345318E-16));
#3520=DIRECTION('',(1.02630082345318E-16,1.95777352619011E-17,1.));
#3521=DIRECTION('',(1.,0.,-1.02630082345318E-16));
#3522=DIRECTION('',(1.02630082345318E-16,1.95777352619011E-17,1.));
#3523=DIRECTION('',(1.,0.,-1.02630082345318E-16));
#3524=DIRECTION('',(1.02630082345318E-16,1.95777352619011E-17,1.));
#3525=DIRECTION('',(1.,0.,-1.02630082345318E-16));
#3526=DIRECTION('',(1.02630082345318E-16,1.95777352619011E-17,1.));
#3527=DIRECTION('',(1.,0.,-1.02630082345318E-16));
#3528=DIRECTION('',(1.02630082345318E-16,1.95777352619011E-17,1.));
#3529=DIRECTION('',(1.,0.,-1.02630082345318E-16));
#3530=DIRECTION('',(1.02630082345318E-16,1.95777352619011E-17,1.));
#3531=DIRECTION('',(1.,0.,-1.02630082345318E-16));
#3532=DIRECTION('',(1.02630082345318E-16,1.95777352619011E-17,1.));
#3533=DIRECTION('',(1.,0.,-1.02630082345318E-16));
#3534=DIRECTION('',(1.02630082345318E-16,1.95777352619011E-17,1.));
#3535=DIRECTION('',(1.,0.,-1.02630082345318E-16));
#3536=DIRECTION('',(1.02630082345318E-16,1.95777352619011E-17,1.));
#3537=DIRECTION('',(1.,0.,-1.02630082345318E-16));
#3538=DIRECTION('',(1.02630082345318E-16,1.95777352619011E-17,1.));
#3539=DIRECTION('',(1.,0.,-1.02630082345318E-16));
#3540=DIRECTION('',(1.02630082345318E-16,1.95777352619011E-17,1.));
#3541=DIRECTION('',(1.,0.,-1.02630082345318E-16));
#3542=DIRECTION('',(1.02630082345318E-16,1.95777352619011E-17,1.));
#3543=DIRECTION('',(1.,0.,-1.02630082345318E-16));
#3544=DIRECTION('',(1.02630082345318E-16,1.95777352619011E-17,1.));
#3545=DIRECTION('',(1.,0.,-1.02630082345318E-16));
#3546=DIRECTION('',(1.02630082345318E-16,1.95777352619011E-17,1.));
#3547=DIRECTION('',(1.,0.,-1.02630082345318E-16));
#3548=DIRECTION('',(1.02630082345318E-16,1.95777352619011E-17,1.));
#3549=DIRECTION('',(1.,0.,-1.02630082345318E-16));
#3550=DIRECTION('',(1.02630082345318E-16,1.95777352619011E-17,1.));
#3551=DIRECTION('',(1.,0.,-1.02630082345318E-16));
#3552=DIRECTION('',(1.02630082345318E-16,1.95777352619011E-17,1.));
#3553=DIRECTION('',(1.,0.,-1.02630082345318E-16));
#3554=DIRECTION('',(1.02630082345318E-16,1.95777352619011E-17,1.));
#3555=DIRECTION('',(1.,0.,-1.02630082345318E-16));
#3556=DIRECTION('',(1.02630082345318E-16,1.95777352619011E-17,1.));
#3557=DIRECTION('',(1.,0.,-1.02630082345318E-16));
#3558=DIRECTION('',(1.02630082345318E-16,1.95777352619011E-17,1.));
#3559=DIRECTION('',(1.,0.,-1.02630082345318E-16));
#3560=DIRECTION('',(1.02630082345318E-16,1.95777352619011E-17,1.));
#3561=DIRECTION('',(1.,0.,-1.02630082345318E-16));
#3562=DIRECTION('',(1.02630082345318E-16,1.95777352619011E-17,1.));
#3563=DIRECTION('',(1.,0.,-1.02630082345318E-16));
#3564=DIRECTION('',(1.02630082345318E-16,1.95777352619011E-17,1.));
#3565=DIRECTION('',(1.,0.,-1.02630082345318E-16));
#3566=DIRECTION('',(1.02630082345318E-16,1.95777352619011E-17,1.));
#3567=DIRECTION('',(1.,0.,-1.02630082345318E-16));
#3568=DIRECTION('',(1.02630082345318E-16,1.95777352619011E-17,1.));
#3569=DIRECTION('',(1.,0.,-1.02630082345318E-16));
#3570=DIRECTION('',(1.02630082345318E-16,1.95777352619011E-17,1.));
#3571=DIRECTION('',(1.,0.,-1.02630082345318E-16));
#3572=DIRECTION('',(-1.67082187184702E-18,-1.32259169830381E-17,-1.));
#3573=DIRECTION('',(-0.9909822529572,-0.133993187602468,3.42793759837602E-18));
#3574=DIRECTION('',(-1.67082187184702E-18,-1.32259169830381E-17,-1.));
#3575=DIRECTION('',(-1.67082187184702E-18,-1.32259169830381E-17,-1.));
#3576=DIRECTION('',(0.,1.,-1.32259169830381E-17));
#3577=DIRECTION('',(-1.67082187184702E-18,-1.32259169830381E-17,-1.));
#3578=DIRECTION('',(-1.67082187184702E-18,-1.32259169830381E-17,-1.));
#3579=DIRECTION('',(0.999694644611952,-0.0247106765221711,-1.34349032110904E-18));
#3580=DIRECTION('',(-1.67082187184702E-18,-1.32259169830381E-17,-1.));
#3581=DIRECTION('',(0.,1.,-1.32259169830381E-17));
#3582=DIRECTION('',(-1.67082187184702E-18,-1.32259169830381E-17,-1.));
#3583=DIRECTION('',(-1.67082187184702E-18,-1.32259169830381E-17,-1.));
#3584=DIRECTION('',(0.66556653720075,0.746338518742402,-1.09830544176551E-17));
#3585=DIRECTION('',(-1.67082187184702E-18,-1.32259169830381E-17,-1.));
#3586=DIRECTION('',(0.,1.,-1.32259169830381E-17));
#3587=DIRECTION('',(-1.67082187184702E-18,-1.32259169830381E-17,-1.));
#3588=DIRECTION('',(-1.67082187184702E-18,-1.32259169830381E-17,-1.));
#3589=DIRECTION('',(-0.223689079034864,0.974660554203634,-1.25170349707944E-17));
#3590=DIRECTION('',(-1.67082187184702E-18,-1.32259169830381E-17,-1.));
#3591=DIRECTION('',(0.,1.,-1.32259169830381E-17));
#3592=DIRECTION('',(0.,0.,-1.));
#3593=DIRECTION('',(-6.57830360432695E-18,-2.56208009605117E-17,-1.));
#3594=DIRECTION('',(-0.993171473897375,0.1166637194526,3.54436555104577E-18));
#3595=DIRECTION('',(-6.57830360432695E-18,-2.56208009605117E-17,-1.));
#3596=DIRECTION('',(-6.57830360432695E-18,-2.56208009605117E-17,-1.));
#3597=DIRECTION('',(0.,1.,-2.56208009605117E-17));
#3598=DIRECTION('',(-6.57830360432695E-18,-2.56208009605117E-17,-1.));
#3599=DIRECTION('',(-6.57830360432695E-18,-2.56208009605117E-17,-1.));
#3600=DIRECTION('',(0.962142103685542,-0.272548293547328,6.5364271255389E-19));
#3601=DIRECTION('',(-6.57830360432695E-18,-2.56208009605117E-17,-1.));
#3602=DIRECTION('',(0.,1.,-2.56208009605117E-17));
#3603=DIRECTION('',(-6.57830360432695E-18,-2.56208009605117E-17,-1.));
#3604=DIRECTION('',(-6.57830360432695E-18,-2.56208009605117E-17,-1.));
#3605=DIRECTION('',(0.830263382556172,0.557371254718418,-1.97420225802612E-17));
#3606=DIRECTION('',(-6.57830360432695E-18,-2.56208009605117E-17,-1.));
#3607=DIRECTION('',(0.,1.,-2.56208009605117E-17));
#3608=DIRECTION('',(-6.57830360432695E-18,-2.56208009605117E-17,-1.));
#3609=DIRECTION('',(-6.57830360432695E-18,-2.56208009605117E-17,-1.));
#3610=DIRECTION('',(0.0257267479673956,0.99966901244313,-2.57815591530782E-17));
#3611=DIRECTION('',(-6.57830360432695E-18,-2.56208009605117E-17,-1.));
#3612=DIRECTION('',(0.,1.,-2.56208009605117E-17));
#3613=DIRECTION('',(-1.44140900717327E-17,-3.64058357869217E-17,-1.));
#3614=DIRECTION('',(-0.932956078503402,0.359990215955314,3.41968261550923E-19));
#3615=DIRECTION('',(-1.44140900717327E-17,-3.64058357869217E-17,-1.));
#3616=DIRECTION('',(-1.44140900717327E-17,-3.64058357869217E-17,-1.));
#3617=DIRECTION('',(0.,1.,-3.64058357869217E-17));
#3618=DIRECTION('',(-1.44140900717327E-17,-3.64058357869217E-17,-1.));
#3619=DIRECTION('',(-1.44140900717327E-17,-3.64058357869217E-17,-1.));
#3620=DIRECTION('',(0.864134635873435,-0.503260698926398,5.86591188754226E-18));
#3621=DIRECTION('',(-1.44140900717327E-17,-3.64058357869217E-17,-1.));
#3622=DIRECTION('',(0.,1.,-3.64058357869217E-17));
#3623=DIRECTION('',(-1.44140900717327E-17,-3.64058357869217E-17,-1.));
#3624=DIRECTION('',(-1.44140900717327E-17,-3.64058357869217E-17,-1.));
#3625=DIRECTION('',(0.942791726090464,0.333382304892392,-2.57265463049302E-17));
#3626=DIRECTION('',(-1.44140900717327E-17,-3.64058357869217E-17,-1.));
#3627=DIRECTION('',(0.,1.,-3.64058357869217E-17));
#3628=DIRECTION('',(-1.44140900717327E-17,-3.64058357869217E-17,-1.));
#3629=DIRECTION('',(-1.44140900717327E-17,-3.64058357869217E-17,-1.));
#3630=DIRECTION('',(0.273526068778503,0.961864590105373,-3.89601137089713E-17));
#3631=DIRECTION('',(-1.44140900717327E-17,-3.64058357869217E-17,-1.));
#3632=DIRECTION('',(0.,1.,-3.64058357869217E-17));
#3633=DIRECTION('',(-2.46858299923106E-17,-4.49033580595413E-17,-1.));
#3634=DIRECTION('',(-0.814119621524618,0.580697203238153,-5.97803587081604E-18));
#3635=DIRECTION('',(-2.46858299923106E-17,-4.49033580595413E-17,-1.));
#3636=DIRECTION('',(-2.46858299923106E-17,-4.49033580595413E-17,-1.));
#3637=DIRECTION('',(0.,1.,-4.49033580595413E-17));
#3638=DIRECTION('',(-2.46858299923106E-17,-4.49033580595413E-17,-1.));
#3639=DIRECTION('',(-2.46858299923106E-17,-4.49033580595413E-17,-1.));
#3640=DIRECTION('',(0.711830410824518,-0.702351383728542,1.39658111622063E-17));
#3641=DIRECTION('',(-2.46858299923106E-17,-4.49033580595413E-17,-1.));
#3642=DIRECTION('',(0.,1.,-4.49033580595413E-17));
#3643=DIRECTION('',(-2.46858299923106E-17,-4.49033580595413E-17,-1.));
#3644=DIRECTION('',(-2.46858299923106E-17,-4.49033580595413E-17,-1.));
#3645=DIRECTION('',(0.996080998129068,0.0884457187556262,-2.85605959565026E-17));
#3646=DIRECTION('',(-2.46858299923106E-17,-4.49033580595413E-17,-1.));
#3647=DIRECTION('',(0.,1.,-4.49033580595413E-17));
#3648=DIRECTION('',(-2.46858299923106E-17,-4.49033580595413E-17,-1.));
#3649=DIRECTION('',(-2.46858299923106E-17,-4.49033580595413E-17,-1.));
#3650=DIRECTION('',(0.504138740729744,0.863622678080785,-5.12246415883935E-17));
#3651=DIRECTION('',(-2.46858299923106E-17,-4.49033580595413E-17,-1.));
#3652=DIRECTION('',(0.,1.,-4.49033580595413E-17));
#3653=DIRECTION('',(-3.67481121700336E-17,-5.05794372022809E-17,-1.));
#3654=DIRECTION('',(-0.644129034602916,0.764916849586617,-1.50185377430694E-17));
#3655=DIRECTION('',(-3.67481121700336E-17,-5.05794372022809E-17,-1.));
#3656=DIRECTION('',(-3.67481121700336E-17,-5.05794372022809E-17,-1.));
#3657=DIRECTION('',(0.,1.,-5.05794372022809E-17));
#3658=DIRECTION('',(-3.67481121700336E-17,-5.05794372022809E-17,-1.));
#3659=DIRECTION('',(-3.67481121700336E-17,-5.05794372022809E-17,-1.));
#3660=DIRECTION('',(0.514799263134373,-0.857310748023321,2.44443940757734E-17));
#3661=DIRECTION('',(-3.67481121700336E-17,-5.05794372022809E-17,-1.));
#3662=DIRECTION('',(0.,1.,-5.05794372022809E-17));
#3663=DIRECTION('',(-3.67481121700336E-17,-5.05794372022809E-17,-1.));
#3664=DIRECTION('',(-3.67481121700336E-17,-5.05794372022809E-17,-1.));
#3665=DIRECTION('',(0.986782837725566,-0.162048237171156,-2.80660977724643E-17));
#3666=DIRECTION('',(-3.67481121700336E-17,-5.05794372022809E-17,-1.));
#3667=DIRECTION('',(0.,1.,-5.05794372022809E-17));
#3668=DIRECTION('',(-3.67481121700336E-17,-5.05794372022809E-17,-1.));
#3669=DIRECTION('',(-3.67481121700336E-17,-5.05794372022809E-17,-1.));
#3670=DIRECTION('',(0.703074521508344,0.711116177010349,-6.18045173989023E-17));
#3671=DIRECTION('',(-3.67481121700336E-17,-5.05794372022809E-17,-1.));
#3672=DIRECTION('',(0.,1.,-5.05794372022809E-17));
#3673=DIRECTION('',(-4.98430190537047E-17,-5.30774242874433E-17,-1.));
#3674=DIRECTION('',(-0.433665451496234,0.901073957108165,-2.62114893739353E-17));
#3675=DIRECTION('',(-4.98430190537047E-17,-5.30774242874433E-17,-1.));
#3676=DIRECTION('',(-4.98430190537047E-17,-5.30774242874433E-17,-1.));
#3677=DIRECTION('',(0.,1.,-5.30774242874433E-17));
#3678=DIRECTION('',(-4.98430190537047E-17,-5.30774242874433E-17,-1.));
#3679=DIRECTION('',(-4.98430190537047E-17,-5.30774242874433E-17,-1.));
#3680=DIRECTION('',(0.285421384442244,-0.958402125051417,3.66432527262518E-17));
#3681=DIRECTION('',(-4.98430190537047E-17,-5.30774242874433E-17,-1.));
#3682=DIRECTION('',(0.,1.,-5.30774242874433E-17));
#3683=DIRECTION('',(-4.98430190537047E-17,-5.30774242874433E-17,-1.));
#3684=DIRECTION('',(-4.98430190537047E-17,-5.30774242874433E-17,-1.));
#3685=DIRECTION('',(0.915481482494352,-0.402360106384746,-2.42741228923558E-17));
#3686=DIRECTION('',(-4.98430190537047E-17,-5.30774242874433E-17,-1.));
#3687=DIRECTION('',(0.,1.,-5.30774242874433E-17));
#3688=DIRECTION('',(-4.98430190537047E-17,-5.30774242874433E-17,-1.));
#3689=DIRECTION('',(-4.98430190537047E-17,-5.30774242874433E-17,-1.));
#3690=DIRECTION('',(0.857833544373358,0.513927631235997,-7.0034968633262E-17));
#3691=DIRECTION('',(-4.98430190537047E-17,-5.30774242874433E-17,-1.));
#3692=DIRECTION('',(0.,1.,-5.30774242874433E-17));
#3693=DIRECTION('',(-6.31477494841244E-17,-5.2240361599514E-17,-1.));
#3694=DIRECTION('',(-0.195953073162078,0.980613273986406,-3.88535964476499E-17));
#3695=DIRECTION('',(-6.31477494841244E-17,-5.2240361599514E-17,-1.));
#3696=DIRECTION('',(-6.31477494841244E-17,-5.2240361599514E-17,-1.));
#3697=DIRECTION('',(-1.,0.,6.31477494841244E-17));
#3698=DIRECTION('',(-6.31477494841244E-17,-5.2240361599514E-17,-1.));
#3699=DIRECTION('',(-6.31477494841244E-17,-5.2240361599514E-17,-1.));
#3700=DIRECTION('',(0.0381094304591847,-0.999273571806078,4.97958879603682E-17));
#3701=DIRECTION('',(-6.31477494841244E-17,-5.2240361599514E-17,-1.));
#3702=DIRECTION('',(-1.,0.,6.31477494841244E-17));
#3703=DIRECTION('',(-6.31477494841244E-17,-5.2240361599514E-17,-1.));
#3704=DIRECTION('',(-6.31477494841244E-17,-5.2240361599514E-17,-1.));
#3705=DIRECTION('',(0.786657058812643,-0.617390210337224,-1.74229350438023E-17));
#3706=DIRECTION('',(-6.31477494841244E-17,-5.2240361599514E-17,-1.));
#3707=DIRECTION('',(-1.,0.,6.31477494841244E-17));
#3708=DIRECTION('',(-6.31477494841244E-17,-5.2240361599514E-17,-1.));
#3709=DIRECTION('',(-6.31477494841244E-17,-5.2240361599514E-17,-1.));
#3710=DIRECTION('',(0.958691730754306,0.284447122297473,-7.53988457709357E-17));
#3711=DIRECTION('',(-6.31477494841244E-17,-5.2240361599514E-17,-1.));
#3712=DIRECTION('',(-1.,0.,6.31477494841244E-17));
#3713=DIRECTION('',(-7.58263183169734E-17,-4.81208448656767E-17,-1.));
#3714=DIRECTION('',(0.0540717574238416,0.998537052416733,-5.21505088823541E-17));
#3715=DIRECTION('',(-7.58263183169734E-17,-4.81208448656767E-17,-1.));
#3716=DIRECTION('',(-7.58263183169734E-17,-4.81208448656767E-17,-1.));
#3717=DIRECTION('',(-1.,0.,7.58263183169734E-17));
#3718=DIRECTION('',(-7.58263183169734E-17,-4.81208448656767E-17,-1.));
#3719=DIRECTION('',(-7.58263183169734E-17,-4.81208448656767E-17,-1.));
#3720=DIRECTION('',(-0.211597079196306,-0.977356984973041,6.30758713343541E-17));
#3721=DIRECTION('',(-7.58263183169734E-17,-4.81208448656767E-17,-1.));
#3722=DIRECTION('',(-1.,0.,7.58263183169734E-17));
#3723=DIRECTION('',(-7.58263183169734E-17,-4.81208448656767E-17,-1.));
#3724=DIRECTION('',(-7.58263183169734E-17,-4.81208448656767E-17,-1.));
#3725=DIRECTION('',(0.608404079003451,-0.793627416771852,-7.9430195562347E-18));
#3726=DIRECTION('',(-7.58263183169734E-17,-4.81208448656767E-17,-1.));
#3727=DIRECTION('',(-1.,0.,7.58263183169734E-17));
#3728=DIRECTION('',(-7.58263183169734E-17,-4.81208448656767E-17,-1.));
#3729=DIRECTION('',(-7.58263183169734E-17,-4.81208448656767E-17,-1.));
#3730=DIRECTION('',(0.99931178987041,0.0370937545416619,-7.75591166844029E-17));
#3731=DIRECTION('',(-7.58263183169734E-17,-4.81208448656767E-17,-1.));
#3732=DIRECTION('',(-1.,0.,7.58263183169734E-17));
#3733=DIRECTION('',(-8.70820844439696E-17,-4.09777184728412E-17,-1.));
#3734=DIRECTION('',(0.300699060628809,0.953719075481324,-6.52667327671524E-17));
#3735=DIRECTION('',(-8.70820844439696E-17,-4.09777184728412E-17,-1.));
#3736=DIRECTION('',(-8.70820844439696E-17,-4.09777184728412E-17,-1.));
#3737=DIRECTION('',(-1.,0.,8.70820844439696E-17));
#3738=DIRECTION('',(-8.70820844439696E-17,-4.09777184728412E-17,-1.));
#3739=DIRECTION('',(-8.70820844439696E-17,-4.09777184728412E-17,-1.));
#3740=DIRECTION('',(-0.448008166166271,-0.894029464306594,7.56487726524598E-17));
#3741=DIRECTION('',(-8.70820844439696E-17,-4.09777184728412E-17,-1.));
#3742=DIRECTION('',(-1.,0.,8.70820844439696E-17));
#3743=DIRECTION('',(-8.70820844439696E-17,-4.09777184728412E-17,-1.));
#3744=DIRECTION('',(-8.70820844439696E-17,-4.09777184728412E-17,-1.));
#3745=DIRECTION('',(0.391922833356789,-0.919998093853235,3.56996561557268E-18));
#3746=DIRECTION('',(-8.70820844439696E-17,-4.09777184728412E-17,-1.));
#3747=DIRECTION('',(-1.,0.,8.70820844439696E-17));
#3748=DIRECTION('',(-8.70820844439696E-17,-4.09777184728412E-17,-1.));
#3749=DIRECTION('',(-8.70820844439696E-17,-4.09777184728412E-17,-1.));
#3750=DIRECTION('',(0.977141414017279,-0.212590350233289,-7.63800436072501E-17));
#3751=DIRECTION('',(-8.70820844439696E-17,-4.09777184728412E-17,-1.));
#3752=DIRECTION('',(-1.,0.,8.70820844439696E-17));
#3753=DIRECTION('',(-9.62078066835415E-17,-3.12598113228505E-17,-1.));
#3754=DIRECTION('',(0.528432335960682,0.84897542150002,-7.73781275172657E-17));
#3755=DIRECTION('',(-9.62078066835415E-17,-3.12598113228505E-17,-1.));
#3756=DIRECTION('',(-9.62078066835415E-17,-3.12598113228505E-17,-1.));
#3757=DIRECTION('',(-1.,0.,9.62078066835415E-17));
#3758=DIRECTION('',(-9.62078066835415E-17,-3.12598113228505E-17,-1.));
#3759=DIRECTION('',(-9.62078066835415E-17,-3.12598113228505E-17,-1.));
#3760=DIRECTION('',(-0.65626925239723,-0.754526784387394,8.67245902849721E-17));
#3761=DIRECTION('',(-9.62078066835415E-17,-3.12598113228505E-17,-1.));
#3762=DIRECTION('',(-1.,0.,9.62078066835415E-17));
#3763=DIRECTION('',(-9.62078066835415E-17,-3.12598113228505E-17,-1.));
#3764=DIRECTION('',(-9.62078066835415E-17,-3.12598113228505E-17,-1.));
#3765=DIRECTION('',(0.150815634698966,-0.988561907181512,1.63926172714776E-17));
#3766=DIRECTION('',(-9.62078066835415E-17,-3.12598113228505E-17,-1.));
#3767=DIRECTION('',(-1.,0.,9.62078066835415E-17));
#3768=DIRECTION('',(-9.62078066835415E-17,-3.12598113228505E-17,-1.));
#3769=DIRECTION('',(-9.62078066835415E-17,-3.12598113228505E-17,-1.));
#3770=DIRECTION('',(0.893573649446703,-0.448916621450466,-7.1935712037242E-17));
#3771=DIRECTION('',(-9.62078066835415E-17,-3.12598113228505E-17,-1.));
#3772=DIRECTION('',(-1.,0.,9.62078066835415E-17));
#3773=DIRECTION('',(-1.02630082345318E-16,-1.95777352619011E-17,-1.));
#3774=DIRECTION('',(0.722962264185959,0.690887519472679,-8.77236896579502E-17));
#3775=DIRECTION('',(-1.02630082345318E-16,-1.95777352619011E-17,-1.));
#3776=DIRECTION('',(-1.02630082345318E-16,-1.95777352619011E-17,-1.));
#3777=DIRECTION('',(-1.,0.,1.02630082345318E-16));
#3778=DIRECTION('',(-1.02630082345318E-16,-1.95777352619011E-17,-1.));
#3779=DIRECTION('',(-1.02630082345318E-16,-1.95777352619011E-17,-1.));
#3780=DIRECTION('',(-0.823294527910594,-0.567614411649732,9.56073898760322E-17));
#3781=DIRECTION('',(-1.02630082345318E-16,-1.95777352619011E-17,-1.));
#3782=DIRECTION('',(-1.,0.,1.02630082345318E-16));
#3783=DIRECTION('',(-1.02630082345318E-16,-1.95777352619011E-17,-1.));
#3784=DIRECTION('',(-1.02630082345318E-16,-1.95777352619011E-17,-1.));
#3785=DIRECTION('',(-0.0997678649480985,-0.995010740205199,2.97192410495255E-17));
#3786=DIRECTION('',(-1.02630082345318E-16,-1.95777352619011E-17,-1.));
#3787=DIRECTION('',(-1.,0.,1.02630082345318E-16));
#3788=DIRECTION('',(-1.02630082345318E-16,-1.95777352619011E-17,-1.));
#3789=DIRECTION('',(-1.02630082345318E-16,-1.95777352619011E-17,-1.));
#3790=DIRECTION('',(0.753859366147391,-0.657035810342065,-6.45053756720303E-17));
#3791=DIRECTION('',(-1.02630082345318E-16,-1.95777352619011E-17,-1.));
#3792=DIRECTION('',(-1.,0.,1.02630082345318E-16));
#3793=DIRECTION('',(-1.05945376229993E-16,-6.66551809257273E-18,-1.));
#3794=DIRECTION('',(0.872065814483216,0.489388613690312,-9.56533694715915E-17));
#3795=DIRECTION('',(-1.05945376229993E-16,-6.66551809257273E-18,-1.));
#3796=DIRECTION('',(-1.05945376229993E-16,-6.66551809257273E-18,-1.));
#3797=DIRECTION('',(-1.,0.,1.05945376229993E-16));
#3798=DIRECTION('',(-1.05945376229993E-16,-6.66551809257273E-18,-1.));
#3799=DIRECTION('',(-1.05945376229993E-16,-6.66551809257273E-18,-1.));
#3800=DIRECTION('',(-0.938589180369865,-0.345036737888337,1.01739032458683E-16));
#3801=DIRECTION('',(-1.05945376229993E-16,-6.66551809257273E-18,-1.));
#3802=DIRECTION('',(-1.,0.,1.05945376229993E-16));
#3803=DIRECTION('',(-1.05945376229993E-16,-6.66551809257272E-18,-1.));
#3804=DIRECTION('',(-1.05945376229993E-16,-6.66551809257272E-18,-1.));
#3805=DIRECTION('',(-0.344082582719933,-0.93893938902827,4.27124761658481E-17));
#3806=DIRECTION('',(-1.05945376229993E-16,-6.66551809257272E-18,-1.));
#3807=DIRECTION('',(-1.,0.,1.05945376229993E-16));
#3808=DIRECTION('',(-1.05945376229993E-16,-6.66551809257276E-18,-1.));
#3809=DIRECTION('',(-1.05945376229993E-16,-6.66551809257276E-18,-1.));
#3810=DIRECTION('',(0.566777326372228,-0.823871022861193,-5.45559098723075E-17));
#3811=DIRECTION('',(-1.05945376229993E-16,-6.66551809257276E-18,-1.));
#3812=DIRECTION('',(-1.,0.,1.05945376229993E-16));
#3813=DIRECTION('',(-1.05945376229993E-16,6.66551809257273E-18,-1.));
#3814=DIRECTION('',(0.966374262422776,0.257139621464362,-1.00668916012175E-16));
#3815=DIRECTION('',(-1.05945376229993E-16,6.66551809257273E-18,-1.));
#3816=DIRECTION('',(-1.05945376229993E-16,6.66551809257273E-18,-1.));
#3817=DIRECTION('',(-1.,0.,1.05945376229993E-16));
#3818=DIRECTION('',(-1.05945376229993E-16,6.66551809257272E-18,-1.));
#3819=DIRECTION('',(-1.05945376229993E-16,6.66551809257272E-18,-1.));
#3820=DIRECTION('',(-0.994908822736955,-0.100779136929061,1.04734244378852E-16));
#3821=DIRECTION('',(-1.05945376229993E-16,6.66551809257272E-18,-1.));
#3822=DIRECTION('',(-1.,0.,1.05945376229993E-16));
#3823=DIRECTION('',(-1.05945376229993E-16,6.66551809257273E-18,-1.));
#3824=DIRECTION('',(-1.05945376229993E-16,6.66551809257273E-18,-1.));
#3825=DIRECTION('',(-0.566777326372255,-0.823871022861175,5.45559098723106E-17));
#3826=DIRECTION('',(-1.05945376229993E-16,6.66551809257273E-18,-1.));
#3827=DIRECTION('',(-1.,0.,1.05945376229993E-16));
#3828=DIRECTION('',(-1.05945376229993E-16,6.66551809257273E-18,-1.));
#3829=DIRECTION('',(-1.05945376229993E-16,6.66551809257273E-18,-1.));
#3830=DIRECTION('',(0.344082582719903,-0.938939389028281,-4.2712476165845E-17));
#3831=DIRECTION('',(-1.05945376229993E-16,6.66551809257273E-18,-1.));
#3832=DIRECTION('',(-1.,0.,1.05945376229993E-16));
#3833=DIRECTION('',(-1.02630082345318E-16,1.95777352619011E-17,-1.));
#3834=DIRECTION('',(0.999961861378388,0.00873360112843182,-1.02455184044666E-16));
#3835=DIRECTION('',(-1.02630082345318E-16,1.95777352619011E-17,-1.));
#3836=DIRECTION('',(-1.02630082345318E-16,1.95777352619011E-17,-1.));
#3837=DIRECTION('',(-1.,0.,1.02630082345318E-16));
#3838=DIRECTION('',(-1.02630082345318E-16,1.95777352619011E-17,-1.));
#3839=DIRECTION('',(-1.02630082345318E-16,1.95777352619011E-17,-1.));
#3840=DIRECTION('',(-0.988714684752784,0.149810787843206,1.04404825455974E-16));
#3841=DIRECTION('',(-1.02630082345318E-16,1.95777352619011E-17,-1.));
#3842=DIRECTION('',(-1.,0.,1.02630082345318E-16));
#3843=DIRECTION('',(-1.02630082345318E-16,1.95777352619011E-17,-1.));
#3844=DIRECTION('',(-1.02630082345318E-16,1.95777352619011E-17,-1.));
#3845=DIRECTION('',(-0.753859366147411,-0.657035810342042,6.45053756720329E-17));
#3846=DIRECTION('',(-1.02630082345318E-16,1.95777352619011E-17,-1.));
#3847=DIRECTION('',(-1.,0.,1.02630082345318E-16));
#3848=DIRECTION('',(-1.02630082345318E-16,1.95777352619011E-17,-1.));
#3849=DIRECTION('',(-1.02630082345318E-16,1.95777352619011E-17,-1.));
#3850=DIRECTION('',(0.0997678649480669,-0.995010740205202,-2.97192410495224E-17));
#3851=DIRECTION('',(-1.02630082345318E-16,1.95777352619011E-17,-1.));
#3852=DIRECTION('',(-1.,0.,1.02630082345318E-16));
#3853=DIRECTION('',(-9.62078066835415E-17,3.12598113228505E-17,-1.));
#3854=DIRECTION('',(0.970718178981121,-0.240221183486337,-1.0089993577915E-16));
#3855=DIRECTION('',(-9.62078066835415E-17,3.12598113228505E-17,-1.));
#3856=DIRECTION('',(-9.62078066835415E-17,3.12598113228505E-17,-1.));
#3857=DIRECTION('',(-1.,0.,9.62078066835415E-17));
#3858=DIRECTION('',(-9.62078066835415E-17,3.12598113228505E-17,-1.));
#3859=DIRECTION('',(-9.62078066835415E-17,3.12598113228505E-17,-1.));
#3860=DIRECTION('',(-0.920395966887345,0.390987549849749,1.00771474292496E-16));
#3861=DIRECTION('',(-9.62078066835415E-17,3.12598113228505E-17,-1.));
#3862=DIRECTION('',(-1.,0.,9.62078066835415E-17));
#3863=DIRECTION('',(-9.62078066835415E-17,3.12598113228505E-17,-1.));
#3864=DIRECTION('',(-9.62078066835415E-17,3.12598113228505E-17,-1.));
#3865=DIRECTION('',(-0.893573649446718,-0.448916621450437,7.19357120372443E-17));
#3866=DIRECTION('',(-9.62078066835415E-17,3.12598113228505E-17,-1.));
#3867=DIRECTION('',(-1.,0.,9.62078066835415E-17));
#3868=DIRECTION('',(-9.62078066835415E-17,3.12598113228505E-17,-1.));
#3869=DIRECTION('',(-9.62078066835415E-17,3.12598113228505E-17,-1.));
#3870=DIRECTION('',(-0.150815634698998,-0.988561907181507,-1.63926172714743E-17));
#3871=DIRECTION('',(-9.62078066835415E-17,3.12598113228505E-17,-1.));
#3872=DIRECTION('',(-1.,0.,9.62078066835415E-17));
#3873=DIRECTION('',(-8.70820844439696E-17,4.09777184728411E-17,-1.));
#3874=DIRECTION('',(0.880480703346738,-0.474081987670945,-9.61008931839513E-17));
#3875=DIRECTION('',(-8.70820844439696E-17,4.09777184728411E-17,-1.));
#3876=DIRECTION('',(-8.70820844439696E-17,4.09777184728411E-17,-1.));
#3877=DIRECTION('',(-1.,0.,8.70820844439696E-17));
#3878=DIRECTION('',(-8.70820844439696E-17,4.09777184728411E-17,-1.));
#3879=DIRECTION('',(-8.70820844439696E-17,4.09777184728411E-17,-1.));
#3880=DIRECTION('',(-0.79424538544279,0.607597126147609,9.40624877045463E-17));
#3881=DIRECTION('',(-8.70820844439696E-17,4.09777184728411E-17,-1.));
#3882=DIRECTION('',(-1.,0.,8.70820844439696E-17));
#3883=DIRECTION('',(-8.70820844439696E-17,4.09777184728411E-17,-1.));
#3884=DIRECTION('',(-8.70820844439696E-17,4.09777184728411E-17,-1.));
#3885=DIRECTION('',(-0.977141414017286,-0.212590350233258,7.6380043607252E-17));
#3886=DIRECTION('',(-8.70820844439696E-17,4.09777184728411E-17,-1.));
#3887=DIRECTION('',(-1.,0.,8.70820844439696E-17));
#3888=DIRECTION('',(-8.70820844439696E-17,4.09777184728411E-17,-1.));
#3889=DIRECTION('',(-8.70820844439696E-17,4.09777184728411E-17,-1.));
#3890=DIRECTION('',(-0.391922833356819,-0.919998093853223,-3.56996561556948E-18));
#3891=DIRECTION('',(-8.70820844439696E-17,4.09777184728411E-17,-1.));
#3892=DIRECTION('',(-1.,0.,8.70820844439696E-17));
#3893=DIRECTION('',(-7.58263183169734E-17,4.81208448656766E-17,-1.));
#3894=DIRECTION('',(0.734919386939566,-0.678154477018601,-8.83595977549706E-17));
#3895=DIRECTION('',(-7.58263183169734E-17,4.81208448656766E-17,-1.));
#3896=DIRECTION('',(-7.58263183169734E-17,4.81208448656766E-17,-1.));
#3897=DIRECTION('',(-1.,0.,7.58263183169734E-17));
#3898=DIRECTION('',(-7.58263183169734E-17,4.81208448656766E-17,-1.));
#3899=DIRECTION('',(-7.58263183169734E-17,4.81208448656766E-17,-1.));
#3900=DIRECTION('',(-0.618189445400667,0.786029140423697,8.46994159933741E-17));
#3901=DIRECTION('',(-7.58263183169734E-17,4.81208448656766E-17,-1.));
#3902=DIRECTION('',(-1.,0.,7.58263183169734E-17));
#3903=DIRECTION('',(-7.58263183169734E-17,4.81208448656766E-17,-1.));
#3904=DIRECTION('',(-7.58263183169734E-17,4.81208448656766E-17,-1.));
#3905=DIRECTION('',(-0.999311789870409,0.0370937545416936,7.75591166844044E-17));
#3906=DIRECTION('',(-7.58263183169734E-17,4.81208448656766E-17,-1.));
#3907=DIRECTION('',(-1.,0.,7.58263183169734E-17));
#3908=DIRECTION('',(-7.58263183169734E-17,4.81208448656766E-17,-1.));
#3909=DIRECTION('',(-7.58263183169734E-17,4.81208448656766E-17,-1.));
#3910=DIRECTION('',(-0.608404079003477,-0.793627416771833,7.94301955623762E-18));
#3911=DIRECTION('',(-7.58263183169734E-17,4.81208448656766E-17,-1.));
#3912=DIRECTION('',(-1.,0.,7.58263183169734E-17));
#3913=DIRECTION('',(-6.31477494841244E-17,5.22403615995139E-17,-1.));
#3914=DIRECTION('',(0.543180382606544,-0.839616026497475,-7.8162463554504E-17));
#3915=DIRECTION('',(-6.31477494841244E-17,5.22403615995139E-17,-1.));
#3916=DIRECTION('',(-6.31477494841244E-17,5.22403615995139E-17,-1.));
#3917=DIRECTION('',(-1.,0.,6.31477494841244E-17));
#3918=DIRECTION('',(-6.31477494841244E-17,5.22403615995139E-17,-1.));
#3919=DIRECTION('',(-6.31477494841244E-17,5.22403615995139E-17,-1.));
#3920=DIRECTION('',(-0.403290388962276,0.915072052994001,7.32705753895611E-17));
#3921=DIRECTION('',(-6.31477494841244E-17,5.22403615995139E-17,-1.));
#3922=DIRECTION('',(-1.,0.,6.31477494841244E-17));
#3923=DIRECTION('',(-6.31477494841244E-17,5.22403615995139E-17,-1.));
#3924=DIRECTION('',(-6.31477494841244E-17,5.22403615995139E-17,-1.));
#3925=DIRECTION('',(-0.958691730754297,0.284447122297504,7.53988457709367E-17));
#3926=DIRECTION('',(-6.31477494841244E-17,5.22403615995139E-17,-1.));
#3927=DIRECTION('',(-1.,0.,6.31477494841244E-17));
#3928=DIRECTION('',(-6.31477494841244E-17,5.22403615995139E-17,-1.));
#3929=DIRECTION('',(-6.31477494841244E-17,5.22403615995139E-17,-1.));
#3930=DIRECTION('',(-0.786657058812663,-0.617390210337199,1.74229350438049E-17));
#3931=DIRECTION('',(-6.31477494841244E-17,5.22403615995139E-17,-1.));
#3932=DIRECTION('',(-1.,0.,6.31477494841244E-17));
#3933=DIRECTION('',(-4.98430190537048E-17,5.30774242874433E-17,-1.));
#3934=DIRECTION('',(0.317311357156645,-0.948321413139769,-6.61502140268029E-17));
#3935=DIRECTION('',(-4.98430190537048E-17,5.30774242874433E-17,-1.));
#3936=DIRECTION('',(-4.98430190537048E-17,5.30774242874433E-17,-1.));
#3937=DIRECTION('',(0.,1.,5.30774242874433E-17));
#3938=DIRECTION('',(-4.98430190537048E-17,5.30774242874433E-17,-1.));
#3939=DIRECTION('',(-4.98430190537048E-17,5.30774242874433E-17,-1.));
#3940=DIRECTION('',(-0.163051114187087,0.986617623075095,6.04940819805804E-17));
#3941=DIRECTION('',(-4.98430190537048E-17,5.30774242874433E-17,-1.));
#3942=DIRECTION('',(0.,1.,5.30774242874433E-17));
#3943=DIRECTION('',(-4.98430190537048E-17,5.30774242874433E-17,-1.));
#3944=DIRECTION('',(-4.98430190537048E-17,5.30774242874433E-17,-1.));
#3945=DIRECTION('',(-0.857833544373341,0.513927631236024,7.00349686332627E-17));
#3946=DIRECTION('',(-4.98430190537048E-17,5.30774242874433E-17,-1.));
#3947=DIRECTION('',(0.,1.,5.30774242874433E-17));
#3948=DIRECTION('',(-4.98430190537048E-17,5.30774242874433E-17,-1.));
#3949=DIRECTION('',(-4.98430190537048E-17,5.30774242874433E-17,-1.));
#3950=DIRECTION('',(-0.915481482494364,-0.402360106384717,2.42741228923581E-17));
#3951=DIRECTION('',(-4.98430190537048E-17,5.30774242874433E-17,-1.));
#3952=DIRECTION('',(0.,1.,5.30774242874433E-17));
#3953=DIRECTION('',(-3.67481121700336E-17,5.05794372022809E-17,-1.));
#3954=DIRECTION('',(0.0715044921470542,-0.997440277712301,-5.30776229876562E-17));
#3955=DIRECTION('',(-3.67481121700336E-17,5.05794372022809E-17,-1.));
#3956=DIRECTION('',(-3.67481121700336E-17,5.05794372022809E-17,-1.));
#3957=DIRECTION('',(0.,1.,5.05794372022809E-17));
#3958=DIRECTION('',(-3.67481121700336E-17,5.05794372022809E-17,-1.));
#3959=DIRECTION('',(-3.67481121700336E-17,5.05794372022809E-17,-1.));
#3960=DIRECTION('',(0.0874332617525288,0.996170379372582,4.7172729835974E-17));
#3961=DIRECTION('',(-3.67481121700336E-17,5.05794372022809E-17,-1.));
#3962=DIRECTION('',(0.,1.,5.05794372022809E-17));
#3963=DIRECTION('',(-3.67481121700336E-17,5.05794372022809E-17,-1.));
#3964=DIRECTION('',(-3.67481121700336E-17,5.05794372022809E-17,-1.));
#3965=DIRECTION('',(-0.703074521508321,0.711116177010372,6.18045173989026E-17));
#3966=DIRECTION('',(-3.67481121700336E-17,5.05794372022809E-17,-1.));
#3967=DIRECTION('',(0.,1.,5.05794372022809E-17));
#3968=DIRECTION('',(-3.67481121700336E-17,5.05794372022809E-17,-1.));
#3969=DIRECTION('',(-3.67481121700336E-17,5.05794372022809E-17,-1.));
#3970=DIRECTION('',(-0.986782837725571,-0.162048237171124,2.80660977724662E-17));
#3971=DIRECTION('',(-3.67481121700336E-17,5.05794372022809E-17,-1.));
#3972=DIRECTION('',(0.,1.,5.05794372022809E-17));
#3973=DIRECTION('',(-2.46858299923106E-17,4.49033580595413E-17,-1.));
#3974=DIRECTION('',(-0.178795263079262,-0.983886301307431,-3.97660894096802E-17));
#3975=DIRECTION('',(-2.46858299923106E-17,4.49033580595413E-17,-1.));
#3976=DIRECTION('',(-2.46858299923106E-17,4.49033580595413E-17,-1.));
#3977=DIRECTION('',(0.,1.,4.49033580595413E-17));
#3978=DIRECTION('',(-2.46858299923106E-17,4.49033580595413E-17,-1.));
#3979=DIRECTION('',(-2.46858299923106E-17,4.49033580595413E-17,-1.));
#3980=DIRECTION('',(0.332423884299189,0.943130087075712,3.41435485034937E-17));
#3981=DIRECTION('',(-2.46858299923106E-17,4.49033580595413E-17,-1.));
#3982=DIRECTION('',(0.,1.,4.49033580595413E-17));
#3983=DIRECTION('',(-2.46858299923106E-17,4.49033580595413E-17,-1.));
#3984=DIRECTION('',(-2.46858299923106E-17,4.49033580595413E-17,-1.));
#3985=DIRECTION('',(-0.504138740729717,0.863622678080801,5.12246415883935E-17));
#3986=DIRECTION('',(-2.46858299923106E-17,4.49033580595413E-17,-1.));
#3987=DIRECTION('',(0.,1.,4.49033580595413E-17));
#3988=DIRECTION('',(-2.46858299923106E-17,4.49033580595413E-17,-1.));
#3989=DIRECTION('',(-2.46858299923106E-17,4.49033580595413E-17,-1.));
#3990=DIRECTION('',(-0.996080998129065,0.0884457187556581,2.85605959565039E-17));
#3991=DIRECTION('',(-2.46858299923106E-17,4.49033580595413E-17,-1.));
#3992=DIRECTION('',(0.,1.,4.49033580595413E-17));
#3993=DIRECTION('',(-1.44140900717328E-17,3.64058357869218E-17,-1.));
#3994=DIRECTION('',(-0.417860654363329,-0.908511130110716,-2.70520259039752E-17));
#3995=DIRECTION('',(-1.44140900717328E-17,3.64058357869218E-17,-1.));
#3996=DIRECTION('',(-1.44140900717328E-17,3.64058357869218E-17,-1.));
#3997=DIRECTION('',(0.,1.,3.64058357869218E-17));
#3998=DIRECTION('',(-1.44140900717328E-17,3.64058357869218E-17,-1.));
#3999=DIRECTION('',(-1.44140900717328E-17,3.64058357869218E-17,-1.));
#4000=DIRECTION('',(0.556527091625805,0.830829462818046,2.22252093642364E-17));
#4001=DIRECTION('',(-1.44140900717328E-17,3.64058357869218E-17,-1.));
#4002=DIRECTION('',(0.,1.,3.64058357869218E-17));
#4003=DIRECTION('',(-1.44140900717328E-17,3.64058357869218E-17,-1.));
#4004=DIRECTION('',(-1.44140900717328E-17,3.64058357869218E-17,-1.));
#4005=DIRECTION('',(-0.273526068778472,0.961864590105382,3.89601137089713E-17));
#4006=DIRECTION('',(-1.44140900717328E-17,3.64058357869218E-17,-1.));
#4007=DIRECTION('',(0.,1.,3.64058357869218E-17));
#4008=DIRECTION('',(-1.44140900717328E-17,3.64058357869218E-17,-1.));
#4009=DIRECTION('',(-1.44140900717328E-17,3.64058357869218E-17,-1.));
#4010=DIRECTION('',(-0.942791726090453,0.333382304892422,2.57265463049312E-17));
#4011=DIRECTION('',(-1.44140900717328E-17,3.64058357869218E-17,-1.));
#4012=DIRECTION('',(0.,1.,3.64058357869218E-17));
#4013=DIRECTION('',(-6.57830360432695E-18,2.56208009605117E-17,-1.));
#4014=DIRECTION('',(-0.63067032394976,-0.776050863338934,-1.57343038396593E-17));
#4015=DIRECTION('',(-6.57830360432695E-18,2.56208009605117E-17,-1.));
#4016=DIRECTION('',(-6.57830360432695E-18,2.56208009605117E-17,-1.));
#4017=DIRECTION('',(0.,1.,2.56208009605117E-17));
#4018=DIRECTION('',(-6.57830360432695E-18,2.56208009605117E-17,-1.));
#4019=DIRECTION('',(-6.57830360432695E-18,2.56208009605117E-17,-1.));
#4020=DIRECTION('',(0.745661655022103,0.666324767834499,1.21665854989066E-17));
#4021=DIRECTION('',(-6.57830360432695E-18,2.56208009605117E-17,-1.));
#4022=DIRECTION('',(0.,1.,2.56208009605117E-17));
#4023=DIRECTION('',(-6.57830360432695E-18,2.56208009605117E-17,-1.));
#4024=DIRECTION('',(-6.57830360432695E-18,2.56208009605117E-17,-1.));
#4025=DIRECTION('',(-0.0257267479673633,0.999669012443131,2.5781559153078E-17));
#4026=DIRECTION('',(-6.57830360432695E-18,2.56208009605117E-17,-1.));
#4027=DIRECTION('',(0.,1.,2.56208009605117E-17));
#4028=DIRECTION('',(-6.57830360432695E-18,2.56208009605117E-17,-1.));
#4029=DIRECTION('',(-6.57830360432695E-18,2.56208009605117E-17,-1.));
#4030=DIRECTION('',(-0.830263382556154,0.557371254718445,1.97420225802618E-17));
#4031=DIRECTION('',(-6.57830360432695E-18,2.56208009605117E-17,-1.));
#4032=DIRECTION('',(0.,1.,2.56208009605117E-17));
#4033=DIRECTION('',(-1.67082187184703E-18,1.32259169830381E-17,-1.));
#4034=DIRECTION('',(-0.803852657639224,-0.59482846670814,-6.52405731770373E-18));
#4035=DIRECTION('',(-1.67082187184703E-18,1.32259169830381E-17,-1.));
#4036=DIRECTION('',(-1.67082187184703E-18,1.32259169830381E-17,-1.));
#4037=DIRECTION('',(0.,1.,1.32259169830381E-17));
#4038=DIRECTION('',(-1.67082187184703E-18,1.32259169830381E-17,-1.));
#4039=DIRECTION('',(-1.67082187184703E-18,1.32259169830381E-17,-1.));
#4040=DIRECTION('',(0.887943554281625,0.459952437116835,4.59969723799398E-18));
#4041=DIRECTION('',(-1.67082187184703E-18,1.32259169830381E-17,-1.));
#4042=DIRECTION('',(0.,1.,1.32259169830381E-17));
#4043=DIRECTION('',(-1.67082187184703E-18,1.32259169830381E-17,-1.));
#4044=DIRECTION('',(-1.67082187184703E-18,1.32259169830381E-17,-1.));
#4045=DIRECTION('',(0.223689079034896,0.974660554203626,1.25170349707942E-17));
#4046=DIRECTION('',(-1.67082187184703E-18,1.32259169830381E-17,-1.));
#4047=DIRECTION('',(0.,1.,1.32259169830381E-17));
#4048=DIRECTION('',(-1.67082187184703E-18,1.32259169830381E-17,-1.));
#4049=DIRECTION('',(-1.67082187184703E-18,1.32259169830381E-17,-1.));
#4050=DIRECTION('',(-0.665566537200726,0.746338518742424,1.09830544176554E-17));
#4051=DIRECTION('',(-1.67082187184703E-18,1.32259169830381E-17,-1.));
#4052=DIRECTION('',(0.,1.,1.32259169830381E-17));
#4053=DIRECTION('',(0.,0.,-1.));
#4054=DIRECTION('',(-0.926525972485941,-0.376230809888,0.));
#4055=DIRECTION('',(0.,0.,-1.));
#4056=DIRECTION('',(-1.,0.,0.));
#4057=DIRECTION('',(0.,0.,-1.));
#4058=DIRECTION('',(0.,0.,-1.));
#4059=DIRECTION('',(0.974432694397674,0.224679603188384,0.));
#4060=DIRECTION('',(0.,0.,-1.));
#4061=DIRECTION('',(-1.,0.,0.));
#4062=DIRECTION('',(0.,0.,-1.));
#4063=DIRECTION('',(0.,0.,-1.));
#4064=DIRECTION('',(0.459049698530506,0.888410588792734,0.));
#4065=DIRECTION('',(0.,0.,-1.));
#4066=DIRECTION('',(-1.,0.,0.));
#4067=DIRECTION('',(0.,0.,-1.));
#4068=DIRECTION('',(0.,0.,-1.));
#4069=DIRECTION('',(-0.459049698530477,0.888410588792749,0.));
#4070=DIRECTION('',(0.,0.,-1.));
#4071=DIRECTION('',(-1.,0.,0.));
#4072=DIRECTION('',(1.02630082345318E-16,1.95777352619011E-17,1.));
#4073=DIRECTION('',(0.929776485888251,0.368124552684678,-1.02630082345318E-16));
#4074=DIRECTION('',(1.02630082345318E-16,1.95777352619011E-17,1.));
#4075=DIRECTION('',(-0.999999713498483,0.000756969583945829,0.));
#4076=DIRECTION('',(1.02630082345318E-16,1.95777352619011E-17,1.));
#4077=DIRECTION('',(1.,0.,-1.02630082345318E-16));
#4078=DIRECTION('',(-1.02630082345318E-16,-1.95777352619011E-17,-1.));
#4079=DIRECTION('',(-1.,0.,1.02630082345318E-16));
#4080=DIRECTION('',(0.,0.,-1.));
#4081=DIRECTION('',(-1.,0.,0.));
#4082=DIRECTION('',(1.02630082345318E-16,1.95777352619011E-17,1.));
#4083=DIRECTION('',(1.,0.,-1.02630082345318E-16));
#4084=DIRECTION('',(1.02630082345318E-16,1.95777352619011E-17,1.));
#4085=DIRECTION('',(1.,-2.00926458206374E-33,-1.02630082345318E-16));
#4086=DIRECTION('',(0.,0.,-1.));
#4087=DIRECTION('',(1.,0.,0.));
#4088=DIRECTION('',(0.,0.,-1.));
#4089=DIRECTION('',(-1.,0.,0.));
#4090=DIRECTION('',(-0.708123330877114,-0.706088767979991,0.));
#4091=DIRECTION('',(0.,0.,-1.));
#4092=DIRECTION('',(-1.,0.,0.));
#4093=DIRECTION('',(0.,0.,-1.));
#4094=DIRECTION('',(-1.,0.,0.));
#4095=DIRECTION('',(0.,0.,-1.));
#4096=DIRECTION('',(-1.,0.,0.));
#4097=DIRECTION('',(-0.966297177542353,-0.257429144957758,0.));
#4098=DIRECTION('',(0.,0.,-1.));
#4099=DIRECTION('',(-1.,0.,0.));
#4100=DIRECTION('',(0.,0.,-1.));
#4101=DIRECTION('',(-1.,0.,0.));
#4102=DIRECTION('',(0.,0.,-1.));
#4103=DIRECTION('',(-1.,0.,0.));
#4104=DIRECTION('',(-0.965552475835753,0.260208409563272,0.));
#4105=DIRECTION('',(0.,0.,-1.));
#4106=DIRECTION('',(-1.,0.,0.));
#4107=DIRECTION('',(0.,0.,-1.));
#4108=DIRECTION('',(-1.,0.,0.));
#4109=DIRECTION('',(0.,0.,-1.));
#4110=DIRECTION('',(-1.,0.,0.));
#4111=DIRECTION('',(-0.706088767979993,0.708123330877112,0.));
#4112=DIRECTION('',(0.,0.,-1.));
#4113=DIRECTION('',(-1.,0.,0.));
#4114=DIRECTION('',(0.,0.,-1.));
#4115=DIRECTION('',(-1.,0.,0.));
#4116=DIRECTION('',(0.,0.,-1.));
#4117=DIRECTION('',(-1.,0.,0.));
#4118=DIRECTION('',(-0.257429144957758,0.966297177542353,0.));
#4119=DIRECTION('',(0.,0.,-1.));
#4120=DIRECTION('',(-1.,0.,0.));
#4121=DIRECTION('',(0.,0.,-1.));
#4122=DIRECTION('',(-1.,0.,0.));
#4123=DIRECTION('',(0.,0.,-1.));
#4124=DIRECTION('',(-1.,0.,0.));
#4125=DIRECTION('',(0.260208409563272,0.965552475835753,0.));
#4126=DIRECTION('',(0.,0.,-1.));
#4127=DIRECTION('',(-1.,0.,0.));
#4128=DIRECTION('',(0.,0.,-1.));
#4129=DIRECTION('',(-1.,0.,0.));
#4130=DIRECTION('',(0.,0.,-1.));
#4131=DIRECTION('',(-1.,0.,0.));
#4132=DIRECTION('',(0.708123330877109,0.706088767979996,0.));
#4133=DIRECTION('',(0.,0.,-1.));
#4134=DIRECTION('',(-1.,0.,0.));
#4135=DIRECTION('',(0.,0.,-1.));
#4136=DIRECTION('',(-1.,0.,0.));
#4137=DIRECTION('',(0.,0.,-1.));
#4138=DIRECTION('',(-1.,0.,0.));
#4139=DIRECTION('',(0.966297177542353,0.257429144957758,0.));
#4140=DIRECTION('',(0.,0.,-1.));
#4141=DIRECTION('',(-1.,0.,0.));
#4142=DIRECTION('',(0.,0.,-1.));
#4143=DIRECTION('',(-1.,0.,0.));
#4144=DIRECTION('',(0.,0.,-1.));
#4145=DIRECTION('',(-1.,0.,0.));
#4146=DIRECTION('',(0.965552475836268,-0.260208409561363,0.));
#4147=DIRECTION('',(0.,0.,-1.));
#4148=DIRECTION('',(-1.,0.,0.));
#4149=DIRECTION('',(0.,0.,-1.));
#4150=DIRECTION('',(-1.,0.,0.));
#4151=DIRECTION('',(0.,0.,-1.));
#4152=DIRECTION('',(-1.,0.,0.));
#4153=DIRECTION('',(0.706088767979996,-0.708123330877109,0.));
#4154=DIRECTION('',(0.,0.,-1.));
#4155=DIRECTION('',(-1.,0.,0.));
#4156=DIRECTION('',(0.,0.,-1.));
#4157=DIRECTION('',(-1.,0.,0.));
#4158=DIRECTION('',(0.,0.,-1.));
#4159=DIRECTION('',(-1.,0.,0.));
#4160=DIRECTION('',(0.257429144957758,-0.966297177542353,0.));
#4161=DIRECTION('',(0.,0.,-1.));
#4162=DIRECTION('',(-1.,0.,0.));
#4163=DIRECTION('',(0.,0.,-1.));
#4164=DIRECTION('',(-1.,0.,0.));
#4165=DIRECTION('',(0.,0.,-1.));
#4166=DIRECTION('',(-1.,0.,0.));
#4167=DIRECTION('',(-0.260208409563272,-0.965552475835753,0.));
#4168=DIRECTION('',(0.,0.,-1.));
#4169=DIRECTION('',(-1.,0.,0.));
#4170=DIRECTION('',(0.,0.,-1.));
#4171=DIRECTION('',(-1.,0.,0.));
#4172=DIRECTION('',(0.,0.,1.));
#4173=DIRECTION('',(1.,0.,0.));
#4174=DIRECTION('',(0.,0.,1.));
#4175=DIRECTION('',(0.,0.,-1.));
#4176=DIRECTION('',(-1.,0.,0.));
#4177=DIRECTION('',(0.,0.,1.));
#4178=DIRECTION('',(0.,0.,1.));
#4179=DIRECTION('',(1.,0.,0.));
#4180=DIRECTION('',(0.,0.,-1.));
#4181=DIRECTION('',(-1.,0.,0.));
#4182=DIRECTION('',(0.,0.,1.));
#4183=DIRECTION('',(-0.706088767979991,0.708123330877114,0.));
#4184=DIRECTION('',(-0.708123330877114,-0.706088767979991,0.));
#4185=DIRECTION('',(-0.708123330877114,-0.706088767979991,0.));
#4186=DIRECTION('',(0.,0.,1.));
#4187=DIRECTION('',(0.,0.,1.));
#4188=DIRECTION('',(1.,0.,0.));
#4189=DIRECTION('',(0.,0.,-1.));
#4190=DIRECTION('',(-1.,0.,0.));
#4191=DIRECTION('',(0.,0.,1.));
#4192=DIRECTION('',(0.,0.,1.));
#4193=DIRECTION('',(1.,0.,0.));
#4194=DIRECTION('',(0.,0.,-1.));
#4195=DIRECTION('',(-1.,0.,0.));
#4196=DIRECTION('',(0.,0.,1.));
#4197=DIRECTION('',(0.,0.,1.));
#4198=DIRECTION('',(1.,0.,0.));
#4199=DIRECTION('',(0.,0.,-1.));
#4200=DIRECTION('',(-1.,0.,0.));
#4201=DIRECTION('',(0.,0.,1.));
#4202=DIRECTION('',(-0.257429144957758,0.966297177542353,0.));
#4203=DIRECTION('',(-0.966297177542353,-0.257429144957758,0.));
#4204=DIRECTION('',(-0.966297177542353,-0.257429144957758,0.));
#4205=DIRECTION('',(0.,0.,1.));
#4206=DIRECTION('',(0.,0.,1.));
#4207=DIRECTION('',(1.,0.,0.));
#4208=DIRECTION('',(0.,0.,-1.));
#4209=DIRECTION('',(-1.,0.,0.));
#4210=DIRECTION('',(0.,0.,1.));
#4211=DIRECTION('',(0.,0.,1.));
#4212=DIRECTION('',(1.,0.,0.));
#4213=DIRECTION('',(0.,0.,-1.));
#4214=DIRECTION('',(-1.,0.,0.));
#4215=DIRECTION('',(0.,0.,1.));
#4216=DIRECTION('',(0.,0.,1.));
#4217=DIRECTION('',(1.,0.,0.));
#4218=DIRECTION('',(0.,0.,-1.));
#4219=DIRECTION('',(-1.,0.,0.));
#4220=DIRECTION('',(0.,0.,1.));
#4221=DIRECTION('',(0.260208409563272,0.965552475835753,0.));
#4222=DIRECTION('',(-0.965552475835753,0.260208409563272,0.));
#4223=DIRECTION('',(-0.965552475835753,0.260208409563272,0.));
#4224=DIRECTION('',(0.,0.,1.));
#4225=DIRECTION('',(0.,0.,1.));
#4226=DIRECTION('',(1.,0.,0.));
#4227=DIRECTION('',(0.,0.,-1.));
#4228=DIRECTION('',(-1.,0.,0.));
#4229=DIRECTION('',(0.,0.,1.));
#4230=DIRECTION('',(0.,0.,1.));
#4231=DIRECTION('',(1.,0.,0.));
#4232=DIRECTION('',(0.,0.,-1.));
#4233=DIRECTION('',(-1.,0.,0.));
#4234=DIRECTION('',(0.,0.,1.));
#4235=DIRECTION('',(0.,0.,1.));
#4236=DIRECTION('',(1.,0.,0.));
#4237=DIRECTION('',(0.,0.,-1.));
#4238=DIRECTION('',(-1.,0.,0.));
#4239=DIRECTION('',(0.,0.,1.));
#4240=DIRECTION('',(0.708123330877111,0.706088767979993,0.));
#4241=DIRECTION('',(-0.706088767979993,0.708123330877112,0.));
#4242=DIRECTION('',(-0.706088767979993,0.708123330877112,0.));
#4243=DIRECTION('',(0.,0.,1.));
#4244=DIRECTION('',(0.,0.,1.));
#4245=DIRECTION('',(1.,0.,0.));
#4246=DIRECTION('',(0.,0.,-1.));
#4247=DIRECTION('',(-1.,0.,0.));
#4248=DIRECTION('',(0.,0.,1.));
#4249=DIRECTION('',(0.,0.,1.));
#4250=DIRECTION('',(1.,0.,0.));
#4251=DIRECTION('',(0.,0.,-1.));
#4252=DIRECTION('',(-1.,0.,0.));
#4253=DIRECTION('',(0.,0.,1.));
#4254=DIRECTION('',(0.,0.,1.));
#4255=DIRECTION('',(1.,0.,0.));
#4256=DIRECTION('',(0.,0.,-1.));
#4257=DIRECTION('',(-1.,0.,0.));
#4258=DIRECTION('',(0.,0.,1.));
#4259=DIRECTION('',(0.966297177542353,0.257429144957758,0.));
#4260=DIRECTION('',(-0.257429144957758,0.966297177542353,0.));
#4261=DIRECTION('',(-0.257429144957758,0.966297177542353,0.));
#4262=DIRECTION('',(0.,0.,1.));
#4263=DIRECTION('',(0.,0.,1.));
#4264=DIRECTION('',(1.,0.,0.));
#4265=DIRECTION('',(0.,0.,-1.));
#4266=DIRECTION('',(-1.,0.,0.));
#4267=DIRECTION('',(0.,0.,1.));
#4268=DIRECTION('',(0.,0.,1.));
#4269=DIRECTION('',(1.,0.,0.));
#4270=DIRECTION('',(0.,0.,-1.));
#4271=DIRECTION('',(-1.,0.,0.));
#4272=DIRECTION('',(0.,0.,1.));
#4273=DIRECTION('',(0.,0.,1.));
#4274=DIRECTION('',(1.,0.,0.));
#4275=DIRECTION('',(0.,0.,-1.));
#4276=DIRECTION('',(-1.,0.,0.));
#4277=DIRECTION('',(0.,0.,1.));
#4278=DIRECTION('',(0.965552475835753,-0.260208409563272,0.));
#4279=DIRECTION('',(0.260208409563272,0.965552475835753,0.));
#4280=DIRECTION('',(0.260208409563272,0.965552475835753,0.));
#4281=DIRECTION('',(0.,0.,1.));
#4282=DIRECTION('',(0.,0.,1.));
#4283=DIRECTION('',(1.,0.,0.));
#4284=DIRECTION('',(0.,0.,-1.));
#4285=DIRECTION('',(-1.,0.,0.));
#4286=DIRECTION('',(0.,0.,1.));
#4287=DIRECTION('',(0.,0.,1.));
#4288=DIRECTION('',(1.,0.,0.));
#4289=DIRECTION('',(0.,0.,-1.));
#4290=DIRECTION('',(-1.,0.,0.));
#4291=DIRECTION('',(0.,0.,1.));
#4292=DIRECTION('',(0.,0.,1.));
#4293=DIRECTION('',(1.,0.,0.));
#4294=DIRECTION('',(0.,0.,-1.));
#4295=DIRECTION('',(-1.,0.,0.));
#4296=DIRECTION('',(0.,0.,1.));
#4297=DIRECTION('',(0.706088767979996,-0.708123330877109,0.));
#4298=DIRECTION('',(0.708123330877109,0.706088767979996,0.));
#4299=DIRECTION('',(0.708123330877109,0.706088767979996,0.));
#4300=DIRECTION('',(0.,0.,1.));
#4301=DIRECTION('',(0.,0.,1.));
#4302=DIRECTION('',(1.,0.,0.));
#4303=DIRECTION('',(0.,0.,-1.));
#4304=DIRECTION('',(-1.,0.,0.));
#4305=DIRECTION('',(0.,0.,1.));
#4306=DIRECTION('',(0.,0.,1.));
#4307=DIRECTION('',(1.,0.,0.));
#4308=DIRECTION('',(0.,0.,-1.));
#4309=DIRECTION('',(-1.,0.,0.));
#4310=DIRECTION('',(0.,0.,1.));
#4311=DIRECTION('',(0.,0.,1.));
#4312=DIRECTION('',(1.,0.,0.));
#4313=DIRECTION('',(0.,0.,-1.));
#4314=DIRECTION('',(-1.,0.,0.));
#4315=DIRECTION('',(0.,0.,1.));
#4316=DIRECTION('',(0.257429144957758,-0.966297177542353,0.));
#4317=DIRECTION('',(0.966297177542353,0.257429144957758,0.));
#4318=DIRECTION('',(0.966297177542353,0.257429144957758,0.));
#4319=DIRECTION('',(0.,0.,1.));
#4320=DIRECTION('',(0.,0.,1.));
#4321=DIRECTION('',(1.,0.,0.));
#4322=DIRECTION('',(0.,0.,-1.));
#4323=DIRECTION('',(-1.,0.,0.));
#4324=DIRECTION('',(0.,0.,1.));
#4325=DIRECTION('',(0.,0.,1.));
#4326=DIRECTION('',(1.,0.,0.));
#4327=DIRECTION('',(0.,0.,-1.));
#4328=DIRECTION('',(-1.,0.,0.));
#4329=DIRECTION('',(0.,0.,1.));
#4330=DIRECTION('',(0.,0.,1.));
#4331=DIRECTION('',(1.,0.,0.));
#4332=DIRECTION('',(0.,0.,-1.));
#4333=DIRECTION('',(-1.,0.,0.));
#4334=DIRECTION('',(0.,0.,1.));
#4335=DIRECTION('',(-0.260208409561363,-0.965552475836268,0.));
#4336=DIRECTION('',(0.965552475836268,-0.260208409561363,0.));
#4337=DIRECTION('',(0.965552475836268,-0.260208409561363,0.));
#4338=DIRECTION('',(0.,0.,1.));
#4339=DIRECTION('',(0.,0.,1.));
#4340=DIRECTION('',(1.,0.,0.));
#4341=DIRECTION('',(0.,0.,-1.));
#4342=DIRECTION('',(-1.,0.,0.));
#4343=DIRECTION('',(0.,0.,1.));
#4344=DIRECTION('',(0.,0.,1.));
#4345=DIRECTION('',(1.,0.,0.));
#4346=DIRECTION('',(0.,0.,-1.));
#4347=DIRECTION('',(-1.,0.,0.));
#4348=DIRECTION('',(0.,0.,1.));
#4349=DIRECTION('',(0.,0.,1.));
#4350=DIRECTION('',(1.,0.,0.));
#4351=DIRECTION('',(0.,0.,-1.));
#4352=DIRECTION('',(-1.,0.,0.));
#4353=DIRECTION('',(0.,0.,1.));
#4354=DIRECTION('',(-0.708123330877109,-0.706088767979996,0.));
#4355=DIRECTION('',(0.706088767979996,-0.708123330877109,0.));
#4356=DIRECTION('',(0.706088767979996,-0.708123330877109,0.));
#4357=DIRECTION('',(0.,0.,1.));
#4358=DIRECTION('',(0.,0.,1.));
#4359=DIRECTION('',(1.,0.,0.));
#4360=DIRECTION('',(0.,0.,-1.));
#4361=DIRECTION('',(-1.,0.,0.));
#4362=DIRECTION('',(0.,0.,1.));
#4363=DIRECTION('',(0.,0.,1.));
#4364=DIRECTION('',(1.,0.,0.));
#4365=DIRECTION('',(0.,0.,-1.));
#4366=DIRECTION('',(-1.,0.,0.));
#4367=DIRECTION('',(0.,0.,1.));
#4368=DIRECTION('',(0.,0.,1.));
#4369=DIRECTION('',(1.,0.,0.));
#4370=DIRECTION('',(0.,0.,-1.));
#4371=DIRECTION('',(-1.,0.,0.));
#4372=DIRECTION('',(0.,0.,1.));
#4373=DIRECTION('',(-0.966297177542353,-0.257429144957758,0.));
#4374=DIRECTION('',(0.257429144957758,-0.966297177542353,0.));
#4375=DIRECTION('',(0.257429144957758,-0.966297177542353,0.));
#4376=DIRECTION('',(0.,0.,1.));
#4377=DIRECTION('',(0.,0.,1.));
#4378=DIRECTION('',(1.,0.,0.));
#4379=DIRECTION('',(0.,0.,-1.));
#4380=DIRECTION('',(-1.,0.,0.));
#4381=DIRECTION('',(0.,0.,1.));
#4382=DIRECTION('',(0.,0.,1.));
#4383=DIRECTION('',(1.,0.,0.));
#4384=DIRECTION('',(0.,0.,-1.));
#4385=DIRECTION('',(-1.,0.,0.));
#4386=DIRECTION('',(0.,0.,1.));
#4387=DIRECTION('',(0.,0.,1.));
#4388=DIRECTION('',(1.,0.,0.));
#4389=DIRECTION('',(0.,0.,-1.));
#4390=DIRECTION('',(-1.,0.,0.));
#4391=DIRECTION('',(0.,0.,1.));
#4392=DIRECTION('',(-0.965552475835753,0.260208409563272,0.));
#4393=DIRECTION('',(-0.260208409563272,-0.965552475835753,0.));
#4394=DIRECTION('',(-0.260208409563272,-0.965552475835753,0.));
#4395=DIRECTION('',(0.,0.,1.));
#4396=DIRECTION('',(0.,0.,1.));
#4397=DIRECTION('',(1.,0.,0.));
#4398=DIRECTION('',(0.,0.,-1.));
#4399=DIRECTION('',(-1.,0.,0.));
#4400=DIRECTION('',(0.,0.,-1.));
#4401=DIRECTION('',(1.,0.,0.));
#4402=CARTESIAN_POINT('',(0.,0.,0.));
#4403=CARTESIAN_POINT('',(-1.43303632235156E-6,1.1343650542469E-5,-0.116521599985099));
#4404=CARTESIAN_POINT('',(0.00259978268054237,0.00261772996856138,-0.116459690444695));
#4405=CARTESIAN_POINT('',(0.00368241644222338,1.12458707188031E-5,-0.116469878808937));
#4406=CARTESIAN_POINT('',(0.00259987020490773,-0.00259465154888054,-0.116479088912235));
#4407=CARTESIAN_POINT('',(-4.40720237850144E-7,-0.00367099093070685,-0.116481886099185));
#4408=CARTESIAN_POINT('',(-0.00260726659619686,-0.00259123984307429,-0.1164766187269));
#4409=CARTESIAN_POINT('',(-0.00368284874524333,1.12993382096452E-5,-0.116466417683593));
#4410=CARTESIAN_POINT('',(-0.00260785363854416,0.00261304489402601,-0.116457271417293));
#4411=CARTESIAN_POINT('',(-1.58400051096736E-6,0.00369380080510869,-0.11645449147502));
#4412=CARTESIAN_POINT('',(0.00259978268054237,0.00261772996856138,-0.116459690444695));
#4413=CARTESIAN_POINT('',(0.00368241644222338,1.12458707188031E-5,-0.116469878808937));
#4414=CARTESIAN_POINT('',(0.00259987020490773,-0.00259465154888054,-0.116479088912235));
#4415=CARTESIAN_POINT('',(0.00332155310905727,1.13436504260087E-5,-0.116469715765446));
#4416=CARTESIAN_POINT('',(-1.43303632235156E-6,1.1343650542469E-5,-0.116521599985099));
#4417=CARTESIAN_POINT('',(0.00332155313466616,1.1343650542469E-5,-0.116521599985099));
#4418=CARTESIAN_POINT('',(-1.43303632235155E-6,1.13436505424688E-5,-0.116521599985099));
#4419=CARTESIAN_POINT('',(-0.00288450871280007,0.000192731397395157,-0.116521599985099));
#4420=CARTESIAN_POINT('',(-0.00289308704824381,0.000197870673707518,-0.116521599985099));
#4421=CARTESIAN_POINT('',(-0.00289366352762502,0.000188707796331311,-0.116521599985099));
#4422=CARTESIAN_POINT('',(-0.00246718656956483,0.000376147212089001,-0.116521599985099));
#4423=CARTESIAN_POINT('',(-0.00266920957724526,-4.36180016952901E-5,-0.116521599985099));
#4424=CARTESIAN_POINT('',(-0.00272523267583648,-0.000160023297443173,-0.116521599985099));
#4425=CARTESIAN_POINT('',(-0.00265506188399098,-0.000268489146564559,-0.116521599985099));
#4426=CARTESIAN_POINT('',(-0.00240202135648593,-0.000659624189453614,-0.116521599985099));
#4427=CARTESIAN_POINT('',(-0.00284862780442364,-0.000527114525668964,-0.116521599985099));
#4428=CARTESIAN_POINT('',(-0.00283904088711609,-0.000529958996891939,-0.116521599985099));
#4429=CARTESIAN_POINT('',(-0.00284690745770421,-0.000536132898995311,-0.116521599985099));
#4430=CARTESIAN_POINT('',(-0.00248044334467278,-0.000248521730582223,-0.116521599985099));
#4431=CARTESIAN_POINT('',(-0.00257172806442086,-0.000705340327266001,-0.116521599985099));
#4432=CARTESIAN_POINT('',(-0.00259704227448564,-0.000832020914660875,-0.116521599985099));
#4433=CARTESIAN_POINT('',(-0.00250210166732179,-0.000919628343371049,-0.116521599985099));
#4434=CARTESIAN_POINT('',(-0.00215973954361498,-0.00123554653940734,-0.116521599985099));
#4435=CARTESIAN_POINT('',(-0.00262526884207378,-0.00121826641752343,-0.116521599985099));
#4436=CARTESIAN_POINT('',(-0.00261527572417507,-0.00121863735506885,-0.116521599985099));
#4437=CARTESIAN_POINT('',(-0.00262135976496511,-0.00122657362923657,-0.116521599985099));
#4438=CARTESIAN_POINT('',(-0.00233793478494492,-0.000856862375639366,-0.116521599985099));
#4439=CARTESIAN_POINT('',(-0.00231274546209716,-0.0013220307627317,-0.116521599985099));
#4440=CARTESIAN_POINT('',(-0.00230576019871797,-0.00145102683456894,-0.116521599985099));
#4441=CARTESIAN_POINT('',(-0.002192015243751,-0.00151227114592445,-0.116521599985099));
#4442=CARTESIAN_POINT('',(-0.00178184339519476,-0.00173312219298517,-0.116521599985099));
#4443=CARTESIAN_POINT('',(-0.00223704462625547,-0.00183215738661183,-0.116521599985099));
#4444=CARTESIAN_POINT('',(-0.0022272732121153,-0.00183003148310949,-0.116521599985099));
#4445=CARTESIAN_POINT('',(-0.00223119244044887,-0.00183923146404803,-0.116521599985099));
#4446=CARTESIAN_POINT('',(-0.00204861522729877,-0.0014106504430331,-0.116521599985099));
#4447=CARTESIAN_POINT('',(-0.00190853459964954,-0.00185494038000333,-0.116521599985099));
#4448=CARTESIAN_POINT('',(-0.0018696887726145,-0.00197814663867503,-0.116521599985099));
#4449=CARTESIAN_POINT('',(-0.00174428648368966,-0.00200917962735259,-0.116521599985099));
#4450=CARTESIAN_POINT('',(-0.00129207751603532,-0.00212108664191758,-0.116521599985099));
#4451=CARTESIAN_POINT('',(-0.00170834871223738,-0.00233021440561325,-0.116521599985099));
#4452=CARTESIAN_POINT('',(-0.00169941297574292,-0.00232572523939875,-0.116521599985099));
#4453=CARTESIAN_POINT('',(-0.00170092113208991,-0.00233561085847057,-0.116521599985099));
#4454=CARTESIAN_POINT('',(-0.00163066368358413,-0.00187508939179902,-0.116521599985099));
#4455=CARTESIAN_POINT('',(-0.00138449353214915,-0.00227058450792323,-0.116521599985099));
#4456=CARTESIAN_POINT('',(-0.00131622796763582,-0.00238025945107612,-0.116521599985099));
#4457=CARTESIAN_POINT('',(-0.00118704783176363,-0.00237913120026576,-0.116521599985099));
#4458=CARTESIAN_POINT('',(-0.000721215697557147,-0.0023750626530447,-0.116521599985099));
#4459=CARTESIAN_POINT('',(-0.00107240100870481,-0.00268114272029829,-0.116521599985099));
#4460=CARTESIAN_POINT('',(-0.00106486241504334,-0.00267457236219487,-0.116521599985099));
#4461=CARTESIAN_POINT('',(-0.00106386473639387,-0.00268452246959692,-0.116521599985099));
#4462=CARTESIAN_POINT('',(-0.00111034158641085,-0.00222099681469921,-0.116521599985099));
#4463=CARTESIAN_POINT('',(-0.000773549687155259,-0.00254284669730201,-0.116521599985099));
#4464=CARTESIAN_POINT('',(-0.000680153761645206,-0.00263209904490158,-0.116521599985099));
#4465=CARTESIAN_POINT('',(-0.000555312641853814,-0.00259888044675115,-0.116521599985099));
#4466=CARTESIAN_POINT('',(-0.000105127287298136,-0.00247909197952898,-0.116521599985099));
#4467=CARTESIAN_POINT('',(-0.000369160448722789,-0.0028628922140312,-0.116521599985099));
#4468=CARTESIAN_POINT('',(-0.000363492675459066,-0.00285465350380259,-0.116521599985099));
#4469=CARTESIAN_POINT('',(-0.000360051849631867,-0.00286404289769288,-0.116521599985099));
#4470=CARTESIAN_POINT('',(-0.000520342686755142,-0.00242663807619433,-0.116521599985099));
#4471=CARTESIAN_POINT('',(-0.000114090913343135,-0.00265461971347072,-0.116521599985099));
#4472=CARTESIAN_POINT('',(-1.43303632234013E-6,-0.00271784141227011,-0.116521599985099));
#4473=CARTESIAN_POINT('',(0.000111224840698237,-0.00265461971347085,-0.116521599985099));
#4474=CARTESIAN_POINT('',(0.000517476614110462,-0.00242663807619433,-0.116521599985099));
#4475=CARTESIAN_POINT('',(0.000357185776987187,-0.00286404289769288,-0.116521599985099));
#4476=CARTESIAN_POINT('',(0.000360626602814386,-0.00285465350380259,-0.116521599985099));
#4477=CARTESIAN_POINT('',(0.000366294376078109,-0.0028628922140312,-0.116521599985099));
#4478=CARTESIAN_POINT('',(0.000102261214653456,-0.00247909197952898,-0.116521599985099));
#4479=CARTESIAN_POINT('',(0.000552446569208893,-0.00259888044675107,-0.116521599985099));
#4480=CARTESIAN_POINT('',(0.000677287689000528,-0.00263209904490158,-0.116521599985099));
#4481=CARTESIAN_POINT('',(0.000770683614510401,-0.00254284669730218,-0.116521599985099));
#4482=CARTESIAN_POINT('',(0.00110747551376617,-0.00222099681469921,-0.116521599985099));
#4483=CARTESIAN_POINT('',(0.00106099866374918,-0.00268452246959692,-0.116521599985099));
#4484=CARTESIAN_POINT('',(0.00106199634239866,-0.00267457236219487,-0.116521599985099));
#4485=CARTESIAN_POINT('',(0.00106953493606014,-0.00268114272029829,-0.116521599985099));
#4486=CARTESIAN_POINT('',(0.000718349624912467,-0.0023750626530447,-0.116521599985099));
#4487=CARTESIAN_POINT('',(0.0011841817591187,-0.00237913120026577,-0.116521599985099));
#4488=CARTESIAN_POINT('',(0.00131336189499114,-0.00238025945107612,-0.116521599985099));
#4489=CARTESIAN_POINT('',(0.00138162745950434,-0.00227058450792345,-0.116521599985099));
#4490=CARTESIAN_POINT('',(0.00162779761093945,-0.00187508939179902,-0.116521599985099));
#4491=CARTESIAN_POINT('',(0.00169805505944523,-0.00233561085847057,-0.116521599985099));
#4492=CARTESIAN_POINT('',(0.00169654690309824,-0.00232572523939875,-0.116521599985099));
#4493=CARTESIAN_POINT('',(0.00170548263959271,-0.00233021440561326,-0.116521599985099));
#4494=CARTESIAN_POINT('',(0.00128921144339064,-0.00212108664191758,-0.116521599985099));
#4495=CARTESIAN_POINT('',(0.00174142041104474,-0.00200917962735265,-0.116521599985099));
#4496=CARTESIAN_POINT('',(0.00186682269996982,-0.00197814663867503,-0.116521599985099));
#4497=CARTESIAN_POINT('',(0.00190566852700478,-0.00185494038000357,-0.116521599985099));
#4498=CARTESIAN_POINT('',(0.00204574915465409,-0.00141065044303309,-0.116521599985099));
#4499=CARTESIAN_POINT('',(0.00222832636780419,-0.00183923146404802,-0.116521599985099));
#4500=CARTESIAN_POINT('',(0.00222440713947062,-0.00183003148310949,-0.116521599985099));
#4501=CARTESIAN_POINT('',(0.00223417855361079,-0.00183215738661182,-0.116521599985099));
#4502=CARTESIAN_POINT('',(0.00177897732255008,-0.00173312219298517,-0.116521599985099));
#4503=CARTESIAN_POINT('',(0.0021891491711061,-0.00151227114592458,-0.116521599985099));
#4504=CARTESIAN_POINT('',(0.00230289412607329,-0.00145102683456894,-0.116521599985099));
#4505=CARTESIAN_POINT('',(0.00230987938945246,-0.00132203076273196,-0.116521599985099));
#4506=CARTESIAN_POINT('',(0.00233506871230024,-0.000856862375639364,-0.116521599985099));
#4507=CARTESIAN_POINT('',(0.00261849369232042,-0.00122657362923657,-0.116521599985099));
#4508=CARTESIAN_POINT('',(0.00261240965153039,-0.00121863735506885,-0.116521599985099));
#4509=CARTESIAN_POINT('',(0.00262240276942909,-0.00121826641752343,-0.116521599985099));
#4510=CARTESIAN_POINT('',(0.0021568734709703,-0.00123554653940733,-0.116521599985099));
#4511=CARTESIAN_POINT('',(0.00249923559467692,-0.000919628343371216,-0.116521599985099));
#4512=CARTESIAN_POINT('',(0.00259417620184096,-0.000832020914660874,-0.116521599985099));
#4513=CARTESIAN_POINT('',(0.00256886199177623,-0.00070534032726625,-0.116521599985099));
#4514=CARTESIAN_POINT('',(0.0024775772720281,-0.000248521730582224,-0.116521599985099));
#4515=CARTESIAN_POINT('',(0.00284404138505953,-0.00053613289899531,-0.116521599985099));
#4516=CARTESIAN_POINT('',(0.00283617481447141,-0.000529958996891938,-0.116521599985099));
#4517=CARTESIAN_POINT('',(0.00284576173177896,-0.000527114525668963,-0.116521599985099));
#4518=CARTESIAN_POINT('',(0.00239915528384125,-0.000659624189453613,-0.116521599985099));
#4519=CARTESIAN_POINT('',(0.00265219581134617,-0.000268489146564778,-0.116521599985099));
#4520=CARTESIAN_POINT('',(0.0027223666031918,-0.000160023297443172,-0.116521599985099));
#4521=CARTESIAN_POINT('',(0.00266634350460069,-4.36180016955195E-5,-0.116521599985099));
#4522=CARTESIAN_POINT('',(0.00246432049692015,0.000376147212089002,-0.116521599985099));
#4523=CARTESIAN_POINT('',(0.00289079745498034,0.000188707796331312,-0.116521599985099));
#4524=CARTESIAN_POINT('',(0.00288164264015539,0.000192731397395159,-0.116521599985099));
#4525=CARTESIAN_POINT('',(0.00289022097559912,0.000197870673707519,-0.116521599985099));
#4526=CARTESIAN_POINT('',(0.00249059930381005,-4.15424624658344E-5,-0.116521599985099));
#4527=CARTESIAN_POINT('',(0.00263841876815217,0.000400232974036952,-0.116521599985099));
#4528=CARTESIAN_POINT('',(0.00267941065575763,0.000522741935360014,-0.116521599985099));
#4529=CARTESIAN_POINT('',(0.00259619880596314,0.000621557766620137,-0.116521599985099));
#4530=CARTESIAN_POINT('',(0.00229613135891141,0.000977894205334607,-0.116521599985099));
#4531=CARTESIAN_POINT('',(0.0027558240462529,0.000902404050078319,-0.116521599985099));
#4532=CARTESIAN_POINT('',(0.00274595621787565,0.00090402453245003,-0.116521599985099));
#4533=CARTESIAN_POINT('',(0.00275298696309073,0.000911135694220133,-0.116521599985099));
#4534=CARTESIAN_POINT('',(0.00242545976679449,0.000579862293503772,-0.116521599985099));
#4535=CARTESIAN_POINT('',(0.00245877012738724,0.00104451974820864,-0.116521599985099));
#4536=CARTESIAN_POINT('',(0.00246800743969665,0.00117337413313679,-0.116521599985099));
#4537=CARTESIAN_POINT('',(0.00236283534525317,0.0012483915378121,-0.116521599985099));
#4538=CARTESIAN_POINT('',(0.00198357780009938,0.00151890927249834,-0.116521599985099));
#4539=CARTESIAN_POINT('',(0.00244760203454505,0.00156011170183157,-0.116521599985099));
#4540=CARTESIAN_POINT('',(0.00243764122456376,0.00155922724464402,-0.116521599985099));
#4541=CARTESIAN_POINT('',(0.00244268261197105,0.00156786347142483,-0.116521599985099));
#4542=CARTESIAN_POINT('',(0.00220782962947172,0.00116554493227081,-0.116521599985099));
#4543=CARTESIAN_POINT('',(0.00212453787385213,0.00162388826840807,-0.116521599985099));
#4544=CARTESIAN_POINT('',(0.00210144019656062,0.00175099168204299,-0.116521599985099));
#4545=CARTESIAN_POINT('',(0.00198091620695793,0.00179749704070304,-0.116521599985099));
#4546=CARTESIAN_POINT('',(0.00154629871007577,0.00196519844719607,-0.116521599985099));
#4547=CARTESIAN_POINT('',(0.00198549814241367,0.00212050456095188,-0.116521599985099));
#4548=CARTESIAN_POINT('',(0.00197607022515276,0.00211717073790296,-0.116521599985099));
#4549=CARTESIAN_POINT('',(0.00197880548584055,0.00212678938380401,-0.116521599985099));
#4550=CARTESIAN_POINT('',(0.00185138339375739,0.00167870485965147,-0.116521599985099));
#4551=CARTESIAN_POINT('',(0.00165672304925668,0.00210193467974273,-0.116521599985099));
#4552=CARTESIAN_POINT('',(0.0016027416943758,0.0022193007471521,-0.116521599985099));
#4553=CARTESIAN_POINT('',(0.00147443877513687,0.00223437195707752,-0.116521599985099));
#4554=CARTESIAN_POINT('',(0.00101176994226679,0.00228871973924476,-0.116521599985099));
#4555=CARTESIAN_POINT('',(0.00139854805690057,0.00254837108311995,-0.116521599985099));
#4556=CARTESIAN_POINT('',(0.00139024542307501,0.00254279737057277,-0.116521599985099));
#4557=CARTESIAN_POINT('',(0.00139050269055468,0.00255279406069719,-0.116521599985099));
#4558=CARTESIAN_POINT('',(0.00137851788755897,0.00208709835013824,-0.116521599985099));
#4559=CARTESIAN_POINT('',(0.00108472017953278,0.00244862156805678,-0.116521599985099));
#4560=CARTESIAN_POINT('',(0.00100324699411924,0.00254887574758305,-0.116521599985099));
#4561=CARTESIAN_POINT('',(0.000875226889524977,0.0025315658292262,-0.116521599985099));
#4562=CARTESIAN_POINT('',(0.000413577905013151,0.00246914511603692,-0.116521599985099));
#4563=CARTESIAN_POINT('',(0.000723632010529989,0.00281682684116496,-0.116521599985099));
#4564=CARTESIAN_POINT('',(0.000716976345157982,0.00280936345597754,-0.116521599985099));
#4565=CARTESIAN_POINT('',(0.000714739454367633,0.00281911006151957,-0.116521599985099));
#4566=CARTESIAN_POINT('',(0.000818944989708607,0.00236506453875764,-0.116521599985099));
#4567=CARTESIAN_POINT('',(0.000444470308664615,0.00264216532113225,-0.116521599985099));
#4568=CARTESIAN_POINT('',(0.000340624552595359,0.0027190082739667,-0.116521599985099));
#4569=CARTESIAN_POINT('',(0.000220931236642426,0.00267040487315936,-0.116521599985099));
#4570=CARTESIAN_POINT('',(-0.00021069079598807,0.00249513778759057,-0.116521599985099));
#4571=CARTESIAN_POINT('',(3.1574606629644E-6,0.00290900377249772,-0.116521599985099));
#4572=CARTESIAN_POINT('',(-1.43303632234043E-6,0.0029001196666098,-0.116521599985099));
#4573=CARTESIAN_POINT('',(-6.02353330764547E-6,0.00290900377249772,-0.116521599985099));
#4574=CARTESIAN_POINT('',(0.00020782472334339,0.00249513778759057,-0.116521599985099));
#4575=CARTESIAN_POINT('',(-0.000223797309287079,0.00267040487315942,-0.116521599985099));
#4576=CARTESIAN_POINT('',(-0.000343490625240039,0.0027190082739667,-0.116521599985099));
#4577=CARTESIAN_POINT('',(-0.000447336381309094,0.0026421653211324,-0.116521599985099));
#4578=CARTESIAN_POINT('',(-0.000821811062353288,0.00236506453875764,-0.116521599985099));
#4579=CARTESIAN_POINT('',(-0.000717605527012314,0.00281911006151957,-0.116521599985099));
#4580=CARTESIAN_POINT('',(-0.000719842417802663,0.00280936345597754,-0.116521599985099));
#4581=CARTESIAN_POINT('',(-0.00072649808317467,0.00281682684116496,-0.116521599985099));
#4582=CARTESIAN_POINT('',(-0.000416443977657833,0.00246914511603692,-0.116521599985099));
#4583=CARTESIAN_POINT('',(-0.000878092962169401,0.00253156582922616,-0.116521599985099));
#4584=CARTESIAN_POINT('',(-0.00100611306676392,0.00254887574758305,-0.116521599985099));
#4585=CARTESIAN_POINT('',(-0.0010875862521773,0.00244862156805699,-0.116521599985099));
#4586=CARTESIAN_POINT('',(-0.00138138396020365,0.00208709835013824,-0.116521599985099));
#4587=CARTESIAN_POINT('',(-0.00139336876319936,0.0025527940606972,-0.116521599985099));
#4588=CARTESIAN_POINT('',(-0.00139311149571969,0.00254279737057277,-0.116521599985099));
#4589=CARTESIAN_POINT('',(-0.00140141412954525,0.00254837108311995,-0.116521599985099));
#4590=CARTESIAN_POINT('',(-0.00101463601491147,0.00228871973924476,-0.116521599985099));
#4591=CARTESIAN_POINT('',(-0.00147730484778129,0.00223437195707755,-0.116521599985099));
#4592=CARTESIAN_POINT('',(-0.00160560776702048,0.0022193007471521,-0.116521599985099));
#4593=CARTESIAN_POINT('',(-0.00165958912190124,0.00210193467974297,-0.116521599985099));
#4594=CARTESIAN_POINT('',(-0.00185424946640207,0.00167870485965147,-0.116521599985099));
#4595=CARTESIAN_POINT('',(-0.00198167155848523,0.00212678938380401,-0.116521599985099));
#4596=CARTESIAN_POINT('',(-0.00197893629779744,0.00211717073790296,-0.116521599985099));
#4597=CARTESIAN_POINT('',(-0.00198836421505833,0.00212050456095189,-0.116521599985099));
#4598=CARTESIAN_POINT('',(-0.00154916478272045,0.00196519844719607,-0.116521599985099));
#4599=CARTESIAN_POINT('',(-0.00198378227960238,0.00179749704070313,-0.116521599985099));
#4600=CARTESIAN_POINT('',(-0.0021043062692053,0.00175099168204299,-0.116521599985099));
#4601=CARTESIAN_POINT('',(-0.00212740394649677,0.00162388826840832,-0.116521599985099));
#4602=CARTESIAN_POINT('',(-0.0022106957021164,0.00116554493227081,-0.116521599985099));
#4603=CARTESIAN_POINT('',(-0.00244554868461573,0.00156786347142483,-0.116521599985099));
#4604=CARTESIAN_POINT('',(-0.00244050729720844,0.00155922724464402,-0.116521599985099));
#4605=CARTESIAN_POINT('',(-0.00245046810718973,0.00156011170183157,-0.116521599985099));
#4606=CARTESIAN_POINT('',(-0.00198644387274406,0.00151890927249834,-0.116521599985099));
#4607=CARTESIAN_POINT('',(-0.00236570141789765,0.00124839153781225,-0.116521599985099));
#4608=CARTESIAN_POINT('',(-0.00247087351234133,0.00117337413313679,-0.116521599985099));
#4609=CARTESIAN_POINT('',(-0.00246163620003195,0.00104451974820889,-0.116521599985099));
#4610=CARTESIAN_POINT('',(-0.00242832583943917,0.000579862293503772,-0.116521599985099));
#4611=CARTESIAN_POINT('',(-0.00275585303573542,0.000911135694220135,-0.116521599985099));
#4612=CARTESIAN_POINT('',(-0.00274882229052033,0.000904024532450031,-0.116521599985099));
#4613=CARTESIAN_POINT('',(-0.00275869011889758,0.000902404050078319,-0.116521599985099));
#4614=CARTESIAN_POINT('',(-0.00229899743155609,0.000977894205334608,-0.116521599985099));
#4615=CARTESIAN_POINT('',(-0.00259906487860767,0.000621557766620334,-0.116521599985099));
#4616=CARTESIAN_POINT('',(-0.00268227672840231,0.000522741935360014,-0.116521599985099));
#4617=CARTESIAN_POINT('',(-0.00264128484079693,0.000400232974037194,-0.116521599985099));
#4618=CARTESIAN_POINT('',(-0.00249346537645473,-4.15424624658351E-5,-0.116521599985099));
#4619=CARTESIAN_POINT('',(0.00100324699411924,0.00254887574758305,-0.114006999985099));
#4620=CARTESIAN_POINT('',(0.00108472017953278,0.00244862156805678,-0.114006999985099));
#4621=CARTESIAN_POINT('',(0.00108472017953282,0.00244862156805685,-0.114006999985099));
#4622=CARTESIAN_POINT('',(0.00100324699411924,0.00254887574758305,-0.114006999985099));
#4623=CARTESIAN_POINT('',(0.000875226889524867,0.00253156582922625,-0.114006999985099));
#4624=CARTESIAN_POINT('',(0.000875226889524977,0.0025315658292262,-0.114006999985099));
#4625=CARTESIAN_POINT('',(0.000413577905013151,0.00246914511603692,-0.114006999985099));
#4626=CARTESIAN_POINT('',(0.000413577905013151,0.00246914511603692,-0.114006999985099));
#4627=CARTESIAN_POINT('',(0.000723632010529989,0.00281682684116496,-0.114006999985099));
#4628=CARTESIAN_POINT('',(0.000723632010529989,0.00281682684116496,-0.114006999985099));
#4629=CARTESIAN_POINT('',(0.000716976345157982,0.00280936345597754,-0.114006999985099));
#4630=CARTESIAN_POINT('',(0.000716976345157982,0.00280936345597754,-0.114006999985099));
#4631=CARTESIAN_POINT('',(0.000714739454367633,0.00281911006151957,-0.114006999985099));
#4632=CARTESIAN_POINT('',(0.000714739454367633,0.00281911006151957,-0.114006999985099));
#4633=CARTESIAN_POINT('',(0.000818944989708607,0.00236506453875764,-0.114006999985099));
#4634=CARTESIAN_POINT('',(0.000818944989708607,0.00236506453875764,-0.114006999985099));
#4635=CARTESIAN_POINT('',(0.000444470308664637,0.00264216532113232,-0.114006999985099));
#4636=CARTESIAN_POINT('',(0.000444470308664615,0.00264216532113225,-0.114006999985099));
#4637=CARTESIAN_POINT('',(0.0016027416943758,0.0022193007471521,-0.114006999985099));
#4638=CARTESIAN_POINT('',(0.00165672304925668,0.00210193467974273,-0.114006999985099));
#4639=CARTESIAN_POINT('',(0.00165672304925672,0.00210193467974279,-0.114006999985099));
#4640=CARTESIAN_POINT('',(0.0016027416943758,0.0022193007471521,-0.114006999985099));
#4641=CARTESIAN_POINT('',(0.00147443877513678,0.0022343719570776,-0.114006999985099));
#4642=CARTESIAN_POINT('',(0.00147443877513687,0.00223437195707752,-0.114006999985099));
#4643=CARTESIAN_POINT('',(0.00101176994226679,0.00228871973924476,-0.114006999985099));
#4644=CARTESIAN_POINT('',(0.00101176994226679,0.00228871973924476,-0.114006999985099));
#4645=CARTESIAN_POINT('',(0.00139854805690057,0.00254837108311995,-0.114006999985099));
#4646=CARTESIAN_POINT('',(0.00139854805690057,0.00254837108311995,-0.114006999985099));
#4647=CARTESIAN_POINT('',(0.00139024542307501,0.00254279737057277,-0.114006999985099));
#4648=CARTESIAN_POINT('',(0.00139024542307501,0.00254279737057277,-0.114006999985099));
#4649=CARTESIAN_POINT('',(0.00139050269055468,0.00255279406069719,-0.114006999985099));
#4650=CARTESIAN_POINT('',(0.00139050269055468,0.00255279406069719,-0.114006999985099));
#4651=CARTESIAN_POINT('',(0.00137851788755897,0.00208709835013824,-0.114006999985099));
#4652=CARTESIAN_POINT('',(0.00137851788755897,0.00208709835013824,-0.114006999985099));
#4653=CARTESIAN_POINT('',(0.00210144019656062,0.00175099168204299,-0.114006999985099));
#4654=CARTESIAN_POINT('',(0.00212453787385213,0.00162388826840807,-0.114006999985099));
#4655=CARTESIAN_POINT('',(0.0021245378738522,0.0016238882684081,-0.114006999985099));
#4656=CARTESIAN_POINT('',(0.00210144019656062,0.00175099168204299,-0.114006999985099));
#4657=CARTESIAN_POINT('',(0.00198091620695787,0.00179749704070314,-0.114006999985099));
#4658=CARTESIAN_POINT('',(0.00198091620695793,0.00179749704070304,-0.114006999985099));
#4659=CARTESIAN_POINT('',(0.00154629871007577,0.00196519844719607,-0.114006999985099));
#4660=CARTESIAN_POINT('',(0.00154629871007577,0.00196519844719607,-0.114006999985099));
#4661=CARTESIAN_POINT('',(0.00198549814241367,0.00212050456095188,-0.114006999985099));
#4662=CARTESIAN_POINT('',(0.00198549814241367,0.00212050456095188,-0.114006999985099));
#4663=CARTESIAN_POINT('',(0.00197607022515276,0.00211717073790296,-0.114006999985099));
#4664=CARTESIAN_POINT('',(0.00197607022515276,0.00211717073790296,-0.114006999985099));
#4665=CARTESIAN_POINT('',(0.00197880548584055,0.00212678938380401,-0.114006999985099));
#4666=CARTESIAN_POINT('',(0.00197880548584055,0.00212678938380401,-0.114006999985099));
#4667=CARTESIAN_POINT('',(0.00185138339375739,0.00167870485965147,-0.114006999985099));
#4668=CARTESIAN_POINT('',(0.00185138339375739,0.00167870485965147,-0.114006999985099));
#4669=CARTESIAN_POINT('',(0.00246800743969665,0.00117337413313679,-0.114006999985099));
#4670=CARTESIAN_POINT('',(0.00245877012738724,0.00104451974820864,-0.114006999985099));
#4671=CARTESIAN_POINT('',(0.00245877012738732,0.00104451974820866,-0.114006999985099));
#4672=CARTESIAN_POINT('',(0.00246800743969665,0.00117337413313679,-0.114006999985099));
#4673=CARTESIAN_POINT('',(0.00236283534525314,0.00124839153781222,-0.114006999985099));
#4674=CARTESIAN_POINT('',(0.00236283534525317,0.0012483915378121,-0.114006999985099));
#4675=CARTESIAN_POINT('',(0.00198357780009938,0.00151890927249834,-0.114006999985099));
#4676=CARTESIAN_POINT('',(0.00198357780009938,0.00151890927249834,-0.114006999985099));
#4677=CARTESIAN_POINT('',(0.00244760203454505,0.00156011170183157,-0.114006999985099));
#4678=CARTESIAN_POINT('',(0.00244760203454505,0.00156011170183157,-0.114006999985099));
#4679=CARTESIAN_POINT('',(0.00243764122456376,0.00155922724464402,-0.114006999985099));
#4680=CARTESIAN_POINT('',(0.00243764122456376,0.00155922724464402,-0.114006999985099));
#4681=CARTESIAN_POINT('',(0.00244268261197106,0.00156786347142483,-0.114006999985099));
#4682=CARTESIAN_POINT('',(0.00244268261197105,0.00156786347142483,-0.114006999985099));
#4683=CARTESIAN_POINT('',(0.00220782962947172,0.00116554493227081,-0.114006999985099));
#4684=CARTESIAN_POINT('',(0.00220782962947172,0.00116554493227081,-0.114006999985099));
#4685=CARTESIAN_POINT('',(0.00267941065575763,0.000522741935360014,-0.114006999985099));
#4686=CARTESIAN_POINT('',(0.00263841876815217,0.000400232974036952,-0.114006999985099));
#4687=CARTESIAN_POINT('',(0.00263841876815225,0.000400232974036954,-0.114006999985099));
#4688=CARTESIAN_POINT('',(0.00267941065575763,0.000522741935360014,-0.114006999985099));
#4689=CARTESIAN_POINT('',(0.00259619880596314,0.000621557766620261,-0.114006999985099));
#4690=CARTESIAN_POINT('',(0.00259619880596314,0.000621557766620137,-0.114006999985099));
#4691=CARTESIAN_POINT('',(0.00229613135891141,0.000977894205334607,-0.114006999985099));
#4692=CARTESIAN_POINT('',(0.00229613135891141,0.000977894205334607,-0.114006999985099));
#4693=CARTESIAN_POINT('',(0.0027558240462529,0.000902404050078319,-0.114006999985099));
#4694=CARTESIAN_POINT('',(0.0027558240462529,0.000902404050078319,-0.114006999985099));
#4695=CARTESIAN_POINT('',(0.00274595621787565,0.00090402453245003,-0.114006999985099));
#4696=CARTESIAN_POINT('',(0.00274595621787565,0.00090402453245003,-0.114006999985099));
#4697=CARTESIAN_POINT('',(0.00275298696309073,0.000911135694220132,-0.114006999985099));
#4698=CARTESIAN_POINT('',(0.00275298696309073,0.000911135694220133,-0.114006999985099));
#4699=CARTESIAN_POINT('',(0.00242545976679449,0.000579862293503772,-0.114006999985099));
#4700=CARTESIAN_POINT('',(0.00242545976679449,0.000579862293503772,-0.114006999985099));
#4701=CARTESIAN_POINT('',(0.0027223666031918,-0.000160023297443172,-0.114006999985099));
#4702=CARTESIAN_POINT('',(0.00265219581134617,-0.000268489146564778,-0.114006999985099));
#4703=CARTESIAN_POINT('',(0.00265219581134624,-0.000268489146564793,-0.114006999985099));
#4704=CARTESIAN_POINT('',(0.0027223666031918,-0.000160023297443172,-0.114006999985099));
#4705=CARTESIAN_POINT('',(0.00266634350460071,-4.36180016953978E-5,-0.114006999985099));
#4706=CARTESIAN_POINT('',(0.00266634350460069,-4.36180016955193E-5,-0.114006999985099));
#4707=CARTESIAN_POINT('',(0.00246432049692015,0.000376147212089002,-0.114006999985099));
#4708=CARTESIAN_POINT('',(0.00246432049692015,0.000376147212089002,-0.114006999985099));
#4709=CARTESIAN_POINT('',(0.00289079745498034,0.000188707796331312,-0.114006999985099));
#4710=CARTESIAN_POINT('',(0.00289079745498034,0.000188707796331312,-0.114006999985099));
#4711=CARTESIAN_POINT('',(0.00288164264015539,0.000192731397395159,-0.114006999985099));
#4712=CARTESIAN_POINT('',(0.00288164264015539,0.000192731397395159,-0.114006999985099));
#4713=CARTESIAN_POINT('',(0.00289022097559912,0.00019787067370752,-0.114006999985099));
#4714=CARTESIAN_POINT('',(0.00289022097559912,0.000197870673707519,-0.114006999985099));
#4715=CARTESIAN_POINT('',(0.00249059930381005,-4.15424624658343E-5,-0.114006999985099));
#4716=CARTESIAN_POINT('',(0.00249059930381005,-4.15424624658343E-5,-0.114006999985099));
#4717=CARTESIAN_POINT('',(0.00259417620184096,-0.000832020914660874,-0.114006999985099));
#4718=CARTESIAN_POINT('',(0.00249923559467692,-0.000919628343371216,-0.114006999985099));
#4719=CARTESIAN_POINT('',(0.00249923559467699,-0.000919628343371251,-0.114006999985099));
#4720=CARTESIAN_POINT('',(0.00259417620184096,-0.000832020914660874,-0.114006999985099));
#4721=CARTESIAN_POINT('',(0.00256886199177628,-0.000705340327266138,-0.114006999985099));
#4722=CARTESIAN_POINT('',(0.00256886199177623,-0.00070534032726625,-0.114006999985099));
#4723=CARTESIAN_POINT('',(0.0024775772720281,-0.000248521730582224,-0.114006999985099));
#4724=CARTESIAN_POINT('',(0.0024775772720281,-0.000248521730582224,-0.114006999985099));
#4725=CARTESIAN_POINT('',(0.00284404138505953,-0.00053613289899531,-0.114006999985099));
#4726=CARTESIAN_POINT('',(0.00284404138505953,-0.00053613289899531,-0.114006999985099));
#4727=CARTESIAN_POINT('',(0.00283617481447141,-0.000529958996891938,-0.114006999985099));
#4728=CARTESIAN_POINT('',(0.00283617481447141,-0.000529958996891938,-0.114006999985099));
#4729=CARTESIAN_POINT('',(0.00284576173177896,-0.000527114525668963,-0.114006999985099));
#4730=CARTESIAN_POINT('',(0.00284576173177896,-0.000527114525668963,-0.114006999985099));
#4731=CARTESIAN_POINT('',(0.00239915528384125,-0.000659624189453613,-0.114006999985099));
#4732=CARTESIAN_POINT('',(0.00239915528384125,-0.000659624189453613,-0.114006999985099));
#4733=CARTESIAN_POINT('',(0.00230289412607329,-0.00145102683456894,-0.114006999985099));
#4734=CARTESIAN_POINT('',(0.0021891491711061,-0.00151227114592458,-0.114006999985099));
#4735=CARTESIAN_POINT('',(0.00218914917110615,-0.00151227114592462,-0.114006999985099));
#4736=CARTESIAN_POINT('',(0.00230289412607329,-0.00145102683456894,-0.114006999985099));
#4737=CARTESIAN_POINT('',(0.00230987938945255,-0.00132203076273186,-0.114006999985099));
#4738=CARTESIAN_POINT('',(0.00230987938945246,-0.00132203076273196,-0.114006999985099));
#4739=CARTESIAN_POINT('',(0.00233506871230024,-0.000856862375639364,-0.114006999985099));
#4740=CARTESIAN_POINT('',(0.00233506871230024,-0.000856862375639364,-0.114006999985099));
#4741=CARTESIAN_POINT('',(0.00261849369232042,-0.00122657362923657,-0.114006999985099));
#4742=CARTESIAN_POINT('',(0.00261849369232042,-0.00122657362923657,-0.114006999985099));
#4743=CARTESIAN_POINT('',(0.00261240965153039,-0.00121863735506885,-0.114006999985099));
#4744=CARTESIAN_POINT('',(0.00261240965153039,-0.00121863735506885,-0.114006999985099));
#4745=CARTESIAN_POINT('',(0.00262240276942909,-0.00121826641752343,-0.114006999985099));
#4746=CARTESIAN_POINT('',(0.00262240276942909,-0.00121826641752343,-0.114006999985099));
#4747=CARTESIAN_POINT('',(0.0021568734709703,-0.00123554653940733,-0.114006999985099));
#4748=CARTESIAN_POINT('',(0.0021568734709703,-0.00123554653940733,-0.114006999985099));
#4749=CARTESIAN_POINT('',(0.00186682269996982,-0.00197814663867503,-0.114006999985099));
#4750=CARTESIAN_POINT('',(0.00174142041104474,-0.00200917962735265,-0.114006999985099));
#4751=CARTESIAN_POINT('',(0.00174142041104478,-0.00200917962735271,-0.114006999985099));
#4752=CARTESIAN_POINT('',(0.00186682269996982,-0.00197814663867503,-0.114006999985099));
#4753=CARTESIAN_POINT('',(0.00190566852700488,-0.0018549403800035,-0.114006999985099));
#4754=CARTESIAN_POINT('',(0.00190566852700478,-0.00185494038000357,-0.114006999985099));
#4755=CARTESIAN_POINT('',(0.00204574915465409,-0.00141065044303309,-0.114006999985099));
#4756=CARTESIAN_POINT('',(0.00204574915465409,-0.00141065044303309,-0.114006999985099));
#4757=CARTESIAN_POINT('',(0.00222832636780419,-0.00183923146404802,-0.114006999985099));
#4758=CARTESIAN_POINT('',(0.00222832636780419,-0.00183923146404802,-0.114006999985099));
#4759=CARTESIAN_POINT('',(0.00222440713947062,-0.00183003148310949,-0.114006999985099));
#4760=CARTESIAN_POINT('',(0.00222440713947062,-0.00183003148310949,-0.114006999985099));
#4761=CARTESIAN_POINT('',(0.00223417855361079,-0.00183215738661182,-0.114006999985099));
#4762=CARTESIAN_POINT('',(0.00223417855361079,-0.00183215738661182,-0.114006999985099));
#4763=CARTESIAN_POINT('',(0.00177897732255008,-0.00173312219298517,-0.114006999985099));
#4764=CARTESIAN_POINT('',(0.00177897732255008,-0.00173312219298517,-0.114006999985099));
#4765=CARTESIAN_POINT('',(0.00131336189499114,-0.00238025945107612,-0.114006999985099));
#4766=CARTESIAN_POINT('',(0.0011841817591187,-0.00237913120026577,-0.114006999985099));
#4767=CARTESIAN_POINT('',(0.00118418175911872,-0.00237913120026584,-0.114006999985099));
#4768=CARTESIAN_POINT('',(0.00131336189499114,-0.00238025945107612,-0.114006999985099));
#4769=CARTESIAN_POINT('',(0.00138162745950445,-0.0022705845079234,-0.114006999985099));
#4770=CARTESIAN_POINT('',(0.00138162745950434,-0.00227058450792345,-0.114006999985099));
#4771=CARTESIAN_POINT('',(0.00162779761093945,-0.00187508939179902,-0.114006999985099));
#4772=CARTESIAN_POINT('',(0.00162779761093945,-0.00187508939179902,-0.114006999985099));
#4773=CARTESIAN_POINT('',(0.00169805505944523,-0.00233561085847057,-0.114006999985099));
#4774=CARTESIAN_POINT('',(0.00169805505944523,-0.00233561085847057,-0.114006999985099));
#4775=CARTESIAN_POINT('',(0.00169654690309824,-0.00232572523939875,-0.114006999985099));
#4776=CARTESIAN_POINT('',(0.00169654690309824,-0.00232572523939875,-0.114006999985099));
#4777=CARTESIAN_POINT('',(0.00170548263959271,-0.00233021440561326,-0.114006999985099));
#4778=CARTESIAN_POINT('',(0.00170548263959271,-0.00233021440561326,-0.114006999985099));
#4779=CARTESIAN_POINT('',(0.00128921144339064,-0.00212108664191758,-0.114006999985099));
#4780=CARTESIAN_POINT('',(0.00128921144339064,-0.00212108664191758,-0.114006999985099));
#4781=CARTESIAN_POINT('',(0.000677287689000528,-0.00263209904490158,-0.114006999985099));
#4782=CARTESIAN_POINT('',(0.000552446569208893,-0.00259888044675107,-0.114006999985099));
#4783=CARTESIAN_POINT('',(0.0005524465692089,-0.00259888044675116,-0.114006999985099));
#4784=CARTESIAN_POINT('',(0.000677287689000528,-0.00263209904490158,-0.114006999985099));
#4785=CARTESIAN_POINT('',(0.000770683614510523,-0.00254284669730217,-0.114006999985099));
#4786=CARTESIAN_POINT('',(0.000770683614510401,-0.00254284669730218,-0.114006999985099));
#4787=CARTESIAN_POINT('',(0.00110747551376617,-0.00222099681469921,-0.114006999985099));
#4788=CARTESIAN_POINT('',(0.00110747551376617,-0.00222099681469921,-0.114006999985099));
#4789=CARTESIAN_POINT('',(0.00106099866374918,-0.00268452246959692,-0.114006999985099));
#4790=CARTESIAN_POINT('',(0.00106099866374918,-0.00268452246959692,-0.114006999985099));
#4791=CARTESIAN_POINT('',(0.00106199634239866,-0.00267457236219487,-0.114006999985099));
#4792=CARTESIAN_POINT('',(0.00106199634239866,-0.00267457236219487,-0.114006999985099));
#4793=CARTESIAN_POINT('',(0.00106953493606014,-0.00268114272029829,-0.114006999985099));
#4794=CARTESIAN_POINT('',(0.00106953493606015,-0.00268114272029829,-0.114006999985099));
#4795=CARTESIAN_POINT('',(0.000718349624912467,-0.0023750626530447,-0.114006999985099));
#4796=CARTESIAN_POINT('',(0.000718349624912467,-0.0023750626530447,-0.114006999985099));
#4797=CARTESIAN_POINT('',(-1.43303632233987E-6,-0.00271784141227011,-0.114006999985099));
#4798=CARTESIAN_POINT('',(-0.000114090913343135,-0.00265461971347072,-0.114006999985099));
#4799=CARTESIAN_POINT('',(-0.000114090913343149,-0.0026546197134708,-0.114006999985099));
#4800=CARTESIAN_POINT('',(-1.43303632233987E-6,-0.00271784141227011,-0.114006999985099));
#4801=CARTESIAN_POINT('',(0.00011122484069836,-0.00265461971347086,-0.114006999985099));
#4802=CARTESIAN_POINT('',(0.000111224840698237,-0.00265461971347085,-0.114006999985099));
#4803=CARTESIAN_POINT('',(0.000517476614110462,-0.00242663807619433,-0.114006999985099));
#4804=CARTESIAN_POINT('',(0.000517476614110462,-0.00242663807619433,-0.114006999985099));
#4805=CARTESIAN_POINT('',(0.000357185776987188,-0.00286404289769288,-0.114006999985099));
#4806=CARTESIAN_POINT('',(0.000357185776987188,-0.00286404289769288,-0.114006999985099));
#4807=CARTESIAN_POINT('',(0.000360626602814387,-0.00285465350380259,-0.114006999985099));
#4808=CARTESIAN_POINT('',(0.000360626602814387,-0.00285465350380259,-0.114006999985099));
#4809=CARTESIAN_POINT('',(0.000366294376078109,-0.0028628922140312,-0.114006999985099));
#4810=CARTESIAN_POINT('',(0.00036629437607811,-0.0028628922140312,-0.114006999985099));
#4811=CARTESIAN_POINT('',(0.000102261214653457,-0.00247909197952898,-0.114006999985099));
#4812=CARTESIAN_POINT('',(0.000102261214653457,-0.00247909197952898,-0.114006999985099));
#4813=CARTESIAN_POINT('',(-0.000680153761645206,-0.00263209904490158,-0.114006999985099));
#4814=CARTESIAN_POINT('',(-0.000773549687155258,-0.00254284669730201,-0.114006999985099));
#4815=CARTESIAN_POINT('',(-0.000773549687155291,-0.00254284669730208,-0.114006999985099));
#4816=CARTESIAN_POINT('',(-0.000680153761645206,-0.00263209904490158,-0.114006999985099));
#4817=CARTESIAN_POINT('',(-0.0005553126418537,-0.00259888044675119,-0.114006999985099));
#4818=CARTESIAN_POINT('',(-0.000555312641853814,-0.00259888044675115,-0.114006999985099));
#4819=CARTESIAN_POINT('',(-0.000105127287298136,-0.00247909197952898,-0.114006999985099));
#4820=CARTESIAN_POINT('',(-0.000105127287298136,-0.00247909197952898,-0.114006999985099));
#4821=CARTESIAN_POINT('',(-0.000369160448722788,-0.0028628922140312,-0.114006999985099));
#4822=CARTESIAN_POINT('',(-0.000369160448722789,-0.0028628922140312,-0.114006999985099));
#4823=CARTESIAN_POINT('',(-0.000363492675459066,-0.00285465350380259,-0.114006999985099));
#4824=CARTESIAN_POINT('',(-0.000363492675459066,-0.00285465350380259,-0.114006999985099));
#4825=CARTESIAN_POINT('',(-0.000360051849631867,-0.00286404289769288,-0.114006999985099));
#4826=CARTESIAN_POINT('',(-0.000360051849631867,-0.00286404289769288,-0.114006999985099));
#4827=CARTESIAN_POINT('',(-0.000520342686755141,-0.00242663807619433,-0.114006999985099));
#4828=CARTESIAN_POINT('',(-0.000520342686755141,-0.00242663807619433,-0.114006999985099));
#4829=CARTESIAN_POINT('',(-0.00131622796763582,-0.00238025945107612,-0.114006999985099));
#4830=CARTESIAN_POINT('',(-0.00138449353214915,-0.00227058450792323,-0.114006999985099));
#4831=CARTESIAN_POINT('',(-0.0013844935321492,-0.00227058450792329,-0.114006999985099));
#4832=CARTESIAN_POINT('',(-0.00131622796763582,-0.00238025945107612,-0.114006999985099));
#4833=CARTESIAN_POINT('',(-0.00118704783176353,-0.00237913120026584,-0.114006999985099));
#4834=CARTESIAN_POINT('',(-0.00118704783176363,-0.00237913120026576,-0.114006999985099));
#4835=CARTESIAN_POINT('',(-0.000721215697557146,-0.0023750626530447,-0.114006999985099));
#4836=CARTESIAN_POINT('',(-0.000721215697557146,-0.0023750626530447,-0.114006999985099));
#4837=CARTESIAN_POINT('',(-0.00107240100870481,-0.00268114272029829,-0.114006999985099));
#4838=CARTESIAN_POINT('',(-0.00107240100870481,-0.00268114272029829,-0.114006999985099));
#4839=CARTESIAN_POINT('',(-0.00106486241504334,-0.00267457236219487,-0.114006999985099));
#4840=CARTESIAN_POINT('',(-0.00106486241504334,-0.00267457236219487,-0.114006999985099));
#4841=CARTESIAN_POINT('',(-0.00106386473639387,-0.00268452246959692,-0.114006999985099));
#4842=CARTESIAN_POINT('',(-0.00106386473639387,-0.00268452246959692,-0.114006999985099));
#4843=CARTESIAN_POINT('',(-0.00111034158641085,-0.00222099681469921,-0.114006999985099));
#4844=CARTESIAN_POINT('',(-0.00111034158641085,-0.00222099681469921,-0.114006999985099));
#4845=CARTESIAN_POINT('',(-0.0018696887726145,-0.00197814663867503,-0.114006999985099));
#4846=CARTESIAN_POINT('',(-0.00190853459964954,-0.00185494038000333,-0.114006999985099));
#4847=CARTESIAN_POINT('',(-0.0019085345996496,-0.00185494038000338,-0.114006999985099));
#4848=CARTESIAN_POINT('',(-0.0018696887726145,-0.00197814663867503,-0.114006999985099));
#4849=CARTESIAN_POINT('',(-0.00174428648368959,-0.00200917962735268,-0.114006999985099));
#4850=CARTESIAN_POINT('',(-0.00174428648368966,-0.00200917962735259,-0.114006999985099));
#4851=CARTESIAN_POINT('',(-0.00129207751603532,-0.00212108664191758,-0.114006999985099));
#4852=CARTESIAN_POINT('',(-0.00129207751603532,-0.00212108664191758,-0.114006999985099));
#4853=CARTESIAN_POINT('',(-0.00170834871223738,-0.00233021440561325,-0.114006999985099));
#4854=CARTESIAN_POINT('',(-0.00170834871223738,-0.00233021440561325,-0.114006999985099));
#4855=CARTESIAN_POINT('',(-0.00169941297574292,-0.00232572523939875,-0.114006999985099));
#4856=CARTESIAN_POINT('',(-0.00169941297574292,-0.00232572523939875,-0.114006999985099));
#4857=CARTESIAN_POINT('',(-0.00170092113208991,-0.00233561085847057,-0.114006999985099));
#4858=CARTESIAN_POINT('',(-0.00170092113208991,-0.00233561085847057,-0.114006999985099));
#4859=CARTESIAN_POINT('',(-0.00163066368358413,-0.00187508939179902,-0.114006999985099));
#4860=CARTESIAN_POINT('',(-0.00163066368358413,-0.00187508939179902,-0.114006999985099));
#4861=CARTESIAN_POINT('',(-0.00230576019871797,-0.00145102683456894,-0.114006999985099));
#4862=CARTESIAN_POINT('',(-0.00231274546209716,-0.0013220307627317,-0.114006999985099));
#4863=CARTESIAN_POINT('',(-0.00231274546209724,-0.00132203076273174,-0.114006999985099));
#4864=CARTESIAN_POINT('',(-0.00230576019871797,-0.00145102683456894,-0.114006999985099));
#4865=CARTESIAN_POINT('',(-0.00219201524375095,-0.00151227114592456,-0.114006999985099));
#4866=CARTESIAN_POINT('',(-0.002192015243751,-0.00151227114592445,-0.114006999985099));
#4867=CARTESIAN_POINT('',(-0.00178184339519476,-0.00173312219298517,-0.114006999985099));
#4868=CARTESIAN_POINT('',(-0.00178184339519476,-0.00173312219298517,-0.114006999985099));
#4869=CARTESIAN_POINT('',(-0.00223704462625547,-0.00183215738661183,-0.114006999985099));
#4870=CARTESIAN_POINT('',(-0.00223704462625547,-0.00183215738661183,-0.114006999985099));
#4871=CARTESIAN_POINT('',(-0.0022272732121153,-0.00183003148310949,-0.114006999985099));
#4872=CARTESIAN_POINT('',(-0.0022272732121153,-0.00183003148310949,-0.114006999985099));
#4873=CARTESIAN_POINT('',(-0.00223119244044887,-0.00183923146404803,-0.114006999985099));
#4874=CARTESIAN_POINT('',(-0.00223119244044887,-0.00183923146404803,-0.114006999985099));
#4875=CARTESIAN_POINT('',(-0.00204861522729877,-0.0014106504430331,-0.114006999985099));
#4876=CARTESIAN_POINT('',(-0.00204861522729877,-0.0014106504430331,-0.114006999985099));
#4877=CARTESIAN_POINT('',(-0.00259704227448564,-0.000832020914660875,-0.114006999985099));
#4878=CARTESIAN_POINT('',(-0.00257172806442086,-0.000705340327266001,-0.114006999985099));
#4879=CARTESIAN_POINT('',(-0.00257172806442094,-0.000705340327266014,-0.114006999985099));
#4880=CARTESIAN_POINT('',(-0.00259704227448564,-0.000832020914660875,-0.114006999985099));
#4881=CARTESIAN_POINT('',(-0.00250210166732176,-0.000919628343371169,-0.114006999985099));
#4882=CARTESIAN_POINT('',(-0.00250210166732179,-0.000919628343371049,-0.114006999985099));
#4883=CARTESIAN_POINT('',(-0.00215973954361498,-0.00123554653940734,-0.114006999985099));
#4884=CARTESIAN_POINT('',(-0.00215973954361498,-0.00123554653940734,-0.114006999985099));
#4885=CARTESIAN_POINT('',(-0.00262526884207378,-0.00121826641752343,-0.114006999985099));
#4886=CARTESIAN_POINT('',(-0.00262526884207378,-0.00121826641752343,-0.114006999985099));
#4887=CARTESIAN_POINT('',(-0.00261527572417507,-0.00121863735506885,-0.114006999985099));
#4888=CARTESIAN_POINT('',(-0.00261527572417507,-0.00121863735506885,-0.114006999985099));
#4889=CARTESIAN_POINT('',(-0.00262135976496511,-0.00122657362923657,-0.114006999985099));
#4890=CARTESIAN_POINT('',(-0.00262135976496511,-0.00122657362923657,-0.114006999985099));
#4891=CARTESIAN_POINT('',(-0.00233793478494492,-0.000856862375639366,-0.114006999985099));
#4892=CARTESIAN_POINT('',(-0.00233793478494492,-0.000856862375639366,-0.114006999985099));
#4893=CARTESIAN_POINT('',(-0.00272523267583648,-0.000160023297443174,-0.114006999985099));
#4894=CARTESIAN_POINT('',(-0.00266920957724526,-4.36180016952903E-5,-0.114006999985099));
#4895=CARTESIAN_POINT('',(-0.00266920957724533,-4.36180016952842E-5,-0.114006999985099));
#4896=CARTESIAN_POINT('',(-0.00272523267583648,-0.000160023297443174,-0.114006999985099));
#4897=CARTESIAN_POINT('',(-0.00265506188399099,-0.000268489146564685,-0.114006999985099));
#4898=CARTESIAN_POINT('',(-0.00265506188399098,-0.00026848914656456,-0.114006999985099));
#4899=CARTESIAN_POINT('',(-0.00240202135648593,-0.000659624189453614,-0.114006999985099));
#4900=CARTESIAN_POINT('',(-0.00240202135648593,-0.000659624189453614,-0.114006999985099));
#4901=CARTESIAN_POINT('',(-0.00284862780442364,-0.000527114525668965,-0.114006999985099));
#4902=CARTESIAN_POINT('',(-0.00284862780442364,-0.000527114525668964,-0.114006999985099));
#4903=CARTESIAN_POINT('',(-0.00283904088711609,-0.000529958996891939,-0.114006999985099));
#4904=CARTESIAN_POINT('',(-0.00283904088711609,-0.000529958996891939,-0.114006999985099));
#4905=CARTESIAN_POINT('',(-0.00284690745770421,-0.000536132898995311,-0.114006999985099));
#4906=CARTESIAN_POINT('',(-0.00284690745770421,-0.000536132898995311,-0.114006999985099));
#4907=CARTESIAN_POINT('',(-0.00248044334467278,-0.000248521730582224,-0.114006999985099));
#4908=CARTESIAN_POINT('',(-0.00248044334467278,-0.000248521730582224,-0.114006999985099));
#4909=CARTESIAN_POINT('',(-0.00268227672840231,0.000522741935360014,-0.114006999985099));
#4910=CARTESIAN_POINT('',(-0.00259906487860767,0.000621557766620334,-0.114006999985099));
#4911=CARTESIAN_POINT('',(-0.00259906487860774,0.00062155776662036,-0.114006999985099));
#4912=CARTESIAN_POINT('',(-0.00268227672840231,0.000522741935360014,-0.114006999985099));
#4913=CARTESIAN_POINT('',(-0.00264128484079697,0.000400232974037075,-0.114006999985099));
#4914=CARTESIAN_POINT('',(-0.00264128484079693,0.000400232974037194,-0.114006999985099));
#4915=CARTESIAN_POINT('',(-0.00249346537645473,-4.15424624658353E-5,-0.114006999985099));
#4916=CARTESIAN_POINT('',(-0.00249346537645473,-4.15424624658353E-5,-0.114006999985099));
#4917=CARTESIAN_POINT('',(-0.00289308704824381,0.000197870673707517,-0.114006999985099));
#4918=CARTESIAN_POINT('',(-0.00289308704824381,0.000197870673707517,-0.114006999985099));
#4919=CARTESIAN_POINT('',(-0.00288450871280007,0.000192731397395157,-0.114006999985099));
#4920=CARTESIAN_POINT('',(-0.00288450871280007,0.000192731397395157,-0.114006999985099));
#4921=CARTESIAN_POINT('',(-0.00289366352762502,0.000188707796331309,-0.114006999985099));
#4922=CARTESIAN_POINT('',(-0.00289366352762502,0.00018870779633131,-0.114006999985099));
#4923=CARTESIAN_POINT('',(-0.00246718656956483,0.000376147212089001,-0.114006999985099));
#4924=CARTESIAN_POINT('',(-0.00246718656956483,0.000376147212089001,-0.114006999985099));
#4925=CARTESIAN_POINT('',(-0.00247087351234133,0.00117337413313679,-0.114006999985099));
#4926=CARTESIAN_POINT('',(-0.00236570141789765,0.00124839153781225,-0.114006999985099));
#4927=CARTESIAN_POINT('',(-0.00236570141789771,0.0012483915378123,-0.114006999985099));
#4928=CARTESIAN_POINT('',(-0.00247087351234133,0.00117337413313679,-0.114006999985099));
#4929=CARTESIAN_POINT('',(-0.00246163620003202,0.00104451974820878,-0.114006999985099));
#4930=CARTESIAN_POINT('',(-0.00246163620003195,0.00104451974820889,-0.114006999985099));
#4931=CARTESIAN_POINT('',(-0.00242832583943917,0.000579862293503772,-0.114006999985099));
#4932=CARTESIAN_POINT('',(-0.00242832583943917,0.000579862293503772,-0.114006999985099));
#4933=CARTESIAN_POINT('',(-0.00275585303573542,0.000911135694220134,-0.114006999985099));
#4934=CARTESIAN_POINT('',(-0.00275585303573542,0.000911135694220135,-0.114006999985099));
#4935=CARTESIAN_POINT('',(-0.00274882229052033,0.000904024532450031,-0.114006999985099));
#4936=CARTESIAN_POINT('',(-0.00274882229052033,0.000904024532450031,-0.114006999985099));
#4937=CARTESIAN_POINT('',(-0.00275869011889758,0.00090240405007832,-0.114006999985099));
#4938=CARTESIAN_POINT('',(-0.00275869011889758,0.000902404050078319,-0.114006999985099));
#4939=CARTESIAN_POINT('',(-0.00229899743155609,0.000977894205334608,-0.114006999985099));
#4940=CARTESIAN_POINT('',(-0.00229899743155609,0.000977894205334608,-0.114006999985099));
#4941=CARTESIAN_POINT('',(-0.0021043062692053,0.00175099168204299,-0.114006999985099));
#4942=CARTESIAN_POINT('',(-0.00198378227960238,0.00179749704070313,-0.114006999985099));
#4943=CARTESIAN_POINT('',(-0.00198378227960242,0.00179749704070318,-0.114006999985099));
#4944=CARTESIAN_POINT('',(-0.0021043062692053,0.00175099168204299,-0.114006999985099));
#4945=CARTESIAN_POINT('',(-0.00212740394649685,0.00162388826840823,-0.114006999985099));
#4946=CARTESIAN_POINT('',(-0.00212740394649677,0.00162388826840832,-0.114006999985099));
#4947=CARTESIAN_POINT('',(-0.0022106957021164,0.00116554493227081,-0.114006999985099));
#4948=CARTESIAN_POINT('',(-0.0022106957021164,0.00116554493227081,-0.114006999985099));
#4949=CARTESIAN_POINT('',(-0.00244554868461573,0.00156786347142483,-0.114006999985099));
#4950=CARTESIAN_POINT('',(-0.00244554868461573,0.00156786347142483,-0.114006999985099));
#4951=CARTESIAN_POINT('',(-0.00244050729720844,0.00155922724464402,-0.114006999985099));
#4952=CARTESIAN_POINT('',(-0.00244050729720844,0.00155922724464402,-0.114006999985099));
#4953=CARTESIAN_POINT('',(-0.00245046810718973,0.00156011170183157,-0.114006999985099));
#4954=CARTESIAN_POINT('',(-0.00245046810718973,0.00156011170183157,-0.114006999985099));
#4955=CARTESIAN_POINT('',(-0.00198644387274406,0.00151890927249834,-0.114006999985099));
#4956=CARTESIAN_POINT('',(-0.00198644387274406,0.00151890927249834,-0.114006999985099));
#4957=CARTESIAN_POINT('',(-0.00160560776702048,0.0022193007471521,-0.114006999985099));
#4958=CARTESIAN_POINT('',(-0.00147730484778129,0.00223437195707755,-0.114006999985099));
#4959=CARTESIAN_POINT('',(-0.00147730484778133,0.00223437195707762,-0.114006999985099));
#4960=CARTESIAN_POINT('',(-0.00160560776702048,0.0022193007471521,-0.114006999985099));
#4961=CARTESIAN_POINT('',(-0.00165958912190135,0.0021019346797429,-0.114006999985099));
#4962=CARTESIAN_POINT('',(-0.00165958912190124,0.00210193467974297,-0.114006999985099));
#4963=CARTESIAN_POINT('',(-0.00185424946640207,0.00167870485965147,-0.114006999985099));
#4964=CARTESIAN_POINT('',(-0.00185424946640207,0.00167870485965147,-0.114006999985099));
#4965=CARTESIAN_POINT('',(-0.00198167155848523,0.00212678938380401,-0.114006999985099));
#4966=CARTESIAN_POINT('',(-0.00198167155848523,0.00212678938380401,-0.114006999985099));
#4967=CARTESIAN_POINT('',(-0.00197893629779744,0.00211717073790296,-0.114006999985099));
#4968=CARTESIAN_POINT('',(-0.00197893629779744,0.00211717073790296,-0.114006999985099));
#4969=CARTESIAN_POINT('',(-0.00198836421505834,0.00212050456095188,-0.114006999985099));
#4970=CARTESIAN_POINT('',(-0.00198836421505833,0.00212050456095189,-0.114006999985099));
#4971=CARTESIAN_POINT('',(-0.00154916478272045,0.00196519844719607,-0.114006999985099));
#4972=CARTESIAN_POINT('',(-0.00154916478272045,0.00196519844719607,-0.114006999985099));
#4973=CARTESIAN_POINT('',(-0.00100611306676392,0.00254887574758305,-0.114006999985099));
#4974=CARTESIAN_POINT('',(-0.000878092962169401,0.00253156582922616,-0.114006999985099));
#4975=CARTESIAN_POINT('',(-0.000878092962169419,0.00253156582922623,-0.114006999985099));
#4976=CARTESIAN_POINT('',(-0.00100611306676392,0.00254887574758305,-0.114006999985099));
#4977=CARTESIAN_POINT('',(-0.00108758625217742,0.00244862156805695,-0.114006999985099));
#4978=CARTESIAN_POINT('',(-0.0010875862521773,0.00244862156805699,-0.114006999985099));
#4979=CARTESIAN_POINT('',(-0.00138138396020365,0.00208709835013824,-0.114006999985099));
#4980=CARTESIAN_POINT('',(-0.00138138396020365,0.00208709835013824,-0.114006999985099));
#4981=CARTESIAN_POINT('',(-0.00139336876319936,0.0025527940606972,-0.114006999985099));
#4982=CARTESIAN_POINT('',(-0.00139336876319936,0.0025527940606972,-0.114006999985099));
#4983=CARTESIAN_POINT('',(-0.00139311149571969,0.00254279737057277,-0.114006999985099));
#4984=CARTESIAN_POINT('',(-0.00139311149571969,0.00254279737057277,-0.114006999985099));
#4985=CARTESIAN_POINT('',(-0.00140141412954525,0.00254837108311995,-0.114006999985099));
#4986=CARTESIAN_POINT('',(-0.00140141412954525,0.00254837108311995,-0.114006999985099));
#4987=CARTESIAN_POINT('',(-0.00101463601491147,0.00228871973924476,-0.114006999985099));
#4988=CARTESIAN_POINT('',(-0.00101463601491147,0.00228871973924476,-0.114006999985099));
#4989=CARTESIAN_POINT('',(-0.000343490625240039,0.0027190082739667,-0.114006999985099));
#4990=CARTESIAN_POINT('',(-0.000223797309286868,0.00267040487315926,-0.114006999985099));
#4991=CARTESIAN_POINT('',(-0.000223797309286868,0.00267040487315934,-0.114006999985099));
#4992=CARTESIAN_POINT('',(-0.000343490625240039,0.0027190082739667,-0.114006999985099));
#4993=CARTESIAN_POINT('',(-0.000447336381309217,0.0026421653211324,-0.114006999985099));
#4994=CARTESIAN_POINT('',(-0.000447336381309094,0.0026421653211324,-0.114006999985099));
#4995=CARTESIAN_POINT('',(-0.000821811062353288,0.00236506453875764,-0.114006999985099));
#4996=CARTESIAN_POINT('',(-0.000821811062353288,0.00236506453875764,-0.114006999985099));
#4997=CARTESIAN_POINT('',(-0.000717605527012314,0.00281911006151957,-0.114006999985099));
#4998=CARTESIAN_POINT('',(-0.000717605527012314,0.00281911006151957,-0.114006999985099));
#4999=CARTESIAN_POINT('',(-0.000719842417802663,0.00280936345597754,-0.114006999985099));
#5000=CARTESIAN_POINT('',(-0.000719842417802663,0.00280936345597754,-0.114006999985099));
#5001=CARTESIAN_POINT('',(-0.000726498083174669,0.00281682684116496,-0.114006999985099));
#5002=CARTESIAN_POINT('',(-0.00072649808317467,0.00281682684116496,-0.114006999985099));
#5003=CARTESIAN_POINT('',(-0.000416443977657833,0.00246914511603692,-0.114006999985099));
#5004=CARTESIAN_POINT('',(-0.000416443977657833,0.00246914511603692,-0.114006999985099));
#5005=CARTESIAN_POINT('',(0.000340624552595359,0.0027190082739667,-0.114006999985099));
#5006=CARTESIAN_POINT('',(0.000340624552595359,0.0027190082739667,-0.114006999985099));
#5007=CARTESIAN_POINT('',(0.000220931236642307,0.00267040487315938,-0.114006999985099));
#5008=CARTESIAN_POINT('',(0.000220931236642426,0.00267040487315936,-0.114006999985099));
#5009=CARTESIAN_POINT('',(-0.00021069079598807,0.00249513778759057,-0.114006999985099));
#5010=CARTESIAN_POINT('',(-0.00021069079598807,0.00249513778759057,-0.114006999985099));
#5011=CARTESIAN_POINT('',(3.15746066296425E-6,0.00290900377249772,-0.114006999985099));
#5012=CARTESIAN_POINT('',(3.1574606629644E-6,0.00290900377249772,-0.114006999985099));
#5013=CARTESIAN_POINT('',(-1.43303632234043E-6,0.0029001196666098,-0.114006999985099));
#5014=CARTESIAN_POINT('',(-1.43303632234043E-6,0.0029001196666098,-0.114006999985099));
#5015=CARTESIAN_POINT('',(-6.02353330764508E-6,0.00290900377249772,-0.114006999985099));
#5016=CARTESIAN_POINT('',(-6.02353330764547E-6,0.00290900377249772,-0.114006999985099));
#5017=CARTESIAN_POINT('',(0.00020782472334339,0.00249513778759057,-0.114006999985099));
#5018=CARTESIAN_POINT('',(0.00020782472334339,0.00249513778759057,-0.114006999985099));
#5019=CARTESIAN_POINT('',(9.43790675611044E-6,-1.61132174660889E-5,-0.114006999985099));
#5020=CARTESIAN_POINT('',(4.74929941831813E-7,-3.75945759953678E-6,-0.116496932830166));
#5021=CARTESIAN_POINT('',(4.74929941832092E-7,-3.75945759953672E-6,-0.113778399985099));
#5022=CARTESIAN_POINT('',(0.00661015758993671,-3.75945759953672E-6,-0.113778399985099));
#5023=CARTESIAN_POINT('',(-9.53049678382015E-18,-1.48677683728156E-18,-0.0967735825850989));
#5024=CARTESIAN_POINT('',(-9.53052137551718E-18,-1.48678152839866E-18,-0.0967738222));
#5025=CARTESIAN_POINT('',(-0.00666038147814004,-1.48678152839866E-18,-0.0967738222));
#5026=CARTESIAN_POINT('',(-1.12757025938492E-17,-1.81969265051574E-18,-0.113778399985099));
#5027=CARTESIAN_POINT('',(0.00666038147814002,-1.81969265051574E-18,-0.113778399985099));
#5028=CARTESIAN_POINT('',(-1.16770865595892E-17,-2.22752339343096E-18,-0.113778399985099));
#5029=CARTESIAN_POINT('',(0.,0.,-0.0967738222));
#5030=CARTESIAN_POINT('',(0.00501062800419315,0.000274827663661359,-0.0967738222));
#5031=CARTESIAN_POINT('',(0.00447715494607532,-0.00364210493764001,-0.0967738222));
#5032=CARTESIAN_POINT('',(0.00326020846216314,-0.00326960260561389,-0.0967738222));
#5033=CARTESIAN_POINT('',(0.00325994040745507,-0.0032698698682423,-0.0967738222));
#5034=CARTESIAN_POINT('',(0.00325967233083757,-0.00327013710889455,-0.0967738222));
#5035=CARTESIAN_POINT('',(-0.000253999356561812,-0.00508152865836728,-0.0967738222));
#5036=CARTESIAN_POINT('',(0.0036473082235627,-0.0044436985574813,-0.0967738222));
#5037=CARTESIAN_POINT('',(0.000969680862074025,-0.00176290507638713,-0.0967738222));
#5038=CARTESIAN_POINT('',(0.00205627745116037,-0.00539273287228265,-0.0967738222));
#5039=CARTESIAN_POINT('',(0.00447674497237567,-0.00226730626370311,-0.0967738222));
#5040=CARTESIAN_POINT('',(0.00118862204705933,-0.00446166314782299,-0.0967738222));
#5041=CARTESIAN_POINT('',(0.00118825627355833,-0.00446176057669464,-0.0967738222));
#5042=CARTESIAN_POINT('',(0.00118789049207129,-0.00446185797557967,-0.0967738222));
#5043=CARTESIAN_POINT('',(-0.00276073422451103,-0.00427373322992382,-0.0967738222));
#5044=CARTESIAN_POINT('',(0.00093681229829654,-0.00567200994932042,-0.0967738222));
#5045=CARTESIAN_POINT('',(-4.16842780738632E-5,-0.0020115610116488,-0.0967738222));
#5046=CARTESIAN_POINT('',(-0.000915577926207333,-0.00569838238880038,-0.0967738222));
#5047=CARTESIAN_POINT('',(0.00274332174049005,-0.00420191730871431,-0.0967738222));
#5048=CARTESIAN_POINT('',(-0.00120145468565985,-0.00445822465267322,-0.0967738222));
#5049=CARTESIAN_POINT('',(-0.00120182016923958,-0.00445812614180064,-0.0967738222));
#5050=CARTESIAN_POINT('',(-0.0012021856447421,-0.00445802760096584,-0.0967738222));
#5051=CARTESIAN_POINT('',(-0.0045277325864856,-0.00232079443385623,-0.0967738222));
#5052=CARTESIAN_POINT('',(-0.00202470172575772,-0.00538051085577784,-0.0967738222));
#5053=CARTESIAN_POINT('',(-0.00104188014957479,-0.00172122079831327,-0.0967738222));
#5054=CARTESIAN_POINT('',(-0.00364210493764001,-0.00447715494607532,-0.0967738222));
#5055=CARTESIAN_POINT('',(0.000274827663661359,-0.00501062800419315,-0.0967738222));
#5056=CARTESIAN_POINT('',(-0.00326960260561389,-0.00326020846216314,-0.0967738222));
#5057=CARTESIAN_POINT('',(-0.0032698698682423,-0.00325994040745507,-0.0967738222));
#5058=CARTESIAN_POINT('',(-0.00327013710889455,-0.00325967233083757,-0.0967738222));
#5059=CARTESIAN_POINT('',(-0.00508152865836727,0.000253999356561799,-0.0967738222));
#5060=CARTESIAN_POINT('',(-0.0044436985574813,-0.0036473082235627,-0.0967738222));
#5061=CARTESIAN_POINT('',(-0.00176290507638712,-0.000969680862074018,-0.0967738222));
#5062=CARTESIAN_POINT('',(-0.00539273287228265,-0.00205627745116037,-0.0967738222));
#5063=CARTESIAN_POINT('',(-0.00226730626370312,-0.00447674497237566,-0.0967738222));
#5064=CARTESIAN_POINT('',(-0.00446166314782299,-0.00118862204705933,-0.0967738222));
#5065=CARTESIAN_POINT('',(-0.00446176057669464,-0.00118825627355833,-0.0967738222));
#5066=CARTESIAN_POINT('',(-0.00446185797557967,-0.00118789049207129,-0.0967738222));
#5067=CARTESIAN_POINT('',(-0.00427373322992382,0.00276073422451103,-0.0967738222));
#5068=CARTESIAN_POINT('',(-0.00567200994932042,-0.00093681229829654,-0.0967738222));
#5069=CARTESIAN_POINT('',(-0.0020115610116488,4.16842780738627E-5,-0.0967738222));
#5070=CARTESIAN_POINT('',(-0.00569838238880038,0.000915577926207333,-0.0967738222));
#5071=CARTESIAN_POINT('',(-0.00420191730871431,-0.00274332174049005,-0.0967738222));
#5072=CARTESIAN_POINT('',(-0.00445822465267322,0.00120145468565985,-0.0967738222));
#5073=CARTESIAN_POINT('',(-0.00445812614180064,0.00120182016923957,-0.0967738222));
#5074=CARTESIAN_POINT('',(-0.00445802760096584,0.0012021856447421,-0.0967738222));
#5075=CARTESIAN_POINT('',(-0.00232079443385624,0.00452773258648559,-0.0967738222));
#5076=CARTESIAN_POINT('',(-0.00538051085577784,0.00202470172575772,-0.0967738222));
#5077=CARTESIAN_POINT('',(-0.00172122079831327,0.00104188014957478,-0.0967738222));
#5078=CARTESIAN_POINT('',(-0.00447715494607532,0.00364210493764001,-0.0967738222));
#5079=CARTESIAN_POINT('',(-0.00501062800419315,-0.000274827663661361,-0.0967738222));
#5080=CARTESIAN_POINT('',(-0.00326020846216314,0.00326960260561388,-0.0967738222));
#5081=CARTESIAN_POINT('',(-0.00325994040745507,0.0032698698682423,-0.0967738222));
#5082=CARTESIAN_POINT('',(-0.00325967233083757,0.00327013710889455,-0.0967738222));
#5083=CARTESIAN_POINT('',(0.000253999356561802,0.00508152865836727,-0.0967738222));
#5084=CARTESIAN_POINT('',(-0.0036473082235627,0.0044436985574813,-0.0967738222));
#5085=CARTESIAN_POINT('',(-0.000969680862074027,0.00176290507638713,-0.0967738222));
#5086=CARTESIAN_POINT('',(-0.00205627745116037,0.00539273287228265,-0.0967738222));
#5087=CARTESIAN_POINT('',(-0.00447674497237566,0.00226730626370312,-0.0967738222));
#5088=CARTESIAN_POINT('',(-0.00118862204705933,0.00446166314782299,-0.0967738222));
#5089=CARTESIAN_POINT('',(-0.00118825627355833,0.00446176057669464,-0.0967738222));
#5090=CARTESIAN_POINT('',(-0.00118789049207129,0.00446185797557967,-0.0967738222));
#5091=CARTESIAN_POINT('',(0.00276073422451104,0.00427373322992382,-0.0967738222));
#5092=CARTESIAN_POINT('',(-0.000936812298296541,0.00567200994932042,-0.0967738222));
#5093=CARTESIAN_POINT('',(4.16842780738624E-5,0.0020115610116488,-0.0967738222));
#5094=CARTESIAN_POINT('',(0.000915577926207333,0.00569838238880038,-0.0967738222));
#5095=CARTESIAN_POINT('',(-0.00274332174049005,0.00420191730871431,-0.0967738222));
#5096=CARTESIAN_POINT('',(0.00120145468565985,0.00445822465267322,-0.0967738222));
#5097=CARTESIAN_POINT('',(0.00120182016923957,0.00445812614180064,-0.0967738222));
#5098=CARTESIAN_POINT('',(0.0012021856447421,0.00445802760096584,-0.0967738222));
#5099=CARTESIAN_POINT('',(0.00452773258648559,0.00232079443385624,-0.0967738222));
#5100=CARTESIAN_POINT('',(0.00202470172575772,0.00538051085577784,-0.0967738222));
#5101=CARTESIAN_POINT('',(0.00104188014957478,0.00172122079831327,-0.0967738222));
#5102=CARTESIAN_POINT('',(0.00364210493764001,0.00447715494607532,-0.0967738222));
#5103=CARTESIAN_POINT('',(-0.000274827663661374,0.00501062800419315,-0.0967738222));
#5104=CARTESIAN_POINT('',(0.00326960260561388,0.00326020846216314,-0.0967738222));
#5105=CARTESIAN_POINT('',(0.0032698698682423,0.00325994040745507,-0.0967738222));
#5106=CARTESIAN_POINT('',(0.00327013710889455,0.00325967233083757,-0.0967738222));
#5107=CARTESIAN_POINT('',(0.00508152865836728,-0.000253999356561812,-0.0967738222));
#5108=CARTESIAN_POINT('',(0.0044436985574813,0.0036473082235627,-0.0967738222));
#5109=CARTESIAN_POINT('',(0.00176290507638713,0.000969680862074025,-0.0967738222));
#5110=CARTESIAN_POINT('',(0.00539273287228265,0.00205627745116037,-0.0967738222));
#5111=CARTESIAN_POINT('',(0.00226730626370311,0.00447674497237567,-0.0967738222));
#5112=CARTESIAN_POINT('',(0.00446166314782299,0.00118862204705933,-0.0967738222));
#5113=CARTESIAN_POINT('',(0.00446176057669464,0.00118825627355833,-0.0967738222));
#5114=CARTESIAN_POINT('',(0.00446185797557967,0.00118789049207129,-0.0967738222));
#5115=CARTESIAN_POINT('',(0.00427373322992382,-0.00276073422451105,-0.0967738222));
#5116=CARTESIAN_POINT('',(0.00567200994932042,0.000936812298296541,-0.0967738222));
#5117=CARTESIAN_POINT('',(0.0020115610116488,-4.16842780738623E-5,-0.0967738222));
#5118=CARTESIAN_POINT('',(0.00569838238880038,-0.000915577926207333,-0.0967738222));
#5119=CARTESIAN_POINT('',(0.00420191730871431,0.00274332174049005,-0.0967738222));
#5120=CARTESIAN_POINT('',(0.00445822465267322,-0.00120145468565985,-0.0967738222));
#5121=CARTESIAN_POINT('',(0.00445812614180064,-0.00120182016923958,-0.0967738222));
#5122=CARTESIAN_POINT('',(0.00445802760096584,-0.0012021856447421,-0.0967738222));
#5123=CARTESIAN_POINT('',(0.00232079443385623,-0.0045277325864856,-0.0967738222));
#5124=CARTESIAN_POINT('',(0.00538051085577784,-0.00202470172575773,-0.0967738222));
#5125=CARTESIAN_POINT('',(0.00172122079831327,-0.00104188014957479,-0.0967738222));
#5126=CARTESIAN_POINT('',(0.00172122079831327,-0.00104188014957479,-0.1024204922));
#5127=CARTESIAN_POINT('',(0.00538051085577784,-0.00202470172575773,-0.1024204922));
#5128=CARTESIAN_POINT('',(0.00538051085577784,-0.00202470172575773,-0.1024204922));
#5129=CARTESIAN_POINT('',(0.00172122079831327,-0.00104188014957479,-0.1024204922));
#5130=CARTESIAN_POINT('',(0.00447715494607532,-0.00364210493764001,-0.1024204922));
#5131=CARTESIAN_POINT('',(0.00447715494607532,-0.00364210493764001,-0.1024204922));
#5132=CARTESIAN_POINT('',(0.00501062800419315,0.000274827663661359,-0.1024204922));
#5133=CARTESIAN_POINT('',(0.00501062800419315,0.000274827663661359,-0.1024204922));
#5134=CARTESIAN_POINT('',(0.00326020846216314,-0.00326960260561389,-0.1024204922));
#5135=CARTESIAN_POINT('',(0.00326020846216314,-0.00326960260561389,-0.1024204922));
#5136=CARTESIAN_POINT('',(0.00325994040745507,-0.0032698698682423,-0.1024204922));
#5137=CARTESIAN_POINT('',(0.00325994040745507,-0.0032698698682423,-0.1024204922));
#5138=CARTESIAN_POINT('',(0.00325967233083757,-0.00327013710889455,-0.1024204922));
#5139=CARTESIAN_POINT('',(0.00325967233083757,-0.00327013710889455,-0.1024204922));
#5140=CARTESIAN_POINT('',(-0.000253999356561812,-0.00508152865836728,-0.1024204922));
#5141=CARTESIAN_POINT('',(-0.000253999356561812,-0.00508152865836728,-0.1024204922));
#5142=CARTESIAN_POINT('',(0.0036473082235627,-0.0044436985574813,-0.1024204922));
#5143=CARTESIAN_POINT('',(0.0036473082235627,-0.0044436985574813,-0.1024204922));
#5144=CARTESIAN_POINT('',(0.000969680862074025,-0.00176290507638713,-0.1024204922));
#5145=CARTESIAN_POINT('',(0.000969680862074025,-0.00176290507638713,-0.1024204922));
#5146=CARTESIAN_POINT('',(0.00205627745116037,-0.00539273287228265,-0.1024204922));
#5147=CARTESIAN_POINT('',(0.00205627745116037,-0.00539273287228265,-0.1024204922));
#5148=CARTESIAN_POINT('',(0.00447674497237567,-0.00226730626370311,-0.1024204922));
#5149=CARTESIAN_POINT('',(0.00447674497237567,-0.00226730626370311,-0.1024204922));
#5150=CARTESIAN_POINT('',(0.00118862204705933,-0.00446166314782299,-0.1024204922));
#5151=CARTESIAN_POINT('',(0.00118862204705933,-0.00446166314782299,-0.1024204922));
#5152=CARTESIAN_POINT('',(0.00118825627355833,-0.00446176057669464,-0.1024204922));
#5153=CARTESIAN_POINT('',(0.00118825627355833,-0.00446176057669464,-0.1024204922));
#5154=CARTESIAN_POINT('',(0.00118789049207129,-0.00446185797557967,-0.1024204922));
#5155=CARTESIAN_POINT('',(0.00118789049207129,-0.00446185797557967,-0.1024204922));
#5156=CARTESIAN_POINT('',(-0.00276073422451103,-0.00427373322992382,-0.1024204922));
#5157=CARTESIAN_POINT('',(-0.00276073422451103,-0.00427373322992382,-0.1024204922));
#5158=CARTESIAN_POINT('',(0.00093681229829654,-0.00567200994932042,-0.1024204922));
#5159=CARTESIAN_POINT('',(0.00093681229829654,-0.00567200994932042,-0.1024204922));
#5160=CARTESIAN_POINT('',(-4.16842780738632E-5,-0.0020115610116488,-0.1024204922));
#5161=CARTESIAN_POINT('',(-4.16842780738632E-5,-0.0020115610116488,-0.1024204922));
#5162=CARTESIAN_POINT('',(-0.000915577926207333,-0.00569838238880038,-0.1024204922));
#5163=CARTESIAN_POINT('',(-0.000915577926207333,-0.00569838238880038,-0.1024204922));
#5164=CARTESIAN_POINT('',(0.00274332174049005,-0.00420191730871431,-0.1024204922));
#5165=CARTESIAN_POINT('',(0.00274332174049005,-0.00420191730871431,-0.1024204922));
#5166=CARTESIAN_POINT('',(-0.00120145468565985,-0.00445822465267322,-0.1024204922));
#5167=CARTESIAN_POINT('',(-0.00120145468565985,-0.00445822465267322,-0.1024204922));
#5168=CARTESIAN_POINT('',(-0.00120182016923958,-0.00445812614180064,-0.1024204922));
#5169=CARTESIAN_POINT('',(-0.00120182016923958,-0.00445812614180064,-0.1024204922));
#5170=CARTESIAN_POINT('',(-0.0012021856447421,-0.00445802760096584,-0.1024204922));
#5171=CARTESIAN_POINT('',(-0.0012021856447421,-0.00445802760096584,-0.1024204922));
#5172=CARTESIAN_POINT('',(-0.0045277325864856,-0.00232079443385623,-0.1024204922));
#5173=CARTESIAN_POINT('',(-0.0045277325864856,-0.00232079443385623,-0.1024204922));
#5174=CARTESIAN_POINT('',(-0.00202470172575772,-0.00538051085577784,-0.1024204922));
#5175=CARTESIAN_POINT('',(-0.00202470172575772,-0.00538051085577784,-0.1024204922));
#5176=CARTESIAN_POINT('',(-0.00104188014957479,-0.00172122079831327,-0.1024204922));
#5177=CARTESIAN_POINT('',(-0.00104188014957479,-0.00172122079831327,-0.1024204922));
#5178=CARTESIAN_POINT('',(-0.00364210493764001,-0.00447715494607532,-0.1024204922));
#5179=CARTESIAN_POINT('',(-0.00364210493764001,-0.00447715494607532,-0.1024204922));
#5180=CARTESIAN_POINT('',(0.000274827663661359,-0.00501062800419315,-0.1024204922));
#5181=CARTESIAN_POINT('',(0.000274827663661359,-0.00501062800419315,-0.1024204922));
#5182=CARTESIAN_POINT('',(-0.00326960260561389,-0.00326020846216314,-0.1024204922));
#5183=CARTESIAN_POINT('',(-0.00326960260561389,-0.00326020846216314,-0.1024204922));
#5184=CARTESIAN_POINT('',(-0.0032698698682423,-0.00325994040745507,-0.1024204922));
#5185=CARTESIAN_POINT('',(-0.0032698698682423,-0.00325994040745507,-0.1024204922));
#5186=CARTESIAN_POINT('',(-0.00327013710889455,-0.00325967233083757,-0.1024204922));
#5187=CARTESIAN_POINT('',(-0.00327013710889455,-0.00325967233083757,-0.1024204922));
#5188=CARTESIAN_POINT('',(-0.00508152865836727,0.000253999356561799,-0.1024204922));
#5189=CARTESIAN_POINT('',(-0.00508152865836727,0.000253999356561799,-0.1024204922));
#5190=CARTESIAN_POINT('',(-0.0044436985574813,-0.0036473082235627,-0.1024204922));
#5191=CARTESIAN_POINT('',(-0.0044436985574813,-0.0036473082235627,-0.1024204922));
#5192=CARTESIAN_POINT('',(-0.00176290507638712,-0.000969680862074018,-0.1024204922));
#5193=CARTESIAN_POINT('',(-0.00176290507638712,-0.000969680862074018,-0.1024204922));
#5194=CARTESIAN_POINT('',(-0.00539273287228265,-0.00205627745116037,-0.1024204922));
#5195=CARTESIAN_POINT('',(-0.00539273287228265,-0.00205627745116037,-0.1024204922));
#5196=CARTESIAN_POINT('',(-0.00226730626370312,-0.00447674497237566,-0.1024204922));
#5197=CARTESIAN_POINT('',(-0.00226730626370312,-0.00447674497237566,-0.1024204922));
#5198=CARTESIAN_POINT('',(-0.00446166314782299,-0.00118862204705933,-0.1024204922));
#5199=CARTESIAN_POINT('',(-0.00446166314782299,-0.00118862204705933,-0.1024204922));
#5200=CARTESIAN_POINT('',(-0.00446176057669464,-0.00118825627355833,-0.1024204922));
#5201=CARTESIAN_POINT('',(-0.00446176057669464,-0.00118825627355833,-0.1024204922));
#5202=CARTESIAN_POINT('',(-0.00446185797557967,-0.00118789049207129,-0.1024204922));
#5203=CARTESIAN_POINT('',(-0.00446185797557967,-0.00118789049207129,-0.1024204922));
#5204=CARTESIAN_POINT('',(-0.00427373322992382,0.00276073422451103,-0.1024204922));
#5205=CARTESIAN_POINT('',(-0.00427373322992382,0.00276073422451103,-0.1024204922));
#5206=CARTESIAN_POINT('',(-0.00567200994932042,-0.00093681229829654,-0.1024204922));
#5207=CARTESIAN_POINT('',(-0.00567200994932042,-0.00093681229829654,-0.1024204922));
#5208=CARTESIAN_POINT('',(-0.0020115610116488,4.16842780738627E-5,-0.1024204922));
#5209=CARTESIAN_POINT('',(-0.0020115610116488,4.16842780738627E-5,-0.1024204922));
#5210=CARTESIAN_POINT('',(-0.00569838238880038,0.000915577926207333,-0.1024204922));
#5211=CARTESIAN_POINT('',(-0.00569838238880038,0.000915577926207333,-0.1024204922));
#5212=CARTESIAN_POINT('',(-0.00420191730871431,-0.00274332174049005,-0.1024204922));
#5213=CARTESIAN_POINT('',(-0.00420191730871431,-0.00274332174049005,-0.1024204922));
#5214=CARTESIAN_POINT('',(-0.00445822465267322,0.00120145468565985,-0.1024204922));
#5215=CARTESIAN_POINT('',(-0.00445822465267322,0.00120145468565985,-0.1024204922));
#5216=CARTESIAN_POINT('',(-0.00445812614180064,0.00120182016923957,-0.1024204922));
#5217=CARTESIAN_POINT('',(-0.00445812614180064,0.00120182016923957,-0.1024204922));
#5218=CARTESIAN_POINT('',(-0.00445802760096584,0.0012021856447421,-0.1024204922));
#5219=CARTESIAN_POINT('',(-0.00445802760096584,0.0012021856447421,-0.1024204922));
#5220=CARTESIAN_POINT('',(-0.00232079443385624,0.00452773258648559,-0.1024204922));
#5221=CARTESIAN_POINT('',(-0.00232079443385624,0.00452773258648559,-0.1024204922));
#5222=CARTESIAN_POINT('',(-0.00538051085577784,0.00202470172575772,-0.1024204922));
#5223=CARTESIAN_POINT('',(-0.00538051085577784,0.00202470172575772,-0.1024204922));
#5224=CARTESIAN_POINT('',(-0.00172122079831327,0.00104188014957478,-0.1024204922));
#5225=CARTESIAN_POINT('',(-0.00172122079831327,0.00104188014957478,-0.1024204922));
#5226=CARTESIAN_POINT('',(-0.00447715494607532,0.00364210493764001,-0.1024204922));
#5227=CARTESIAN_POINT('',(-0.00447715494607532,0.00364210493764001,-0.1024204922));
#5228=CARTESIAN_POINT('',(-0.00501062800419315,-0.000274827663661361,-0.1024204922));
#5229=CARTESIAN_POINT('',(-0.00501062800419315,-0.000274827663661361,-0.1024204922));
#5230=CARTESIAN_POINT('',(-0.00326020846216314,0.00326960260561388,-0.1024204922));
#5231=CARTESIAN_POINT('',(-0.00326020846216314,0.00326960260561388,-0.1024204922));
#5232=CARTESIAN_POINT('',(-0.00325994040745507,0.0032698698682423,-0.1024204922));
#5233=CARTESIAN_POINT('',(-0.00325994040745507,0.0032698698682423,-0.1024204922));
#5234=CARTESIAN_POINT('',(-0.00325967233083757,0.00327013710889455,-0.1024204922));
#5235=CARTESIAN_POINT('',(-0.00325967233083757,0.00327013710889455,-0.1024204922));
#5236=CARTESIAN_POINT('',(0.000253999356561802,0.00508152865836727,-0.1024204922));
#5237=CARTESIAN_POINT('',(0.000253999356561802,0.00508152865836727,-0.1024204922));
#5238=CARTESIAN_POINT('',(-0.0036473082235627,0.0044436985574813,-0.1024204922));
#5239=CARTESIAN_POINT('',(-0.0036473082235627,0.0044436985574813,-0.1024204922));
#5240=CARTESIAN_POINT('',(-0.000969680862074027,0.00176290507638713,-0.1024204922));
#5241=CARTESIAN_POINT('',(-0.000969680862074027,0.00176290507638713,-0.1024204922));
#5242=CARTESIAN_POINT('',(-0.00205627745116037,0.00539273287228265,-0.1024204922));
#5243=CARTESIAN_POINT('',(-0.00205627745116037,0.00539273287228265,-0.1024204922));
#5244=CARTESIAN_POINT('',(-0.00447674497237566,0.00226730626370312,-0.1024204922));
#5245=CARTESIAN_POINT('',(-0.00447674497237566,0.00226730626370312,-0.1024204922));
#5246=CARTESIAN_POINT('',(-0.00118862204705933,0.00446166314782299,-0.1024204922));
#5247=CARTESIAN_POINT('',(-0.00118862204705933,0.00446166314782299,-0.1024204922));
#5248=CARTESIAN_POINT('',(-0.00118825627355833,0.00446176057669464,-0.1024204922));
#5249=CARTESIAN_POINT('',(-0.00118825627355833,0.00446176057669464,-0.1024204922));
#5250=CARTESIAN_POINT('',(-0.00118789049207129,0.00446185797557967,-0.1024204922));
#5251=CARTESIAN_POINT('',(-0.00118789049207129,0.00446185797557967,-0.1024204922));
#5252=CARTESIAN_POINT('',(0.00276073422451104,0.00427373322992382,-0.1024204922));
#5253=CARTESIAN_POINT('',(0.00276073422451104,0.00427373322992382,-0.1024204922));
#5254=CARTESIAN_POINT('',(-0.000936812298296541,0.00567200994932042,-0.1024204922));
#5255=CARTESIAN_POINT('',(-0.000936812298296541,0.00567200994932042,-0.1024204922));
#5256=CARTESIAN_POINT('',(4.16842780738624E-5,0.0020115610116488,-0.1024204922));
#5257=CARTESIAN_POINT('',(4.16842780738624E-5,0.0020115610116488,-0.1024204922));
#5258=CARTESIAN_POINT('',(0.000915577926207333,0.00569838238880038,-0.1024204922));
#5259=CARTESIAN_POINT('',(0.000915577926207333,0.00569838238880038,-0.1024204922));
#5260=CARTESIAN_POINT('',(-0.00274332174049005,0.00420191730871431,-0.1024204922));
#5261=CARTESIAN_POINT('',(-0.00274332174049005,0.00420191730871431,-0.1024204922));
#5262=CARTESIAN_POINT('',(0.00120145468565985,0.00445822465267322,-0.1024204922));
#5263=CARTESIAN_POINT('',(0.00120145468565985,0.00445822465267322,-0.1024204922));
#5264=CARTESIAN_POINT('',(0.00120182016923957,0.00445812614180064,-0.1024204922));
#5265=CARTESIAN_POINT('',(0.00120182016923957,0.00445812614180064,-0.1024204922));
#5266=CARTESIAN_POINT('',(0.0012021856447421,0.00445802760096584,-0.1024204922));
#5267=CARTESIAN_POINT('',(0.0012021856447421,0.00445802760096584,-0.1024204922));
#5268=CARTESIAN_POINT('',(0.00452773258648559,0.00232079443385624,-0.1024204922));
#5269=CARTESIAN_POINT('',(0.00452773258648559,0.00232079443385624,-0.1024204922));
#5270=CARTESIAN_POINT('',(0.00202470172575772,0.00538051085577784,-0.1024204922));
#5271=CARTESIAN_POINT('',(0.00202470172575772,0.00538051085577784,-0.1024204922));
#5272=CARTESIAN_POINT('',(0.00104188014957478,0.00172122079831327,-0.1024204922));
#5273=CARTESIAN_POINT('',(0.00104188014957478,0.00172122079831327,-0.1024204922));
#5274=CARTESIAN_POINT('',(0.00364210493764001,0.00447715494607532,-0.1024204922));
#5275=CARTESIAN_POINT('',(0.00364210493764001,0.00447715494607532,-0.1024204922));
#5276=CARTESIAN_POINT('',(-0.000274827663661374,0.00501062800419315,-0.1024204922));
#5277=CARTESIAN_POINT('',(-0.000274827663661374,0.00501062800419315,-0.1024204922));
#5278=CARTESIAN_POINT('',(0.00326960260561388,0.00326020846216314,-0.1024204922));
#5279=CARTESIAN_POINT('',(0.00326960260561388,0.00326020846216314,-0.1024204922));
#5280=CARTESIAN_POINT('',(0.0032698698682423,0.00325994040745507,-0.1024204922));
#5281=CARTESIAN_POINT('',(0.0032698698682423,0.00325994040745507,-0.1024204922));
#5282=CARTESIAN_POINT('',(0.00327013710889455,0.00325967233083757,-0.1024204922));
#5283=CARTESIAN_POINT('',(0.00327013710889455,0.00325967233083757,-0.1024204922));
#5284=CARTESIAN_POINT('',(0.00508152865836728,-0.000253999356561812,-0.1024204922));
#5285=CARTESIAN_POINT('',(0.00508152865836728,-0.000253999356561812,-0.1024204922));
#5286=CARTESIAN_POINT('',(0.0044436985574813,0.0036473082235627,-0.1024204922));
#5287=CARTESIAN_POINT('',(0.0044436985574813,0.0036473082235627,-0.1024204922));
#5288=CARTESIAN_POINT('',(0.00176290507638713,0.000969680862074025,-0.1024204922));
#5289=CARTESIAN_POINT('',(0.00176290507638713,0.000969680862074025,-0.1024204922));
#5290=CARTESIAN_POINT('',(0.00539273287228265,0.00205627745116037,-0.1024204922));
#5291=CARTESIAN_POINT('',(0.00539273287228265,0.00205627745116037,-0.1024204922));
#5292=CARTESIAN_POINT('',(0.00226730626370311,0.00447674497237567,-0.1024204922));
#5293=CARTESIAN_POINT('',(0.00226730626370311,0.00447674497237567,-0.1024204922));
#5294=CARTESIAN_POINT('',(0.00446166314782299,0.00118862204705933,-0.1024204922));
#5295=CARTESIAN_POINT('',(0.00446166314782299,0.00118862204705933,-0.1024204922));
#5296=CARTESIAN_POINT('',(0.00446176057669464,0.00118825627355833,-0.1024204922));
#5297=CARTESIAN_POINT('',(0.00446176057669464,0.00118825627355833,-0.1024204922));
#5298=CARTESIAN_POINT('',(0.00446185797557967,0.00118789049207129,-0.1024204922));
#5299=CARTESIAN_POINT('',(0.00446185797557967,0.00118789049207129,-0.1024204922));
#5300=CARTESIAN_POINT('',(0.00427373322992382,-0.00276073422451105,-0.1024204922));
#5301=CARTESIAN_POINT('',(0.00427373322992382,-0.00276073422451105,-0.1024204922));
#5302=CARTESIAN_POINT('',(0.00567200994932042,0.000936812298296541,-0.1024204922));
#5303=CARTESIAN_POINT('',(0.00567200994932042,0.000936812298296541,-0.1024204922));
#5304=CARTESIAN_POINT('',(0.0020115610116488,-4.16842780738623E-5,-0.1024204922));
#5305=CARTESIAN_POINT('',(0.0020115610116488,-4.16842780738623E-5,-0.1024204922));
#5306=CARTESIAN_POINT('',(0.00569838238880038,-0.000915577926207333,-0.1024204922));
#5307=CARTESIAN_POINT('',(0.00569838238880038,-0.000915577926207333,-0.1024204922));
#5308=CARTESIAN_POINT('',(0.00420191730871431,0.00274332174049005,-0.1024204922));
#5309=CARTESIAN_POINT('',(0.00420191730871431,0.00274332174049005,-0.1024204922));
#5310=CARTESIAN_POINT('',(0.00445822465267322,-0.00120145468565985,-0.1024204922));
#5311=CARTESIAN_POINT('',(0.00445822465267322,-0.00120145468565985,-0.1024204922));
#5312=CARTESIAN_POINT('',(0.00445812614180064,-0.00120182016923958,-0.1024204922));
#5313=CARTESIAN_POINT('',(0.00445812614180064,-0.00120182016923958,-0.1024204922));
#5314=CARTESIAN_POINT('',(0.00445802760096584,-0.0012021856447421,-0.1024204922));
#5315=CARTESIAN_POINT('',(0.00445802760096584,-0.0012021856447421,-0.1024204922));
#5316=CARTESIAN_POINT('',(0.00232079443385623,-0.0045277325864856,-0.1024204922));
#5317=CARTESIAN_POINT('',(0.00232079443385623,-0.0045277325864856,-0.1024204922));
#5318=CARTESIAN_POINT('',(0.,0.,-0.1024204922));
#5319=MECHANICAL_DESIGN_GEOMETRIC_PRESENTATION_REPRESENTATION('',(#2918),
#5320);
#5320=(
GEOMETRIC_REPRESENTATION_CONTEXT(3)
GLOBAL_UNCERTAINTY_ASSIGNED_CONTEXT((#5321))
GLOBAL_UNIT_ASSIGNED_CONTEXT((#5324,#5323,#5322))
REPRESENTATION_CONTEXT('Part 5','TOP_LEVEL_ASSEMBLY_PART')
);
#5321=UNCERTAINTY_MEASURE_WITH_UNIT(LENGTH_MEASURE(2.E-5),#5324,
'DISTANCE_ACCURACY_VALUE','Maximum Tolerance applied to model');
#5322=(
NAMED_UNIT(*)
SI_UNIT($,.STERADIAN.)
SOLID_ANGLE_UNIT()
);
#5323=(
NAMED_UNIT(*)
PLANE_ANGLE_UNIT()
SI_UNIT($,.RADIAN.)
);
#5324=(
LENGTH_UNIT()
NAMED_UNIT(*)
SI_UNIT($,.METRE.)
);
#5325=PRODUCT_DEFINITION_SHAPE('','',#5326);
#5326=PRODUCT_DEFINITION('','',#5328,#5327);
#5327=PRODUCT_DEFINITION_CONTEXT('',#5334,'design');
#5328=PRODUCT_DEFINITION_FORMATION_WITH_SPECIFIED_SOURCE('','',#5330,
 .NOT_KNOWN.);
#5329=PRODUCT_RELATED_PRODUCT_CATEGORY('','',(#5330));
#5330=PRODUCT('Part 5','Part 5','Part 5',(#5332));
#5331=PRODUCT_CATEGORY('','');
#5332=PRODUCT_CONTEXT('',#5334,'mechanical');
#5333=APPLICATION_PROTOCOL_DEFINITION('international standard',
'ap242_managed_model_based_3d_engineering',2020,#5334);
#5334=APPLICATION_CONTEXT('managed model based 3d engineering');
ENDSEC;
END-ISO-10303-21;
