ISO-10303-21;
HEADER;
/* Generated by software containing ST-Developer
 * from STEP Tools, Inc. (www.steptools.com) 
 */
/* OPTION: using custom renumber hook */

FILE_DESCRIPTION(
/* description */ ('STEP AP242 Edition 2',
'CAx-IF Rec.Pracs.---Representation and Presentation of Product Manufa
cturing Information (PMI)---4.0---2014-10-13',
'CAx-IF Rec.Pracs.---3D Tessellated Geometry---0.4---2014-09-14','2;1',
'CAx-IF Rec.Pracs.---User Defined Attributes---1.5---2016-08-15'),
/* implementation_level */ '2;1');

FILE_NAME(
/* name */ 'Layers - Part 2',
/* time_stamp */ '2026-08-07T11:15:17Z',
/* author */ (''),
/* organization */ (''),
/* preprocessor_version */ 'ST-DEVELOPER v20',
/* originating_system */ 'ONSHAPE BY PTC INC, 1.218',
/* authorisation */ '  ');

FILE_SCHEMA (('AP242_MANAGED_MODEL_BASED_3D_ENGINEERING_MIM_LF { 1 0 10303 442 3 1 4 }'));
ENDSEC;

DATA;
#10=SHAPE_REPRESENTATION_RELATIONSHIP('','',#370,#11);
#11=ADVANCED_BREP_SHAPE_REPRESENTATION('',(#368),#1591);
#12=CONICAL_SURFACE('',#412,0.00139365774564034,1.28723808677434);
#13=(
BOUNDED_SURFACE()
B_SPLINE_SURFACE(1,2,((#1055,#1056,#1057,#1058,#1059,#1060,#1061,#1062,
#1063,#1064,#1065,#1066,#1067,#1068,#1069,#1070,#1071,#1072,#1073,#1074,
#1075,#1076,#1077,#1078,#1079,#1080,#1081,#1082,#1083,#1084,#1085,#1086,
#1087,#1088,#1089,#1090,#1091,#1092,#1093,#1094,#1095,#1096,#1097,#1098,
#1099,#1100,#1101,#1102,#1103,#1104,#1105,#1106,#1107,#1108,#1109,#1110,
#1111,#1112,#1113,#1114,#1115,#1116,#1117,#1118,#1119,#1120,#1121,#1122,
#1123,#1124,#1125,#1126,#1127,#1128,#1129),(#1130,#1131,#1132,#1133,#1134,
#1135,#1136,#1137,#1138,#1139,#1140,#1141,#1142,#1143,#1144,#1145,#1146,
#1147,#1148,#1149,#1150,#1151,#1152,#1153,#1154,#1155,#1156,#1157,#1158,
#1159,#1160,#1161,#1162,#1163,#1164,#1165,#1166,#1167,#1168,#1169,#1170,
#1171,#1172,#1173,#1174,#1175,#1176,#1177,#1178,#1179,#1180,#1181,#1182,
#1183,#1184,#1185,#1186,#1187,#1188,#1189,#1190,#1191,#1192,#1193,#1194,
#1195,#1196,#1197,#1198,#1199,#1200,#1201,#1202,#1203,#1204)),
 .UNSPECIFIED.,.F.,.F.,.F.)
B_SPLINE_SURFACE_WITH_KNOTS((2,2),(3,2,2,2,2,2,2,2,2,2,2,2,2,2,2,2,2,2,
2,2,2,2,2,2,2,2,2,2,2,2,2,2,2,2,2,2,2,3),(0.03027308496641,1.),(0.527271920983071,
0.527777777777778,0.537037037037037,0.546296296296296,0.555555555555556,
0.564814814814815,0.574074074074074,0.583333333333333,0.592592592592593,
0.601851851851852,0.611111111111111,0.62037037037037,0.62962962962963,0.638888888888889,
0.648148148148148,0.657407407407407,0.666666666666667,0.675925925925926,
0.685185185185185,0.694444444444444,0.703703703703704,0.712962962962963,
0.722222222222222,0.731481481481482,0.740740740740741,0.75,0.759259259259259,
0.768518518518519,0.777777777777778,0.787037037037037,0.796296296296296,
0.805555555555556,0.814814814814815,0.824074074074074,0.833333333333333,
0.842592592592593,0.851851851851852,0.855314688169406),
 .PIECEWISE_BEZIER_KNOTS.)
GEOMETRIC_REPRESENTATION_ITEM()
RATIONAL_B_SPLINE_SURFACE(((0.986161008319846,0.992680628340112,1.,0.866025403784439,
1.,0.866025403784439,1.,0.866025403784439,1.,0.866025403784439,1.,0.866025403784439,
1.,0.866025403784439,1.,0.866025403784439,1.,0.866025403784439,1.,0.866025403784439,
1.,0.866025403784439,1.,0.866025403784439,1.,0.866025403784439,1.,0.866025403784439,
1.,0.866025403784439,1.,0.866025403784439,1.,0.866025403784439,1.,0.866025403784439,
1.,0.866025403784439,1.,0.866025403784439,1.,0.866025403784439,1.,0.866025403784439,
1.,0.866025403784439,1.,0.866025403784439,1.,0.866025403784439,1.,0.866025403784439,
1.,0.866025403784439,1.,0.866025403784439,1.,0.866025403784439,1.,0.866025403784439,
1.,0.866025403784439,1.,0.866025403784439,1.,0.866025403784439,1.,0.866025403784439,
1.,0.866025403784439,1.,0.866025403784439,1.,0.949895333480279,0.937267586883693),
(0.986161008319846,0.992680628340112,1.,0.866025403784439,1.,0.866025403784439,
1.,0.866025403784439,1.,0.866025403784439,1.,0.866025403784439,1.,0.866025403784439,
1.,0.866025403784439,1.,0.866025403784439,1.,0.866025403784439,1.,0.866025403784439,
1.,0.866025403784439,1.,0.866025403784439,1.,0.866025403784439,1.,0.866025403784439,
1.,0.866025403784439,1.,0.866025403784439,1.,0.866025403784439,1.,0.866025403784439,
1.,0.866025403784439,1.,0.866025403784439,1.,0.866025403784439,1.,0.866025403784439,
1.,0.866025403784439,1.,0.866025403784439,1.,0.866025403784439,1.,0.866025403784439,
1.,0.866025403784439,1.,0.866025403784439,1.,0.866025403784439,1.,0.866025403784439,
1.,0.866025403784439,1.,0.866025403784439,1.,0.866025403784439,1.,0.866025403784439,
1.,0.866025403784439,1.,0.949895333480279,0.937267586883693)))
REPRESENTATION_ITEM('')
SURFACE()
);
#14=(
BOUNDED_SURFACE()
B_SPLINE_SURFACE(1,2,((#1428,#1429,#1430,#1431,#1432,#1433,#1434,#1435,
#1436,#1437,#1438,#1439,#1440,#1441,#1442,#1443,#1444,#1445,#1446,#1447,
#1448,#1449,#1450,#1451,#1452,#1453,#1454,#1455,#1456,#1457,#1458,#1459,
#1460,#1461,#1462,#1463,#1464,#1465,#1466,#1467,#1468,#1469,#1470,#1471,
#1472,#1473,#1474,#1475,#1476,#1477,#1478,#1479,#1480,#1481,#1482,#1483,
#1484,#1485,#1486,#1487,#1488,#1489,#1490,#1491,#1492,#1493,#1494,#1495,
#1496,#1497,#1498,#1499,#1500,#1501,#1502),(#1503,#1504,#1505,#1506,#1507,
#1508,#1509,#1510,#1511,#1512,#1513,#1514,#1515,#1516,#1517,#1518,#1519,
#1520,#1521,#1522,#1523,#1524,#1525,#1526,#1527,#1528,#1529,#1530,#1531,
#1532,#1533,#1534,#1535,#1536,#1537,#1538,#1539,#1540,#1541,#1542,#1543,
#1544,#1545,#1546,#1547,#1548,#1549,#1550,#1551,#1552,#1553,#1554,#1555,
#1556,#1557,#1558,#1559,#1560,#1561,#1562,#1563,#1564,#1565,#1566,#1567,
#1568,#1569,#1570,#1571,#1572,#1573,#1574,#1575,#1576,#1577)),
 .UNSPECIFIED.,.F.,.F.,.F.)
B_SPLINE_SURFACE_WITH_KNOTS((2,2),(3,2,2,2,2,2,2,2,2,2,2,2,2,2,2,2,2,2,
2,2,2,2,2,2,2,2,2,2,2,2,2,2,2,2,2,2,2,3),(0.,0.969726915033442),(0.500275537330472,
0.509259259259259,0.518518518518519,0.527777777777778,0.537037037037037,
0.546296296296296,0.555555555555556,0.564814814814815,0.574074074074074,
0.583333333333333,0.592592592592593,0.601851851851852,0.611111111111111,
0.62037037037037,0.62962962962963,0.638888888888889,0.648148148148148,0.657407407407407,
0.666666666666667,0.675925925925926,0.685185185185185,0.694444444444444,
0.703703703703704,0.712962962962963,0.722222222222222,0.731481481481482,
0.740740740740741,0.75,0.759259259259259,0.768518518518519,0.777777777777778,
0.787037037037037,0.796296296296296,0.805555555555556,0.814814814814815,
0.824074074074074,0.833333333333333,0.83946575456024),
 .PIECEWISE_BEZIER_KNOTS.)
GEOMETRIC_REPRESENTATION_ITEM()
RATIONAL_B_SPLINE_SURFACE(((0.992263639288534,0.870012224064409,1.,0.866025403784439,
1.,0.866025403784439,1.,0.866025403784439,1.,0.866025403784439,1.,0.866025403784439,
1.,0.866025403784439,1.,0.866025403784439,1.,0.866025403784439,1.,0.866025403784439,
1.,0.866025403784439,1.,0.866025403784439,1.,0.866025403784439,1.,0.866025403784439,
1.,0.866025403784439,1.,0.866025403784439,1.,0.866025403784439,1.,0.866025403784439,
1.,0.866025403784439,1.,0.866025403784439,1.,0.866025403784439,1.,0.866025403784439,
1.,0.866025403784439,1.,0.866025403784439,1.,0.866025403784439,1.,0.866025403784439,
1.,0.866025403784439,1.,0.866025403784439,1.,0.866025403784439,1.,0.866025403784439,
1.,0.866025403784439,1.,0.866025403784439,1.,0.866025403784439,1.,0.866025403784439,
1.,0.866025403784439,1.,0.866025403784439,1.,0.911268424968554,0.940070959088566),
(0.992263639288534,0.870012224064409,1.,0.866025403784439,1.,0.866025403784439,
1.,0.866025403784439,1.,0.866025403784439,1.,0.866025403784439,1.,0.866025403784439,
1.,0.866025403784439,1.,0.866025403784439,1.,0.866025403784439,1.,0.866025403784439,
1.,0.866025403784439,1.,0.866025403784439,1.,0.866025403784439,1.,0.866025403784439,
1.,0.866025403784439,1.,0.866025403784439,1.,0.866025403784439,1.,0.866025403784439,
1.,0.866025403784439,1.,0.866025403784439,1.,0.866025403784439,1.,0.866025403784439,
1.,0.866025403784439,1.,0.866025403784439,1.,0.866025403784439,1.,0.866025403784439,
1.,0.866025403784439,1.,0.866025403784439,1.,0.866025403784439,1.,0.866025403784439,
1.,0.866025403784439,1.,0.866025403784439,1.,0.866025403784439,1.,0.866025403784439,
1.,0.866025403784439,1.,0.911268424968554,0.940070959088566)))
REPRESENTATION_ITEM('')
SURFACE()
);
#15=(
BOUNDED_CURVE()
B_SPLINE_CURVE(2,(#618,#619,#620,#621,#622,#623,#624,#625,#626,#627,#628,
#629,#630,#631,#632,#633,#634,#635,#636,#637,#638,#639,#640,#641,#642,#643,
#644,#645,#646,#647,#648,#649,#650,#651,#652,#653,#654,#655,#656,#657,#658,
#659,#660,#661,#662,#663,#664,#665,#666,#667,#668,#669,#670,#671,#672,#673,
#674,#675,#676,#677,#678,#679,#680,#681,#682,#683,#684,#685,#686,#687,#688,
#689,#690,#691,#692,#693,#694,#695,#696,#697,#698,#699,#700,#701,#702,#703,
#704,#705,#706,#707,#708,#709,#710,#711,#712,#713,#714,#715,#716,#717,#718,
#719,#720,#721,#722,#723,#724,#725,#726,#727,#728,#729,#730,#731,#732,#733,
#734,#735,#736,#737,#738,#739,#740,#741,#742,#743,#744,#745,#746,#747,#748,
#749,#750,#751,#752,#753,#754,#755,#756,#757,#758,#759,#760,#761,#762,#763,
#764,#765,#766,#767,#768,#769,#770,#771,#772,#773,#774,#775,#776,#777,#778,
#779,#780,#781,#782,#783,#784,#785,#786,#787,#788,#789,#790,#791,#792,#793,
#794,#795,#796,#797,#798,#799,#800,#801,#802,#803,#804,#805,#806,#807,#808,
#809,#810,#811,#812,#813,#814,#815,#816,#817,#818,#819,#820,#821,#822,#823,
#824,#825,#826,#827,#828,#829,#830,#831,#832,#833,#834),.UNSPECIFIED.,.F.,
 .F.)
B_SPLINE_CURVE_WITH_KNOTS((3,2,2,2,2,2,2,2,2,2,2,2,2,2,2,2,2,2,2,2,2,2,
2,2,2,2,2,2,2,2,2,2,2,2,2,2,2,2,2,2,2,2,2,2,2,2,2,2,2,2,2,2,2,2,2,2,2,2,
2,2,2,2,2,2,2,2,2,2,2,2,2,2,2,2,2,2,2,2,2,2,2,2,2,2,2,2,2,2,2,2,2,2,2,2,
2,2,2,2,2,2,2,2,2,2,2,2,2,2,3),(0.,0.00925925925925926,0.0185185185185185,
0.0277777777777778,0.037037037037037,0.0462962962962963,0.0555555555555556,
0.0648148148148148,0.0740740740740741,0.0833333333333333,0.0925925925925926,
0.101851851851852,0.111111111111111,0.12037037037037,0.12962962962963,0.138888888888889,
0.148148148148148,0.157407407407407,0.166666666666667,0.175925925925926,
0.185185185185185,0.194444444444445,0.203703703703703,0.212962962962963,
0.222222222222222,0.231481481481481,0.240740740740741,0.25,0.25925925925926,
0.268518518518518,0.277777777777778,0.287037037037037,0.296296296296297,
0.305555555555555,0.314814814814815,0.324074074074074,0.333333333333334,
0.342592592592592,0.351851851851852,0.361111111111111,0.370370370370371,
0.37962962962963,0.388888888888889,0.398148148148148,0.407407407407407,
0.416666666666667,0.425925925925926,0.435185185185185,0.444444444444444,
0.453703703703704,0.462962962962963,0.472222222222222,0.481481481481482,
0.490740740740741,0.5,0.509259259259259,0.518518518518519,0.527777777777778,
0.537037037037037,0.546296296296296,0.555555555555556,0.564814814814815,
0.574074074074074,0.583333333333333,0.592592592592593,0.601851851851852,
0.611111111111111,0.62037037037037,0.62962962962963,0.638888888888889,0.648148148148148,
0.657407407407407,0.666666666666667,0.675925925925926,0.685185185185185,
0.694444444444444,0.703703703703704,0.712962962962963,0.722222222222222,
0.731481481481482,0.740740740740741,0.75,0.759259259259259,0.768518518518519,
0.777777777777778,0.787037037037037,0.796296296296296,0.805555555555556,
0.814814814814815,0.824074074074074,0.833333333333333,0.842592592592593,
0.851851851851852,0.861111111111111,0.87037037037037,0.87962962962963,0.888888888888889,
0.898148148148148,0.907407407407407,0.916666666666667,0.925925925925926,
0.935185185185185,0.944444444444444,0.953703703703704,0.962962962962963,
0.972222222222222,0.981481481481482,0.990740740740741,1.),
 .PIECEWISE_BEZIER_KNOTS.)
CURVE()
GEOMETRIC_REPRESENTATION_ITEM()
RATIONAL_B_SPLINE_CURVE((1.,0.866025403784439,1.,0.866025403784439,1.,0.866025403784439,
1.,0.866025403784439,1.,0.866025403784439,1.,0.866025403784439,1.,0.866025403784439,
1.,0.866025403784439,1.,0.866025403784439,1.,0.866025403784439,1.,0.866025403784439,
1.,0.866025403784439,1.,0.866025403784439,1.,0.866025403784439,1.,0.866025403784439,
1.,0.866025403784439,1.,0.866025403784439,1.,0.866025403784439,1.,0.866025403784439,
1.,0.866025403784439,1.,0.866025403784439,1.,0.866025403784439,1.,0.866025403784439,
1.,0.866025403784439,1.,0.866025403784439,1.,0.866025403784439,1.,0.866025403784439,
1.,0.866025403784439,1.,0.866025403784439,1.,0.866025403784439,1.,0.866025403784439,
1.,0.866025403784439,1.,0.866025403784439,1.,0.866025403784439,1.,0.866025403784439,
1.,0.866025403784439,1.,0.866025403784439,1.,0.866025403784439,1.,0.866025403784439,
1.,0.866025403784439,1.,0.866025403784439,1.,0.866025403784439,1.,0.866025403784439,
1.,0.866025403784439,1.,0.866025403784439,1.,0.866025403784439,1.,0.866025403784439,
1.,0.866025403784439,1.,0.866025403784439,1.,0.866025403784439,1.,0.866025403784439,
1.,0.866025403784439,1.,0.866025403784439,1.,0.866025403784439,1.,0.866025403784439,
1.,0.866025403784439,1.,0.866025403784439,1.,0.866025403784439,1.,0.866025403784439,
1.,0.866025403784439,1.,0.866025403784439,1.,0.866025403784439,1.,0.866025403784439,
1.,0.866025403784439,1.,0.866025403784439,1.,0.866025403784439,1.,0.866025403784439,
1.,0.866025403784439,1.,0.866025403784439,1.,0.866025403784439,1.,0.866025403784439,
1.,0.866025403784439,1.,0.866025403784439,1.,0.866025403784439,1.,0.866025403784439,
1.,0.866025403784439,1.,0.866025403784439,1.,0.866025403784439,1.,0.866025403784439,
1.,0.866025403784439,1.,0.866025403784439,1.,0.866025403784439,1.,0.866025403784439,
1.,0.866025403784439,1.,0.866025403784439,1.,0.866025403784439,1.,0.866025403784439,
1.,0.866025403784439,1.,0.866025403784439,1.,0.866025403784439,1.,0.866025403784439,
1.,0.866025403784439,1.,0.866025403784439,1.,0.866025403784439,1.,0.866025403784439,
1.,0.866025403784439,1.,0.866025403784439,1.,0.866025403784439,1.,0.866025403784439,
1.,0.866025403784439,1.,0.866025403784439,1.,0.866025403784439,1.,0.866025403784439,
1.,0.866025403784439,1.,0.866025403784439,1.,0.866025403784439,1.,0.866025403784439,
1.,0.866025403784439,1.))
REPRESENTATION_ITEM('')
);
#16=(
BOUNDED_CURVE()
B_SPLINE_CURVE(2,(#838,#839,#840,#841,#842,#843,#844,#845,#846,#847,#848,
#849,#850,#851,#852,#853,#854,#855,#856,#857,#858,#859,#860,#861,#862,#863,
#864,#865,#866,#867,#868,#869,#870,#871,#872,#873,#874,#875,#876,#877,#878,
#879,#880,#881,#882,#883,#884,#885,#886,#887,#888,#889,#890,#891,#892,#893,
#894,#895,#896,#897,#898,#899,#900,#901,#902,#903,#904,#905,#906,#907,#908,
#909,#910,#911,#912,#913,#914,#915,#916,#917,#918,#919,#920,#921,#922,#923,
#924,#925,#926,#927,#928,#929,#930,#931,#932,#933,#934,#935,#936,#937,#938,
#939,#940,#941,#942,#943,#944,#945,#946,#947,#948,#949,#950,#951,#952,#953,
#954,#955,#956,#957,#958,#959,#960,#961,#962,#963,#964,#965,#966,#967,#968,
#969,#970,#971,#972,#973,#974,#975,#976,#977,#978,#979,#980,#981,#982,#983,
#984,#985,#986,#987,#988,#989,#990,#991,#992,#993,#994,#995,#996,#997,#998,
#999,#1000,#1001,#1002,#1003,#1004,#1005,#1006,#1007,#1008,#1009,#1010,
#1011,#1012,#1013,#1014,#1015,#1016,#1017,#1018,#1019,#1020,#1021,#1022,
#1023,#1024,#1025,#1026,#1027,#1028,#1029,#1030,#1031,#1032,#1033,#1034,
#1035,#1036,#1037,#1038,#1039,#1040,#1041,#1042,#1043,#1044,#1045,#1046,
#1047,#1048,#1049,#1050,#1051,#1052,#1053,#1054),.UNSPECIFIED.,.F.,.F.)
B_SPLINE_CURVE_WITH_KNOTS((3,2,2,2,2,2,2,2,2,2,2,2,2,2,2,2,2,2,2,2,2,2,
2,2,2,2,2,2,2,2,2,2,2,2,2,2,2,2,2,2,2,2,2,2,2,2,2,2,2,2,2,2,2,2,2,2,2,2,
2,2,2,2,2,2,2,2,2,2,2,2,2,2,2,2,2,2,2,2,2,2,2,2,2,2,2,2,2,2,2,2,2,2,2,2,
2,2,2,2,2,2,2,2,2,2,2,2,2,2,3),(0.,0.00925925925925926,0.0185185185185185,
0.0277777777777778,0.037037037037037,0.0462962962962963,0.0555555555555556,
0.0648148148148148,0.0740740740740741,0.0833333333333333,0.0925925925925926,
0.101851851851852,0.111111111111111,0.12037037037037,0.12962962962963,0.138888888888889,
0.148148148148148,0.157407407407407,0.166666666666667,0.175925925925926,
0.185185185185185,0.194444444444445,0.203703703703703,0.212962962962963,
0.222222222222222,0.231481481481481,0.240740740740741,0.25,0.25925925925926,
0.268518518518518,0.277777777777778,0.287037037037037,0.296296296296297,
0.305555555555555,0.314814814814815,0.324074074074074,0.333333333333334,
0.342592592592592,0.351851851851852,0.361111111111111,0.370370370370371,
0.37962962962963,0.388888888888889,0.398148148148148,0.407407407407407,
0.416666666666667,0.425925925925926,0.435185185185185,0.444444444444444,
0.453703703703704,0.462962962962963,0.472222222222222,0.481481481481482,
0.490740740740741,0.5,0.509259259259259,0.518518518518519,0.527777777777778,
0.537037037037037,0.546296296296296,0.555555555555556,0.564814814814815,
0.574074074074074,0.583333333333333,0.592592592592593,0.601851851851852,
0.611111111111111,0.62037037037037,0.62962962962963,0.638888888888889,0.648148148148148,
0.657407407407407,0.666666666666667,0.675925925925926,0.685185185185185,
0.694444444444444,0.703703703703704,0.712962962962963,0.722222222222222,
0.731481481481482,0.740740740740741,0.75,0.759259259259259,0.768518518518519,
0.777777777777778,0.787037037037037,0.796296296296296,0.805555555555556,
0.814814814814815,0.824074074074074,0.833333333333333,0.842592592592593,
0.851851851851852,0.861111111111111,0.87037037037037,0.87962962962963,0.888888888888889,
0.898148148148148,0.907407407407407,0.916666666666667,0.925925925925926,
0.935185185185185,0.944444444444444,0.953703703703704,0.962962962962963,
0.972222222222222,0.981481481481482,0.990740740740741,1.),
 .PIECEWISE_BEZIER_KNOTS.)
CURVE()
GEOMETRIC_REPRESENTATION_ITEM()
RATIONAL_B_SPLINE_CURVE((1.,0.866025403784439,1.,0.866025403784439,1.,0.866025403784439,
1.,0.866025403784439,1.,0.866025403784439,1.,0.866025403784439,1.,0.866025403784439,
1.,0.866025403784439,1.,0.866025403784439,1.,0.866025403784439,1.,0.866025403784439,
1.,0.866025403784439,1.,0.866025403784439,1.,0.866025403784439,1.,0.866025403784439,
1.,0.866025403784439,1.,0.866025403784439,1.,0.866025403784439,1.,0.866025403784439,
1.,0.866025403784439,1.,0.866025403784439,1.,0.866025403784439,1.,0.866025403784439,
1.,0.866025403784439,1.,0.866025403784439,1.,0.866025403784439,1.,0.866025403784439,
1.,0.866025403784439,1.,0.866025403784439,1.,0.866025403784439,1.,0.866025403784439,
1.,0.866025403784439,1.,0.866025403784439,1.,0.866025403784439,1.,0.866025403784439,
1.,0.866025403784439,1.,0.866025403784439,1.,0.866025403784439,1.,0.866025403784439,
1.,0.866025403784439,1.,0.866025403784439,1.,0.866025403784439,1.,0.866025403784439,
1.,0.866025403784439,1.,0.866025403784439,1.,0.866025403784439,1.,0.866025403784439,
1.,0.866025403784439,1.,0.866025403784439,1.,0.866025403784439,1.,0.866025403784439,
1.,0.866025403784439,1.,0.866025403784439,1.,0.866025403784439,1.,0.866025403784439,
1.,0.866025403784439,1.,0.866025403784439,1.,0.866025403784439,1.,0.866025403784439,
1.,0.866025403784439,1.,0.866025403784439,1.,0.866025403784439,1.,0.866025403784439,
1.,0.866025403784439,1.,0.866025403784439,1.,0.866025403784439,1.,0.866025403784439,
1.,0.866025403784439,1.,0.866025403784439,1.,0.866025403784439,1.,0.866025403784439,
1.,0.866025403784439,1.,0.866025403784439,1.,0.866025403784439,1.,0.866025403784439,
1.,0.866025403784439,1.,0.866025403784439,1.,0.866025403784439,1.,0.866025403784439,
1.,0.866025403784439,1.,0.866025403784439,1.,0.866025403784439,1.,0.866025403784439,
1.,0.866025403784439,1.,0.866025403784439,1.,0.866025403784439,1.,0.866025403784439,
1.,0.866025403784439,1.,0.866025403784439,1.,0.866025403784439,1.,0.866025403784439,
1.,0.866025403784439,1.,0.866025403784439,1.,0.866025403784439,1.,0.866025403784439,
1.,0.866025403784439,1.,0.866025403784439,1.,0.866025403784439,1.,0.866025403784439,
1.,0.866025403784439,1.,0.866025403784439,1.,0.866025403784439,1.,0.866025403784439,
1.,0.866025403784439,1.,0.866025403784439,1.,0.866025403784439,1.,0.866025403784439,
1.,0.866025403784439,1.))
REPRESENTATION_ITEM('')
);
#17=(
BOUNDED_CURVE()
B_SPLINE_CURVE(2,(#1205,#1206,#1207,#1208,#1209,#1210,#1211,#1212,#1213,
#1214,#1215,#1216,#1217,#1218,#1219,#1220,#1221,#1222,#1223,#1224,#1225,
#1226,#1227,#1228,#1229,#1230,#1231,#1232,#1233,#1234,#1235,#1236,#1237,
#1238,#1239,#1240,#1241,#1242,#1243,#1244,#1245,#1246,#1247,#1248,#1249,
#1250,#1251,#1252,#1253,#1254,#1255,#1256,#1257,#1258,#1259,#1260,#1261,
#1262,#1263,#1264,#1265,#1266,#1267,#1268,#1269,#1270,#1271,#1272,#1273,
#1274,#1275,#1276,#1277,#1278,#1279,#1280,#1281,#1282,#1283,#1284,#1285,
#1286,#1287,#1288,#1289,#1290,#1291,#1292,#1293,#1294,#1295,#1296,#1297,
#1298,#1299,#1300,#1301,#1302,#1303,#1304,#1305,#1306,#1307,#1308,#1309,
#1310,#1311,#1312,#1313,#1314,#1315,#1316,#1317,#1318,#1319,#1320,#1321,
#1322,#1323,#1324,#1325,#1326,#1327,#1328,#1329,#1330,#1331,#1332,#1333,
#1334,#1335,#1336,#1337,#1338,#1339,#1340,#1341,#1342,#1343,#1344,#1345,
#1346,#1347,#1348,#1349,#1350,#1351,#1352,#1353,#1354,#1355,#1356,#1357,
#1358,#1359,#1360,#1361,#1362,#1363,#1364,#1365,#1366,#1367,#1368,#1369,
#1370,#1371,#1372,#1373,#1374,#1375,#1376,#1377,#1378,#1379,#1380,#1381,
#1382,#1383,#1384,#1385,#1386,#1387,#1388,#1389,#1390,#1391,#1392,#1393,
#1394,#1395,#1396,#1397,#1398,#1399,#1400,#1401,#1402,#1403,#1404,#1405,
#1406,#1407,#1408,#1409,#1410,#1411,#1412,#1413,#1414,#1415,#1416,#1417,
#1418,#1419,#1420,#1421),.UNSPECIFIED.,.F.,.F.)
B_SPLINE_CURVE_WITH_KNOTS((3,2,2,2,2,2,2,2,2,2,2,2,2,2,2,2,2,2,2,2,2,2,
2,2,2,2,2,2,2,2,2,2,2,2,2,2,2,2,2,2,2,2,2,2,2,2,2,2,2,2,2,2,2,2,2,2,2,2,
2,2,2,2,2,2,2,2,2,2,2,2,2,2,2,2,2,2,2,2,2,2,2,2,2,2,2,2,2,2,2,2,2,2,2,2,
2,2,2,2,2,2,2,2,2,2,2,2,2,2,3),(0.,0.00925925925925926,0.0185185185185185,
0.0277777777777778,0.037037037037037,0.0462962962962963,0.0555555555555556,
0.0648148148148148,0.0740740740740741,0.0833333333333333,0.0925925925925926,
0.101851851851852,0.111111111111111,0.12037037037037,0.12962962962963,0.138888888888889,
0.148148148148148,0.157407407407407,0.166666666666667,0.175925925925926,
0.185185185185185,0.194444444444445,0.203703703703703,0.212962962962963,
0.222222222222222,0.231481481481481,0.240740740740741,0.25,0.25925925925926,
0.268518518518518,0.277777777777778,0.287037037037037,0.296296296296297,
0.305555555555555,0.314814814814815,0.324074074074074,0.333333333333334,
0.342592592592592,0.351851851851852,0.361111111111111,0.370370370370371,
0.37962962962963,0.388888888888889,0.398148148148148,0.407407407407407,
0.416666666666667,0.425925925925926,0.435185185185185,0.444444444444444,
0.453703703703704,0.462962962962963,0.472222222222222,0.481481481481482,
0.490740740740741,0.5,0.509259259259259,0.518518518518519,0.527777777777778,
0.537037037037037,0.546296296296296,0.555555555555556,0.564814814814815,
0.574074074074074,0.583333333333333,0.592592592592593,0.601851851851852,
0.611111111111111,0.62037037037037,0.62962962962963,0.638888888888889,0.648148148148148,
0.657407407407407,0.666666666666667,0.675925925925926,0.685185185185185,
0.694444444444444,0.703703703703704,0.712962962962963,0.722222222222222,
0.731481481481482,0.740740740740741,0.75,0.759259259259259,0.768518518518519,
0.777777777777778,0.787037037037037,0.796296296296296,0.805555555555556,
0.814814814814815,0.824074074074074,0.833333333333333,0.842592592592593,
0.851851851851852,0.861111111111111,0.87037037037037,0.87962962962963,0.888888888888889,
0.898148148148148,0.907407407407407,0.916666666666667,0.925925925925926,
0.935185185185185,0.944444444444444,0.953703703703704,0.962962962962963,
0.972222222222222,0.981481481481482,0.990740740740741,1.),.UNSPECIFIED.)
CURVE()
GEOMETRIC_REPRESENTATION_ITEM()
RATIONAL_B_SPLINE_CURVE((1.,0.866025403784439,1.,0.866025403784439,1.,0.866025403784439,
1.,0.866025403784439,1.,0.866025403784439,1.,0.866025403784439,1.,0.866025403784439,
1.,0.866025403784439,1.,0.866025403784439,1.,0.866025403784439,1.,0.866025403784439,
1.,0.866025403784439,1.,0.866025403784439,1.,0.866025403784439,1.,0.866025403784439,
1.,0.866025403784439,1.,0.866025403784439,1.,0.866025403784439,1.,0.866025403784439,
1.,0.866025403784439,1.,0.866025403784439,1.,0.866025403784439,1.,0.866025403784439,
1.,0.866025403784439,1.,0.866025403784439,1.,0.866025403784439,1.,0.866025403784439,
1.,0.866025403784439,1.,0.866025403784439,1.,0.866025403784439,1.,0.866025403784439,
1.,0.866025403784439,1.,0.866025403784439,1.,0.866025403784439,1.,0.866025403784439,
1.,0.866025403784439,1.,0.866025403784439,1.,0.866025403784439,1.,0.866025403784439,
1.,0.866025403784439,1.,0.866025403784439,1.,0.866025403784439,1.,0.866025403784439,
1.,0.866025403784439,1.,0.866025403784439,1.,0.866025403784439,1.,0.866025403784439,
1.,0.866025403784439,1.,0.866025403784439,1.,0.866025403784439,1.,0.866025403784439,
1.,0.866025403784439,1.,0.866025403784439,1.,0.866025403784439,1.,0.866025403784439,
1.,0.866025403784439,1.,0.866025403784439,1.,0.866025403784439,1.,0.866025403784439,
1.,0.866025403784439,1.,0.866025403784439,1.,0.866025403784439,1.,0.866025403784439,
1.,0.866025403784439,1.,0.866025403784439,1.,0.866025403784439,1.,0.866025403784439,
1.,0.866025403784439,1.,0.866025403784439,1.,0.866025403784439,1.,0.866025403784439,
1.,0.866025403784439,1.,0.866025403784439,1.,0.866025403784439,1.,0.866025403784439,
1.,0.866025403784439,1.,0.866025403784439,1.,0.866025403784439,1.,0.866025403784439,
1.,0.866025403784439,1.,0.866025403784439,1.,0.866025403784439,1.,0.866025403784439,
1.,0.866025403784439,1.,0.866025403784439,1.,0.866025403784439,1.,0.866025403784439,
1.,0.866025403784439,1.,0.866025403784439,1.,0.866025403784439,1.,0.866025403784439,
1.,0.866025403784439,1.,0.866025403784439,1.,0.866025403784439,1.,0.866025403784439,
1.,0.866025403784439,1.,0.866025403784439,1.,0.866025403784439,1.,0.866025403784439,
1.,0.866025403784439,1.,0.866025403784439,1.,0.866025403784439,1.,0.866025403784439,
1.,0.866025403784439,1.,0.866025403784439,1.,0.866025403784439,1.,0.866025403784439,
1.,0.866025403784439,1.))
REPRESENTATION_ITEM('')
);
#18=CYLINDRICAL_SURFACE('',#386,0.0825874047833929);
#19=CYLINDRICAL_SURFACE('',#390,0.0793444453917172);
#20=CYLINDRICAL_SURFACE('',#392,0.0816377391406889);
#21=CYLINDRICAL_SURFACE('',#395,0.0299642073312219);
#22=CYLINDRICAL_SURFACE('',#400,0.0307823892114895);
#23=CYLINDRICAL_SURFACE('',#403,0.002493645);
#24=CYLINDRICAL_SURFACE('',#405,0.002493645);
#25=CYLINDRICAL_SURFACE('',#407,0.002493645);
#26=CYLINDRICAL_SURFACE('',#409,0.002493645);
#27=CYLINDRICAL_SURFACE('',#410,0.00218804985478464);
#28=B_SPLINE_CURVE_WITH_KNOTS('',3,(#542,#543,#544,#545,#546,#547,#548),
 .UNSPECIFIED.,.F.,.F.,(4,1,1,1,4),(1.04625509644851E-17,0.00140632498858634,
0.00281264997717267,0.00421897496575901,0.00562529995434534),
 .UNSPECIFIED.);
#29=B_SPLINE_CURVE_WITH_KNOTS('',3,(#550,#551,#552,#553,#554,#555,#556),
 .UNSPECIFIED.,.F.,.F.,(4,1,1,1,4),(1.8557779827235E-17,0.00140295525879347,
0.00280591051758691,0.00420886577638036,0.00561182103517381),
 .UNSPECIFIED.);
#30=B_SPLINE_CURVE_WITH_KNOTS('',3,(#1423,#1424,#1425,#1426,#1427),
 .UNSPECIFIED.,.F.,.F.,(4,1,4),(0.00168609562104635,0.00337023989698005,
0.00505438417291374),.UNSPECIFIED.);
#31=B_SPLINE_CURVE_WITH_KNOTS('',3,(#1578,#1579,#1580,#1581,#1582,#1583,
#1584,#1585),.UNSPECIFIED.,.F.,.F.,(4,1,1,1,1,4),(-0.0232551570714783,-0.0222706779737284,
-0.0212861988759785,-0.0193172406804787,-0.0173482824849789,-0.0153793242894791),
 .UNSPECIFIED.);
#32=CIRCLE('',#373,0.002493645);
#33=CIRCLE('',#374,0.002493645);
#34=CIRCLE('',#375,0.002493645);
#35=CIRCLE('',#376,0.002493645);
#36=CIRCLE('',#377,0.0825874047833929);
#37=CIRCLE('',#378,0.00218804985478464);
#38=CIRCLE('',#380,0.0793444453917172);
#39=CIRCLE('',#381,0.0307823892114895);
#40=CIRCLE('',#382,0.002493645);
#41=CIRCLE('',#383,0.002493645);
#42=CIRCLE('',#384,0.002493645);
#43=CIRCLE('',#385,0.002493645);
#44=CIRCLE('',#387,0.0825874047833929);
#45=CIRCLE('',#389,0.0816377391406889);
#46=CIRCLE('',#391,0.0793444453917172);
#47=CIRCLE('',#393,0.0816377391406889);
#48=CIRCLE('',#396,0.0299642073312219);
#49=CIRCLE('',#397,0.0299642073312219);
#50=CIRCLE('',#399,0.0307823892114895);
#51=CIRCLE('',#411,0.00218804985478461);
#52=CIRCLE('',#413,0.00139365774564034);
#53=ORIENTED_EDGE('',*,*,#141,.F.);
#54=ORIENTED_EDGE('',*,*,#142,.T.);
#55=ORIENTED_EDGE('',*,*,#143,.T.);
#56=ORIENTED_EDGE('',*,*,#144,.T.);
#57=ORIENTED_EDGE('',*,*,#145,.T.);
#58=ORIENTED_EDGE('',*,*,#146,.T.);
#59=ORIENTED_EDGE('',*,*,#147,.F.);
#60=ORIENTED_EDGE('',*,*,#148,.T.);
#61=ORIENTED_EDGE('',*,*,#149,.F.);
#62=ORIENTED_EDGE('',*,*,#150,.F.);
#63=ORIENTED_EDGE('',*,*,#151,.F.);
#64=ORIENTED_EDGE('',*,*,#152,.F.);
#65=ORIENTED_EDGE('',*,*,#153,.F.);
#66=ORIENTED_EDGE('',*,*,#154,.T.);
#67=ORIENTED_EDGE('',*,*,#155,.F.);
#68=ORIENTED_EDGE('',*,*,#156,.T.);
#69=ORIENTED_EDGE('',*,*,#157,.F.);
#70=ORIENTED_EDGE('',*,*,#158,.T.);
#71=ORIENTED_EDGE('',*,*,#159,.F.);
#72=ORIENTED_EDGE('',*,*,#160,.F.);
#73=ORIENTED_EDGE('',*,*,#161,.F.);
#74=ORIENTED_EDGE('',*,*,#162,.F.);
#75=ORIENTED_EDGE('',*,*,#149,.T.);
#76=ORIENTED_EDGE('',*,*,#163,.F.);
#77=ORIENTED_EDGE('',*,*,#163,.T.);
#78=ORIENTED_EDGE('',*,*,#164,.T.);
#79=ORIENTED_EDGE('',*,*,#165,.F.);
#80=ORIENTED_EDGE('',*,*,#153,.T.);
#81=ORIENTED_EDGE('',*,*,#166,.T.);
#82=ORIENTED_EDGE('',*,*,#164,.F.);
#83=ORIENTED_EDGE('',*,*,#165,.T.);
#84=ORIENTED_EDGE('',*,*,#166,.F.);
#85=ORIENTED_EDGE('',*,*,#167,.F.);
#86=ORIENTED_EDGE('',*,*,#168,.T.);
#87=ORIENTED_EDGE('',*,*,#167,.T.);
#88=ORIENTED_EDGE('',*,*,#169,.F.);
#89=ORIENTED_EDGE('',*,*,#169,.T.);
#90=ORIENTED_EDGE('',*,*,#154,.F.);
#91=ORIENTED_EDGE('',*,*,#168,.F.);
#92=ORIENTED_EDGE('',*,*,#141,.T.);
#93=ORIENTED_EDGE('',*,*,#170,.T.);
#94=ORIENTED_EDGE('',*,*,#156,.F.);
#95=ORIENTED_EDGE('',*,*,#171,.F.);
#96=ORIENTED_EDGE('',*,*,#171,.T.);
#97=ORIENTED_EDGE('',*,*,#155,.T.);
#98=ORIENTED_EDGE('',*,*,#172,.F.);
#99=ORIENTED_EDGE('',*,*,#142,.F.);
#100=ORIENTED_EDGE('',*,*,#172,.T.);
#101=ORIENTED_EDGE('',*,*,#162,.T.);
#102=ORIENTED_EDGE('',*,*,#173,.F.);
#103=ORIENTED_EDGE('',*,*,#143,.F.);
#104=ORIENTED_EDGE('',*,*,#173,.T.);
#105=ORIENTED_EDGE('',*,*,#161,.T.);
#106=ORIENTED_EDGE('',*,*,#174,.F.);
#107=ORIENTED_EDGE('',*,*,#144,.F.);
#108=ORIENTED_EDGE('',*,*,#174,.T.);
#109=ORIENTED_EDGE('',*,*,#160,.T.);
#110=ORIENTED_EDGE('',*,*,#175,.F.);
#111=ORIENTED_EDGE('',*,*,#145,.F.);
#112=ORIENTED_EDGE('',*,*,#175,.T.);
#113=ORIENTED_EDGE('',*,*,#159,.T.);
#114=ORIENTED_EDGE('',*,*,#176,.F.);
#115=ORIENTED_EDGE('',*,*,#146,.F.);
#116=ORIENTED_EDGE('',*,*,#147,.T.);
#117=ORIENTED_EDGE('',*,*,#176,.T.);
#118=ORIENTED_EDGE('',*,*,#158,.F.);
#119=ORIENTED_EDGE('',*,*,#177,.F.);
#120=ORIENTED_EDGE('',*,*,#177,.T.);
#121=ORIENTED_EDGE('',*,*,#157,.T.);
#122=ORIENTED_EDGE('',*,*,#170,.F.);
#123=ORIENTED_EDGE('',*,*,#148,.F.);
#124=ORIENTED_EDGE('',*,*,#150,.T.);
#125=ORIENTED_EDGE('',*,*,#178,.T.);
#126=ORIENTED_EDGE('',*,*,#179,.F.);
#127=ORIENTED_EDGE('',*,*,#180,.T.);
#128=ORIENTED_EDGE('',*,*,#152,.T.);
#129=ORIENTED_EDGE('',*,*,#181,.T.);
#130=ORIENTED_EDGE('',*,*,#182,.T.);
#131=ORIENTED_EDGE('',*,*,#178,.F.);
#132=ORIENTED_EDGE('',*,*,#151,.T.);
#133=ORIENTED_EDGE('',*,*,#180,.F.);
#134=ORIENTED_EDGE('',*,*,#183,.T.);
#135=ORIENTED_EDGE('',*,*,#181,.F.);
#136=ORIENTED_EDGE('',*,*,#183,.F.);
#137=ORIENTED_EDGE('',*,*,#179,.T.);
#138=ORIENTED_EDGE('',*,*,#182,.F.);
#139=ORIENTED_EDGE('',*,*,#184,.F.);
#140=ORIENTED_EDGE('',*,*,#184,.T.);
#141=EDGE_CURVE('',#185,#186,#218,.T.);
#142=EDGE_CURVE('',#185,#187,#32,.T.);
#143=EDGE_CURVE('',#187,#188,#219,.T.);
#144=EDGE_CURVE('',#188,#189,#33,.T.);
#145=EDGE_CURVE('',#189,#190,#220,.T.);
#146=EDGE_CURVE('',#190,#191,#34,.T.);
#147=EDGE_CURVE('',#192,#191,#221,.T.);
#148=EDGE_CURVE('',#192,#186,#35,.T.);
#149=EDGE_CURVE('',#193,#193,#36,.T.);
#150=EDGE_CURVE('',#194,#195,#37,.F.);
#151=EDGE_CURVE('',#196,#194,#28,.T.);
#152=EDGE_CURVE('',#195,#196,#29,.T.);
#153=EDGE_CURVE('',#197,#197,#38,.T.);
#154=EDGE_CURVE('',#198,#198,#39,.F.);
#155=EDGE_CURVE('',#199,#200,#40,.T.);
#156=EDGE_CURVE('',#199,#201,#222,.T.);
#157=EDGE_CURVE('',#202,#201,#41,.T.);
#158=EDGE_CURVE('',#202,#203,#223,.T.);
#159=EDGE_CURVE('',#204,#203,#42,.T.);
#160=EDGE_CURVE('',#205,#204,#224,.T.);
#161=EDGE_CURVE('',#206,#205,#43,.T.);
#162=EDGE_CURVE('',#200,#206,#225,.T.);
#163=EDGE_CURVE('',#207,#207,#44,.T.);
#164=EDGE_CURVE('',#208,#208,#45,.F.);
#165=EDGE_CURVE('',#209,#209,#46,.T.);
#166=EDGE_CURVE('',#210,#210,#47,.T.);
#167=EDGE_CURVE('',#211,#211,#48,.T.);
#168=EDGE_CURVE('',#212,#212,#49,.T.);
#169=EDGE_CURVE('',#213,#213,#50,.T.);
#170=EDGE_CURVE('',#186,#201,#226,.T.);
#171=EDGE_CURVE('',#185,#199,#227,.T.);
#172=EDGE_CURVE('',#187,#200,#228,.T.);
#173=EDGE_CURVE('',#188,#206,#229,.T.);
#174=EDGE_CURVE('',#189,#205,#230,.T.);
#175=EDGE_CURVE('',#190,#204,#231,.T.);
#176=EDGE_CURVE('',#191,#203,#232,.T.);
#177=EDGE_CURVE('',#192,#202,#233,.T.);
#178=EDGE_CURVE('',#195,#214,#15,.T.);
#179=EDGE_CURVE('',#215,#214,#51,.T.);
#180=EDGE_CURVE('',#215,#194,#16,.F.);
#181=EDGE_CURVE('',#196,#216,#17,.T.);
#182=EDGE_CURVE('',#216,#214,#30,.F.);
#183=EDGE_CURVE('',#215,#216,#31,.F.);
#184=EDGE_CURVE('',#217,#217,#52,.T.);
#185=VERTEX_POINT('',#522);
#186=VERTEX_POINT('',#523);
#187=VERTEX_POINT('',#525);
#188=VERTEX_POINT('',#527);
#189=VERTEX_POINT('',#529);
#190=VERTEX_POINT('',#531);
#191=VERTEX_POINT('',#533);
#192=VERTEX_POINT('',#535);
#193=VERTEX_POINT('',#538);
#194=VERTEX_POINT('',#540);
#195=VERTEX_POINT('',#541);
#196=VERTEX_POINT('',#549);
#197=VERTEX_POINT('',#559);
#198=VERTEX_POINT('',#561);
#199=VERTEX_POINT('',#563);
#200=VERTEX_POINT('',#564);
#201=VERTEX_POINT('',#566);
#202=VERTEX_POINT('',#568);
#203=VERTEX_POINT('',#570);
#204=VERTEX_POINT('',#572);
#205=VERTEX_POINT('',#574);
#206=VERTEX_POINT('',#576);
#207=VERTEX_POINT('',#580);
#208=VERTEX_POINT('',#583);
#209=VERTEX_POINT('',#586);
#210=VERTEX_POINT('',#589);
#211=VERTEX_POINT('',#593);
#212=VERTEX_POINT('',#595);
#213=VERTEX_POINT('',#598);
#214=VERTEX_POINT('',#835);
#215=VERTEX_POINT('',#837);
#216=VERTEX_POINT('',#1422);
#217=VERTEX_POINT('',#1588);
#218=LINE('',#521,#234);
#219=LINE('',#526,#235);
#220=LINE('',#530,#236);
#221=LINE('',#534,#237);
#222=LINE('',#565,#238);
#223=LINE('',#569,#239);
#224=LINE('',#573,#240);
#225=LINE('',#577,#241);
#226=LINE('',#602,#242);
#227=LINE('',#603,#243);
#228=LINE('',#605,#244);
#229=LINE('',#607,#245);
#230=LINE('',#609,#246);
#231=LINE('',#611,#247);
#232=LINE('',#613,#248);
#233=LINE('',#615,#249);
#234=VECTOR('',#419,1.);
#235=VECTOR('',#422,1.);
#236=VECTOR('',#425,1.);
#237=VECTOR('',#428,1.);
#238=VECTOR('',#443,1.);
#239=VECTOR('',#446,1.);
#240=VECTOR('',#449,1.);
#241=VECTOR('',#452,1.);
#242=VECTOR('',#487,1.);
#243=VECTOR('',#488,1.);
#244=VECTOR('',#491,1.);
#245=VECTOR('',#494,1.);
#246=VECTOR('',#497,1.);
#247=VECTOR('',#500,1.);
#248=VECTOR('',#503,1.);
#249=VECTOR('',#506,1.);
#250=EDGE_LOOP('',(#53,#54,#55,#56,#57,#58,#59,#60));
#251=EDGE_LOOP('',(#61));
#252=EDGE_LOOP('',(#62,#63,#64));
#253=EDGE_LOOP('',(#65));
#254=EDGE_LOOP('',(#66));
#255=EDGE_LOOP('',(#67,#68,#69,#70,#71,#72,#73,#74));
#256=EDGE_LOOP('',(#75));
#257=EDGE_LOOP('',(#76));
#258=EDGE_LOOP('',(#77));
#259=EDGE_LOOP('',(#78));
#260=EDGE_LOOP('',(#79));
#261=EDGE_LOOP('',(#80));
#262=EDGE_LOOP('',(#81));
#263=EDGE_LOOP('',(#82));
#264=EDGE_LOOP('',(#83));
#265=EDGE_LOOP('',(#84));
#266=EDGE_LOOP('',(#85));
#267=EDGE_LOOP('',(#86));
#268=EDGE_LOOP('',(#87));
#269=EDGE_LOOP('',(#88));
#270=EDGE_LOOP('',(#89));
#271=EDGE_LOOP('',(#90));
#272=EDGE_LOOP('',(#91));
#273=EDGE_LOOP('',(#92,#93,#94,#95));
#274=EDGE_LOOP('',(#96,#97,#98,#99));
#275=EDGE_LOOP('',(#100,#101,#102,#103));
#276=EDGE_LOOP('',(#104,#105,#106,#107));
#277=EDGE_LOOP('',(#108,#109,#110,#111));
#278=EDGE_LOOP('',(#112,#113,#114,#115));
#279=EDGE_LOOP('',(#116,#117,#118,#119));
#280=EDGE_LOOP('',(#120,#121,#122,#123));
#281=EDGE_LOOP('',(#124,#125,#126,#127));
#282=EDGE_LOOP('',(#128,#129,#130,#131));
#283=EDGE_LOOP('',(#132,#133,#134,#135));
#284=EDGE_LOOP('',(#136,#137,#138));
#285=EDGE_LOOP('',(#139));
#286=EDGE_LOOP('',(#140));
#287=FACE_BOUND('',#250,.T.);
#288=FACE_BOUND('',#251,.T.);
#289=FACE_BOUND('',#252,.T.);
#290=FACE_BOUND('',#253,.T.);
#291=FACE_BOUND('',#254,.T.);
#292=FACE_BOUND('',#255,.T.);
#293=FACE_BOUND('',#256,.T.);
#294=FACE_BOUND('',#257,.T.);
#295=FACE_BOUND('',#258,.T.);
#296=FACE_BOUND('',#259,.T.);
#297=FACE_BOUND('',#260,.T.);
#298=FACE_BOUND('',#261,.T.);
#299=FACE_BOUND('',#262,.T.);
#300=FACE_BOUND('',#263,.T.);
#301=FACE_BOUND('',#264,.T.);
#302=FACE_BOUND('',#265,.T.);
#303=FACE_BOUND('',#266,.T.);
#304=FACE_BOUND('',#267,.T.);
#305=FACE_BOUND('',#268,.T.);
#306=FACE_BOUND('',#269,.T.);
#307=FACE_BOUND('',#270,.T.);
#308=FACE_BOUND('',#271,.T.);
#309=FACE_BOUND('',#272,.T.);
#310=FACE_BOUND('',#273,.T.);
#311=FACE_BOUND('',#274,.T.);
#312=FACE_BOUND('',#275,.T.);
#313=FACE_BOUND('',#276,.T.);
#314=FACE_BOUND('',#277,.T.);
#315=FACE_BOUND('',#278,.T.);
#316=FACE_BOUND('',#279,.T.);
#317=FACE_BOUND('',#280,.T.);
#318=FACE_BOUND('',#281,.T.);
#319=FACE_BOUND('',#282,.T.);
#320=FACE_BOUND('',#283,.T.);
#321=FACE_BOUND('',#284,.T.);
#322=FACE_BOUND('',#285,.T.);
#323=FACE_BOUND('',#286,.T.);
#324=PLANE('',#372);
#325=PLANE('',#379);
#326=PLANE('',#388);
#327=PLANE('',#394);
#328=PLANE('',#398);
#329=PLANE('',#401);
#330=PLANE('',#402);
#331=PLANE('',#404);
#332=PLANE('',#406);
#333=PLANE('',#408);
#334=PLANE('',#414);
#335=ADVANCED_FACE('',(#287,#288,#289),#324,.F.);
#336=ADVANCED_FACE('',(#290,#291,#292),#325,.T.);
#337=ADVANCED_FACE('',(#293,#294),#18,.T.);
#338=ADVANCED_FACE('',(#295,#296),#326,.T.);
#339=ADVANCED_FACE('',(#297,#298),#19,.T.);
#340=ADVANCED_FACE('',(#299,#300),#20,.F.);
#341=ADVANCED_FACE('',(#301,#302),#327,.F.);
#342=ADVANCED_FACE('',(#303,#304),#21,.T.);
#343=ADVANCED_FACE('',(#305,#306),#328,.F.);
#344=ADVANCED_FACE('',(#307,#308),#22,.F.);
#345=ADVANCED_FACE('',(#309),#329,.T.);
#346=ADVANCED_FACE('',(#310),#330,.T.);
#347=ADVANCED_FACE('',(#311),#23,.F.);
#348=ADVANCED_FACE('',(#312),#331,.F.);
#349=ADVANCED_FACE('',(#313),#24,.F.);
#350=ADVANCED_FACE('',(#314),#332,.F.);
#351=ADVANCED_FACE('',(#315),#25,.F.);
#352=ADVANCED_FACE('',(#316),#333,.T.);
#353=ADVANCED_FACE('',(#317),#26,.F.);
#354=ADVANCED_FACE('',(#318),#27,.F.);
#355=ADVANCED_FACE('',(#319),#13,.T.);
#356=ADVANCED_FACE('',(#320),#14,.T.);
#357=ADVANCED_FACE('',(#321,#322),#12,.F.);
#358=ADVANCED_FACE('',(#323),#334,.T.);
#359=CLOSED_SHELL('',(#335,#336,#337,#338,#339,#340,#341,#342,#343,#344,
#345,#346,#347,#348,#349,#350,#351,#352,#353,#354,#355,#356,#357,#358));
#360=STYLED_ITEM('',(#361),#368);
#361=PRESENTATION_STYLE_ASSIGNMENT((#362));
#362=SURFACE_STYLE_USAGE(.BOTH.,#363);
#363=SURFACE_SIDE_STYLE('',(#364));
#364=SURFACE_STYLE_FILL_AREA(#365);
#365=FILL_AREA_STYLE('',(#366));
#366=FILL_AREA_STYLE_COLOUR('',#367);
#367=COLOUR_RGB('',0.0862745098039216,0.31764705882353,0.690196078431373);
#368=MANIFOLD_SOLID_BREP('Part 2',#359);
#369=SHAPE_DEFINITION_REPRESENTATION(#1596,#370);
#370=SHAPE_REPRESENTATION('Part 2',(#371),#1591);
#371=AXIS2_PLACEMENT_3D('',#519,#415,#416);
#372=AXIS2_PLACEMENT_3D('',#520,#417,#418);
#373=AXIS2_PLACEMENT_3D('',#524,#420,#421);
#374=AXIS2_PLACEMENT_3D('',#528,#423,#424);
#375=AXIS2_PLACEMENT_3D('',#532,#426,#427);
#376=AXIS2_PLACEMENT_3D('',#536,#429,#430);
#377=AXIS2_PLACEMENT_3D('',#537,#431,#432);
#378=AXIS2_PLACEMENT_3D('',#539,#433,#434);
#379=AXIS2_PLACEMENT_3D('',#557,#435,#436);
#380=AXIS2_PLACEMENT_3D('',#558,#437,#438);
#381=AXIS2_PLACEMENT_3D('',#560,#439,#440);
#382=AXIS2_PLACEMENT_3D('',#562,#441,#442);
#383=AXIS2_PLACEMENT_3D('',#567,#444,#445);
#384=AXIS2_PLACEMENT_3D('',#571,#447,#448);
#385=AXIS2_PLACEMENT_3D('',#575,#450,#451);
#386=AXIS2_PLACEMENT_3D('',#578,#453,#454);
#387=AXIS2_PLACEMENT_3D('',#579,#455,#456);
#388=AXIS2_PLACEMENT_3D('',#581,#457,#458);
#389=AXIS2_PLACEMENT_3D('',#582,#459,#460);
#390=AXIS2_PLACEMENT_3D('',#584,#461,#462);
#391=AXIS2_PLACEMENT_3D('',#585,#463,#464);
#392=AXIS2_PLACEMENT_3D('',#587,#465,#466);
#393=AXIS2_PLACEMENT_3D('',#588,#467,#468);
#394=AXIS2_PLACEMENT_3D('',#590,#469,#470);
#395=AXIS2_PLACEMENT_3D('',#591,#471,#472);
#396=AXIS2_PLACEMENT_3D('',#592,#473,#474);
#397=AXIS2_PLACEMENT_3D('',#594,#475,#476);
#398=AXIS2_PLACEMENT_3D('',#596,#477,#478);
#399=AXIS2_PLACEMENT_3D('',#597,#479,#480);
#400=AXIS2_PLACEMENT_3D('',#599,#481,#482);
#401=AXIS2_PLACEMENT_3D('',#600,#483,#484);
#402=AXIS2_PLACEMENT_3D('',#601,#485,#486);
#403=AXIS2_PLACEMENT_3D('',#604,#489,#490);
#404=AXIS2_PLACEMENT_3D('',#606,#492,#493);
#405=AXIS2_PLACEMENT_3D('',#608,#495,#496);
#406=AXIS2_PLACEMENT_3D('',#610,#498,#499);
#407=AXIS2_PLACEMENT_3D('',#612,#501,#502);
#408=AXIS2_PLACEMENT_3D('',#614,#504,#505);
#409=AXIS2_PLACEMENT_3D('',#616,#507,#508);
#410=AXIS2_PLACEMENT_3D('',#617,#509,#510);
#411=AXIS2_PLACEMENT_3D('',#836,#511,#512);
#412=AXIS2_PLACEMENT_3D('',#1586,#513,#514);
#413=AXIS2_PLACEMENT_3D('',#1587,#515,#516);
#414=AXIS2_PLACEMENT_3D('',#1589,#517,#518);
#415=DIRECTION('',(0.,0.,1.));
#416=DIRECTION('',(1.,0.,0.));
#417=DIRECTION('',(0.,0.,1.));
#418=DIRECTION('',(1.,0.,0.));
#419=DIRECTION('',(-0.138820323778016,-0.990317584265859,0.));
#420=DIRECTION('',(0.,0.,1.));
#421=DIRECTION('',(1.,0.,0.));
#422=DIRECTION('',(-1.,0.,0.));
#423=DIRECTION('',(0.,0.,1.));
#424=DIRECTION('',(1.,0.,0.));
#425=DIRECTION('',(0.138820323778016,-0.990317584265859,0.));
#426=DIRECTION('',(0.,0.,1.));
#427=DIRECTION('',(1.,0.,0.));
#428=DIRECTION('',(-1.,-1.81430997492452E-14,0.));
#429=DIRECTION('',(0.,0.,1.));
#430=DIRECTION('',(1.,0.,0.));
#431=DIRECTION('',(0.,0.,1.));
#432=DIRECTION('',(1.,0.,0.));
#433=DIRECTION('',(0.,0.,1.));
#434=DIRECTION('',(1.,0.,0.));
#435=DIRECTION('',(0.,0.,1.));
#436=DIRECTION('',(1.,0.,0.));
#437=DIRECTION('',(0.,0.,-1.));
#438=DIRECTION('',(-1.,0.,0.));
#439=DIRECTION('',(0.,0.,1.));
#440=DIRECTION('',(1.,0.,0.));
#441=DIRECTION('',(0.,0.,1.));
#442=DIRECTION('',(1.,0.,0.));
#443=DIRECTION('',(-0.138820323778016,-0.990317584265859,0.));
#444=DIRECTION('',(0.,0.,1.));
#445=DIRECTION('',(1.,0.,0.));
#446=DIRECTION('',(-1.,-1.81430997492452E-14,0.));
#447=DIRECTION('',(0.,0.,1.));
#448=DIRECTION('',(1.,0.,0.));
#449=DIRECTION('',(0.138820323778016,-0.990317584265859,0.));
#450=DIRECTION('',(0.,0.,1.));
#451=DIRECTION('',(1.,0.,0.));
#452=DIRECTION('',(-1.,0.,0.));
#453=DIRECTION('',(0.,0.,1.));
#454=DIRECTION('',(1.,0.,0.));
#455=DIRECTION('',(0.,0.,1.));
#456=DIRECTION('',(1.,0.,0.));
#457=DIRECTION('',(0.,0.,1.));
#458=DIRECTION('',(1.,0.,0.));
#459=DIRECTION('',(0.,0.,1.));
#460=DIRECTION('',(1.,0.,0.));
#461=DIRECTION('',(0.,0.,1.));
#462=DIRECTION('',(1.,0.,0.));
#463=DIRECTION('',(0.,0.,-1.));
#464=DIRECTION('',(-1.,0.,0.));
#465=DIRECTION('',(0.,0.,1.));
#466=DIRECTION('',(1.,0.,0.));
#467=DIRECTION('',(0.,0.,-1.));
#468=DIRECTION('',(-1.,0.,0.));
#469=DIRECTION('',(0.,0.,-1.));
#470=DIRECTION('',(1.,0.,0.));
#471=DIRECTION('',(0.,0.,1.));
#472=DIRECTION('',(1.,0.,0.));
#473=DIRECTION('',(0.,0.,-1.));
#474=DIRECTION('',(-1.,0.,0.));
#475=DIRECTION('',(0.,0.,-1.));
#476=DIRECTION('',(-1.,0.,0.));
#477=DIRECTION('',(0.,0.,-1.));
#478=DIRECTION('',(1.,0.,0.));
#479=DIRECTION('',(0.,0.,-1.));
#480=DIRECTION('',(-1.,0.,0.));
#481=DIRECTION('',(0.,0.,1.));
#482=DIRECTION('',(1.,0.,0.));
#483=DIRECTION('',(0.,0.,1.));
#484=DIRECTION('',(1.,0.,0.));
#485=DIRECTION('',(-0.990317584265859,0.138820323778016,0.));
#486=DIRECTION('',(-0.138820323778016,-0.990317584265859,0.));
#487=DIRECTION('',(0.,0.,1.));
#488=DIRECTION('',(0.,0.,1.));
#489=DIRECTION('',(0.,0.,1.));
#490=DIRECTION('',(1.,0.,0.));
#491=DIRECTION('',(0.,0.,1.));
#492=DIRECTION('',(0.,1.,0.));
#493=DIRECTION('',(0.,0.,1.));
#494=DIRECTION('',(0.,0.,1.));
#495=DIRECTION('',(0.,0.,1.));
#496=DIRECTION('',(1.,0.,0.));
#497=DIRECTION('',(0.,0.,1.));
#498=DIRECTION('',(-0.990317584265859,-0.138820323778016,0.));
#499=DIRECTION('',(0.138820323778016,-0.990317584265859,0.));
#500=DIRECTION('',(0.,0.,1.));
#501=DIRECTION('',(0.,0.,1.));
#502=DIRECTION('',(1.,0.,0.));
#503=DIRECTION('',(0.,0.,1.));
#504=DIRECTION('',(-1.81430997492452E-14,1.,0.));
#505=DIRECTION('',(-1.,-1.81430997492452E-14,0.));
#506=DIRECTION('',(0.,0.,1.));
#507=DIRECTION('',(0.,0.,1.));
#508=DIRECTION('',(1.,0.,0.));
#509=DIRECTION('',(0.,0.,-1.));
#510=DIRECTION('',(-1.,0.,0.));
#511=DIRECTION('',(0.,0.,-1.));
#512=DIRECTION('',(-1.,0.,0.));
#513=DIRECTION('',(0.,0.,-1.));
#514=DIRECTION('',(-1.,0.,0.));
#515=DIRECTION('',(0.,0.,-1.));
#516=DIRECTION('',(-1.,0.,0.));
#517=DIRECTION('',(0.,0.,-1.));
#518=DIRECTION('',(-1.,0.,0.));
#519=CARTESIAN_POINT('',(0.,0.,0.));
#520=CARTESIAN_POINT('',(0.,0.,-0.04826));
#521=CARTESIAN_POINT('',(-0.000507324322914653,7.11154965704097E-5,-0.04826));
#522=CARTESIAN_POINT('',(0.0094956106920057,0.0714301367835746,-0.04826));
#523=CARTESIAN_POINT('',(0.00419054171465219,0.0335847914405,-0.04826));
#524=CARTESIAN_POINT('',(0.00702611019958905,0.0717763053898621,-0.04826));
#525=CARTESIAN_POINT('',(0.00702611019958905,0.0742699503898621,-0.04826));
#526=CARTESIAN_POINT('',(0.,0.0742699503898621,-0.04826));
#527=CARTESIAN_POINT('',(-0.00702611019958905,0.0742699503898621,-0.04826));
#528=CARTESIAN_POINT('',(-0.00702611019958905,0.0717763053898621,-0.04826));
#529=CARTESIAN_POINT('',(-0.0094956106920057,0.0714301367835746,-0.04826));
#530=CARTESIAN_POINT('',(0.000507324322914636,7.11154965704072E-5,-0.04826));
#531=CARTESIAN_POINT('',(-0.00419054171465219,0.0335847914404998,-0.04826));
#532=CARTESIAN_POINT('',(-0.00172104122223555,0.0339309600467873,-0.04826));
#533=CARTESIAN_POINT('',(-0.00172104122223551,0.0314373150467873,-0.04826));
#534=CARTESIAN_POINT('',(-5.7037034274231E-16,0.0314373150467874,-0.04826));
#535=CARTESIAN_POINT('',(0.00172104122223558,0.0314373150467874,-0.04826));
#536=CARTESIAN_POINT('',(0.00172104122223556,0.0339309600467874,-0.04826));
#537=CARTESIAN_POINT('',(0.,5.05702004589345E-18,-0.04826));
#538=CARTESIAN_POINT('',(0.0825874047833929,5.05702004589345E-18,-0.04826));
#539=CARTESIAN_POINT('',(-0.0426955819129944,0.,-0.04826));
#540=CARTESIAN_POINT('',(-0.0405777475627938,0.000549854373569582,-0.04826));
#541=CARTESIAN_POINT('',(-0.0405113539929465,0.000129269332428253,-0.04826));
#542=CARTESIAN_POINT('',(-0.0441698064849916,-0.000235477231323785,-0.04826));
#543=CARTESIAN_POINT('',(-0.0443134388544714,0.000217918644023405,-0.04826));
#544=CARTESIAN_POINT('',(-0.0441419172286422,0.00123415399081862,-0.04826));
#545=CARTESIAN_POINT('',(-0.0428447490346403,0.00205127209414494,-0.04826));
#546=CARTESIAN_POINT('',(-0.0413756237937907,0.00175785100430031,-0.04826));
#547=CARTESIAN_POINT('',(-0.0407441893347134,0.000993529027318482,-0.04826));
#548=CARTESIAN_POINT('',(-0.0405777475627938,0.000549854373569579,-0.04826));
#549=CARTESIAN_POINT('',(-0.0441698064849916,-0.000235477231323769,-0.04826));
#550=CARTESIAN_POINT('',(-0.0405113539929465,0.00012926933242827,-0.04826));
#551=CARTESIAN_POINT('',(-0.0405294734967515,-0.000344677811926612,-0.04826));
#552=CARTESIAN_POINT('',(-0.0408907746663358,-0.00126194349101376,-0.04826));
#553=CARTESIAN_POINT('',(-0.0422007192127791,-0.00200563587361994,-0.04826));
#554=CARTESIAN_POINT('',(-0.0436882644946331,-0.00162259696162884,-0.04826));
#555=CARTESIAN_POINT('',(-0.0441650450768221,-0.000711958836995688,-0.04826));
#556=CARTESIAN_POINT('',(-0.0441698064849916,-0.000235477231323771,-0.04826));
#557=CARTESIAN_POINT('',(0.,0.,-0.04064));
#558=CARTESIAN_POINT('',(0.,-4.85844605395442E-18,-0.04064));
#559=CARTESIAN_POINT('',(-0.0793444453917172,-4.85844605395442E-18,-0.04064));
#560=CARTESIAN_POINT('',(0.,-1.88487772089794E-18,-0.04064));
#561=CARTESIAN_POINT('',(0.0307823892114895,-1.88487772089794E-18,-0.04064));
#562=CARTESIAN_POINT('',(0.00702611019958905,0.0717763053898621,-0.04064));
#563=CARTESIAN_POINT('',(0.0094956106920057,0.0714301367835746,-0.04064));
#564=CARTESIAN_POINT('',(0.00702611019958905,0.0742699503898621,-0.04064));
#565=CARTESIAN_POINT('',(-0.000507324322914653,7.11154965704097E-5,-0.04064));
#566=CARTESIAN_POINT('',(0.00419054171465219,0.0335847914405,-0.04064));
#567=CARTESIAN_POINT('',(0.00172104122223556,0.0339309600467874,-0.04064));
#568=CARTESIAN_POINT('',(0.00172104122223558,0.0314373150467874,-0.04064));
#569=CARTESIAN_POINT('',(-5.7037034274231E-16,0.0314373150467874,-0.04064));
#570=CARTESIAN_POINT('',(-0.00172104122223551,0.0314373150467873,-0.04064));
#571=CARTESIAN_POINT('',(-0.00172104122223555,0.0339309600467873,-0.04064));
#572=CARTESIAN_POINT('',(-0.00419054171465219,0.0335847914404998,-0.04064));
#573=CARTESIAN_POINT('',(0.000507324322914636,7.11154965704072E-5,-0.04064));
#574=CARTESIAN_POINT('',(-0.0094956106920057,0.0714301367835746,-0.04064));
#575=CARTESIAN_POINT('',(-0.00702611019958905,0.0717763053898621,-0.04064));
#576=CARTESIAN_POINT('',(-0.00702611019958905,0.0742699503898621,-0.04064));
#577=CARTESIAN_POINT('',(0.,0.0742699503898621,-0.04064));
#578=CARTESIAN_POINT('',(0.,5.05702004589345E-18,-0.04826));
#579=CARTESIAN_POINT('',(0.,5.05702004589345E-18,-0.04064));
#580=CARTESIAN_POINT('',(0.0825874047833929,5.05702004589345E-18,-0.04064));
#581=CARTESIAN_POINT('',(0.,0.,-0.04064));
#582=CARTESIAN_POINT('',(0.,-4.99886979641356E-18,-0.04064));
#583=CARTESIAN_POINT('',(0.0816377391406889,-4.99886979641356E-18,-0.04064));
#584=CARTESIAN_POINT('',(0.,-4.85844605395442E-18,-0.0425704));
#585=CARTESIAN_POINT('',(0.,-4.85844605395442E-18,-0.0425704));
#586=CARTESIAN_POINT('',(-0.0793444453917172,-4.85844605395442E-18,-0.0425704));
#587=CARTESIAN_POINT('',(0.,-4.99886979641356E-18,-0.0425704));
#588=CARTESIAN_POINT('',(0.,-4.99886979641356E-18,-0.0425704));
#589=CARTESIAN_POINT('',(-0.0816377391406889,-4.99886979641356E-18,-0.0425704));
#590=CARTESIAN_POINT('',(0.,0.,-0.0425704));
#591=CARTESIAN_POINT('',(0.,-1.83477852985843E-18,-0.0425704));
#592=CARTESIAN_POINT('',(0.,-1.83477852985843E-18,-0.0425704));
#593=CARTESIAN_POINT('',(-0.0299642073312219,-1.83477852985843E-18,-0.0425704));
#594=CARTESIAN_POINT('',(0.,-1.83477852985843E-18,-0.04064));
#595=CARTESIAN_POINT('',(-0.0299642073312219,-1.83477852985843E-18,-0.04064));
#596=CARTESIAN_POINT('',(0.,0.,-0.0425704));
#597=CARTESIAN_POINT('',(0.,-1.88487772089794E-18,-0.0425704));
#598=CARTESIAN_POINT('',(-0.0307823892114895,-1.88487772089794E-18,-0.0425704));
#599=CARTESIAN_POINT('',(0.,-1.88487772089794E-18,-0.0425704));
#600=CARTESIAN_POINT('',(0.,0.,-0.04064));
#601=CARTESIAN_POINT('',(0.00684307620332895,0.0525074641120373,-0.151384));
#602=CARTESIAN_POINT('',(0.00419054171465219,0.0335847914405,-0.151384));
#603=CARTESIAN_POINT('',(0.0094956106920057,0.0714301367835746,-0.151384));
#604=CARTESIAN_POINT('',(0.00702611019958905,0.0717763053898621,-0.151384));
#605=CARTESIAN_POINT('',(0.00702611019958905,0.0742699503898621,-0.151384));
#606=CARTESIAN_POINT('',(-1.7347234759768E-18,0.0742699503898621,-0.151384));
#607=CARTESIAN_POINT('',(-0.00702611019958905,0.0742699503898621,-0.151384));
#608=CARTESIAN_POINT('',(-0.00702611019958905,0.0717763053898621,-0.151384));
#609=CARTESIAN_POINT('',(-0.0094956106920057,0.0714301367835746,-0.151384));
#610=CARTESIAN_POINT('',(-0.00684307620332895,0.0525074641120372,-0.151384));
#611=CARTESIAN_POINT('',(-0.00419054171465219,0.0335847914404998,-0.151384));
#612=CARTESIAN_POINT('',(-0.00172104122223555,0.0339309600467873,-0.151384));
#613=CARTESIAN_POINT('',(-0.00172104122223551,0.0314373150467873,-0.151384));
#614=CARTESIAN_POINT('',(2.3635607360184E-17,0.0314373150467874,-0.151384));
#615=CARTESIAN_POINT('',(0.00172104122223558,0.0314373150467874,-0.151384));
#616=CARTESIAN_POINT('',(0.00172104122223556,0.0339309600467874,-0.151384));
#617=CARTESIAN_POINT('',(-0.0426955819129944,0.,-0.057912));
#618=CARTESIAN_POINT('',(-0.0405075320582097,0.,-0.0584033897196543));
#619=CARTESIAN_POINT('',(-0.0405075320582097,0.00126327117266023,-0.0583189347196544));
#620=CARTESIAN_POINT('',(-0.0416015569856021,0.00189490675899034,-0.0582344797196543));
#621=CARTESIAN_POINT('',(-0.0426955819129944,0.00252654234532046,-0.0581500247196543));
#622=CARTESIAN_POINT('',(-0.0437896068403867,0.00189490675899034,-0.0580655697196543));
#623=CARTESIAN_POINT('',(-0.044883631767779,0.00126327117266023,-0.0579811147196543));
#624=CARTESIAN_POINT('',(-0.044883631767779,2.67958825103683E-19,-0.0578966597196543));
#625=CARTESIAN_POINT('',(-0.044883631767779,-0.00126327117266023,-0.0578122047196543));
#626=CARTESIAN_POINT('',(-0.0437896068403867,-0.00189490675899034,-0.0577277497196543));
#627=CARTESIAN_POINT('',(-0.0426955819129944,-0.00252654234532046,-0.0576432947196543));
#628=CARTESIAN_POINT('',(-0.0416015569856021,-0.00189490675899035,-0.0575588397196543));
#629=CARTESIAN_POINT('',(-0.0405075320582097,-0.00126327117266023,-0.0574743847196543));
#630=CARTESIAN_POINT('',(-0.0405075320582097,0.,-0.0573899297196543));
#631=CARTESIAN_POINT('',(-0.0405075320582097,0.00126327117266023,-0.0573054747196543));
#632=CARTESIAN_POINT('',(-0.0416015569856021,0.00189490675899034,-0.0572210197196543));
#633=CARTESIAN_POINT('',(-0.0426955819129944,0.00252654234532046,-0.0571365647196544));
#634=CARTESIAN_POINT('',(-0.0437896068403867,0.00189490675899034,-0.0570521097196543));
#635=CARTESIAN_POINT('',(-0.044883631767779,0.00126327117266023,-0.0569676547196543));
#636=CARTESIAN_POINT('',(-0.044883631767779,2.67958825103683E-19,-0.0568831997196543));
#637=CARTESIAN_POINT('',(-0.044883631767779,-0.00126327117266023,-0.0567987447196543));
#638=CARTESIAN_POINT('',(-0.0437896068403867,-0.00189490675899034,-0.0567142897196543));
#639=CARTESIAN_POINT('',(-0.0426955819129944,-0.00252654234532046,-0.0566298347196543));
#640=CARTESIAN_POINT('',(-0.0416015569856021,-0.00189490675899035,-0.0565453797196543));
#641=CARTESIAN_POINT('',(-0.0405075320582097,-0.00126327117266023,-0.0564609247196544));
#642=CARTESIAN_POINT('',(-0.0405075320582097,0.,-0.0563764697196543));
#643=CARTESIAN_POINT('',(-0.0405075320582097,0.00126327117266023,-0.0562920147196543));
#644=CARTESIAN_POINT('',(-0.0416015569856021,0.00189490675899034,-0.0562075597196543));
#645=CARTESIAN_POINT('',(-0.0426955819129944,0.00252654234532046,-0.0561231047196543));
#646=CARTESIAN_POINT('',(-0.0437896068403867,0.00189490675899034,-0.0560386497196543));
#647=CARTESIAN_POINT('',(-0.044883631767779,0.00126327117266023,-0.0559541947196544));
#648=CARTESIAN_POINT('',(-0.044883631767779,2.67958825103683E-19,-0.0558697397196543));
#649=CARTESIAN_POINT('',(-0.044883631767779,-0.00126327117266023,-0.0557852847196543));
#650=CARTESIAN_POINT('',(-0.0437896068403867,-0.00189490675899034,-0.0557008297196543));
#651=CARTESIAN_POINT('',(-0.0426955819129944,-0.00252654234532046,-0.0556163747196543));
#652=CARTESIAN_POINT('',(-0.0416015569856021,-0.00189490675899035,-0.0555319197196543));
#653=CARTESIAN_POINT('',(-0.0405075320582097,-0.00126327117266023,-0.0554474647196544));
#654=CARTESIAN_POINT('',(-0.0405075320582097,0.,-0.0553630097196543));
#655=CARTESIAN_POINT('',(-0.0405075320582097,0.00126327117266023,-0.0552785547196543));
#656=CARTESIAN_POINT('',(-0.0416015569856021,0.00189490675899034,-0.0551940997196543));
#657=CARTESIAN_POINT('',(-0.0426955819129944,0.00252654234532046,-0.0551096447196543));
#658=CARTESIAN_POINT('',(-0.0437896068403867,0.00189490675899034,-0.0550251897196543));
#659=CARTESIAN_POINT('',(-0.044883631767779,0.00126327117266023,-0.0549407347196543));
#660=CARTESIAN_POINT('',(-0.044883631767779,2.67958825103683E-19,-0.0548562797196543));
#661=CARTESIAN_POINT('',(-0.044883631767779,-0.00126327117266023,-0.0547718247196544));
#662=CARTESIAN_POINT('',(-0.0437896068403867,-0.00189490675899034,-0.0546873697196543));
#663=CARTESIAN_POINT('',(-0.0426955819129944,-0.00252654234532046,-0.0546029147196543));
#664=CARTESIAN_POINT('',(-0.0416015569856021,-0.00189490675899035,-0.0545184597196543));
#665=CARTESIAN_POINT('',(-0.0405075320582097,-0.00126327117266023,-0.0544340047196543));
#666=CARTESIAN_POINT('',(-0.0405075320582097,0.,-0.0543495497196543));
#667=CARTESIAN_POINT('',(-0.0405075320582097,0.00126327117266023,-0.0542650947196543));
#668=CARTESIAN_POINT('',(-0.0416015569856021,0.00189490675899034,-0.0541806397196543));
#669=CARTESIAN_POINT('',(-0.0426955819129944,0.00252654234532046,-0.0540961847196543));
#670=CARTESIAN_POINT('',(-0.0437896068403867,0.00189490675899034,-0.0540117297196543));
#671=CARTESIAN_POINT('',(-0.044883631767779,0.00126327117266023,-0.0539272747196543));
#672=CARTESIAN_POINT('',(-0.044883631767779,2.67958825103683E-19,-0.0538428197196543));
#673=CARTESIAN_POINT('',(-0.044883631767779,-0.00126327117266023,-0.0537583647196544));
#674=CARTESIAN_POINT('',(-0.0437896068403867,-0.00189490675899034,-0.0536739097196543));
#675=CARTESIAN_POINT('',(-0.0426955819129944,-0.00252654234532046,-0.0535894547196543));
#676=CARTESIAN_POINT('',(-0.0416015569856021,-0.00189490675899035,-0.0535049997196543));
#677=CARTESIAN_POINT('',(-0.0405075320582097,-0.00126327117266023,-0.0534205447196543));
#678=CARTESIAN_POINT('',(-0.0405075320582097,0.,-0.0533360897196543));
#679=CARTESIAN_POINT('',(-0.0405075320582097,0.00126327117266023,-0.0532516347196543));
#680=CARTESIAN_POINT('',(-0.0416015569856021,0.00189490675899034,-0.0531671797196543));
#681=CARTESIAN_POINT('',(-0.0426955819129944,0.00252654234532046,-0.0530827247196543));
#682=CARTESIAN_POINT('',(-0.0437896068403867,0.00189490675899034,-0.0529982697196543));
#683=CARTESIAN_POINT('',(-0.044883631767779,0.00126327117266023,-0.0529138147196543));
#684=CARTESIAN_POINT('',(-0.044883631767779,2.67958825103683E-19,-0.0528293597196543));
#685=CARTESIAN_POINT('',(-0.044883631767779,-0.00126327117266023,-0.0527449047196543));
#686=CARTESIAN_POINT('',(-0.0437896068403867,-0.00189490675899034,-0.0526604497196543));
#687=CARTESIAN_POINT('',(-0.0426955819129944,-0.00252654234532046,-0.0525759947196544));
#688=CARTESIAN_POINT('',(-0.0416015569856021,-0.00189490675899035,-0.0524915397196543));
#689=CARTESIAN_POINT('',(-0.0405075320582097,-0.00126327117266023,-0.0524070847196543));
#690=CARTESIAN_POINT('',(-0.0405075320582097,0.,-0.0523226297196543));
#691=CARTESIAN_POINT('',(-0.0405075320582097,0.00126327117266023,-0.0522381747196543));
#692=CARTESIAN_POINT('',(-0.0416015569856021,0.00189490675899034,-0.0521537197196543));
#693=CARTESIAN_POINT('',(-0.0426955819129944,0.00252654234532046,-0.0520692647196543));
#694=CARTESIAN_POINT('',(-0.0437896068403867,0.00189490675899034,-0.0519848097196543));
#695=CARTESIAN_POINT('',(-0.044883631767779,0.00126327117266023,-0.0519003547196543));
#696=CARTESIAN_POINT('',(-0.044883631767779,2.67958825103683E-19,-0.0518158997196543));
#697=CARTESIAN_POINT('',(-0.044883631767779,-0.00126327117266023,-0.0517314447196543));
#698=CARTESIAN_POINT('',(-0.0437896068403867,-0.00189490675899034,-0.0516469897196543));
#699=CARTESIAN_POINT('',(-0.0426955819129944,-0.00252654234532046,-0.0515625347196543));
#700=CARTESIAN_POINT('',(-0.0416015569856021,-0.00189490675899035,-0.0514780797196543));
#701=CARTESIAN_POINT('',(-0.0405075320582097,-0.00126327117266023,-0.0513936247196543));
#702=CARTESIAN_POINT('',(-0.0405075320582097,0.,-0.0513091697196543));
#703=CARTESIAN_POINT('',(-0.0405075320582097,0.00126327117266023,-0.0512247147196544));
#704=CARTESIAN_POINT('',(-0.0416015569856021,0.00189490675899034,-0.0511402597196543));
#705=CARTESIAN_POINT('',(-0.0426955819129944,0.00252654234532046,-0.0510558047196543));
#706=CARTESIAN_POINT('',(-0.0437896068403867,0.00189490675899034,-0.0509713497196543));
#707=CARTESIAN_POINT('',(-0.044883631767779,0.00126327117266023,-0.0508868947196544));
#708=CARTESIAN_POINT('',(-0.044883631767779,2.67958825103683E-19,-0.0508024397196543));
#709=CARTESIAN_POINT('',(-0.044883631767779,-0.00126327117266023,-0.0507179847196543));
#710=CARTESIAN_POINT('',(-0.0437896068403867,-0.00189490675899034,-0.0506335297196543));
#711=CARTESIAN_POINT('',(-0.0426955819129944,-0.00252654234532046,-0.0505490747196543));
#712=CARTESIAN_POINT('',(-0.0416015569856021,-0.00189490675899035,-0.0504646197196543));
#713=CARTESIAN_POINT('',(-0.0405075320582097,-0.00126327117266023,-0.0503801647196543));
#714=CARTESIAN_POINT('',(-0.0405075320582097,0.,-0.0502957097196543));
#715=CARTESIAN_POINT('',(-0.0405075320582097,0.00126327117266023,-0.0502112547196543));
#716=CARTESIAN_POINT('',(-0.0416015569856021,0.00189490675899034,-0.0501267997196543));
#717=CARTESIAN_POINT('',(-0.0426955819129944,0.00252654234532046,-0.0500423447196543));
#718=CARTESIAN_POINT('',(-0.0437896068403867,0.00189490675899034,-0.0499578897196543));
#719=CARTESIAN_POINT('',(-0.044883631767779,0.00126327117266023,-0.0498734347196543));
#720=CARTESIAN_POINT('',(-0.044883631767779,2.67958825103683E-19,-0.0497889797196543));
#721=CARTESIAN_POINT('',(-0.044883631767779,-0.00126327117266023,-0.0497045247196543));
#722=CARTESIAN_POINT('',(-0.0437896068403867,-0.00189490675899034,-0.0496200697196543));
#723=CARTESIAN_POINT('',(-0.0426955819129944,-0.00252654234532046,-0.0495356147196543));
#724=CARTESIAN_POINT('',(-0.0416015569856021,-0.00189490675899035,-0.0494511597196543));
#725=CARTESIAN_POINT('',(-0.0405075320582097,-0.00126327117266023,-0.0493667047196543));
#726=CARTESIAN_POINT('',(-0.0405075320582097,0.,-0.0492822497196543));
#727=CARTESIAN_POINT('',(-0.0405075320582097,0.00126327117266023,-0.0491977947196544));
#728=CARTESIAN_POINT('',(-0.0416015569856021,0.00189490675899034,-0.0491133397196543));
#729=CARTESIAN_POINT('',(-0.0426955819129944,0.00252654234532046,-0.0490288847196543));
#730=CARTESIAN_POINT('',(-0.0437896068403867,0.00189490675899034,-0.0489444297196543));
#731=CARTESIAN_POINT('',(-0.044883631767779,0.00126327117266023,-0.0488599747196543));
#732=CARTESIAN_POINT('',(-0.044883631767779,2.67958825103683E-19,-0.0487755197196543));
#733=CARTESIAN_POINT('',(-0.044883631767779,-0.00126327117266023,-0.0486910647196543));
#734=CARTESIAN_POINT('',(-0.0437896068403867,-0.00189490675899034,-0.0486066097196544));
#735=CARTESIAN_POINT('',(-0.0426955819129944,-0.00252654234532046,-0.0485221547196543));
#736=CARTESIAN_POINT('',(-0.0416015569856021,-0.00189490675899035,-0.0484376997196543));
#737=CARTESIAN_POINT('',(-0.0405075320582097,-0.00126327117266023,-0.0483532447196543));
#738=CARTESIAN_POINT('',(-0.0405075320582097,0.,-0.0482687897196543));
#739=CARTESIAN_POINT('',(-0.0405075320582097,0.00126327117266023,-0.0481843347196543));
#740=CARTESIAN_POINT('',(-0.0416015569856021,0.00189490675899034,-0.0480998797196543));
#741=CARTESIAN_POINT('',(-0.0426955819129944,0.00252654234532046,-0.0480154247196543));
#742=CARTESIAN_POINT('',(-0.0437896068403867,0.00189490675899034,-0.0479309697196543));
#743=CARTESIAN_POINT('',(-0.044883631767779,0.00126327117266023,-0.0478465147196543));
#744=CARTESIAN_POINT('',(-0.044883631767779,2.67958825103683E-19,-0.0477620597196543));
#745=CARTESIAN_POINT('',(-0.044883631767779,-0.00126327117266023,-0.0476776047196543));
#746=CARTESIAN_POINT('',(-0.0437896068403867,-0.00189490675899034,-0.0475931497196543));
#747=CARTESIAN_POINT('',(-0.0426955819129944,-0.00252654234532046,-0.0475086947196543));
#748=CARTESIAN_POINT('',(-0.0416015569856021,-0.00189490675899035,-0.0474242397196543));
#749=CARTESIAN_POINT('',(-0.0405075320582097,-0.00126327117266023,-0.0473397847196543));
#750=CARTESIAN_POINT('',(-0.0405075320582097,0.,-0.0472553297196543));
#751=CARTESIAN_POINT('',(-0.0405075320582097,0.00126327117266023,-0.0471708747196543));
#752=CARTESIAN_POINT('',(-0.0416015569856021,0.00189490675899034,-0.0470864197196543));
#753=CARTESIAN_POINT('',(-0.0426955819129944,0.00252654234532046,-0.0470019647196543));
#754=CARTESIAN_POINT('',(-0.0437896068403867,0.00189490675899034,-0.0469175097196543));
#755=CARTESIAN_POINT('',(-0.044883631767779,0.00126327117266023,-0.0468330547196543));
#756=CARTESIAN_POINT('',(-0.044883631767779,2.67958825103683E-19,-0.0467485997196543));
#757=CARTESIAN_POINT('',(-0.044883631767779,-0.00126327117266023,-0.0466641447196543));
#758=CARTESIAN_POINT('',(-0.0437896068403867,-0.00189490675899034,-0.0465796897196543));
#759=CARTESIAN_POINT('',(-0.0426955819129944,-0.00252654234532046,-0.0464952347196543));
#760=CARTESIAN_POINT('',(-0.0416015569856021,-0.00189490675899035,-0.0464107797196543));
#761=CARTESIAN_POINT('',(-0.0405075320582097,-0.00126327117266023,-0.0463263247196544));
#762=CARTESIAN_POINT('',(-0.0405075320582097,0.,-0.0462418697196543));
#763=CARTESIAN_POINT('',(-0.0405075320582097,0.00126327117266023,-0.0461574147196543));
#764=CARTESIAN_POINT('',(-0.0416015569856021,0.00189490675899034,-0.0460729597196543));
#765=CARTESIAN_POINT('',(-0.0426955819129944,0.00252654234532046,-0.0459885047196543));
#766=CARTESIAN_POINT('',(-0.0437896068403867,0.00189490675899034,-0.0459040497196543));
#767=CARTESIAN_POINT('',(-0.044883631767779,0.00126327117266023,-0.0458195947196543));
#768=CARTESIAN_POINT('',(-0.044883631767779,2.67958825103683E-19,-0.0457351397196543));
#769=CARTESIAN_POINT('',(-0.044883631767779,-0.00126327117266023,-0.0456506847196543));
#770=CARTESIAN_POINT('',(-0.0437896068403867,-0.00189490675899034,-0.0455662297196543));
#771=CARTESIAN_POINT('',(-0.0426955819129944,-0.00252654234532046,-0.0454817747196543));
#772=CARTESIAN_POINT('',(-0.0416015569856021,-0.00189490675899035,-0.0453973197196543));
#773=CARTESIAN_POINT('',(-0.0405075320582097,-0.00126327117266023,-0.0453128647196543));
#774=CARTESIAN_POINT('',(-0.0405075320582097,0.,-0.0452284097196543));
#775=CARTESIAN_POINT('',(-0.0405075320582097,0.00126327117266023,-0.0451439547196543));
#776=CARTESIAN_POINT('',(-0.0416015569856021,0.00189490675899034,-0.0450594997196543));
#777=CARTESIAN_POINT('',(-0.0426955819129944,0.00252654234532046,-0.0449750447196543));
#778=CARTESIAN_POINT('',(-0.0437896068403867,0.00189490675899034,-0.0448905897196543));
#779=CARTESIAN_POINT('',(-0.044883631767779,0.00126327117266023,-0.0448061347196543));
#780=CARTESIAN_POINT('',(-0.044883631767779,2.67958825103683E-19,-0.0447216797196544));
#781=CARTESIAN_POINT('',(-0.044883631767779,-0.00126327117266023,-0.0446372247196544));
#782=CARTESIAN_POINT('',(-0.0437896068403867,-0.00189490675899034,-0.0445527697196543));
#783=CARTESIAN_POINT('',(-0.0426955819129944,-0.00252654234532046,-0.0444683147196543));
#784=CARTESIAN_POINT('',(-0.0416015569856021,-0.00189490675899035,-0.0443838597196543));
#785=CARTESIAN_POINT('',(-0.0405075320582097,-0.00126327117266023,-0.0442994047196544));
#786=CARTESIAN_POINT('',(-0.0405075320582097,0.,-0.0442149497196543));
#787=CARTESIAN_POINT('',(-0.0405075320582097,0.00126327117266023,-0.0441304947196543));
#788=CARTESIAN_POINT('',(-0.0416015569856021,0.00189490675899034,-0.0440460397196543));
#789=CARTESIAN_POINT('',(-0.0426955819129944,0.00252654234532046,-0.0439615847196543));
#790=CARTESIAN_POINT('',(-0.0437896068403867,0.00189490675899034,-0.0438771297196544));
#791=CARTESIAN_POINT('',(-0.044883631767779,0.00126327117266023,-0.0437926747196543));
#792=CARTESIAN_POINT('',(-0.044883631767779,2.67958825103683E-19,-0.0437082197196543));
#793=CARTESIAN_POINT('',(-0.044883631767779,-0.00126327117266023,-0.0436237647196543));
#794=CARTESIAN_POINT('',(-0.0437896068403867,-0.00189490675899034,-0.0435393097196543));
#795=CARTESIAN_POINT('',(-0.0426955819129944,-0.00252654234532046,-0.0434548547196543));
#796=CARTESIAN_POINT('',(-0.0416015569856021,-0.00189490675899035,-0.0433703997196543));
#797=CARTESIAN_POINT('',(-0.0405075320582097,-0.00126327117266023,-0.0432859447196543));
#798=CARTESIAN_POINT('',(-0.0405075320582097,0.,-0.0432014897196543));
#799=CARTESIAN_POINT('',(-0.0405075320582097,0.00126327117266023,-0.0431170347196543));
#800=CARTESIAN_POINT('',(-0.0416015569856021,0.00189490675899034,-0.0430325797196543));
#801=CARTESIAN_POINT('',(-0.0426955819129944,0.00252654234532046,-0.0429481247196543));
#802=CARTESIAN_POINT('',(-0.0437896068403867,0.00189490675899034,-0.0428636697196544));
#803=CARTESIAN_POINT('',(-0.044883631767779,0.00126327117266023,-0.0427792147196543));
#804=CARTESIAN_POINT('',(-0.044883631767779,2.67958825103683E-19,-0.0426947597196543));
#805=CARTESIAN_POINT('',(-0.044883631767779,-0.00126327117266023,-0.0426103047196543));
#806=CARTESIAN_POINT('',(-0.0437896068403867,-0.00189490675899034,-0.0425258497196543));
#807=CARTESIAN_POINT('',(-0.0426955819129944,-0.00252654234532046,-0.0424413947196543));
#808=CARTESIAN_POINT('',(-0.0416015569856021,-0.00189490675899035,-0.0423569397196543));
#809=CARTESIAN_POINT('',(-0.0405075320582097,-0.00126327117266023,-0.0422724847196543));
#810=CARTESIAN_POINT('',(-0.0405075320582097,0.,-0.0421880297196543));
#811=CARTESIAN_POINT('',(-0.0405075320582097,0.00126327117266023,-0.0421035747196543));
#812=CARTESIAN_POINT('',(-0.0416015569856021,0.00189490675899034,-0.0420191197196544));
#813=CARTESIAN_POINT('',(-0.0426955819129944,0.00252654234532046,-0.0419346647196543));
#814=CARTESIAN_POINT('',(-0.0437896068403867,0.00189490675899034,-0.0418502097196543));
#815=CARTESIAN_POINT('',(-0.044883631767779,0.00126327117266023,-0.0417657547196544));
#816=CARTESIAN_POINT('',(-0.044883631767779,2.67958825103683E-19,-0.0416812997196543));
#817=CARTESIAN_POINT('',(-0.044883631767779,-0.00126327117266023,-0.0415968447196543));
#818=CARTESIAN_POINT('',(-0.0437896068403867,-0.00189490675899034,-0.0415123897196543));
#819=CARTESIAN_POINT('',(-0.0426955819129944,-0.00252654234532046,-0.0414279347196543));
#820=CARTESIAN_POINT('',(-0.0416015569856021,-0.00189490675899035,-0.0413434797196543));
#821=CARTESIAN_POINT('',(-0.0405075320582097,-0.00126327117266023,-0.0412590247196543));
#822=CARTESIAN_POINT('',(-0.0405075320582097,0.,-0.0411745697196543));
#823=CARTESIAN_POINT('',(-0.0405075320582097,0.00126327117266023,-0.0410901147196543));
#824=CARTESIAN_POINT('',(-0.0416015569856021,0.00189490675899034,-0.0410056597196543));
#825=CARTESIAN_POINT('',(-0.0426955819129944,0.00252654234532046,-0.0409212047196543));
#826=CARTESIAN_POINT('',(-0.0437896068403867,0.00189490675899034,-0.0408367497196543));
#827=CARTESIAN_POINT('',(-0.044883631767779,0.00126327117266023,-0.0407522947196543));
#828=CARTESIAN_POINT('',(-0.044883631767779,2.67958825103683E-19,-0.0406678397196543));
#829=CARTESIAN_POINT('',(-0.044883631767779,-0.00126327117266023,-0.0405833847196543));
#830=CARTESIAN_POINT('',(-0.0437896068403867,-0.00189490675899034,-0.0404989297196543));
#831=CARTESIAN_POINT('',(-0.0426955819129944,-0.00252654234532046,-0.0404144747196543));
#832=CARTESIAN_POINT('',(-0.0416015569856021,-0.00189490675899035,-0.0403300197196543));
#833=CARTESIAN_POINT('',(-0.0405075320582097,-0.00126327117266023,-0.0402455647196543));
#834=CARTESIAN_POINT('',(-0.0405075320582097,0.,-0.0401611097196544));
#835=CARTESIAN_POINT('',(-0.0440897480549882,0.0016863756804286,-0.0428381435985224));
#836=CARTESIAN_POINT('',(-0.0426955819129944,0.,-0.0428381435985224));
#837=CARTESIAN_POINT('',(-0.0443808380772082,0.00139551919657309,-0.0428381435985229));
#838=CARTESIAN_POINT('',(-0.0405075320582097,0.,-0.0574206102803456));
#839=CARTESIAN_POINT('',(-0.0405075320582097,0.00126327117266023,-0.0573361552803456));
#840=CARTESIAN_POINT('',(-0.0416015569856021,0.00189490675899034,-0.0572517002803456));
#841=CARTESIAN_POINT('',(-0.0426955819129944,0.00252654234532046,-0.0571672452803456));
#842=CARTESIAN_POINT('',(-0.0437896068403867,0.00189490675899034,-0.0570827902803456));
#843=CARTESIAN_POINT('',(-0.044883631767779,0.00126327117266023,-0.0569983352803457));
#844=CARTESIAN_POINT('',(-0.044883631767779,2.67958825103683E-19,-0.0569138802803456));
#845=CARTESIAN_POINT('',(-0.044883631767779,-0.00126327117266023,-0.0568294252803456));
#846=CARTESIAN_POINT('',(-0.0437896068403867,-0.00189490675899034,-0.0567449702803456));
#847=CARTESIAN_POINT('',(-0.0426955819129944,-0.00252654234532046,-0.0566605152803456));
#848=CARTESIAN_POINT('',(-0.0416015569856021,-0.00189490675899035,-0.0565760602803456));
#849=CARTESIAN_POINT('',(-0.0405075320582097,-0.00126327117266023,-0.0564916052803457));
#850=CARTESIAN_POINT('',(-0.0405075320582097,0.,-0.0564071502803456));
#851=CARTESIAN_POINT('',(-0.0405075320582097,0.00126327117266023,-0.0563226952803456));
#852=CARTESIAN_POINT('',(-0.0416015569856021,0.00189490675899034,-0.0562382402803456));
#853=CARTESIAN_POINT('',(-0.0426955819129944,0.00252654234532046,-0.0561537852803456));
#854=CARTESIAN_POINT('',(-0.0437896068403867,0.00189490675899034,-0.0560693302803456));
#855=CARTESIAN_POINT('',(-0.044883631767779,0.00126327117266023,-0.0559848752803457));
#856=CARTESIAN_POINT('',(-0.044883631767779,2.67958825103683E-19,-0.0559004202803456));
#857=CARTESIAN_POINT('',(-0.044883631767779,-0.00126327117266023,-0.0558159652803456));
#858=CARTESIAN_POINT('',(-0.0437896068403867,-0.00189490675899034,-0.0557315102803456));
#859=CARTESIAN_POINT('',(-0.0426955819129944,-0.00252654234532046,-0.0556470552803456));
#860=CARTESIAN_POINT('',(-0.0416015569856021,-0.00189490675899035,-0.0555626002803456));
#861=CARTESIAN_POINT('',(-0.0405075320582097,-0.00126327117266023,-0.0554781452803456));
#862=CARTESIAN_POINT('',(-0.0405075320582097,0.,-0.0553936902803456));
#863=CARTESIAN_POINT('',(-0.0405075320582097,0.00126327117266023,-0.0553092352803456));
#864=CARTESIAN_POINT('',(-0.0416015569856021,0.00189490675899034,-0.0552247802803456));
#865=CARTESIAN_POINT('',(-0.0426955819129944,0.00252654234532046,-0.0551403252803456));
#866=CARTESIAN_POINT('',(-0.0437896068403867,0.00189490675899034,-0.0550558702803456));
#867=CARTESIAN_POINT('',(-0.044883631767779,0.00126327117266023,-0.0549714152803456));
#868=CARTESIAN_POINT('',(-0.044883631767779,2.67958825103683E-19,-0.0548869602803456));
#869=CARTESIAN_POINT('',(-0.044883631767779,-0.00126327117266023,-0.0548025052803457));
#870=CARTESIAN_POINT('',(-0.0437896068403867,-0.00189490675899034,-0.0547180502803456));
#871=CARTESIAN_POINT('',(-0.0426955819129944,-0.00252654234532046,-0.0546335952803456));
#872=CARTESIAN_POINT('',(-0.0416015569856021,-0.00189490675899035,-0.0545491402803456));
#873=CARTESIAN_POINT('',(-0.0405075320582097,-0.00126327117266023,-0.0544646852803456));
#874=CARTESIAN_POINT('',(-0.0405075320582097,0.,-0.0543802302803456));
#875=CARTESIAN_POINT('',(-0.0405075320582097,0.00126327117266023,-0.0542957752803456));
#876=CARTESIAN_POINT('',(-0.0416015569856021,0.00189490675899034,-0.0542113202803456));
#877=CARTESIAN_POINT('',(-0.0426955819129944,0.00252654234532046,-0.0541268652803456));
#878=CARTESIAN_POINT('',(-0.0437896068403867,0.00189490675899034,-0.0540424102803456));
#879=CARTESIAN_POINT('',(-0.044883631767779,0.00126327117266023,-0.0539579552803456));
#880=CARTESIAN_POINT('',(-0.044883631767779,2.67958825103683E-19,-0.0538735002803456));
#881=CARTESIAN_POINT('',(-0.044883631767779,-0.00126327117266023,-0.0537890452803456));
#882=CARTESIAN_POINT('',(-0.0437896068403867,-0.00189490675899034,-0.0537045902803456));
#883=CARTESIAN_POINT('',(-0.0426955819129944,-0.00252654234532046,-0.0536201352803456));
#884=CARTESIAN_POINT('',(-0.0416015569856021,-0.00189490675899035,-0.0535356802803456));
#885=CARTESIAN_POINT('',(-0.0405075320582097,-0.00126327117266023,-0.0534512252803456));
#886=CARTESIAN_POINT('',(-0.0405075320582097,0.,-0.0533667702803456));
#887=CARTESIAN_POINT('',(-0.0405075320582097,0.00126327117266023,-0.0532823152803456));
#888=CARTESIAN_POINT('',(-0.0416015569856021,0.00189490675899034,-0.0531978602803456));
#889=CARTESIAN_POINT('',(-0.0426955819129944,0.00252654234532046,-0.0531134052803457));
#890=CARTESIAN_POINT('',(-0.0437896068403867,0.00189490675899034,-0.0530289502803456));
#891=CARTESIAN_POINT('',(-0.044883631767779,0.00126327117266023,-0.0529444952803456));
#892=CARTESIAN_POINT('',(-0.044883631767779,2.67958825103683E-19,-0.0528600402803456));
#893=CARTESIAN_POINT('',(-0.044883631767779,-0.00126327117266023,-0.0527755852803456));
#894=CARTESIAN_POINT('',(-0.0437896068403867,-0.00189490675899034,-0.0526911302803456));
#895=CARTESIAN_POINT('',(-0.0426955819129944,-0.00252654234532046,-0.0526066752803456));
#896=CARTESIAN_POINT('',(-0.0416015569856021,-0.00189490675899035,-0.0525222202803456));
#897=CARTESIAN_POINT('',(-0.0405075320582097,-0.00126327117266023,-0.0524377652803457));
#898=CARTESIAN_POINT('',(-0.0405075320582097,0.,-0.0523533102803456));
#899=CARTESIAN_POINT('',(-0.0405075320582097,0.00126327117266023,-0.0522688552803456));
#900=CARTESIAN_POINT('',(-0.0416015569856021,0.00189490675899034,-0.0521844002803456));
#901=CARTESIAN_POINT('',(-0.0426955819129944,0.00252654234532046,-0.0520999452803456));
#902=CARTESIAN_POINT('',(-0.0437896068403867,0.00189490675899034,-0.0520154902803456));
#903=CARTESIAN_POINT('',(-0.044883631767779,0.00126327117266023,-0.0519310352803456));
#904=CARTESIAN_POINT('',(-0.044883631767779,2.67958825103683E-19,-0.0518465802803456));
#905=CARTESIAN_POINT('',(-0.044883631767779,-0.00126327117266023,-0.0517621252803456));
#906=CARTESIAN_POINT('',(-0.0437896068403867,-0.00189490675899034,-0.0516776702803456));
#907=CARTESIAN_POINT('',(-0.0426955819129944,-0.00252654234532046,-0.0515932152803456));
#908=CARTESIAN_POINT('',(-0.0416015569856021,-0.00189490675899035,-0.0515087602803456));
#909=CARTESIAN_POINT('',(-0.0405075320582097,-0.00126327117266023,-0.0514243052803457));
#910=CARTESIAN_POINT('',(-0.0405075320582097,0.,-0.0513398502803456));
#911=CARTESIAN_POINT('',(-0.0405075320582097,0.00126327117266023,-0.0512553952803456));
#912=CARTESIAN_POINT('',(-0.0416015569856021,0.00189490675899034,-0.0511709402803456));
#913=CARTESIAN_POINT('',(-0.0426955819129944,0.00252654234532046,-0.0510864852803456));
#914=CARTESIAN_POINT('',(-0.0437896068403867,0.00189490675899034,-0.0510020302803456));
#915=CARTESIAN_POINT('',(-0.044883631767779,0.00126327117266023,-0.0509175752803456));
#916=CARTESIAN_POINT('',(-0.044883631767779,2.67958825103683E-19,-0.0508331202803456));
#917=CARTESIAN_POINT('',(-0.044883631767779,-0.00126327117266023,-0.0507486652803456));
#918=CARTESIAN_POINT('',(-0.0437896068403867,-0.00189490675899034,-0.0506642102803456));
#919=CARTESIAN_POINT('',(-0.0426955819129944,-0.00252654234532046,-0.0505797552803456));
#920=CARTESIAN_POINT('',(-0.0416015569856021,-0.00189490675899035,-0.0504953002803456));
#921=CARTESIAN_POINT('',(-0.0405075320582097,-0.00126327117266023,-0.0504108452803456));
#922=CARTESIAN_POINT('',(-0.0405075320582097,0.,-0.0503263902803456));
#923=CARTESIAN_POINT('',(-0.0405075320582097,0.00126327117266023,-0.0502419352803456));
#924=CARTESIAN_POINT('',(-0.0416015569856021,0.00189490675899034,-0.0501574802803456));
#925=CARTESIAN_POINT('',(-0.0426955819129944,0.00252654234532046,-0.0500730252803456));
#926=CARTESIAN_POINT('',(-0.0437896068403867,0.00189490675899034,-0.0499885702803456));
#927=CARTESIAN_POINT('',(-0.044883631767779,0.00126327117266023,-0.0499041152803456));
#928=CARTESIAN_POINT('',(-0.044883631767779,2.67958825103683E-19,-0.0498196602803456));
#929=CARTESIAN_POINT('',(-0.044883631767779,-0.00126327117266023,-0.0497352052803456));
#930=CARTESIAN_POINT('',(-0.0437896068403867,-0.00189490675899034,-0.0496507502803456));
#931=CARTESIAN_POINT('',(-0.0426955819129944,-0.00252654234532046,-0.0495662952803456));
#932=CARTESIAN_POINT('',(-0.0416015569856021,-0.00189490675899035,-0.0494818402803456));
#933=CARTESIAN_POINT('',(-0.0405075320582097,-0.00126327117266023,-0.0493973852803456));
#934=CARTESIAN_POINT('',(-0.0405075320582097,0.,-0.0493129302803456));
#935=CARTESIAN_POINT('',(-0.0405075320582097,0.00126327117266023,-0.0492284752803456));
#936=CARTESIAN_POINT('',(-0.0416015569856021,0.00189490675899034,-0.0491440202803456));
#937=CARTESIAN_POINT('',(-0.0426955819129944,0.00252654234532046,-0.0490595652803456));
#938=CARTESIAN_POINT('',(-0.0437896068403867,0.00189490675899034,-0.0489751102803456));
#939=CARTESIAN_POINT('',(-0.044883631767779,0.00126327117266023,-0.0488906552803456));
#940=CARTESIAN_POINT('',(-0.044883631767779,2.67958825103683E-19,-0.0488062002803456));
#941=CARTESIAN_POINT('',(-0.044883631767779,-0.00126327117266023,-0.0487217452803456));
#942=CARTESIAN_POINT('',(-0.0437896068403867,-0.00189490675899034,-0.0486372902803456));
#943=CARTESIAN_POINT('',(-0.0426955819129944,-0.00252654234532046,-0.0485528352803456));
#944=CARTESIAN_POINT('',(-0.0416015569856021,-0.00189490675899035,-0.0484683802803456));
#945=CARTESIAN_POINT('',(-0.0405075320582097,-0.00126327117266023,-0.0483839252803456));
#946=CARTESIAN_POINT('',(-0.0405075320582097,0.,-0.0482994702803456));
#947=CARTESIAN_POINT('',(-0.0405075320582097,0.00126327117266023,-0.0482150152803456));
#948=CARTESIAN_POINT('',(-0.0416015569856021,0.00189490675899034,-0.0481305602803456));
#949=CARTESIAN_POINT('',(-0.0426955819129944,0.00252654234532046,-0.0480461052803456));
#950=CARTESIAN_POINT('',(-0.0437896068403867,0.00189490675899034,-0.0479616502803456));
#951=CARTESIAN_POINT('',(-0.044883631767779,0.00126327117266023,-0.0478771952803456));
#952=CARTESIAN_POINT('',(-0.044883631767779,2.67958825103683E-19,-0.0477927402803456));
#953=CARTESIAN_POINT('',(-0.044883631767779,-0.00126327117266023,-0.0477082852803457));
#954=CARTESIAN_POINT('',(-0.0437896068403867,-0.00189490675899034,-0.0476238302803456));
#955=CARTESIAN_POINT('',(-0.0426955819129944,-0.00252654234532046,-0.0475393752803456));
#956=CARTESIAN_POINT('',(-0.0416015569856021,-0.00189490675899035,-0.0474549202803456));
#957=CARTESIAN_POINT('',(-0.0405075320582097,-0.00126327117266023,-0.0473704652803456));
#958=CARTESIAN_POINT('',(-0.0405075320582097,0.,-0.0472860102803456));
#959=CARTESIAN_POINT('',(-0.0405075320582097,0.00126327117266023,-0.0472015552803456));
#960=CARTESIAN_POINT('',(-0.0416015569856021,0.00189490675899034,-0.0471171002803456));
#961=CARTESIAN_POINT('',(-0.0426955819129944,0.00252654234532046,-0.0470326452803456));
#962=CARTESIAN_POINT('',(-0.0437896068403867,0.00189490675899034,-0.0469481902803456));
#963=CARTESIAN_POINT('',(-0.044883631767779,0.00126327117266023,-0.0468637352803456));
#964=CARTESIAN_POINT('',(-0.044883631767779,2.67958825103683E-19,-0.0467792802803456));
#965=CARTESIAN_POINT('',(-0.044883631767779,-0.00126327117266023,-0.0466948252803456));
#966=CARTESIAN_POINT('',(-0.0437896068403867,-0.00189490675899034,-0.0466103702803456));
#967=CARTESIAN_POINT('',(-0.0426955819129944,-0.00252654234532046,-0.0465259152803456));
#968=CARTESIAN_POINT('',(-0.0416015569856021,-0.00189490675899035,-0.0464414602803456));
#969=CARTESIAN_POINT('',(-0.0405075320582097,-0.00126327117266023,-0.0463570052803456));
#970=CARTESIAN_POINT('',(-0.0405075320582097,0.,-0.0462725502803456));
#971=CARTESIAN_POINT('',(-0.0405075320582097,0.00126327117266023,-0.0461880952803456));
#972=CARTESIAN_POINT('',(-0.0416015569856021,0.00189490675899034,-0.0461036402803456));
#973=CARTESIAN_POINT('',(-0.0426955819129944,0.00252654234532046,-0.0460191852803456));
#974=CARTESIAN_POINT('',(-0.0437896068403867,0.00189490675899034,-0.0459347302803456));
#975=CARTESIAN_POINT('',(-0.044883631767779,0.00126327117266023,-0.0458502752803456));
#976=CARTESIAN_POINT('',(-0.044883631767779,2.67958825103683E-19,-0.0457658202803456));
#977=CARTESIAN_POINT('',(-0.044883631767779,-0.00126327117266023,-0.0456813652803456));
#978=CARTESIAN_POINT('',(-0.0437896068403867,-0.00189490675899034,-0.0455969102803456));
#979=CARTESIAN_POINT('',(-0.0426955819129944,-0.00252654234532046,-0.0455124552803456));
#980=CARTESIAN_POINT('',(-0.0416015569856021,-0.00189490675899035,-0.0454280002803456));
#981=CARTESIAN_POINT('',(-0.0405075320582097,-0.00126327117266023,-0.0453435452803456));
#982=CARTESIAN_POINT('',(-0.0405075320582097,0.,-0.0452590902803456));
#983=CARTESIAN_POINT('',(-0.0405075320582097,0.00126327117266023,-0.0451746352803456));
#984=CARTESIAN_POINT('',(-0.0416015569856021,0.00189490675899034,-0.0450901802803456));
#985=CARTESIAN_POINT('',(-0.0426955819129944,0.00252654234532046,-0.0450057252803456));
#986=CARTESIAN_POINT('',(-0.0437896068403867,0.00189490675899034,-0.0449212702803456));
#987=CARTESIAN_POINT('',(-0.044883631767779,0.00126327117266023,-0.0448368152803457));
#988=CARTESIAN_POINT('',(-0.044883631767779,2.67958825103683E-19,-0.0447523602803456));
#989=CARTESIAN_POINT('',(-0.044883631767779,-0.00126327117266023,-0.0446679052803456));
#990=CARTESIAN_POINT('',(-0.0437896068403867,-0.00189490675899034,-0.0445834502803456));
#991=CARTESIAN_POINT('',(-0.0426955819129944,-0.00252654234532046,-0.0444989952803456));
#992=CARTESIAN_POINT('',(-0.0416015569856021,-0.00189490675899035,-0.0444145402803456));
#993=CARTESIAN_POINT('',(-0.0405075320582097,-0.00126327117266023,-0.0443300852803456));
#994=CARTESIAN_POINT('',(-0.0405075320582097,0.,-0.0442456302803456));
#995=CARTESIAN_POINT('',(-0.0405075320582097,0.00126327117266023,-0.0441611752803456));
#996=CARTESIAN_POINT('',(-0.0416015569856021,0.00189490675899034,-0.0440767202803456));
#997=CARTESIAN_POINT('',(-0.0426955819129944,0.00252654234532046,-0.0439922652803456));
#998=CARTESIAN_POINT('',(-0.0437896068403867,0.00189490675899034,-0.0439078102803456));
#999=CARTESIAN_POINT('',(-0.044883631767779,0.00126327117266023,-0.0438233552803456));
#1000=CARTESIAN_POINT('',(-0.044883631767779,2.67958825103683E-19,-0.0437389002803456));
#1001=CARTESIAN_POINT('',(-0.044883631767779,-0.00126327117266023,-0.0436544452803456));
#1002=CARTESIAN_POINT('',(-0.0437896068403867,-0.00189490675899034,-0.0435699902803456));
#1003=CARTESIAN_POINT('',(-0.0426955819129944,-0.00252654234532046,-0.0434855352803456));
#1004=CARTESIAN_POINT('',(-0.0416015569856021,-0.00189490675899035,-0.0434010802803456));
#1005=CARTESIAN_POINT('',(-0.0405075320582097,-0.00126327117266023,-0.0433166252803456));
#1006=CARTESIAN_POINT('',(-0.0405075320582097,0.,-0.0432321702803456));
#1007=CARTESIAN_POINT('',(-0.0405075320582097,0.00126327117266023,-0.0431477152803457));
#1008=CARTESIAN_POINT('',(-0.0416015569856021,0.00189490675899034,-0.0430632602803456));
#1009=CARTESIAN_POINT('',(-0.0426955819129944,0.00252654234532046,-0.0429788052803456));
#1010=CARTESIAN_POINT('',(-0.0437896068403867,0.00189490675899034,-0.0428943502803456));
#1011=CARTESIAN_POINT('',(-0.044883631767779,0.00126327117266023,-0.0428098952803456));
#1012=CARTESIAN_POINT('',(-0.044883631767779,2.67958825103683E-19,-0.0427254402803456));
#1013=CARTESIAN_POINT('',(-0.044883631767779,-0.00126327117266023,-0.0426409852803456));
#1014=CARTESIAN_POINT('',(-0.0437896068403867,-0.00189490675899034,-0.0425565302803456));
#1015=CARTESIAN_POINT('',(-0.0426955819129944,-0.00252654234532046,-0.0424720752803456));
#1016=CARTESIAN_POINT('',(-0.0416015569856021,-0.00189490675899035,-0.0423876202803456));
#1017=CARTESIAN_POINT('',(-0.0405075320582097,-0.00126327117266023,-0.0423031652803456));
#1018=CARTESIAN_POINT('',(-0.0405075320582097,0.,-0.0422187102803456));
#1019=CARTESIAN_POINT('',(-0.0405075320582097,0.00126327117266023,-0.0421342552803456));
#1020=CARTESIAN_POINT('',(-0.0416015569856021,0.00189490675899034,-0.0420498002803456));
#1021=CARTESIAN_POINT('',(-0.0426955819129944,0.00252654234532046,-0.0419653452803456));
#1022=CARTESIAN_POINT('',(-0.0437896068403867,0.00189490675899034,-0.0418808902803456));
#1023=CARTESIAN_POINT('',(-0.044883631767779,0.00126327117266023,-0.0417964352803456));
#1024=CARTESIAN_POINT('',(-0.044883631767779,2.67958825103683E-19,-0.0417119802803456));
#1025=CARTESIAN_POINT('',(-0.044883631767779,-0.00126327117266023,-0.0416275252803456));
#1026=CARTESIAN_POINT('',(-0.0437896068403867,-0.00189490675899034,-0.0415430702803456));
#1027=CARTESIAN_POINT('',(-0.0426955819129944,-0.00252654234532046,-0.0414586152803456));
#1028=CARTESIAN_POINT('',(-0.0416015569856021,-0.00189490675899035,-0.0413741602803456));
#1029=CARTESIAN_POINT('',(-0.0405075320582097,-0.00126327117266023,-0.0412897052803456));
#1030=CARTESIAN_POINT('',(-0.0405075320582097,0.,-0.0412052502803456));
#1031=CARTESIAN_POINT('',(-0.0405075320582097,0.00126327117266023,-0.0411207952803457));
#1032=CARTESIAN_POINT('',(-0.0416015569856021,0.00189490675899034,-0.0410363402803456));
#1033=CARTESIAN_POINT('',(-0.0426955819129944,0.00252654234532046,-0.0409518852803456));
#1034=CARTESIAN_POINT('',(-0.0437896068403867,0.00189490675899034,-0.0408674302803456));
#1035=CARTESIAN_POINT('',(-0.044883631767779,0.00126327117266023,-0.0407829752803456));
#1036=CARTESIAN_POINT('',(-0.044883631767779,2.67958825103683E-19,-0.0406985202803456));
#1037=CARTESIAN_POINT('',(-0.044883631767779,-0.00126327117266023,-0.0406140652803456));
#1038=CARTESIAN_POINT('',(-0.0437896068403867,-0.00189490675899034,-0.0405296102803457));
#1039=CARTESIAN_POINT('',(-0.0426955819129944,-0.00252654234532046,-0.0404451552803456));
#1040=CARTESIAN_POINT('',(-0.0416015569856021,-0.00189490675899035,-0.0403607002803456));
#1041=CARTESIAN_POINT('',(-0.0405075320582097,-0.00126327117266023,-0.0402762452803456));
#1042=CARTESIAN_POINT('',(-0.0405075320582097,0.,-0.0401917902803456));
#1043=CARTESIAN_POINT('',(-0.0405075320582097,0.00126327117266023,-0.0401073352803456));
#1044=CARTESIAN_POINT('',(-0.0416015569856021,0.00189490675899034,-0.0400228802803456));
#1045=CARTESIAN_POINT('',(-0.0426955819129944,0.00252654234532046,-0.0399384252803456));
#1046=CARTESIAN_POINT('',(-0.0437896068403867,0.00189490675899034,-0.0398539702803456));
#1047=CARTESIAN_POINT('',(-0.044883631767779,0.00126327117266023,-0.0397695152803456));
#1048=CARTESIAN_POINT('',(-0.044883631767779,2.67958825103683E-19,-0.0396850602803456));
#1049=CARTESIAN_POINT('',(-0.044883631767779,-0.00126327117266023,-0.0396006052803456));
#1050=CARTESIAN_POINT('',(-0.0437896068403867,-0.00189490675899034,-0.0395161502803456));
#1051=CARTESIAN_POINT('',(-0.0426955819129944,-0.00252654234532046,-0.0394316952803456));
#1052=CARTESIAN_POINT('',(-0.0416015569856021,-0.00189490675899035,-0.0393472402803456));
#1053=CARTESIAN_POINT('',(-0.0405075320582097,-0.00126327117266023,-0.0392627852803456));
#1054=CARTESIAN_POINT('',(-0.0405075320582097,0.,-0.0391783302803456));
#1055=CARTESIAN_POINT('',(-0.0448803205932163,0.000120328991390987,-0.0487836920253724));
#1056=CARTESIAN_POINT('',(-0.0448836317677799,6.02100536149274E-5,-0.0487795450154015));
#1057=CARTESIAN_POINT('',(-0.0448836317677799,2.6795882510379E-19,-0.048775519719655));
#1058=CARTESIAN_POINT('',(-0.0448836317677799,-0.00126327117266073,-0.048691064719655));
#1059=CARTESIAN_POINT('',(-0.0437896068403871,-0.0018949067589911,-0.048606609719655));
#1060=CARTESIAN_POINT('',(-0.0426955819129944,-0.00252654234532146,-0.0485221547196549));
#1061=CARTESIAN_POINT('',(-0.0416015569856016,-0.0018949067589911,-0.048437699719655));
#1062=CARTESIAN_POINT('',(-0.0405075320582089,-0.00126327117266073,-0.048353244719655));
#1063=CARTESIAN_POINT('',(-0.0405075320582089,0.,-0.048268789719655));
#1064=CARTESIAN_POINT('',(-0.0405075320582089,0.00126327117266073,-0.0481843347196549));
#1065=CARTESIAN_POINT('',(-0.0416015569856016,0.0018949067589911,-0.048099879719655));
#1066=CARTESIAN_POINT('',(-0.0426955819129944,0.00252654234532146,-0.0480154247196549));
#1067=CARTESIAN_POINT('',(-0.0437896068403871,0.0018949067589911,-0.047930969719655));
#1068=CARTESIAN_POINT('',(-0.0448836317677799,0.00126327117266073,-0.047846514719655));
#1069=CARTESIAN_POINT('',(-0.0448836317677799,2.6795882510379E-19,-0.047762059719655));
#1070=CARTESIAN_POINT('',(-0.0448836317677799,-0.00126327117266073,-0.0476776047196549));
#1071=CARTESIAN_POINT('',(-0.0437896068403871,-0.0018949067589911,-0.047593149719655));
#1072=CARTESIAN_POINT('',(-0.0426955819129944,-0.00252654234532146,-0.047508694719655));
#1073=CARTESIAN_POINT('',(-0.0416015569856016,-0.0018949067589911,-0.047424239719655));
#1074=CARTESIAN_POINT('',(-0.0405075320582089,-0.00126327117266073,-0.0473397847196549));
#1075=CARTESIAN_POINT('',(-0.0405075320582089,0.,-0.047255329719655));
#1076=CARTESIAN_POINT('',(-0.0405075320582089,0.00126327117266073,-0.0471708747196549));
#1077=CARTESIAN_POINT('',(-0.0416015569856016,0.0018949067589911,-0.047086419719655));
#1078=CARTESIAN_POINT('',(-0.0426955819129944,0.00252654234532146,-0.047001964719655));
#1079=CARTESIAN_POINT('',(-0.0437896068403871,0.0018949067589911,-0.046917509719655));
#1080=CARTESIAN_POINT('',(-0.0448836317677799,0.00126327117266073,-0.0468330547196549));
#1081=CARTESIAN_POINT('',(-0.0448836317677799,2.6795882510379E-19,-0.046748599719655));
#1082=CARTESIAN_POINT('',(-0.0448836317677799,-0.00126327117266073,-0.046664144719655));
#1083=CARTESIAN_POINT('',(-0.0437896068403871,-0.0018949067589911,-0.046579689719655));
#1084=CARTESIAN_POINT('',(-0.0426955819129944,-0.00252654234532146,-0.0464952347196549));
#1085=CARTESIAN_POINT('',(-0.0416015569856016,-0.0018949067589911,-0.046410779719655));
#1086=CARTESIAN_POINT('',(-0.0405075320582089,-0.00126327117266073,-0.046326324719655));
#1087=CARTESIAN_POINT('',(-0.0405075320582089,0.,-0.046241869719655));
#1088=CARTESIAN_POINT('',(-0.0405075320582089,0.00126327117266073,-0.0461574147196549));
#1089=CARTESIAN_POINT('',(-0.0416015569856016,0.0018949067589911,-0.046072959719655));
#1090=CARTESIAN_POINT('',(-0.0426955819129944,0.00252654234532146,-0.0459885047196549));
#1091=CARTESIAN_POINT('',(-0.0437896068403871,0.0018949067589911,-0.045904049719655));
#1092=CARTESIAN_POINT('',(-0.0448836317677799,0.00126327117266073,-0.045819594719655));
#1093=CARTESIAN_POINT('',(-0.0448836317677799,2.6795882510379E-19,-0.045735139719655));
#1094=CARTESIAN_POINT('',(-0.0448836317677799,-0.00126327117266073,-0.0456506847196549));
#1095=CARTESIAN_POINT('',(-0.0437896068403871,-0.0018949067589911,-0.045566229719655));
#1096=CARTESIAN_POINT('',(-0.0426955819129944,-0.00252654234532146,-0.045481774719655));
#1097=CARTESIAN_POINT('',(-0.0416015569856016,-0.0018949067589911,-0.045397319719655));
#1098=CARTESIAN_POINT('',(-0.0405075320582089,-0.00126327117266073,-0.0453128647196549));
#1099=CARTESIAN_POINT('',(-0.0405075320582089,0.,-0.045228409719655));
#1100=CARTESIAN_POINT('',(-0.0405075320582089,0.00126327117266073,-0.0451439547196549));
#1101=CARTESIAN_POINT('',(-0.0416015569856016,0.0018949067589911,-0.045059499719655));
#1102=CARTESIAN_POINT('',(-0.0426955819129944,0.00252654234532146,-0.044975044719655));
#1103=CARTESIAN_POINT('',(-0.0437896068403871,0.0018949067589911,-0.044890589719655));
#1104=CARTESIAN_POINT('',(-0.0448836317677799,0.00126327117266073,-0.0448061347196549));
#1105=CARTESIAN_POINT('',(-0.0448836317677799,2.6795882510379E-19,-0.044721679719655));
#1106=CARTESIAN_POINT('',(-0.0448836317677799,-0.00126327117266073,-0.044637224719655));
#1107=CARTESIAN_POINT('',(-0.0437896068403871,-0.0018949067589911,-0.044552769719655));
#1108=CARTESIAN_POINT('',(-0.0426955819129944,-0.00252654234532146,-0.0444683147196549));
#1109=CARTESIAN_POINT('',(-0.0416015569856016,-0.0018949067589911,-0.044383859719655));
#1110=CARTESIAN_POINT('',(-0.0405075320582089,-0.00126327117266073,-0.044299404719655));
#1111=CARTESIAN_POINT('',(-0.0405075320582089,0.,-0.044214949719655));
#1112=CARTESIAN_POINT('',(-0.0405075320582089,0.00126327117266073,-0.044130494719655));
#1113=CARTESIAN_POINT('',(-0.0416015569856016,0.0018949067589911,-0.044046039719655));
#1114=CARTESIAN_POINT('',(-0.0426955819129944,0.00252654234532146,-0.0439615847196549));
#1115=CARTESIAN_POINT('',(-0.0437896068403871,0.0018949067589911,-0.043877129719655));
#1116=CARTESIAN_POINT('',(-0.0448836317677799,0.00126327117266073,-0.043792674719655));
#1117=CARTESIAN_POINT('',(-0.0448836317677799,2.6795882510379E-19,-0.043708219719655));
#1118=CARTESIAN_POINT('',(-0.0448836317677799,-0.00126327117266073,-0.0436237647196549));
#1119=CARTESIAN_POINT('',(-0.0437896068403871,-0.0018949067589911,-0.043539309719655));
#1120=CARTESIAN_POINT('',(-0.0426955819129944,-0.00252654234532146,-0.0434548547196549));
#1121=CARTESIAN_POINT('',(-0.0416015569856016,-0.0018949067589911,-0.043370399719655));
#1122=CARTESIAN_POINT('',(-0.0405075320582089,-0.00126327117266073,-0.043285944719655));
#1123=CARTESIAN_POINT('',(-0.0405075320582089,0.,-0.043201489719655));
#1124=CARTESIAN_POINT('',(-0.0405075320582089,0.00126327117266073,-0.0431170347196549));
#1125=CARTESIAN_POINT('',(-0.0416015569856016,0.0018949067589911,-0.043032579719655));
#1126=CARTESIAN_POINT('',(-0.0426955819129944,0.00252654234532146,-0.042948124719655));
#1127=CARTESIAN_POINT('',(-0.0437896068403871,0.0018949067589911,-0.042863669719655));
#1128=CARTESIAN_POINT('',(-0.0441626317331888,0.00167954073671764,-0.0428348734678212));
#1129=CARTESIAN_POINT('',(-0.0444261947953873,0.00133885817707579,-0.0428019243178518));
#1130=CARTESIAN_POINT('',(-0.0441862351500882,8.21008032480084E-5,-0.0482923023057174));
#1131=CARTESIAN_POINT('',(-0.0441884943736405,4.10814859182928E-5,-0.0482881552957466));
#1132=CARTESIAN_POINT('',(-0.0441884943736404,1.82829046633742E-19,-0.04828413));
#1133=CARTESIAN_POINT('',(-0.0441884943736405,-0.000861933411030558,-0.048199675));
#1134=CARTESIAN_POINT('',(-0.0434420381433174,-0.00129290011654584,-0.04811522));
#1135=CARTESIAN_POINT('',(-0.0426955819129944,-0.00172386682206112,-0.048030765));
#1136=CARTESIAN_POINT('',(-0.0419491256826713,-0.00129290011654584,-0.04794631));
#1137=CARTESIAN_POINT('',(-0.0412026694523483,-0.000861933411030559,-0.047861855));
#1138=CARTESIAN_POINT('',(-0.0412026694523483,0.,-0.0477774));
#1139=CARTESIAN_POINT('',(-0.0412026694523483,0.000861933411030558,-0.047692945));
#1140=CARTESIAN_POINT('',(-0.0419491256826713,0.00129290011654584,-0.04760849));
#1141=CARTESIAN_POINT('',(-0.0426955819129944,0.00172386682206112,-0.047524035));
#1142=CARTESIAN_POINT('',(-0.0434420381433174,0.00129290011654584,-0.04743958));
#1143=CARTESIAN_POINT('',(-0.0441884943736405,0.000861933411030558,-0.047355125));
#1144=CARTESIAN_POINT('',(-0.0441884943736404,1.82829046633742E-19,-0.04727067));
#1145=CARTESIAN_POINT('',(-0.0441884943736405,-0.000861933411030558,-0.047186215));
#1146=CARTESIAN_POINT('',(-0.0434420381433174,-0.00129290011654584,-0.04710176));
#1147=CARTESIAN_POINT('',(-0.0426955819129944,-0.00172386682206112,-0.047017305));
#1148=CARTESIAN_POINT('',(-0.0419491256826713,-0.00129290011654584,-0.04693285));
#1149=CARTESIAN_POINT('',(-0.0412026694523483,-0.000861933411030559,-0.046848395));
#1150=CARTESIAN_POINT('',(-0.0412026694523483,0.,-0.04676394));
#1151=CARTESIAN_POINT('',(-0.0412026694523483,0.000861933411030558,-0.046679485));
#1152=CARTESIAN_POINT('',(-0.0419491256826713,0.00129290011654584,-0.04659503));
#1153=CARTESIAN_POINT('',(-0.0426955819129944,0.00172386682206112,-0.046510575));
#1154=CARTESIAN_POINT('',(-0.0434420381433174,0.00129290011654584,-0.04642612));
#1155=CARTESIAN_POINT('',(-0.0441884943736405,0.000861933411030558,-0.046341665));
#1156=CARTESIAN_POINT('',(-0.0441884943736404,1.82829046633742E-19,-0.04625721));
#1157=CARTESIAN_POINT('',(-0.0441884943736405,-0.000861933411030558,-0.046172755));
#1158=CARTESIAN_POINT('',(-0.0434420381433174,-0.00129290011654584,-0.0460883));
#1159=CARTESIAN_POINT('',(-0.0426955819129944,-0.00172386682206112,-0.046003845));
#1160=CARTESIAN_POINT('',(-0.0419491256826713,-0.00129290011654584,-0.04591939));
#1161=CARTESIAN_POINT('',(-0.0412026694523483,-0.000861933411030559,-0.045834935));
#1162=CARTESIAN_POINT('',(-0.0412026694523483,0.,-0.04575048));
#1163=CARTESIAN_POINT('',(-0.0412026694523483,0.000861933411030558,-0.045666025));
#1164=CARTESIAN_POINT('',(-0.0419491256826713,0.00129290011654584,-0.04558157));
#1165=CARTESIAN_POINT('',(-0.0426955819129944,0.00172386682206112,-0.045497115));
#1166=CARTESIAN_POINT('',(-0.0434420381433174,0.00129290011654584,-0.04541266));
#1167=CARTESIAN_POINT('',(-0.0441884943736405,0.000861933411030558,-0.045328205));
#1168=CARTESIAN_POINT('',(-0.0441884943736404,1.82829046633742E-19,-0.04524375));
#1169=CARTESIAN_POINT('',(-0.0441884943736405,-0.000861933411030558,-0.045159295));
#1170=CARTESIAN_POINT('',(-0.0434420381433174,-0.00129290011654584,-0.04507484));
#1171=CARTESIAN_POINT('',(-0.0426955819129944,-0.00172386682206112,-0.044990385));
#1172=CARTESIAN_POINT('',(-0.0419491256826713,-0.00129290011654584,-0.04490593));
#1173=CARTESIAN_POINT('',(-0.0412026694523483,-0.000861933411030559,-0.044821475));
#1174=CARTESIAN_POINT('',(-0.0412026694523483,0.,-0.04473702));
#1175=CARTESIAN_POINT('',(-0.0412026694523483,0.000861933411030558,-0.044652565));
#1176=CARTESIAN_POINT('',(-0.0419491256826713,0.00129290011654584,-0.04456811));
#1177=CARTESIAN_POINT('',(-0.0426955819129944,0.00172386682206112,-0.044483655));
#1178=CARTESIAN_POINT('',(-0.0434420381433174,0.00129290011654584,-0.0443992));
#1179=CARTESIAN_POINT('',(-0.0441884943736405,0.000861933411030558,-0.044314745));
#1180=CARTESIAN_POINT('',(-0.0441884943736404,1.82829046633742E-19,-0.04423029));
#1181=CARTESIAN_POINT('',(-0.0441884943736405,-0.000861933411030558,-0.044145835));
#1182=CARTESIAN_POINT('',(-0.0434420381433174,-0.00129290011654584,-0.04406138));
#1183=CARTESIAN_POINT('',(-0.0426955819129944,-0.00172386682206112,-0.043976925));
#1184=CARTESIAN_POINT('',(-0.0419491256826713,-0.00129290011654584,-0.04389247));
#1185=CARTESIAN_POINT('',(-0.0412026694523483,-0.000861933411030559,-0.043808015));
#1186=CARTESIAN_POINT('',(-0.0412026694523483,0.,-0.04372356));
#1187=CARTESIAN_POINT('',(-0.0412026694523483,0.000861933411030558,-0.043639105));
#1188=CARTESIAN_POINT('',(-0.0419491256826713,0.00129290011654584,-0.04355465));
#1189=CARTESIAN_POINT('',(-0.0426955819129944,0.00172386682206112,-0.043470195));
#1190=CARTESIAN_POINT('',(-0.0434420381433174,0.00129290011654584,-0.04338574));
#1191=CARTESIAN_POINT('',(-0.0441884943736405,0.000861933411030558,-0.043301285));
#1192=CARTESIAN_POINT('',(-0.0441884943736404,1.82829046633742E-19,-0.04321683));
#1193=CARTESIAN_POINT('',(-0.0441884943736405,-0.000861933411030558,-0.043132375));
#1194=CARTESIAN_POINT('',(-0.0434420381433174,-0.00129290011654584,-0.04304792));
#1195=CARTESIAN_POINT('',(-0.0426955819129944,-0.00172386682206112,-0.042963465));
#1196=CARTESIAN_POINT('',(-0.0419491256826713,-0.00129290011654584,-0.04287901));
#1197=CARTESIAN_POINT('',(-0.0412026694523483,-0.000861933411030559,-0.042794555));
#1198=CARTESIAN_POINT('',(-0.0412026694523483,0.,-0.0427101));
#1199=CARTESIAN_POINT('',(-0.0412026694523483,0.000861933411030558,-0.042625645));
#1200=CARTESIAN_POINT('',(-0.0419491256826713,0.00129290011654584,-0.04254119));
#1201=CARTESIAN_POINT('',(-0.0426955819129944,0.00172386682206112,-0.042456735));
#1202=CARTESIAN_POINT('',(-0.0434420381433174,0.00129290011654584,-0.04237228));
#1203=CARTESIAN_POINT('',(-0.0436965540581979,0.00114595528457658,-0.0423434837481663));
#1204=CARTESIAN_POINT('',(-0.0438763838636575,0.000913506632960279,-0.0423105345981968));
#1205=CARTESIAN_POINT('',(-0.0412026694523483,0.,-0.057912));
#1206=CARTESIAN_POINT('',(-0.0412026694523483,0.000861933411030562,-0.057827545));
#1207=CARTESIAN_POINT('',(-0.0419491256826713,0.00129290011654584,-0.05774309));
#1208=CARTESIAN_POINT('',(-0.0426955819129944,0.00172386682206112,-0.057658635));
#1209=CARTESIAN_POINT('',(-0.0434420381433174,0.00129290011654584,-0.05757418));
#1210=CARTESIAN_POINT('',(-0.0441884943736405,0.000861933411030563,-0.0574897249999999));
#1211=CARTESIAN_POINT('',(-0.0441884943736404,1.82829046633743E-19,-0.05740527));
#1212=CARTESIAN_POINT('',(-0.0441884943736405,-0.000861933411030562,-0.057320815));
#1213=CARTESIAN_POINT('',(-0.0434420381433174,-0.00129290011654584,-0.05723636));
#1214=CARTESIAN_POINT('',(-0.0426955819129944,-0.00172386682206112,-0.057151905));
#1215=CARTESIAN_POINT('',(-0.0419491256826713,-0.00129290011654584,-0.05706745));
#1216=CARTESIAN_POINT('',(-0.0412026694523483,-0.000861933411030563,-0.0569829949999999));
#1217=CARTESIAN_POINT('',(-0.0412026694523483,-3.65658093267485E-19,-0.05689854));
#1218=CARTESIAN_POINT('',(-0.0412026694523483,0.000861933411030561,-0.056814085));
#1219=CARTESIAN_POINT('',(-0.0419491256826713,0.00129290011654584,-0.05672963));
#1220=CARTESIAN_POINT('',(-0.0426955819129944,0.00172386682206112,-0.056645175));
#1221=CARTESIAN_POINT('',(-0.0434420381433174,0.00129290011654584,-0.05656072));
#1222=CARTESIAN_POINT('',(-0.0441884943736405,0.000861933411030565,-0.056476265));
#1223=CARTESIAN_POINT('',(-0.0441884943736404,5.48487139901227E-19,-0.05639181));
#1224=CARTESIAN_POINT('',(-0.0441884943736405,-0.000861933411030561,-0.0563073549999999));
#1225=CARTESIAN_POINT('',(-0.0434420381433174,-0.00129290011654584,-0.0562229));
#1226=CARTESIAN_POINT('',(-0.0426955819129944,-0.00172386682206112,-0.056138445));
#1227=CARTESIAN_POINT('',(-0.0419491256826713,-0.00129290011654584,-0.05605399));
#1228=CARTESIAN_POINT('',(-0.0412026694523483,-0.000861933411030565,-0.055969535));
#1229=CARTESIAN_POINT('',(-0.0412026694523483,-7.3131618653497E-19,-0.05588508));
#1230=CARTESIAN_POINT('',(-0.0412026694523483,0.000861933411030561,-0.0558006249999999));
#1231=CARTESIAN_POINT('',(-0.0419491256826713,0.00129290011654584,-0.05571617));
#1232=CARTESIAN_POINT('',(-0.0426955819129944,0.00172386682206112,-0.055631715));
#1233=CARTESIAN_POINT('',(-0.0434420381433174,0.00129290011654584,-0.05554726));
#1234=CARTESIAN_POINT('',(-0.0441884943736405,0.000861933411030565,-0.055462805));
#1235=CARTESIAN_POINT('',(-0.0441884943736404,3.56609049326324E-18,-0.05537835));
#1236=CARTESIAN_POINT('',(-0.0441884943736405,-0.000861933411030561,-0.0552938949999999));
#1237=CARTESIAN_POINT('',(-0.0434420381433174,-0.00129290011654584,-0.05520944));
#1238=CARTESIAN_POINT('',(-0.0426955819129944,-0.00172386682206112,-0.055124985));
#1239=CARTESIAN_POINT('',(-0.0419491256826713,-0.00129290011654585,-0.05504053));
#1240=CARTESIAN_POINT('',(-0.0412026694523483,-0.000861933411030567,-0.054956075));
#1241=CARTESIAN_POINT('',(-0.0412026694523483,-1.09697427980245E-18,-0.05487162));
#1242=CARTESIAN_POINT('',(-0.0412026694523483,0.000861933411030561,-0.054787165));
#1243=CARTESIAN_POINT('',(-0.0419491256826713,0.00129290011654584,-0.05470271));
#1244=CARTESIAN_POINT('',(-0.0426955819129944,0.00172386682206112,-0.0546182549999999));
#1245=CARTESIAN_POINT('',(-0.0434420381433174,0.00129290011654585,-0.0545338));
#1246=CARTESIAN_POINT('',(-0.0441884943736405,0.000861933411030569,-0.054449345));
#1247=CARTESIAN_POINT('',(-0.0441884943736404,1.2798033264362E-18,-0.05436489));
#1248=CARTESIAN_POINT('',(-0.0441884943736405,-0.000861933411030559,-0.054280435));
#1249=CARTESIAN_POINT('',(-0.0434420381433174,-0.00129290011654584,-0.05419598));
#1250=CARTESIAN_POINT('',(-0.0426955819129944,-0.00172386682206112,-0.0541115249999999));
#1251=CARTESIAN_POINT('',(-0.0419491256826713,-0.00129290011654585,-0.05402707));
#1252=CARTESIAN_POINT('',(-0.0412026694523483,-0.000861933411030569,-0.053942615));
#1253=CARTESIAN_POINT('',(-0.0412026694523483,-1.46263237306994E-18,-0.05385816));
#1254=CARTESIAN_POINT('',(-0.0412026694523483,0.000861933411030559,-0.053773705));
#1255=CARTESIAN_POINT('',(-0.0419491256826713,0.00129290011654584,-0.05368925));
#1256=CARTESIAN_POINT('',(-0.0426955819129944,0.00172386682206112,-0.053604795));
#1257=CARTESIAN_POINT('',(-0.0434420381433174,0.00129290011654585,-0.05352034));
#1258=CARTESIAN_POINT('',(-0.0441884943736405,0.000861933411030569,-0.053435885));
#1259=CARTESIAN_POINT('',(-0.0441884943736404,6.94935193989274E-18,-0.05335143));
#1260=CARTESIAN_POINT('',(-0.0441884943736405,-0.000861933411030559,-0.053266975));
#1261=CARTESIAN_POINT('',(-0.0434420381433174,-0.00129290011654584,-0.05318252));
#1262=CARTESIAN_POINT('',(-0.0426955819129944,-0.00172386682206112,-0.053098065));
#1263=CARTESIAN_POINT('',(-0.0419491256826713,-0.00129290011654585,-0.05301361));
#1264=CARTESIAN_POINT('',(-0.0412026694523483,-0.000861933411030569,-0.0529291549999999));
#1265=CARTESIAN_POINT('',(-0.0412026694523483,-7.13218098652648E-18,-0.0528447));
#1266=CARTESIAN_POINT('',(-0.0412026694523483,0.000861933411030559,-0.052760245));
#1267=CARTESIAN_POINT('',(-0.0419491256826713,0.00129290011654584,-0.05267579));
#1268=CARTESIAN_POINT('',(-0.0426955819129944,0.00172386682206112,-0.052591335));
#1269=CARTESIAN_POINT('',(-0.0434420381433174,0.00129290011654585,-0.05250688));
#1270=CARTESIAN_POINT('',(-0.0441884943736405,0.000861933411030563,-0.0524224249999999));
#1271=CARTESIAN_POINT('',(-0.0441884943736404,7.31501003316022E-18,-0.05233797));
#1272=CARTESIAN_POINT('',(-0.0441884943736405,-0.000861933411030559,-0.052253515));
#1273=CARTESIAN_POINT('',(-0.0434420381433174,-0.00129290011654584,-0.05216906));
#1274=CARTESIAN_POINT('',(-0.0426955819129944,-0.00172386682206112,-0.052084605));
#1275=CARTESIAN_POINT('',(-0.0419491256826713,-0.00129290011654585,-0.05200015));
#1276=CARTESIAN_POINT('',(-0.0412026694523483,-0.000861933411030569,-0.051915695));
#1277=CARTESIAN_POINT('',(-0.0412026694523483,-2.19394855960491E-18,-0.05183124));
#1278=CARTESIAN_POINT('',(-0.0412026694523483,0.000861933411030554,-0.0517467849999999));
#1279=CARTESIAN_POINT('',(-0.0419491256826713,0.00129290011654584,-0.05166233));
#1280=CARTESIAN_POINT('',(-0.0426955819129944,0.00172386682206112,-0.051577875));
#1281=CARTESIAN_POINT('',(-0.0434420381433174,0.00129290011654585,-0.05149342));
#1282=CARTESIAN_POINT('',(-0.0441884943736405,0.000861933411030564,-0.051408965));
#1283=CARTESIAN_POINT('',(-0.0441884943736404,7.6806681264277E-18,-0.05132451));
#1284=CARTESIAN_POINT('',(-0.0441884943736405,-0.000861933411030559,-0.051240055));
#1285=CARTESIAN_POINT('',(-0.0434420381433174,-0.00129290011654584,-0.0511556));
#1286=CARTESIAN_POINT('',(-0.0426955819129944,-0.00172386682206112,-0.051071145));
#1287=CARTESIAN_POINT('',(-0.0419491256826713,-0.00129290011654585,-0.05098669));
#1288=CARTESIAN_POINT('',(-0.0412026694523483,-0.00086193341103057,-0.050902235));
#1289=CARTESIAN_POINT('',(-0.0412026694523483,-2.5596066528724E-18,-0.05081778));
#1290=CARTESIAN_POINT('',(-0.0412026694523483,0.000861933411030554,-0.050733325));
#1291=CARTESIAN_POINT('',(-0.0419491256826713,0.00129290011654584,-0.05064887));
#1292=CARTESIAN_POINT('',(-0.0426955819129944,0.00172386682206112,-0.050564415));
#1293=CARTESIAN_POINT('',(-0.0434420381433174,0.00129290011654585,-0.05047996));
#1294=CARTESIAN_POINT('',(-0.0441884943736405,0.000861933411030574,-0.050395505));
#1295=CARTESIAN_POINT('',(-0.0441884943736404,8.04632621969519E-18,-0.05031105));
#1296=CARTESIAN_POINT('',(-0.0441884943736405,-0.000861933411030558,-0.050226595));
#1297=CARTESIAN_POINT('',(-0.0434420381433174,-0.00129290011654584,-0.05014214));
#1298=CARTESIAN_POINT('',(-0.0426955819129944,-0.00172386682206112,-0.050057685));
#1299=CARTESIAN_POINT('',(-0.0419491256826713,-0.00129290011654585,-0.04997323));
#1300=CARTESIAN_POINT('',(-0.0412026694523483,-0.00086193341103057,-0.049888775));
#1301=CARTESIAN_POINT('',(-0.0412026694523483,-2.92526474613988E-18,-0.04980432));
#1302=CARTESIAN_POINT('',(-0.0412026694523483,0.000861933411030554,-0.0497198649999999));
#1303=CARTESIAN_POINT('',(-0.0419491256826713,0.00129290011654584,-0.04963541));
#1304=CARTESIAN_POINT('',(-0.0426955819129944,0.00172386682206112,-0.049550955));
#1305=CARTESIAN_POINT('',(-0.0434420381433174,0.00129290011654585,-0.0494665));
#1306=CARTESIAN_POINT('',(-0.0441884943736405,0.000861933411030576,-0.049382045));
#1307=CARTESIAN_POINT('',(-0.0441884943736404,8.41198431296267E-18,-0.04929759));
#1308=CARTESIAN_POINT('',(-0.0441884943736405,-0.000861933411030558,-0.0492131349999999));
#1309=CARTESIAN_POINT('',(-0.0434420381433174,-0.00129290011654584,-0.04912868));
#1310=CARTESIAN_POINT('',(-0.0426955819129944,-0.00172386682206112,-0.049044225));
#1311=CARTESIAN_POINT('',(-0.0419491256826713,-0.00129290011654585,-0.04895977));
#1312=CARTESIAN_POINT('',(-0.0412026694523483,-0.00086193341103057,-0.0488753149999999));
#1313=CARTESIAN_POINT('',(-0.0412026694523483,-1.38987038797855E-17,-0.04879086));
#1314=CARTESIAN_POINT('',(-0.0412026694523483,0.000861933411030553,-0.048706405));
#1315=CARTESIAN_POINT('',(-0.0419491256826713,0.00129290011654584,-0.04862195));
#1316=CARTESIAN_POINT('',(-0.0426955819129944,0.00172386682206112,-0.048537495));
#1317=CARTESIAN_POINT('',(-0.0434420381433174,0.00129290011654585,-0.04845304));
#1318=CARTESIAN_POINT('',(-0.0441884943736405,0.000861933411030576,-0.048368585));
#1319=CARTESIAN_POINT('',(-0.0441884943736404,8.77764240623016E-18,-0.04828413));
#1320=CARTESIAN_POINT('',(-0.0441884943736405,-0.000861933411030547,-0.048199675));
#1321=CARTESIAN_POINT('',(-0.0434420381433174,-0.00129290011654584,-0.04811522));
#1322=CARTESIAN_POINT('',(-0.0426955819129944,-0.00172386682206112,-0.0480307649999999));
#1323=CARTESIAN_POINT('',(-0.0419491256826713,-0.00129290011654585,-0.04794631));
#1324=CARTESIAN_POINT('',(-0.0412026694523483,-0.00086193341103057,-0.047861855));
#1325=CARTESIAN_POINT('',(-0.0412026694523483,-1.4264361973053E-17,-0.0477774));
#1326=CARTESIAN_POINT('',(-0.0412026694523483,0.000861933411030553,-0.047692945));
#1327=CARTESIAN_POINT('',(-0.0419491256826713,0.00129290011654584,-0.04760849));
#1328=CARTESIAN_POINT('',(-0.0426955819129944,0.00172386682206112,-0.047524035));
#1329=CARTESIAN_POINT('',(-0.0434420381433174,0.00129290011654585,-0.04743958));
#1330=CARTESIAN_POINT('',(-0.0441884943736405,0.000861933411030565,-0.047355125));
#1331=CARTESIAN_POINT('',(-0.0441884943736404,1.97510815398757E-17,-0.04727067));
#1332=CARTESIAN_POINT('',(-0.0441884943736405,-0.000861933411030547,-0.0471862149999999));
#1333=CARTESIAN_POINT('',(-0.0434420381433174,-0.00129290011654584,-0.04710176));
#1334=CARTESIAN_POINT('',(-0.0426955819129944,-0.00172386682206112,-0.047017305));
#1335=CARTESIAN_POINT('',(-0.0419491256826713,-0.00129290011654584,-0.04693285));
#1336=CARTESIAN_POINT('',(-0.0412026694523483,-0.000861933411030581,-0.046848395));
#1337=CARTESIAN_POINT('',(-0.0412026694523483,-1.46300200663204E-17,-0.04676394));
#1338=CARTESIAN_POINT('',(-0.0412026694523483,0.000861933411030553,-0.046679485));
#1339=CARTESIAN_POINT('',(-0.0419491256826713,0.00129290011654584,-0.04659503));
#1340=CARTESIAN_POINT('',(-0.0426955819129944,0.00172386682206112,-0.046510575));
#1341=CARTESIAN_POINT('',(-0.0434420381433174,0.00129290011654585,-0.04642612));
#1342=CARTESIAN_POINT('',(-0.0441884943736405,0.000861933411030577,-0.046341665));
#1343=CARTESIAN_POINT('',(-0.0441884943736404,9.50895859276513E-18,-0.04625721));
#1344=CARTESIAN_POINT('',(-0.0441884943736405,-0.000861933411030557,-0.046172755));
#1345=CARTESIAN_POINT('',(-0.0434420381433174,-0.00129290011654583,-0.0460883));
#1346=CARTESIAN_POINT('',(-0.0426955819129944,-0.00172386682206112,-0.046003845));
#1347=CARTESIAN_POINT('',(-0.0419491256826713,-0.00129290011654585,-0.04591939));
#1348=CARTESIAN_POINT('',(-0.0412026694523483,-0.000861933411030571,-0.045834935));
#1349=CARTESIAN_POINT('',(-0.0412026694523483,-4.38789711920982E-18,-0.04575048));
#1350=CARTESIAN_POINT('',(-0.0412026694523483,0.000861933411030541,-0.045666025));
#1351=CARTESIAN_POINT('',(-0.0419491256826713,0.00129290011654583,-0.04558157));
#1352=CARTESIAN_POINT('',(-0.0426955819129944,0.00172386682206112,-0.045497115));
#1353=CARTESIAN_POINT('',(-0.0434420381433174,0.00129290011654585,-0.04541266));
#1354=CARTESIAN_POINT('',(-0.0441884943736405,0.000861933411030566,-0.045328205));
#1355=CARTESIAN_POINT('',(-0.0441884943736404,2.04823977264107E-17,-0.04524375));
#1356=CARTESIAN_POINT('',(-0.0441884943736405,-0.000861933411030547,-0.0451592949999999));
#1357=CARTESIAN_POINT('',(-0.0434420381433174,-0.00129290011654584,-0.04507484));
#1358=CARTESIAN_POINT('',(-0.0426955819129944,-0.00172386682206112,-0.044990385));
#1359=CARTESIAN_POINT('',(-0.0419491256826713,-0.00129290011654584,-0.04490593));
#1360=CARTESIAN_POINT('',(-0.0412026694523483,-0.000861933411030581,-0.044821475));
#1361=CARTESIAN_POINT('',(-0.0412026694523483,-1.53613362528554E-17,-0.04473702));
#1362=CARTESIAN_POINT('',(-0.0412026694523483,0.000861933411030551,-0.044652565));
#1363=CARTESIAN_POINT('',(-0.0419491256826713,0.00129290011654584,-0.04456811));
#1364=CARTESIAN_POINT('',(-0.0426955819129943,0.00172386682206112,-0.044483655));
#1365=CARTESIAN_POINT('',(-0.0434420381433174,0.00129290011654585,-0.0443992));
#1366=CARTESIAN_POINT('',(-0.0441884943736405,0.000861933411030577,-0.044314745));
#1367=CARTESIAN_POINT('',(-0.0441884943736404,1.02402747793001E-17,-0.04423029));
#1368=CARTESIAN_POINT('',(-0.0441884943736405,-0.000861933411030556,-0.044145835));
#1369=CARTESIAN_POINT('',(-0.0434420381433174,-0.00129290011654583,-0.04406138));
#1370=CARTESIAN_POINT('',(-0.0426955819129944,-0.00172386682206112,-0.043976925));
#1371=CARTESIAN_POINT('',(-0.0419491256826713,-0.00129290011654585,-0.04389247));
#1372=CARTESIAN_POINT('',(-0.0412026694523483,-0.000861933411030572,-0.043808015));
#1373=CARTESIAN_POINT('',(-0.0412026694523483,-5.11921330574479E-18,-0.04372356));
#1374=CARTESIAN_POINT('',(-0.0412026694523483,0.000861933411030541,-0.043639105));
#1375=CARTESIAN_POINT('',(-0.0419491256826713,0.00129290011654583,-0.04355465));
#1376=CARTESIAN_POINT('',(-0.0426955819129944,0.00172386682206112,-0.0434701949999999));
#1377=CARTESIAN_POINT('',(-0.0434420381433174,0.00129290011654585,-0.04338574));
#1378=CARTESIAN_POINT('',(-0.0441884943736405,0.000861933411030566,-0.043301285));
#1379=CARTESIAN_POINT('',(-0.0441884943736404,2.12137139129457E-17,-0.04321683));
#1380=CARTESIAN_POINT('',(-0.0441884943736405,-0.000861933411030546,-0.043132375));
#1381=CARTESIAN_POINT('',(-0.0434420381433174,-0.00129290011654584,-0.04304792));
#1382=CARTESIAN_POINT('',(-0.0426955819129944,-0.00172386682206112,-0.042963465));
#1383=CARTESIAN_POINT('',(-0.0419491256826713,-0.00129290011654586,-0.04287901));
#1384=CARTESIAN_POINT('',(-0.0412026694523483,-0.000861933411030582,-0.042794555));
#1385=CARTESIAN_POINT('',(-0.0412026694523483,-1.60926524393904E-17,-0.0427101));
#1386=CARTESIAN_POINT('',(-0.0412026694523483,0.00086193341103055,-0.0426256449999999));
#1387=CARTESIAN_POINT('',(-0.0419491256826713,0.00129290011654584,-0.04254119));
#1388=CARTESIAN_POINT('',(-0.0426955819129943,0.00172386682206112,-0.042456735));
#1389=CARTESIAN_POINT('',(-0.0434420381433174,0.00129290011654585,-0.04237228));
#1390=CARTESIAN_POINT('',(-0.0441884943736405,0.000861933411030578,-0.0422878249999999));
#1391=CARTESIAN_POINT('',(-0.0441884943736404,1.09715909658351E-17,-0.04220337));
#1392=CARTESIAN_POINT('',(-0.0441884943736405,-0.000861933411030556,-0.042118915));
#1393=CARTESIAN_POINT('',(-0.0434420381433174,-0.00129290011654583,-0.04203446));
#1394=CARTESIAN_POINT('',(-0.0426955819129944,-0.00172386682206112,-0.041950005));
#1395=CARTESIAN_POINT('',(-0.0419491256826713,-0.00129290011654585,-0.04186555));
#1396=CARTESIAN_POINT('',(-0.0412026694523483,-0.000861933411030572,-0.041781095));
#1397=CARTESIAN_POINT('',(-0.0412026694523483,-5.85052949227976E-18,-0.04169664));
#1398=CARTESIAN_POINT('',(-0.0412026694523483,0.00086193341103054,-0.041612185));
#1399=CARTESIAN_POINT('',(-0.0419491256826713,0.00129290011654583,-0.04152773));
#1400=CARTESIAN_POINT('',(-0.0426955819129944,0.00172386682206112,-0.041443275));
#1401=CARTESIAN_POINT('',(-0.0434420381433174,0.00129290011654585,-0.04135882));
#1402=CARTESIAN_POINT('',(-0.0441884943736405,0.000861933411030588,-0.041274365));
#1403=CARTESIAN_POINT('',(-0.0441884943736404,2.19450300994807E-17,-0.04118991));
#1404=CARTESIAN_POINT('',(-0.0441884943736405,-0.000861933411030544,-0.041105455));
#1405=CARTESIAN_POINT('',(-0.0434420381433174,-0.00129290011654584,-0.041021));
#1406=CARTESIAN_POINT('',(-0.0426955819129944,-0.00172386682206112,-0.040936545));
#1407=CARTESIAN_POINT('',(-0.0419491256826713,-0.00129290011654586,-0.04085209));
#1408=CARTESIAN_POINT('',(-0.0412026694523483,-0.000861933411030584,-0.040767635));
#1409=CARTESIAN_POINT('',(-0.0412026694523483,-1.68239686259253E-17,-0.04068318));
#1410=CARTESIAN_POINT('',(-0.0412026694523483,0.00086193341103055,-0.0405987249999999));
#1411=CARTESIAN_POINT('',(-0.0419491256826713,0.00129290011654584,-0.04051427));
#1412=CARTESIAN_POINT('',(-0.0426955819129943,0.00172386682206112,-0.040429815));
#1413=CARTESIAN_POINT('',(-0.0434420381433174,0.00129290011654585,-0.04034536));
#1414=CARTESIAN_POINT('',(-0.0441884943736405,0.000861933411030578,-0.040260905));
#1415=CARTESIAN_POINT('',(-0.0441884943736404,1.170290715237E-17,-0.04017645));
#1416=CARTESIAN_POINT('',(-0.0441884943736405,-0.000861933411030534,-0.040091995));
#1417=CARTESIAN_POINT('',(-0.0434420381433174,-0.00129290011654583,-0.04000754));
#1418=CARTESIAN_POINT('',(-0.0426955819129944,-0.00172386682206112,-0.039923085));
#1419=CARTESIAN_POINT('',(-0.0419491256826713,-0.00129290011654585,-0.03983863));
#1420=CARTESIAN_POINT('',(-0.0412026694523483,-0.000861933411030573,-0.039754175));
#1421=CARTESIAN_POINT('',(-0.0412026694523483,-2.77974077595709E-17,-0.03966972));
#1422=CARTESIAN_POINT('',(-0.0413610423222126,0.000669172396164454,-0.0426355730892692));
#1423=CARTESIAN_POINT('',(-0.044089748054988,0.00168637568042855,-0.0428381435985224));
#1424=CARTESIAN_POINT('',(-0.0435998147866404,0.00196587126130434,-0.0428099469447215));
#1425=CARTESIAN_POINT('',(-0.0423861608059709,0.00211800958841544,-0.0427477921320852));
#1426=CARTESIAN_POINT('',(-0.0414742725167403,0.00122959332824571,-0.0426792790745136));
#1427=CARTESIAN_POINT('',(-0.0413610423222127,0.000669172396164483,-0.0426355730892692));
#1428=CARTESIAN_POINT('',(-0.0412033356232731,4.45940126620844E-5,-0.0487864528499081));
#1429=CARTESIAN_POINT('',(-0.0412282013558589,0.000876674262395355,-0.048703516288213));
#1430=CARTESIAN_POINT('',(-0.0419491256826713,0.00129290011654584,-0.04862195));
#1431=CARTESIAN_POINT('',(-0.0426955819129944,0.00172386682206112,-0.048537495));
#1432=CARTESIAN_POINT('',(-0.0434420381433174,0.00129290011654584,-0.04845304));
#1433=CARTESIAN_POINT('',(-0.0441884943736405,0.000861933411030563,-0.048368585));
#1434=CARTESIAN_POINT('',(-0.0441884943736404,1.82829046633743E-19,-0.04828413));
#1435=CARTESIAN_POINT('',(-0.0441884943736405,-0.000861933411030562,-0.048199675));
#1436=CARTESIAN_POINT('',(-0.0434420381433174,-0.00129290011654584,-0.04811522));
#1437=CARTESIAN_POINT('',(-0.0426955819129944,-0.00172386682206112,-0.0480307649999999));
#1438=CARTESIAN_POINT('',(-0.0419491256826713,-0.00129290011654584,-0.04794631));
#1439=CARTESIAN_POINT('',(-0.0412026694523483,-0.000861933411030563,-0.047861855));
#1440=CARTESIAN_POINT('',(-0.0412026694523483,0.,-0.0477774));
#1441=CARTESIAN_POINT('',(-0.0412026694523483,0.000861933411030562,-0.047692945));
#1442=CARTESIAN_POINT('',(-0.0419491256826713,0.00129290011654584,-0.04760849));
#1443=CARTESIAN_POINT('',(-0.0426955819129944,0.00172386682206112,-0.047524035));
#1444=CARTESIAN_POINT('',(-0.0434420381433174,0.00129290011654584,-0.04743958));
#1445=CARTESIAN_POINT('',(-0.0441884943736405,0.000861933411030563,-0.047355125));
#1446=CARTESIAN_POINT('',(-0.0441884943736404,1.82829046633743E-19,-0.04727067));
#1447=CARTESIAN_POINT('',(-0.0441884943736405,-0.000861933411030562,-0.0471862149999999));
#1448=CARTESIAN_POINT('',(-0.0434420381433174,-0.00129290011654584,-0.04710176));
#1449=CARTESIAN_POINT('',(-0.0426955819129944,-0.00172386682206112,-0.047017305));
#1450=CARTESIAN_POINT('',(-0.0419491256826713,-0.00129290011654584,-0.04693285));
#1451=CARTESIAN_POINT('',(-0.0412026694523483,-0.000861933411030563,-0.046848395));
#1452=CARTESIAN_POINT('',(-0.0412026694523483,0.,-0.04676394));
#1453=CARTESIAN_POINT('',(-0.0412026694523483,0.000861933411030562,-0.046679485));
#1454=CARTESIAN_POINT('',(-0.0419491256826713,0.00129290011654584,-0.04659503));
#1455=CARTESIAN_POINT('',(-0.0426955819129944,0.00172386682206112,-0.046510575));
#1456=CARTESIAN_POINT('',(-0.0434420381433174,0.00129290011654584,-0.04642612));
#1457=CARTESIAN_POINT('',(-0.0441884943736405,0.000861933411030563,-0.046341665));
#1458=CARTESIAN_POINT('',(-0.0441884943736404,1.82829046633743E-19,-0.04625721));
#1459=CARTESIAN_POINT('',(-0.0441884943736405,-0.000861933411030562,-0.046172755));
#1460=CARTESIAN_POINT('',(-0.0434420381433174,-0.00129290011654584,-0.0460883));
#1461=CARTESIAN_POINT('',(-0.0426955819129944,-0.00172386682206112,-0.046003845));
#1462=CARTESIAN_POINT('',(-0.0419491256826713,-0.00129290011654584,-0.04591939));
#1463=CARTESIAN_POINT('',(-0.0412026694523483,-0.000861933411030563,-0.045834935));
#1464=CARTESIAN_POINT('',(-0.0412026694523483,0.,-0.04575048));
#1465=CARTESIAN_POINT('',(-0.0412026694523483,0.000861933411030562,-0.045666025));
#1466=CARTESIAN_POINT('',(-0.0419491256826713,0.00129290011654584,-0.04558157));
#1467=CARTESIAN_POINT('',(-0.0426955819129944,0.00172386682206112,-0.045497115));
#1468=CARTESIAN_POINT('',(-0.0434420381433174,0.00129290011654584,-0.04541266));
#1469=CARTESIAN_POINT('',(-0.0441884943736405,0.000861933411030563,-0.045328205));
#1470=CARTESIAN_POINT('',(-0.0441884943736404,1.82829046633743E-19,-0.04524375));
#1471=CARTESIAN_POINT('',(-0.0441884943736405,-0.000861933411030562,-0.0451592949999999));
#1472=CARTESIAN_POINT('',(-0.0434420381433174,-0.00129290011654584,-0.04507484));
#1473=CARTESIAN_POINT('',(-0.0426955819129944,-0.00172386682206112,-0.044990385));
#1474=CARTESIAN_POINT('',(-0.0419491256826713,-0.00129290011654584,-0.04490593));
#1475=CARTESIAN_POINT('',(-0.0412026694523483,-0.000861933411030563,-0.044821475));
#1476=CARTESIAN_POINT('',(-0.0412026694523483,0.,-0.04473702));
#1477=CARTESIAN_POINT('',(-0.0412026694523483,0.000861933411030562,-0.044652565));
#1478=CARTESIAN_POINT('',(-0.0419491256826713,0.00129290011654584,-0.04456811));
#1479=CARTESIAN_POINT('',(-0.0426955819129944,0.00172386682206112,-0.044483655));
#1480=CARTESIAN_POINT('',(-0.0434420381433174,0.00129290011654584,-0.0443992));
#1481=CARTESIAN_POINT('',(-0.0441884943736405,0.000861933411030563,-0.044314745));
#1482=CARTESIAN_POINT('',(-0.0441884943736404,1.82829046633743E-19,-0.04423029));
#1483=CARTESIAN_POINT('',(-0.0441884943736405,-0.000861933411030562,-0.044145835));
#1484=CARTESIAN_POINT('',(-0.0434420381433174,-0.00129290011654584,-0.04406138));
#1485=CARTESIAN_POINT('',(-0.0426955819129944,-0.00172386682206112,-0.043976925));
#1486=CARTESIAN_POINT('',(-0.0419491256826713,-0.00129290011654584,-0.04389247));
#1487=CARTESIAN_POINT('',(-0.0412026694523483,-0.000861933411030563,-0.043808015));
#1488=CARTESIAN_POINT('',(-0.0412026694523483,0.,-0.04372356));
#1489=CARTESIAN_POINT('',(-0.0412026694523483,0.000861933411030562,-0.043639105));
#1490=CARTESIAN_POINT('',(-0.0419491256826713,0.00129290011654584,-0.04355465));
#1491=CARTESIAN_POINT('',(-0.0426955819129944,0.00172386682206112,-0.0434701949999999));
#1492=CARTESIAN_POINT('',(-0.0434420381433174,0.00129290011654584,-0.04338574));
#1493=CARTESIAN_POINT('',(-0.0441884943736405,0.000861933411030563,-0.043301285));
#1494=CARTESIAN_POINT('',(-0.0441884943736404,1.82829046633743E-19,-0.04321683));
#1495=CARTESIAN_POINT('',(-0.0441884943736405,-0.000861933411030562,-0.043132375));
#1496=CARTESIAN_POINT('',(-0.0434420381433174,-0.00129290011654584,-0.04304792));
#1497=CARTESIAN_POINT('',(-0.0426955819129944,-0.00172386682206112,-0.042963465));
#1498=CARTESIAN_POINT('',(-0.0419491256826713,-0.00129290011654584,-0.04287901));
#1499=CARTESIAN_POINT('',(-0.0412026694523483,-0.000861933411030563,-0.042794555));
#1500=CARTESIAN_POINT('',(-0.0412026694523483,0.,-0.0427101));
#1501=CARTESIAN_POINT('',(-0.0412026694523483,0.000542517508439255,-0.0426569423945645));
#1502=CARTESIAN_POINT('',(-0.0415509708187054,0.000958463905414768,-0.0425964830044781));
#1503=CARTESIAN_POINT('',(-0.0405085084149838,6.53581006935566E-5,-0.0482950631302533));
#1504=CARTESIAN_POINT('',(-0.0405449522547989,0.00128487573323497,-0.0482121265685581));
#1505=CARTESIAN_POINT('',(-0.0416015569856017,0.00189490675899101,-0.0481305602803451));
#1506=CARTESIAN_POINT('',(-0.0426955819129944,0.00252654234532134,-0.0480461052803451));
#1507=CARTESIAN_POINT('',(-0.0437896068403871,0.00189490675899101,-0.0479616502803451));
#1508=CARTESIAN_POINT('',(-0.0448836317677798,0.00126327117266067,-0.0478771952803451));
#1509=CARTESIAN_POINT('',(-0.0448836317677798,2.67958825103777E-19,-0.0477927402803451));
#1510=CARTESIAN_POINT('',(-0.0448836317677798,-0.00126327117266067,-0.0477082852803451));
#1511=CARTESIAN_POINT('',(-0.0437896068403871,-0.00189490675899101,-0.0476238302803451));
#1512=CARTESIAN_POINT('',(-0.0426955819129944,-0.00252654234532134,-0.0475393752803451));
#1513=CARTESIAN_POINT('',(-0.0416015569856017,-0.00189490675899101,-0.0474549202803451));
#1514=CARTESIAN_POINT('',(-0.040507532058209,-0.00126327117266067,-0.0473704652803451));
#1515=CARTESIAN_POINT('',(-0.040507532058209,0.,-0.0472860102803451));
#1516=CARTESIAN_POINT('',(-0.040507532058209,0.00126327117266067,-0.0472015552803451));
#1517=CARTESIAN_POINT('',(-0.0416015569856017,0.00189490675899101,-0.0471171002803451));
#1518=CARTESIAN_POINT('',(-0.0426955819129944,0.00252654234532134,-0.0470326452803451));
#1519=CARTESIAN_POINT('',(-0.0437896068403871,0.00189490675899101,-0.0469481902803451));
#1520=CARTESIAN_POINT('',(-0.0448836317677798,0.00126327117266067,-0.0468637352803451));
#1521=CARTESIAN_POINT('',(-0.0448836317677798,2.67958825103777E-19,-0.0467792802803451));
#1522=CARTESIAN_POINT('',(-0.0448836317677798,-0.00126327117266067,-0.0466948252803451));
#1523=CARTESIAN_POINT('',(-0.0437896068403871,-0.00189490675899101,-0.0466103702803451));
#1524=CARTESIAN_POINT('',(-0.0426955819129944,-0.00252654234532134,-0.0465259152803451));
#1525=CARTESIAN_POINT('',(-0.0416015569856017,-0.00189490675899101,-0.0464414602803451));
#1526=CARTESIAN_POINT('',(-0.040507532058209,-0.00126327117266067,-0.0463570052803451));
#1527=CARTESIAN_POINT('',(-0.040507532058209,0.,-0.0462725502803451));
#1528=CARTESIAN_POINT('',(-0.040507532058209,0.00126327117266067,-0.0461880952803451));
#1529=CARTESIAN_POINT('',(-0.0416015569856017,0.00189490675899101,-0.0461036402803451));
#1530=CARTESIAN_POINT('',(-0.0426955819129944,0.00252654234532134,-0.0460191852803451));
#1531=CARTESIAN_POINT('',(-0.0437896068403871,0.00189490675899101,-0.0459347302803451));
#1532=CARTESIAN_POINT('',(-0.0448836317677798,0.00126327117266067,-0.0458502752803451));
#1533=CARTESIAN_POINT('',(-0.0448836317677798,2.67958825103777E-19,-0.0457658202803451));
#1534=CARTESIAN_POINT('',(-0.0448836317677798,-0.00126327117266067,-0.0456813652803451));
#1535=CARTESIAN_POINT('',(-0.0437896068403871,-0.00189490675899101,-0.0455969102803451));
#1536=CARTESIAN_POINT('',(-0.0426955819129944,-0.00252654234532134,-0.0455124552803451));
#1537=CARTESIAN_POINT('',(-0.0416015569856017,-0.00189490675899101,-0.0454280002803451));
#1538=CARTESIAN_POINT('',(-0.040507532058209,-0.00126327117266067,-0.0453435452803451));
#1539=CARTESIAN_POINT('',(-0.040507532058209,0.,-0.0452590902803451));
#1540=CARTESIAN_POINT('',(-0.040507532058209,0.00126327117266067,-0.045174635280345));
#1541=CARTESIAN_POINT('',(-0.0416015569856017,0.00189490675899101,-0.0450901802803451));
#1542=CARTESIAN_POINT('',(-0.0426955819129944,0.00252654234532134,-0.0450057252803451));
#1543=CARTESIAN_POINT('',(-0.0437896068403871,0.00189490675899101,-0.0449212702803451));
#1544=CARTESIAN_POINT('',(-0.0448836317677798,0.00126327117266067,-0.0448368152803451));
#1545=CARTESIAN_POINT('',(-0.0448836317677798,2.67958825103777E-19,-0.0447523602803451));
#1546=CARTESIAN_POINT('',(-0.0448836317677798,-0.00126327117266067,-0.0446679052803451));
#1547=CARTESIAN_POINT('',(-0.0437896068403871,-0.00189490675899101,-0.0445834502803451));
#1548=CARTESIAN_POINT('',(-0.0426955819129944,-0.00252654234532134,-0.0444989952803451));
#1549=CARTESIAN_POINT('',(-0.0416015569856017,-0.00189490675899101,-0.0444145402803451));
#1550=CARTESIAN_POINT('',(-0.040507532058209,-0.00126327117266067,-0.0443300852803451));
#1551=CARTESIAN_POINT('',(-0.040507532058209,0.,-0.0442456302803451));
#1552=CARTESIAN_POINT('',(-0.040507532058209,0.00126327117266067,-0.0441611752803451));
#1553=CARTESIAN_POINT('',(-0.0416015569856017,0.00189490675899101,-0.0440767202803451));
#1554=CARTESIAN_POINT('',(-0.0426955819129944,0.00252654234532134,-0.0439922652803451));
#1555=CARTESIAN_POINT('',(-0.0437896068403871,0.00189490675899101,-0.0439078102803451));
#1556=CARTESIAN_POINT('',(-0.0448836317677798,0.00126327117266067,-0.0438233552803451));
#1557=CARTESIAN_POINT('',(-0.0448836317677798,2.67958825103777E-19,-0.0437389002803451));
#1558=CARTESIAN_POINT('',(-0.0448836317677798,-0.00126327117266067,-0.0436544452803451));
#1559=CARTESIAN_POINT('',(-0.0437896068403871,-0.00189490675899101,-0.0435699902803451));
#1560=CARTESIAN_POINT('',(-0.0426955819129944,-0.00252654234532134,-0.0434855352803451));
#1561=CARTESIAN_POINT('',(-0.0416015569856017,-0.00189490675899101,-0.0434010802803451));
#1562=CARTESIAN_POINT('',(-0.040507532058209,-0.00126327117266067,-0.0433166252803451));
#1563=CARTESIAN_POINT('',(-0.040507532058209,0.,-0.0432321702803451));
#1564=CARTESIAN_POINT('',(-0.040507532058209,0.00126327117266067,-0.0431477152803451));
#1565=CARTESIAN_POINT('',(-0.0416015569856017,0.00189490675899101,-0.0430632602803451));
#1566=CARTESIAN_POINT('',(-0.0426955819129944,0.00252654234532134,-0.0429788052803451));
#1567=CARTESIAN_POINT('',(-0.0437896068403871,0.00189490675899101,-0.0428943502803451));
#1568=CARTESIAN_POINT('',(-0.0448836317677798,0.00126327117266067,-0.0428098952803451));
#1569=CARTESIAN_POINT('',(-0.0448836317677798,2.67958825103777E-19,-0.0427254402803451));
#1570=CARTESIAN_POINT('',(-0.0448836317677798,-0.00126327117266067,-0.042640985280345));
#1571=CARTESIAN_POINT('',(-0.0437896068403871,-0.00189490675899101,-0.0425565302803451));
#1572=CARTESIAN_POINT('',(-0.0426955819129944,-0.00252654234532134,-0.0424720752803451));
#1573=CARTESIAN_POINT('',(-0.0416015569856017,-0.00189490675899101,-0.0423876202803451));
#1574=CARTESIAN_POINT('',(-0.040507532058209,-0.00126327117266067,-0.042303165280345));
#1575=CARTESIAN_POINT('',(-0.040507532058209,0.,-0.0422187102803451));
#1576=CARTESIAN_POINT('',(-0.040507532058209,0.000795127234081313,-0.0421655526749096));
#1577=CARTESIAN_POINT('',(-0.0410180112551938,0.00140474868040973,-0.0421050932848232));
#1578=CARTESIAN_POINT('',(-0.0413610423222126,0.000669172396164374,-0.0426355730892691));
#1579=CARTESIAN_POINT('',(-0.0411811053975761,0.000392993803876484,-0.042646371702687));
#1580=CARTESIAN_POINT('',(-0.0410212439491183,-0.000285615819600541,-0.0426646997231156));
#1581=CARTESIAN_POINT('',(-0.0415362406070161,-0.00158077539793513,-0.0427049301731227));
#1582=CARTESIAN_POINT('',(-0.0433694995766507,-0.00215749411860641,-0.0427469061682378));
#1583=CARTESIAN_POINT('',(-0.0450060421823277,-0.00059480088325078,-0.0427951354631236));
#1584=CARTESIAN_POINT('',(-0.0447623563398258,0.000856035212180473,-0.0428235062352118));
#1585=CARTESIAN_POINT('',(-0.0443808380772092,0.00139551919657367,-0.0428381435985229));
#1586=CARTESIAN_POINT('',(-0.0426955819129944,0.,-0.0426066491983462));
#1587=CARTESIAN_POINT('',(-0.0426955819129944,0.,-0.0426066491983462));
#1588=CARTESIAN_POINT('',(-0.0440892396586347,0.,-0.0426066491983462));
#1589=CARTESIAN_POINT('',(-0.0419987530401742,0.,-0.0426066491983462));
#1590=MECHANICAL_DESIGN_GEOMETRIC_PRESENTATION_REPRESENTATION('',(#360),
#1591);
#1591=(
GEOMETRIC_REPRESENTATION_CONTEXT(3)
GLOBAL_UNCERTAINTY_ASSIGNED_CONTEXT((#1592))
GLOBAL_UNIT_ASSIGNED_CONTEXT((#1595,#1594,#1593))
REPRESENTATION_CONTEXT('Part 2','TOP_LEVEL_ASSEMBLY_PART')
);
#1592=UNCERTAINTY_MEASURE_WITH_UNIT(LENGTH_MEASURE(2.E-5),#1595,
'DISTANCE_ACCURACY_VALUE','Maximum Tolerance applied to model');
#1593=(
NAMED_UNIT(*)
SI_UNIT($,.STERADIAN.)
SOLID_ANGLE_UNIT()
);
#1594=(
NAMED_UNIT(*)
PLANE_ANGLE_UNIT()
SI_UNIT($,.RADIAN.)
);
#1595=(
LENGTH_UNIT()
NAMED_UNIT(*)
SI_UNIT($,.METRE.)
);
#1596=PRODUCT_DEFINITION_SHAPE('','',#1597);
#1597=PRODUCT_DEFINITION('','',#1599,#1598);
#1598=PRODUCT_DEFINITION_CONTEXT('',#1605,'design');
#1599=PRODUCT_DEFINITION_FORMATION_WITH_SPECIFIED_SOURCE('','',#1601,
 .NOT_KNOWN.);
#1600=PRODUCT_RELATED_PRODUCT_CATEGORY('','',(#1601));
#1601=PRODUCT('Part 2','Part 2','Part 2',(#1603));
#1602=PRODUCT_CATEGORY('','');
#1603=PRODUCT_CONTEXT('',#1605,'mechanical');
#1604=APPLICATION_PROTOCOL_DEFINITION('international standard',
'ap242_managed_model_based_3d_engineering',2020,#1605);
#1605=APPLICATION_CONTEXT('managed model based 3d engineering');
ENDSEC;
END-ISO-10303-21;
