ISO-10303-21;
HEADER;
/* Generated by software containing ST-Developer
 * from STEP Tools, Inc. (www.steptools.com) 
 */
/* OPTION: using custom renumber hook */

FILE_DESCRIPTION(
/* description */ ('STEP AP242 Edition 2',
'CAx-IF Rec.Pracs.---Representation and Presentation of Product Manufa
cturing Information (PMI)---4.0---2014-10-13',
'CAx-IF Rec.Pracs.---3D Tessellated Geometry---0.4---2014-09-14','2;1',
'CAx-IF Rec.Pracs.---User Defined Attributes---1.5---2016-08-15'),
/* implementation_level */ '2;1');

FILE_NAME(
/* name */ 'Center Shaft + Final Discs - Fillet3',
/* time_stamp */ '2026-08-20T04:33:52Z',
/* author */ (''),
/* organization */ (''),
/* preprocessor_version */ 'ST-DEVELOPER v20',
/* originating_system */ 'ONSHAPE BY PTC INC, 1.219',
/* authorisation */ '  ');

FILE_SCHEMA (('AP242_MANAGED_MODEL_BASED_3D_ENGINEERING_MIM_LF { 1 0 10303 442 3 1 4 }'));
ENDSEC;

DATA;
#10=SHAPE_REPRESENTATION_RELATIONSHIP('','',#1305,#11);
#11=ADVANCED_BREP_SHAPE_REPRESENTATION('',(#1303),#2227);
#12=TOROIDAL_SURFACE('',#1377,0.00173747625475636,0.00012);
#13=TOROIDAL_SURFACE('',#1382,0.00180487109870454,0.00012);
#14=TOROIDAL_SURFACE('',#1387,0.00138,0.00012);
#15=TOROIDAL_SURFACE('',#1390,0.00138,0.00012);
#16=TOROIDAL_SURFACE('',#1405,0.00138,0.00012);
#17=TOROIDAL_SURFACE('',#1406,0.00138,0.00012);
#18=TOROIDAL_SURFACE('',#1420,0.00173747625475636,0.00012);
#19=TOROIDAL_SURFACE('',#1425,0.00180487109870454,0.00012);
#20=TOROIDAL_SURFACE('',#1427,0.00138,0.00012);
#21=TOROIDAL_SURFACE('',#1431,0.00138,0.00012);
#22=TOROIDAL_SURFACE('',#1439,0.00138,0.00012);
#23=TOROIDAL_SURFACE('',#1446,0.00138,0.00012);
#24=CYLINDRICAL_SURFACE('',#1320,0.00138);
#25=CYLINDRICAL_SURFACE('',#1322,0.00138);
#26=CYLINDRICAL_SURFACE('',#1325,0.00138);
#27=CYLINDRICAL_SURFACE('',#1327,0.00138);
#28=CYLINDRICAL_SURFACE('',#1334,0.00138);
#29=CYLINDRICAL_SURFACE('',#1336,0.00138);
#30=CYLINDRICAL_SURFACE('',#1339,0.00138);
#31=CYLINDRICAL_SURFACE('',#1341,0.00138);
#32=CYLINDRICAL_SURFACE('',#1349,0.00161747625475636);
#33=CYLINDRICAL_SURFACE('',#1351,0.00168487109870454);
#34=CYLINDRICAL_SURFACE('',#1353,0.00161747625475636);
#35=CYLINDRICAL_SURFACE('',#1355,0.00168487109870454);
#36=CYLINDRICAL_SURFACE('',#1367,0.0015);
#37=CYLINDRICAL_SURFACE('',#1371,0.00012);
#38=CYLINDRICAL_SURFACE('',#1374,0.00161747625475636);
#39=CYLINDRICAL_SURFACE('',#1379,0.00168487109870454);
#40=CYLINDRICAL_SURFACE('',#1384,0.0015);
#41=CYLINDRICAL_SURFACE('',#1394,0.00012);
#42=CYLINDRICAL_SURFACE('',#1396,0.00012);
#43=CYLINDRICAL_SURFACE('',#1399,0.00012);
#44=CYLINDRICAL_SURFACE('',#1400,0.00012);
#45=CYLINDRICAL_SURFACE('',#1402,0.00012);
#46=CYLINDRICAL_SURFACE('',#1407,0.0015);
#47=CYLINDRICAL_SURFACE('',#1411,0.0015);
#48=CYLINDRICAL_SURFACE('',#1414,0.00012);
#49=CYLINDRICAL_SURFACE('',#1417,0.00161747625475636);
#50=CYLINDRICAL_SURFACE('',#1422,0.00168487109870454);
#51=CYLINDRICAL_SURFACE('',#1434,0.00012);
#52=CYLINDRICAL_SURFACE('',#1436,0.00012);
#53=CYLINDRICAL_SURFACE('',#1440,0.00012);
#54=CYLINDRICAL_SURFACE('',#1441,0.00012);
#55=CYLINDRICAL_SURFACE('',#1443,0.00012);
#56=CIRCLE('',#1308,0.00188);
#57=CIRCLE('',#1310,0.00012);
#58=CIRCLE('',#1312,0.00012);
#59=CIRCLE('',#1313,0.00012);
#60=CIRCLE('',#1314,0.00012);
#61=CIRCLE('',#1315,0.00012);
#62=CIRCLE('',#1316,0.00012);
#63=CIRCLE('',#1317,0.00012);
#64=CIRCLE('',#1319,0.00188);
#65=CIRCLE('',#1321,0.00138);
#66=CIRCLE('',#1323,0.00138);
#67=CIRCLE('',#1324,0.00138);
#68=CIRCLE('',#1326,0.00138);
#69=CIRCLE('',#1328,0.00138);
#70=CIRCLE('',#1329,0.00138);
#71=CIRCLE('',#1332,0.00168487109870454);
#72=CIRCLE('',#1333,0.00161747625475636);
#73=CIRCLE('',#1335,0.00138);
#74=CIRCLE('',#1337,0.00138);
#75=CIRCLE('',#1338,0.00138);
#76=CIRCLE('',#1340,0.00138);
#77=CIRCLE('',#1342,0.00138);
#78=CIRCLE('',#1343,0.00138);
#79=CIRCLE('',#1346,0.00168487109870454);
#80=CIRCLE('',#1347,0.00161747625475636);
#81=CIRCLE('',#1350,0.00161747625475636);
#82=CIRCLE('',#1352,0.00168487109870454);
#83=CIRCLE('',#1354,0.00161747625475636);
#84=CIRCLE('',#1356,0.00168487109870454);
#85=CIRCLE('',#1358,0.00062);
#86=CIRCLE('',#1360,0.00012);
#87=CIRCLE('',#1363,0.00062);
#88=CIRCLE('',#1368,0.0015);
#89=CIRCLE('',#1369,0.0015);
#90=CIRCLE('',#1372,0.00012);
#91=CIRCLE('',#1373,0.00012);
#92=CIRCLE('',#1375,0.00161747625475636);
#93=CIRCLE('',#1376,0.00161747625475636);
#94=CIRCLE('',#1378,0.00173747625475636);
#95=CIRCLE('',#1380,0.00168487109870454);
#96=CIRCLE('',#1381,0.00168487109870454);
#97=CIRCLE('',#1383,0.00180487109870455);
#98=CIRCLE('',#1385,0.0015);
#99=CIRCLE('',#1386,0.0015);
#100=CIRCLE('',#1388,0.00012);
#101=CIRCLE('',#1389,0.00138);
#102=CIRCLE('',#1391,0.00138);
#103=CIRCLE('',#1392,0.00012);
#104=CIRCLE('',#1395,0.00012);
#105=CIRCLE('',#1397,0.00012);
#106=CIRCLE('',#1398,0.00012);
#107=CIRCLE('',#1401,0.00012);
#108=CIRCLE('',#1408,0.0015);
#109=CIRCLE('',#1409,0.0015);
#110=CIRCLE('',#1412,0.0015);
#111=CIRCLE('',#1413,0.0015);
#112=CIRCLE('',#1415,0.00012);
#113=CIRCLE('',#1416,0.00012);
#114=CIRCLE('',#1418,0.00161747625475636);
#115=CIRCLE('',#1419,0.00161747625475636);
#116=CIRCLE('',#1421,0.00173747625475636);
#117=CIRCLE('',#1423,0.00168487109870454);
#118=CIRCLE('',#1424,0.00168487109870454);
#119=CIRCLE('',#1426,0.00180487109870455);
#120=CIRCLE('',#1428,0.00138);
#121=CIRCLE('',#1429,0.00012);
#122=CIRCLE('',#1432,0.00012);
#123=CIRCLE('',#1433,0.00138);
#124=CIRCLE('',#1435,0.00012);
#125=CIRCLE('',#1437,0.00012);
#126=CIRCLE('',#1438,0.00012);
#127=CIRCLE('',#1444,0.00012);
#128=ORIENTED_EDGE('',*,*,#476,.F.);
#129=ORIENTED_EDGE('',*,*,#477,.T.);
#130=ORIENTED_EDGE('',*,*,#478,.F.);
#131=ORIENTED_EDGE('',*,*,#479,.F.);
#132=ORIENTED_EDGE('',*,*,#480,.F.);
#133=ORIENTED_EDGE('',*,*,#481,.F.);
#134=ORIENTED_EDGE('',*,*,#482,.F.);
#135=ORIENTED_EDGE('',*,*,#483,.T.);
#136=ORIENTED_EDGE('',*,*,#484,.T.);
#137=ORIENTED_EDGE('',*,*,#485,.F.);
#138=ORIENTED_EDGE('',*,*,#486,.T.);
#139=ORIENTED_EDGE('',*,*,#487,.T.);
#140=ORIENTED_EDGE('',*,*,#488,.T.);
#141=ORIENTED_EDGE('',*,*,#489,.F.);
#142=ORIENTED_EDGE('',*,*,#490,.T.);
#143=ORIENTED_EDGE('',*,*,#479,.T.);
#144=ORIENTED_EDGE('',*,*,#491,.F.);
#145=ORIENTED_EDGE('',*,*,#492,.F.);
#146=ORIENTED_EDGE('',*,*,#493,.T.);
#147=ORIENTED_EDGE('',*,*,#494,.F.);
#148=ORIENTED_EDGE('',*,*,#495,.T.);
#149=ORIENTED_EDGE('',*,*,#496,.T.);
#150=ORIENTED_EDGE('',*,*,#497,.T.);
#151=ORIENTED_EDGE('',*,*,#498,.T.);
#152=ORIENTED_EDGE('',*,*,#499,.T.);
#153=ORIENTED_EDGE('',*,*,#500,.T.);
#154=ORIENTED_EDGE('',*,*,#501,.T.);
#155=ORIENTED_EDGE('',*,*,#502,.T.);
#156=ORIENTED_EDGE('',*,*,#503,.T.);
#157=ORIENTED_EDGE('',*,*,#504,.T.);
#158=ORIENTED_EDGE('',*,*,#505,.T.);
#159=ORIENTED_EDGE('',*,*,#506,.F.);
#160=ORIENTED_EDGE('',*,*,#507,.T.);
#161=ORIENTED_EDGE('',*,*,#508,.F.);
#162=ORIENTED_EDGE('',*,*,#509,.F.);
#163=ORIENTED_EDGE('',*,*,#492,.T.);
#164=ORIENTED_EDGE('',*,*,#510,.T.);
#165=ORIENTED_EDGE('',*,*,#511,.F.);
#166=ORIENTED_EDGE('',*,*,#512,.F.);
#167=ORIENTED_EDGE('',*,*,#513,.F.);
#168=ORIENTED_EDGE('',*,*,#514,.F.);
#169=ORIENTED_EDGE('',*,*,#515,.T.);
#170=ORIENTED_EDGE('',*,*,#516,.T.);
#171=ORIENTED_EDGE('',*,*,#517,.F.);
#172=ORIENTED_EDGE('',*,*,#518,.F.);
#173=ORIENTED_EDGE('',*,*,#519,.T.);
#174=ORIENTED_EDGE('',*,*,#520,.F.);
#175=ORIENTED_EDGE('',*,*,#521,.T.);
#176=ORIENTED_EDGE('',*,*,#522,.F.);
#177=ORIENTED_EDGE('',*,*,#523,.F.);
#178=ORIENTED_EDGE('',*,*,#522,.T.);
#179=ORIENTED_EDGE('',*,*,#524,.T.);
#180=ORIENTED_EDGE('',*,*,#515,.F.);
#181=ORIENTED_EDGE('',*,*,#525,.F.);
#182=ORIENTED_EDGE('',*,*,#526,.F.);
#183=ORIENTED_EDGE('',*,*,#527,.F.);
#184=ORIENTED_EDGE('',*,*,#513,.T.);
#185=ORIENTED_EDGE('',*,*,#528,.T.);
#186=ORIENTED_EDGE('',*,*,#504,.F.);
#187=ORIENTED_EDGE('',*,*,#529,.T.);
#188=ORIENTED_EDGE('',*,*,#518,.T.);
#189=ORIENTED_EDGE('',*,*,#530,.F.);
#190=ORIENTED_EDGE('',*,*,#531,.F.);
#191=ORIENTED_EDGE('',*,*,#532,.F.);
#192=ORIENTED_EDGE('',*,*,#533,.F.);
#193=ORIENTED_EDGE('',*,*,#534,.T.);
#194=ORIENTED_EDGE('',*,*,#535,.T.);
#195=ORIENTED_EDGE('',*,*,#536,.F.);
#196=ORIENTED_EDGE('',*,*,#537,.F.);
#197=ORIENTED_EDGE('',*,*,#538,.T.);
#198=ORIENTED_EDGE('',*,*,#539,.F.);
#199=ORIENTED_EDGE('',*,*,#540,.T.);
#200=ORIENTED_EDGE('',*,*,#541,.F.);
#201=ORIENTED_EDGE('',*,*,#542,.F.);
#202=ORIENTED_EDGE('',*,*,#541,.T.);
#203=ORIENTED_EDGE('',*,*,#543,.T.);
#204=ORIENTED_EDGE('',*,*,#534,.F.);
#205=ORIENTED_EDGE('',*,*,#544,.F.);
#206=ORIENTED_EDGE('',*,*,#545,.F.);
#207=ORIENTED_EDGE('',*,*,#546,.F.);
#208=ORIENTED_EDGE('',*,*,#532,.T.);
#209=ORIENTED_EDGE('',*,*,#547,.T.);
#210=ORIENTED_EDGE('',*,*,#500,.F.);
#211=ORIENTED_EDGE('',*,*,#548,.T.);
#212=ORIENTED_EDGE('',*,*,#537,.T.);
#213=ORIENTED_EDGE('',*,*,#549,.F.);
#214=ORIENTED_EDGE('',*,*,#538,.F.);
#215=ORIENTED_EDGE('',*,*,#548,.F.);
#216=ORIENTED_EDGE('',*,*,#499,.F.);
#217=ORIENTED_EDGE('',*,*,#550,.T.);
#218=ORIENTED_EDGE('',*,*,#526,.T.);
#219=ORIENTED_EDGE('',*,*,#551,.T.);
#220=ORIENTED_EDGE('',*,*,#525,.T.);
#221=ORIENTED_EDGE('',*,*,#552,.T.);
#222=ORIENTED_EDGE('',*,*,#545,.T.);
#223=ORIENTED_EDGE('',*,*,#553,.T.);
#224=ORIENTED_EDGE('',*,*,#544,.T.);
#225=ORIENTED_EDGE('',*,*,#554,.F.);
#226=ORIENTED_EDGE('',*,*,#555,.F.);
#227=ORIENTED_EDGE('',*,*,#556,.F.);
#228=ORIENTED_EDGE('',*,*,#483,.F.);
#229=ORIENTED_EDGE('',*,*,#557,.F.);
#230=ORIENTED_EDGE('',*,*,#558,.T.);
#231=ORIENTED_EDGE('',*,*,#559,.F.);
#232=ORIENTED_EDGE('',*,*,#560,.F.);
#233=ORIENTED_EDGE('',*,*,#506,.T.);
#234=ORIENTED_EDGE('',*,*,#561,.F.);
#235=ORIENTED_EDGE('',*,*,#477,.F.);
#236=ORIENTED_EDGE('',*,*,#562,.F.);
#237=ORIENTED_EDGE('',*,*,#563,.T.);
#238=ORIENTED_EDGE('',*,*,#559,.T.);
#239=ORIENTED_EDGE('',*,*,#564,.F.);
#240=ORIENTED_EDGE('',*,*,#512,.T.);
#241=ORIENTED_EDGE('',*,*,#565,.T.);
#242=ORIENTED_EDGE('',*,*,#505,.F.);
#243=ORIENTED_EDGE('',*,*,#528,.F.);
#244=ORIENTED_EDGE('',*,*,#503,.F.);
#245=ORIENTED_EDGE('',*,*,#566,.T.);
#246=ORIENTED_EDGE('',*,*,#519,.F.);
#247=ORIENTED_EDGE('',*,*,#529,.F.);
#248=ORIENTED_EDGE('',*,*,#531,.T.);
#249=ORIENTED_EDGE('',*,*,#567,.T.);
#250=ORIENTED_EDGE('',*,*,#501,.F.);
#251=ORIENTED_EDGE('',*,*,#547,.F.);
#252=ORIENTED_EDGE('',*,*,#568,.F.);
#253=ORIENTED_EDGE('',*,*,#569,.T.);
#254=ORIENTED_EDGE('',*,*,#570,.F.);
#255=ORIENTED_EDGE('',*,*,#571,.T.);
#256=ORIENTED_EDGE('',*,*,#570,.T.);
#257=ORIENTED_EDGE('',*,*,#572,.T.);
#258=ORIENTED_EDGE('',*,*,#573,.F.);
#259=ORIENTED_EDGE('',*,*,#574,.T.);
#260=ORIENTED_EDGE('',*,*,#575,.T.);
#261=ORIENTED_EDGE('',*,*,#576,.F.);
#262=ORIENTED_EDGE('',*,*,#577,.F.);
#263=ORIENTED_EDGE('',*,*,#574,.F.);
#264=ORIENTED_EDGE('',*,*,#578,.T.);
#265=ORIENTED_EDGE('',*,*,#579,.T.);
#266=ORIENTED_EDGE('',*,*,#580,.F.);
#267=ORIENTED_EDGE('',*,*,#579,.F.);
#268=ORIENTED_EDGE('',*,*,#581,.T.);
#269=ORIENTED_EDGE('',*,*,#582,.T.);
#270=ORIENTED_EDGE('',*,*,#583,.F.);
#271=ORIENTED_EDGE('',*,*,#582,.F.);
#272=ORIENTED_EDGE('',*,*,#573,.T.);
#273=ORIENTED_EDGE('',*,*,#584,.T.);
#274=ORIENTED_EDGE('',*,*,#585,.T.);
#275=ORIENTED_EDGE('',*,*,#586,.T.);
#276=ORIENTED_EDGE('',*,*,#587,.T.);
#277=ORIENTED_EDGE('',*,*,#588,.F.);
#278=ORIENTED_EDGE('',*,*,#575,.F.);
#279=ORIENTED_EDGE('',*,*,#586,.F.);
#280=ORIENTED_EDGE('',*,*,#577,.T.);
#281=ORIENTED_EDGE('',*,*,#589,.F.);
#282=ORIENTED_EDGE('',*,*,#590,.F.);
#283=ORIENTED_EDGE('',*,*,#571,.F.);
#284=ORIENTED_EDGE('',*,*,#591,.F.);
#285=ORIENTED_EDGE('',*,*,#481,.T.);
#286=ORIENTED_EDGE('',*,*,#480,.T.);
#287=ORIENTED_EDGE('',*,*,#592,.T.);
#288=ORIENTED_EDGE('',*,*,#568,.T.);
#289=ORIENTED_EDGE('',*,*,#593,.T.);
#290=ORIENTED_EDGE('',*,*,#556,.T.);
#291=ORIENTED_EDGE('',*,*,#555,.T.);
#292=ORIENTED_EDGE('',*,*,#490,.F.);
#293=ORIENTED_EDGE('',*,*,#594,.F.);
#294=ORIENTED_EDGE('',*,*,#595,.T.);
#295=ORIENTED_EDGE('',*,*,#592,.F.);
#296=ORIENTED_EDGE('',*,*,#596,.T.);
#297=ORIENTED_EDGE('',*,*,#572,.F.);
#298=ORIENTED_EDGE('',*,*,#597,.F.);
#299=ORIENTED_EDGE('',*,*,#524,.F.);
#300=ORIENTED_EDGE('',*,*,#484,.F.);
#301=ORIENTED_EDGE('',*,*,#593,.F.);
#302=ORIENTED_EDGE('',*,*,#590,.T.);
#303=ORIENTED_EDGE('',*,*,#598,.F.);
#304=ORIENTED_EDGE('',*,*,#599,.F.);
#305=ORIENTED_EDGE('',*,*,#488,.F.);
#306=ORIENTED_EDGE('',*,*,#600,.F.);
#307=ORIENTED_EDGE('',*,*,#601,.F.);
#308=ORIENTED_EDGE('',*,*,#602,.F.);
#309=ORIENTED_EDGE('',*,*,#486,.F.);
#310=ORIENTED_EDGE('',*,*,#603,.F.);
#311=ORIENTED_EDGE('',*,*,#604,.F.);
#312=ORIENTED_EDGE('',*,*,#587,.F.);
#313=ORIENTED_EDGE('',*,*,#605,.F.);
#314=ORIENTED_EDGE('',*,*,#487,.F.);
#315=ORIENTED_EDGE('',*,*,#605,.T.);
#316=ORIENTED_EDGE('',*,*,#585,.F.);
#317=ORIENTED_EDGE('',*,*,#600,.T.);
#318=ORIENTED_EDGE('',*,*,#583,.T.);
#319=ORIENTED_EDGE('',*,*,#580,.T.);
#320=ORIENTED_EDGE('',*,*,#604,.T.);
#321=ORIENTED_EDGE('',*,*,#603,.T.);
#322=ORIENTED_EDGE('',*,*,#606,.T.);
#323=ORIENTED_EDGE('',*,*,#599,.T.);
#324=ORIENTED_EDGE('',*,*,#598,.T.);
#325=ORIENTED_EDGE('',*,*,#589,.T.);
#326=ORIENTED_EDGE('',*,*,#576,.T.);
#327=ORIENTED_EDGE('',*,*,#588,.T.);
#328=ORIENTED_EDGE('',*,*,#601,.T.);
#329=ORIENTED_EDGE('',*,*,#584,.F.);
#330=ORIENTED_EDGE('',*,*,#596,.F.);
#331=ORIENTED_EDGE('',*,*,#521,.F.);
#332=ORIENTED_EDGE('',*,*,#597,.T.);
#333=ORIENTED_EDGE('',*,*,#569,.F.);
#334=ORIENTED_EDGE('',*,*,#595,.F.);
#335=ORIENTED_EDGE('',*,*,#516,.F.);
#336=ORIENTED_EDGE('',*,*,#607,.T.);
#337=ORIENTED_EDGE('',*,*,#608,.T.);
#338=ORIENTED_EDGE('',*,*,#609,.T.);
#339=ORIENTED_EDGE('',*,*,#610,.T.);
#340=ORIENTED_EDGE('',*,*,#611,.T.);
#341=ORIENTED_EDGE('',*,*,#612,.T.);
#342=ORIENTED_EDGE('',*,*,#607,.F.);
#343=ORIENTED_EDGE('',*,*,#613,.T.);
#344=ORIENTED_EDGE('',*,*,#614,.F.);
#345=ORIENTED_EDGE('',*,*,#615,.T.);
#346=ORIENTED_EDGE('',*,*,#611,.F.);
#347=ORIENTED_EDGE('',*,*,#616,.T.);
#348=ORIENTED_EDGE('',*,*,#617,.T.);
#349=ORIENTED_EDGE('',*,*,#613,.F.);
#350=ORIENTED_EDGE('',*,*,#618,.F.);
#351=ORIENTED_EDGE('',*,*,#619,.F.);
#352=ORIENTED_EDGE('',*,*,#620,.T.);
#353=ORIENTED_EDGE('',*,*,#621,.T.);
#354=ORIENTED_EDGE('',*,*,#622,.F.);
#355=ORIENTED_EDGE('',*,*,#621,.F.);
#356=ORIENTED_EDGE('',*,*,#623,.T.);
#357=ORIENTED_EDGE('',*,*,#624,.T.);
#358=ORIENTED_EDGE('',*,*,#625,.F.);
#359=ORIENTED_EDGE('',*,*,#624,.F.);
#360=ORIENTED_EDGE('',*,*,#617,.F.);
#361=ORIENTED_EDGE('',*,*,#626,.F.);
#362=ORIENTED_EDGE('',*,*,#627,.F.);
#363=ORIENTED_EDGE('',*,*,#616,.F.);
#364=ORIENTED_EDGE('',*,*,#508,.T.);
#365=ORIENTED_EDGE('',*,*,#628,.T.);
#366=ORIENTED_EDGE('',*,*,#562,.T.);
#367=ORIENTED_EDGE('',*,*,#564,.T.);
#368=ORIENTED_EDGE('',*,*,#629,.T.);
#369=ORIENTED_EDGE('',*,*,#609,.F.);
#370=ORIENTED_EDGE('',*,*,#630,.T.);
#371=ORIENTED_EDGE('',*,*,#509,.T.);
#372=ORIENTED_EDGE('',*,*,#618,.T.);
#373=ORIENTED_EDGE('',*,*,#610,.F.);
#374=ORIENTED_EDGE('',*,*,#631,.F.);
#375=ORIENTED_EDGE('',*,*,#632,.F.);
#376=ORIENTED_EDGE('',*,*,#493,.F.);
#377=ORIENTED_EDGE('',*,*,#630,.F.);
#378=ORIENTED_EDGE('',*,*,#633,.T.);
#379=ORIENTED_EDGE('',*,*,#634,.F.);
#380=ORIENTED_EDGE('',*,*,#635,.T.);
#381=ORIENTED_EDGE('',*,*,#543,.F.);
#382=ORIENTED_EDGE('',*,*,#636,.F.);
#383=ORIENTED_EDGE('',*,*,#612,.F.);
#384=ORIENTED_EDGE('',*,*,#636,.T.);
#385=ORIENTED_EDGE('',*,*,#540,.F.);
#386=ORIENTED_EDGE('',*,*,#633,.F.);
#387=ORIENTED_EDGE('',*,*,#608,.F.);
#388=ORIENTED_EDGE('',*,*,#497,.F.);
#389=ORIENTED_EDGE('',*,*,#637,.F.);
#390=ORIENTED_EDGE('',*,*,#627,.T.);
#391=ORIENTED_EDGE('',*,*,#638,.F.);
#392=ORIENTED_EDGE('',*,*,#639,.F.);
#393=ORIENTED_EDGE('',*,*,#558,.F.);
#394=ORIENTED_EDGE('',*,*,#640,.F.);
#395=ORIENTED_EDGE('',*,*,#641,.F.);
#396=ORIENTED_EDGE('',*,*,#631,.T.);
#397=ORIENTED_EDGE('',*,*,#629,.F.);
#398=ORIENTED_EDGE('',*,*,#625,.T.);
#399=ORIENTED_EDGE('',*,*,#622,.T.);
#400=ORIENTED_EDGE('',*,*,#641,.T.);
#401=ORIENTED_EDGE('',*,*,#640,.T.);
#402=ORIENTED_EDGE('',*,*,#642,.T.);
#403=ORIENTED_EDGE('',*,*,#639,.T.);
#404=ORIENTED_EDGE('',*,*,#638,.T.);
#405=ORIENTED_EDGE('',*,*,#626,.T.);
#406=ORIENTED_EDGE('',*,*,#619,.T.);
#407=ORIENTED_EDGE('',*,*,#632,.T.);
#408=ORIENTED_EDGE('',*,*,#495,.F.);
#409=ORIENTED_EDGE('',*,*,#643,.F.);
#410=ORIENTED_EDGE('',*,*,#644,.F.);
#411=ORIENTED_EDGE('',*,*,#645,.F.);
#412=ORIENTED_EDGE('',*,*,#496,.F.);
#413=ORIENTED_EDGE('',*,*,#645,.T.);
#414=ORIENTED_EDGE('',*,*,#614,.T.);
#415=ORIENTED_EDGE('',*,*,#637,.T.);
#416=ORIENTED_EDGE('',*,*,#644,.T.);
#417=ORIENTED_EDGE('',*,*,#535,.F.);
#418=ORIENTED_EDGE('',*,*,#635,.F.);
#419=ORIENTED_EDGE('',*,*,#615,.F.);
#420=ORIENTED_EDGE('',*,*,#623,.F.);
#421=ORIENTED_EDGE('',*,*,#643,.T.);
#422=ORIENTED_EDGE('',*,*,#494,.T.);
#423=ORIENTED_EDGE('',*,*,#634,.T.);
#424=ORIENTED_EDGE('',*,*,#646,.F.);
#425=ORIENTED_EDGE('',*,*,#620,.F.);
#426=ORIENTED_EDGE('',*,*,#552,.F.);
#427=ORIENTED_EDGE('',*,*,#553,.F.);
#428=ORIENTED_EDGE('',*,*,#647,.T.);
#429=ORIENTED_EDGE('',*,*,#549,.T.);
#430=ORIENTED_EDGE('',*,*,#498,.F.);
#431=ORIENTED_EDGE('',*,*,#567,.F.);
#432=ORIENTED_EDGE('',*,*,#551,.F.);
#433=ORIENTED_EDGE('',*,*,#550,.F.);
#434=ORIENTED_EDGE('',*,*,#648,.T.);
#435=ORIENTED_EDGE('',*,*,#566,.F.);
#436=ORIENTED_EDGE('',*,*,#502,.F.);
#437=ORIENTED_EDGE('',*,*,#565,.F.);
#438=ORIENTED_EDGE('',*,*,#581,.F.);
#439=ORIENTED_EDGE('',*,*,#489,.T.);
#440=ORIENTED_EDGE('',*,*,#602,.T.);
#441=ORIENTED_EDGE('',*,*,#649,.F.);
#442=ORIENTED_EDGE('',*,*,#594,.T.);
#443=ORIENTED_EDGE('',*,*,#578,.F.);
#444=ORIENTED_EDGE('',*,*,#530,.T.);
#445=ORIENTED_EDGE('',*,*,#546,.T.);
#446=ORIENTED_EDGE('',*,*,#536,.T.);
#447=ORIENTED_EDGE('',*,*,#647,.F.);
#448=ORIENTED_EDGE('',*,*,#533,.T.);
#449=ORIENTED_EDGE('',*,*,#646,.T.);
#450=ORIENTED_EDGE('',*,*,#539,.T.);
#451=ORIENTED_EDGE('',*,*,#542,.T.);
#452=ORIENTED_EDGE('',*,*,#511,.T.);
#453=ORIENTED_EDGE('',*,*,#527,.T.);
#454=ORIENTED_EDGE('',*,*,#517,.T.);
#455=ORIENTED_EDGE('',*,*,#648,.F.);
#456=ORIENTED_EDGE('',*,*,#514,.T.);
#457=ORIENTED_EDGE('',*,*,#649,.T.);
#458=ORIENTED_EDGE('',*,*,#520,.T.);
#459=ORIENTED_EDGE('',*,*,#523,.T.);
#460=ORIENTED_EDGE('',*,*,#491,.T.);
#461=ORIENTED_EDGE('',*,*,#478,.T.);
#462=ORIENTED_EDGE('',*,*,#561,.T.);
#463=ORIENTED_EDGE('',*,*,#510,.F.);
#464=ORIENTED_EDGE('',*,*,#482,.T.);
#465=ORIENTED_EDGE('',*,*,#606,.F.);
#466=ORIENTED_EDGE('',*,*,#485,.T.);
#467=ORIENTED_EDGE('',*,*,#642,.F.);
#468=ORIENTED_EDGE('',*,*,#557,.T.);
#469=ORIENTED_EDGE('',*,*,#563,.F.);
#470=ORIENTED_EDGE('',*,*,#628,.F.);
#471=ORIENTED_EDGE('',*,*,#507,.F.);
#472=ORIENTED_EDGE('',*,*,#560,.T.);
#473=ORIENTED_EDGE('',*,*,#476,.T.);
#474=ORIENTED_EDGE('',*,*,#591,.T.);
#475=ORIENTED_EDGE('',*,*,#554,.T.);
#476=EDGE_CURVE('',#650,#651,#762,.T.);
#477=EDGE_CURVE('',#650,#652,#763,.T.);
#478=EDGE_CURVE('',#653,#652,#764,.T.);
#479=EDGE_CURVE('',#654,#653,#765,.T.);
#480=EDGE_CURVE('NONE',#655,#654,#766,.T.);
#481=EDGE_CURVE('',#651,#655,#56,.T.);
#482=EDGE_CURVE('',#656,#657,#767,.T.);
#483=EDGE_CURVE('',#656,#658,#768,.T.);
#484=EDGE_CURVE('',#658,#657,#57,.F.);
#485=EDGE_CURVE('',#659,#660,#769,.T.);
#486=EDGE_CURVE('',#659,#661,#58,.F.);
#487=EDGE_CURVE('',#661,#662,#770,.T.);
#488=EDGE_CURVE('',#662,#663,#59,.F.);
#489=EDGE_CURVE('',#664,#663,#771,.T.);
#490=EDGE_CURVE('',#664,#654,#60,.F.);
#491=EDGE_CURVE('',#665,#653,#772,.T.);
#492=EDGE_CURVE('',#666,#665,#773,.T.);
#493=EDGE_CURVE('',#666,#667,#61,.F.);
#494=EDGE_CURVE('',#668,#667,#774,.T.);
#495=EDGE_CURVE('',#668,#669,#62,.F.);
#496=EDGE_CURVE('',#669,#670,#775,.T.);
#497=EDGE_CURVE('',#670,#660,#63,.F.);
#498=EDGE_CURVE('',#671,#672,#776,.T.);
#499=EDGE_CURVE('',#672,#673,#777,.T.);
#500=EDGE_CURVE('',#673,#674,#778,.T.);
#501=EDGE_CURVE('',#674,#671,#779,.T.);
#502=EDGE_CURVE('',#675,#676,#780,.T.);
#503=EDGE_CURVE('',#676,#677,#781,.T.);
#504=EDGE_CURVE('',#677,#678,#782,.T.);
#505=EDGE_CURVE('',#678,#675,#783,.T.);
#506=EDGE_CURVE('',#679,#680,#784,.T.);
#507=EDGE_CURVE('',#679,#681,#785,.T.);
#508=EDGE_CURVE('NONE',#682,#681,#64,.F.);
#509=EDGE_CURVE('',#666,#682,#786,.F.);
#510=EDGE_CURVE('',#665,#680,#787,.T.);
#511=EDGE_CURVE('',#683,#684,#788,.F.);
#512=EDGE_CURVE('',#685,#683,#789,.T.);
#513=EDGE_CURVE('',#684,#685,#65,.F.);
#514=EDGE_CURVE('',#686,#687,#66,.T.);
#515=EDGE_CURVE('',#686,#688,#790,.T.);
#516=EDGE_CURVE('NONE',#688,#687,#67,.F.);
#517=EDGE_CURVE('',#689,#690,#791,.T.);
#518=EDGE_CURVE('NONE',#691,#689,#68,.F.);
#519=EDGE_CURVE('',#691,#690,#792,.T.);
#520=EDGE_CURVE('',#692,#693,#69,.T.);
#521=EDGE_CURVE('NONE',#692,#694,#70,.F.);
#522=EDGE_CURVE('',#693,#694,#793,.T.);
#523=EDGE_CURVE('',#693,#686,#794,.T.);
#524=EDGE_CURVE('NONE',#694,#688,#795,.T.);
#525=EDGE_CURVE('NONE',#695,#695,#71,.T.);
#526=EDGE_CURVE('NONE',#696,#696,#72,.T.);
#527=EDGE_CURVE('',#684,#689,#796,.T.);
#528=EDGE_CURVE('NONE',#685,#678,#797,.T.);
#529=EDGE_CURVE('',#677,#691,#798,.F.);
#530=EDGE_CURVE('',#697,#698,#799,.F.);
#531=EDGE_CURVE('',#699,#697,#800,.T.);
#532=EDGE_CURVE('',#698,#699,#73,.F.);
#533=EDGE_CURVE('',#700,#701,#74,.T.);
#534=EDGE_CURVE('',#700,#702,#801,.T.);
#535=EDGE_CURVE('NONE',#702,#701,#75,.F.);
#536=EDGE_CURVE('',#703,#704,#802,.T.);
#537=EDGE_CURVE('NONE',#705,#703,#76,.F.);
#538=EDGE_CURVE('',#705,#704,#803,.T.);
#539=EDGE_CURVE('',#706,#707,#77,.T.);
#540=EDGE_CURVE('NONE',#706,#708,#78,.F.);
#541=EDGE_CURVE('',#707,#708,#804,.T.);
#542=EDGE_CURVE('',#707,#700,#805,.T.);
#543=EDGE_CURVE('NONE',#708,#702,#806,.T.);
#544=EDGE_CURVE('NONE',#709,#709,#79,.T.);
#545=EDGE_CURVE('NONE',#710,#710,#80,.T.);
#546=EDGE_CURVE('',#698,#703,#807,.T.);
#547=EDGE_CURVE('NONE',#699,#674,#808,.T.);
#548=EDGE_CURVE('',#673,#705,#809,.F.);
#549=EDGE_CURVE('',#704,#672,#810,.T.);
#550=EDGE_CURVE('',#711,#711,#81,.F.);
#551=EDGE_CURVE('',#712,#712,#82,.F.);
#552=EDGE_CURVE('',#713,#713,#83,.F.);
#553=EDGE_CURVE('',#714,#714,#84,.F.);
#554=EDGE_CURVE('',#715,#656,#811,.T.);
#555=EDGE_CURVE('NONE',#716,#715,#85,.F.);
#556=EDGE_CURVE('',#658,#716,#812,.F.);
#557=EDGE_CURVE('',#717,#718,#813,.T.);
#558=EDGE_CURVE('',#717,#719,#86,.F.);
#559=EDGE_CURVE('',#718,#719,#814,.T.);
#560=EDGE_CURVE('',#679,#650,#815,.T.);
#561=EDGE_CURVE('',#652,#680,#816,.T.);
#562=EDGE_CURVE('',#720,#721,#87,.T.);
#563=EDGE_CURVE('',#720,#718,#817,.T.);
#564=EDGE_CURVE('NONE',#721,#719,#818,.T.);
#565=EDGE_CURVE('',#683,#675,#819,.T.);
#566=EDGE_CURVE('',#676,#690,#820,.T.);
#567=EDGE_CURVE('',#697,#671,#821,.T.);
#568=EDGE_CURVE('NONE',#722,#723,#822,.F.);
#569=EDGE_CURVE('NONE',#722,#724,#88,.F.);
#570=EDGE_CURVE('NONE',#725,#724,#823,.T.);
#571=EDGE_CURVE('NONE',#725,#723,#89,.T.);
#572=EDGE_CURVE('NONE',#724,#726,#824,.F.);
#573=EDGE_CURVE('NONE',#727,#726,#825,.T.);
#574=EDGE_CURVE('NONE',#727,#725,#826,.T.);
#575=EDGE_CURVE('NONE',#727,#728,#90,.F.);
#576=EDGE_CURVE('NONE',#729,#728,#827,.T.);
#577=EDGE_CURVE('NONE',#725,#729,#91,.F.);
#578=EDGE_CURVE('',#730,#730,#92,.F.);
#579=EDGE_CURVE('NONE',#731,#731,#93,.F.);
#580=EDGE_CURVE('NONE',#732,#732,#94,.T.);
#581=EDGE_CURVE('',#733,#733,#95,.F.);
#582=EDGE_CURVE('NONE',#734,#734,#96,.F.);
#583=EDGE_CURVE('NONE',#735,#735,#97,.T.);
#584=EDGE_CURVE('NONE',#726,#736,#98,.F.);
#585=EDGE_CURVE('NONE',#736,#737,#828,.F.);
#586=EDGE_CURVE('NONE',#737,#727,#99,.T.);
#587=EDGE_CURVE('NONE',#737,#738,#100,.F.);
#588=EDGE_CURVE('NONE',#728,#738,#101,.F.);
#589=EDGE_CURVE('NONE',#739,#729,#102,.F.);
#590=EDGE_CURVE('NONE',#723,#739,#103,.F.);
#591=EDGE_CURVE('',#651,#715,#829,.T.);
#592=EDGE_CURVE('',#654,#722,#830,.T.);
#593=EDGE_CURVE('NONE',#723,#658,#831,.F.);
#594=EDGE_CURVE('NONE',#687,#664,#832,.T.);
#595=EDGE_CURVE('NONE',#687,#722,#104,.T.);
#596=EDGE_CURVE('NONE',#694,#726,#105,.F.);
#597=EDGE_CURVE('NONE',#688,#724,#106,.T.);
#598=EDGE_CURVE('',#740,#739,#833,.T.);
#599=EDGE_CURVE('',#657,#740,#834,.T.);
#600=EDGE_CURVE('NONE',#736,#662,#835,.F.);
#601=EDGE_CURVE('NONE',#692,#736,#107,.T.);
#602=EDGE_CURVE('',#663,#692,#836,.F.);
#603=EDGE_CURVE('',#741,#659,#837,.F.);
#604=EDGE_CURVE('NONE',#738,#741,#838,.F.);
#605=EDGE_CURVE('',#661,#737,#839,.T.);
#606=EDGE_CURVE('',#659,#657,#840,.T.);
#607=EDGE_CURVE('NONE',#742,#743,#841,.T.);
#608=EDGE_CURVE('NONE',#743,#744,#108,.F.);
#609=EDGE_CURVE('NONE',#744,#745,#842,.F.);
#610=EDGE_CURVE('NONE',#745,#742,#109,.T.);
#611=EDGE_CURVE('NONE',#746,#747,#843,.T.);
#612=EDGE_CURVE('NONE',#747,#743,#844,.F.);
#613=EDGE_CURVE('NONE',#742,#746,#845,.T.);
#614=EDGE_CURVE('NONE',#748,#749,#846,.F.);
#615=EDGE_CURVE('NONE',#748,#747,#110,.F.);
#616=EDGE_CURVE('NONE',#746,#749,#111,.T.);
#617=EDGE_CURVE('NONE',#750,#746,#112,.T.);
#618=EDGE_CURVE('NONE',#751,#742,#113,.T.);
#619=EDGE_CURVE('NONE',#750,#751,#847,.T.);
#620=EDGE_CURVE('',#752,#752,#114,.F.);
#621=EDGE_CURVE('NONE',#753,#753,#115,.F.);
#622=EDGE_CURVE('NONE',#754,#754,#116,.T.);
#623=EDGE_CURVE('',#755,#755,#117,.F.);
#624=EDGE_CURVE('NONE',#756,#756,#118,.F.);
#625=EDGE_CURVE('NONE',#757,#757,#119,.T.);
#626=EDGE_CURVE('NONE',#758,#750,#120,.F.);
#627=EDGE_CURVE('NONE',#749,#758,#121,.F.);
#628=EDGE_CURVE('',#681,#720,#848,.T.);
#629=EDGE_CURVE('',#719,#745,#849,.T.);
#630=EDGE_CURVE('NONE',#744,#666,#850,.F.);
#631=EDGE_CURVE('NONE',#759,#745,#122,.T.);
#632=EDGE_CURVE('NONE',#751,#759,#123,.F.);
#633=EDGE_CURVE('NONE',#744,#706,#124,.F.);
#634=EDGE_CURVE('',#667,#706,#851,.F.);
#635=EDGE_CURVE('NONE',#747,#702,#125,.T.);
#636=EDGE_CURVE('NONE',#743,#708,#126,.F.);
#637=EDGE_CURVE('NONE',#749,#670,#852,.F.);
#638=EDGE_CURVE('',#760,#758,#853,.T.);
#639=EDGE_CURVE('',#660,#760,#854,.T.);
#640=EDGE_CURVE('',#761,#717,#855,.F.);
#641=EDGE_CURVE('NONE',#759,#761,#856,.F.);
#642=EDGE_CURVE('',#717,#660,#857,.T.);
#643=EDGE_CURVE('NONE',#701,#668,#858,.T.);
#644=EDGE_CURVE('NONE',#748,#701,#127,.F.);
#645=EDGE_CURVE('',#669,#748,#859,.T.);
#646=EDGE_CURVE('',#701,#706,#860,.T.);
#647=EDGE_CURVE('',#697,#704,#861,.T.);
#648=EDGE_CURVE('',#683,#690,#862,.T.);
#649=EDGE_CURVE('',#687,#692,#863,.T.);
#650=VERTEX_POINT('',#1864);
#651=VERTEX_POINT('',#1865);
#652=VERTEX_POINT('',#1867);
#653=VERTEX_POINT('',#1869);
#654=VERTEX_POINT('',#1871);
#655=VERTEX_POINT('',#1873);
#656=VERTEX_POINT('',#1877);
#657=VERTEX_POINT('',#1878);
#658=VERTEX_POINT('',#1880);
#659=VERTEX_POINT('',#1884);
#660=VERTEX_POINT('',#1885);
#661=VERTEX_POINT('',#1887);
#662=VERTEX_POINT('',#1889);
#663=VERTEX_POINT('',#1891);
#664=VERTEX_POINT('',#1893);
#665=VERTEX_POINT('',#1896);
#666=VERTEX_POINT('',#1898);
#667=VERTEX_POINT('',#1900);
#668=VERTEX_POINT('',#1902);
#669=VERTEX_POINT('',#1904);
#670=VERTEX_POINT('',#1906);
#671=VERTEX_POINT('',#1909);
#672=VERTEX_POINT('',#1910);
#673=VERTEX_POINT('',#1912);
#674=VERTEX_POINT('',#1914);
#675=VERTEX_POINT('',#1917);
#676=VERTEX_POINT('',#1918);
#677=VERTEX_POINT('',#1920);
#678=VERTEX_POINT('',#1922);
#679=VERTEX_POINT('',#1926);
#680=VERTEX_POINT('',#1927);
#681=VERTEX_POINT('',#1929);
#682=VERTEX_POINT('',#1931);
#683=VERTEX_POINT('',#1936);
#684=VERTEX_POINT('',#1937);
#685=VERTEX_POINT('',#1939);
#686=VERTEX_POINT('',#1943);
#687=VERTEX_POINT('',#1944);
#688=VERTEX_POINT('',#1946);
#689=VERTEX_POINT('',#1950);
#690=VERTEX_POINT('',#1951);
#691=VERTEX_POINT('',#1953);
#692=VERTEX_POINT('',#1957);
#693=VERTEX_POINT('',#1958);
#694=VERTEX_POINT('',#1960);
#695=VERTEX_POINT('',#1967);
#696=VERTEX_POINT('',#1969);
#697=VERTEX_POINT('',#1975);
#698=VERTEX_POINT('',#1976);
#699=VERTEX_POINT('',#1978);
#700=VERTEX_POINT('',#1982);
#701=VERTEX_POINT('',#1983);
#702=VERTEX_POINT('',#1985);
#703=VERTEX_POINT('',#1989);
#704=VERTEX_POINT('',#1990);
#705=VERTEX_POINT('',#1992);
#706=VERTEX_POINT('',#1996);
#707=VERTEX_POINT('',#1997);
#708=VERTEX_POINT('',#1999);
#709=VERTEX_POINT('',#2006);
#710=VERTEX_POINT('',#2008);
#711=VERTEX_POINT('',#2016);
#712=VERTEX_POINT('',#2019);
#713=VERTEX_POINT('',#2022);
#714=VERTEX_POINT('',#2025);
#715=VERTEX_POINT('',#2028);
#716=VERTEX_POINT('',#2030);
#717=VERTEX_POINT('',#2034);
#718=VERTEX_POINT('',#2035);
#719=VERTEX_POINT('',#2037);
#720=VERTEX_POINT('',#2044);
#721=VERTEX_POINT('',#2045);
#722=VERTEX_POINT('',#2056);
#723=VERTEX_POINT('',#2057);
#724=VERTEX_POINT('',#2059);
#725=VERTEX_POINT('',#2061);
#726=VERTEX_POINT('',#2065);
#727=VERTEX_POINT('',#2067);
#728=VERTEX_POINT('',#2071);
#729=VERTEX_POINT('',#2073);
#730=VERTEX_POINT('',#2077);
#731=VERTEX_POINT('',#2079);
#732=VERTEX_POINT('',#2082);
#733=VERTEX_POINT('',#2085);
#734=VERTEX_POINT('',#2087);
#735=VERTEX_POINT('',#2090);
#736=VERTEX_POINT('',#2093);
#737=VERTEX_POINT('',#2095);
#738=VERTEX_POINT('',#2099);
#739=VERTEX_POINT('',#2103);
#740=VERTEX_POINT('',#2117);
#741=VERTEX_POINT('',#2125);
#742=VERTEX_POINT('',#2135);
#743=VERTEX_POINT('',#2136);
#744=VERTEX_POINT('',#2138);
#745=VERTEX_POINT('',#2140);
#746=VERTEX_POINT('',#2144);
#747=VERTEX_POINT('',#2145);
#748=VERTEX_POINT('',#2150);
#749=VERTEX_POINT('',#2151);
#750=VERTEX_POINT('',#2156);
#751=VERTEX_POINT('',#2158);
#752=VERTEX_POINT('',#2162);
#753=VERTEX_POINT('',#2164);
#754=VERTEX_POINT('',#2167);
#755=VERTEX_POINT('',#2170);
#756=VERTEX_POINT('',#2172);
#757=VERTEX_POINT('',#2175);
#758=VERTEX_POINT('',#2178);
#759=VERTEX_POINT('',#2186);
#760=VERTEX_POINT('',#2198);
#761=VERTEX_POINT('',#2202);
#762=LINE('',#1863,#864);
#763=LINE('',#1866,#865);
#764=LINE('',#1868,#866);
#765=LINE('',#1870,#867);
#766=LINE('',#1872,#868);
#767=LINE('',#1876,#869);
#768=LINE('',#1879,#870);
#769=LINE('',#1883,#871);
#770=LINE('',#1888,#872);
#771=LINE('',#1892,#873);
#772=LINE('',#1895,#874);
#773=LINE('',#1897,#875);
#774=LINE('',#1901,#876);
#775=LINE('',#1905,#877);
#776=LINE('',#1908,#878);
#777=LINE('',#1911,#879);
#778=LINE('',#1913,#880);
#779=LINE('',#1915,#881);
#780=LINE('',#1916,#882);
#781=LINE('',#1919,#883);
#782=LINE('',#1921,#884);
#783=LINE('',#1923,#885);
#784=LINE('',#1925,#886);
#785=LINE('',#1928,#887);
#786=LINE('',#1932,#888);
#787=LINE('',#1933,#889);
#788=LINE('',#1935,#890);
#789=LINE('',#1938,#891);
#790=LINE('',#1945,#892);
#791=LINE('',#1949,#893);
#792=LINE('',#1954,#894);
#793=LINE('',#1961,#895);
#794=LINE('',#1963,#896);
#795=LINE('',#1964,#897);
#796=LINE('',#1970,#898);
#797=LINE('',#1971,#899);
#798=LINE('',#1972,#900);
#799=LINE('',#1974,#901);
#800=LINE('',#1977,#902);
#801=LINE('',#1984,#903);
#802=LINE('',#1988,#904);
#803=LINE('',#1993,#905);
#804=LINE('',#2000,#906);
#805=LINE('',#2002,#907);
#806=LINE('',#2003,#908);
#807=LINE('',#2009,#909);
#808=LINE('',#2010,#910);
#809=LINE('',#2011,#911);
#810=LINE('',#2013,#912);
#811=LINE('',#2027,#913);
#812=LINE('',#2031,#914);
#813=LINE('',#2033,#915);
#814=LINE('',#2038,#916);
#815=LINE('',#2040,#917);
#816=LINE('',#2041,#918);
#817=LINE('',#2046,#919);
#818=LINE('',#2047,#920);
#819=LINE('',#2049,#921);
#820=LINE('',#2051,#922);
#821=LINE('',#2053,#923);
#822=LINE('',#2055,#924);
#823=LINE('',#2060,#925);
#824=LINE('',#2064,#926);
#825=LINE('',#2066,#927);
#826=LINE('',#2068,#928);
#827=LINE('',#2072,#929);
#828=LINE('',#2094,#930);
#829=LINE('',#2106,#931);
#830=LINE('',#2107,#932);
#831=LINE('',#2108,#933);
#832=LINE('',#2110,#934);
#833=LINE('',#2116,#935);
#834=LINE('',#2118,#936);
#835=LINE('',#2120,#937);
#836=LINE('',#2122,#938);
#837=LINE('',#2124,#939);
#838=LINE('',#2126,#940);
#839=LINE('',#2127,#941);
#840=LINE('',#2130,#942);
#841=LINE('',#2134,#943);
#842=LINE('',#2139,#944);
#843=LINE('',#2143,#945);
#844=LINE('',#2146,#946);
#845=LINE('',#2147,#947);
#846=LINE('',#2149,#948);
#847=LINE('',#2159,#949);
#848=LINE('',#2181,#950);
#849=LINE('',#2182,#951);
#850=LINE('',#2183,#952);
#851=LINE('',#2190,#953);
#852=LINE('',#2196,#954);
#853=LINE('',#2197,#955);
#854=LINE('',#2199,#956);
#855=LINE('',#2201,#957);
#856=LINE('',#2203,#958);
#857=LINE('',#2205,#959);
#858=LINE('',#2207,#960);
#859=LINE('',#2209,#961);
#860=LINE('',#2213,#962);
#861=LINE('',#2215,#963);
#862=LINE('',#2217,#964);
#863=LINE('',#2219,#965);
#864=VECTOR('',#1461,1.);
#865=VECTOR('',#1462,1.);
#866=VECTOR('',#1463,1.);
#867=VECTOR('',#1464,1.);
#868=VECTOR('',#1465,1.);
#869=VECTOR('',#1470,1.);
#870=VECTOR('',#1471,1.);
#871=VECTOR('',#1476,1.);
#872=VECTOR('',#1479,1.);
#873=VECTOR('',#1482,1.);
#874=VECTOR('',#1485,1.);
#875=VECTOR('',#1486,1.);
#876=VECTOR('',#1489,1.);
#877=VECTOR('',#1492,1.);
#878=VECTOR('',#1495,1.);
#879=VECTOR('',#1496,1.);
#880=VECTOR('',#1497,1.);
#881=VECTOR('',#1498,1.);
#882=VECTOR('',#1499,1.);
#883=VECTOR('',#1500,1.);
#884=VECTOR('',#1501,1.);
#885=VECTOR('',#1502,1.);
#886=VECTOR('',#1505,1.);
#887=VECTOR('',#1506,1.);
#888=VECTOR('',#1509,1.);
#889=VECTOR('',#1510,1.);
#890=VECTOR('',#1513,1.);
#891=VECTOR('',#1514,1.);
#892=VECTOR('',#1521,1.);
#893=VECTOR('',#1526,1.);
#894=VECTOR('',#1529,1.);
#895=VECTOR('',#1536,1.);
#896=VECTOR('',#1539,1.);
#897=VECTOR('',#1540,1.);
#898=VECTOR('',#1547,1.);
#899=VECTOR('',#1548,1.);
#900=VECTOR('',#1549,1.);
#901=VECTOR('',#1552,1.);
#902=VECTOR('',#1553,1.);
#903=VECTOR('',#1560,1.);
#904=VECTOR('',#1565,1.);
#905=VECTOR('',#1568,1.);
#906=VECTOR('',#1575,1.);
#907=VECTOR('',#1578,1.);
#908=VECTOR('',#1579,1.);
#909=VECTOR('',#1586,1.);
#910=VECTOR('',#1587,1.);
#911=VECTOR('',#1588,1.);
#912=VECTOR('',#1591,1.);
#913=VECTOR('',#1610,1.);
#914=VECTOR('',#1613,1.);
#915=VECTOR('',#1616,1.);
#916=VECTOR('',#1619,1.);
#917=VECTOR('',#1622,1.);
#918=VECTOR('',#1623,1.);
#919=VECTOR('',#1628,1.);
#920=VECTOR('',#1629,1.);
#921=VECTOR('',#1632,1.);
#922=VECTOR('',#1635,1.);
#923=VECTOR('',#1638,1.);
#924=VECTOR('',#1641,1.);
#925=VECTOR('',#1644,1.);
#926=VECTOR('',#1649,1.);
#927=VECTOR('',#1650,1.);
#928=VECTOR('',#1651,1.);
#929=VECTOR('',#1656,1.);
#930=VECTOR('',#1683,1.);
#931=VECTOR('',#1700,1.);
#932=VECTOR('',#1701,1.);
#933=VECTOR('',#1702,1.);
#934=VECTOR('',#1705,1.);
#935=VECTOR('',#1716,1.);
#936=VECTOR('',#1717,1.);
#937=VECTOR('',#1720,1.);
#938=VECTOR('',#1723,1.);
#939=VECTOR('',#1726,1.);
#940=VECTOR('',#1727,1.);
#941=VECTOR('',#1728,1.);
#942=VECTOR('',#1733,1.);
#943=VECTOR('',#1740,1.);
#944=VECTOR('',#1743,1.);
#945=VECTOR('',#1748,1.);
#946=VECTOR('',#1749,1.);
#947=VECTOR('',#1750,1.);
#948=VECTOR('',#1753,1.);
#949=VECTOR('',#1764,1.);
#950=VECTOR('',#1793,1.);
#951=VECTOR('',#1794,1.);
#952=VECTOR('',#1795,1.);
#953=VECTOR('',#1806,1.);
#954=VECTOR('',#1817,1.);
#955=VECTOR('',#1818,1.);
#956=VECTOR('',#1819,1.);
#957=VECTOR('',#1822,1.);
#958=VECTOR('',#1823,1.);
#959=VECTOR('',#1826,1.);
#960=VECTOR('',#1829,1.);
#961=VECTOR('',#1832,1.);
#962=VECTOR('',#1839,1.);
#963=VECTOR('',#1842,1.);
#964=VECTOR('',#1845,1.);
#965=VECTOR('',#1848,1.);
#966=EDGE_LOOP('',(#128,#129,#130,#131,#132,#133));
#967=EDGE_LOOP('',(#134,#135,#136));
#968=EDGE_LOOP('',(#137,#138,#139,#140,#141,#142,#143,#144,#145,#146,#147,
#148,#149,#150));
#969=EDGE_LOOP('',(#151,#152,#153,#154));
#970=EDGE_LOOP('',(#155,#156,#157,#158));
#971=EDGE_LOOP('',(#159,#160,#161,#162,#163,#164));
#972=EDGE_LOOP('',(#165,#166,#167));
#973=EDGE_LOOP('',(#168,#169,#170));
#974=EDGE_LOOP('',(#171,#172,#173));
#975=EDGE_LOOP('',(#174,#175,#176));
#976=EDGE_LOOP('',(#177,#178,#179,#180));
#977=EDGE_LOOP('',(#181));
#978=EDGE_LOOP('',(#182));
#979=EDGE_LOOP('',(#183,#184,#185,#186,#187,#188));
#980=EDGE_LOOP('',(#189,#190,#191));
#981=EDGE_LOOP('',(#192,#193,#194));
#982=EDGE_LOOP('',(#195,#196,#197));
#983=EDGE_LOOP('',(#198,#199,#200));
#984=EDGE_LOOP('',(#201,#202,#203,#204));
#985=EDGE_LOOP('',(#205));
#986=EDGE_LOOP('',(#206));
#987=EDGE_LOOP('',(#207,#208,#209,#210,#211,#212));
#988=EDGE_LOOP('',(#213,#214,#215,#216));
#989=EDGE_LOOP('',(#217));
#990=EDGE_LOOP('',(#218));
#991=EDGE_LOOP('',(#219));
#992=EDGE_LOOP('',(#220));
#993=EDGE_LOOP('',(#221));
#994=EDGE_LOOP('',(#222));
#995=EDGE_LOOP('',(#223));
#996=EDGE_LOOP('',(#224));
#997=EDGE_LOOP('',(#225,#226,#227,#228));
#998=EDGE_LOOP('',(#229,#230,#231));
#999=EDGE_LOOP('',(#232,#233,#234,#235));
#1000=EDGE_LOOP('',(#236,#237,#238,#239));
#1001=EDGE_LOOP('',(#240,#241,#242,#243));
#1002=EDGE_LOOP('',(#244,#245,#246,#247));
#1003=EDGE_LOOP('',(#248,#249,#250,#251));
#1004=EDGE_LOOP('',(#252,#253,#254,#255));
#1005=EDGE_LOOP('',(#256,#257,#258,#259));
#1006=EDGE_LOOP('',(#260,#261,#262,#263));
#1007=EDGE_LOOP('',(#264));
#1008=EDGE_LOOP('',(#265));
#1009=EDGE_LOOP('',(#266));
#1010=EDGE_LOOP('',(#267));
#1011=EDGE_LOOP('',(#268));
#1012=EDGE_LOOP('',(#269));
#1013=EDGE_LOOP('',(#270));
#1014=EDGE_LOOP('',(#271));
#1015=EDGE_LOOP('',(#272,#273,#274,#275));
#1016=EDGE_LOOP('',(#276,#277,#278,#279));
#1017=EDGE_LOOP('',(#280,#281,#282,#283));
#1018=EDGE_LOOP('',(#284,#285,#286,#287,#288,#289,#290,#291));
#1019=EDGE_LOOP('',(#292,#293,#294,#295));
#1020=EDGE_LOOP('',(#296,#297,#298,#299));
#1021=EDGE_LOOP('',(#300,#301,#302,#303,#304));
#1022=EDGE_LOOP('',(#305,#306,#307,#308));
#1023=EDGE_LOOP('',(#309,#310,#311,#312,#313));
#1024=EDGE_LOOP('',(#314,#315,#316,#317));
#1025=EDGE_LOOP('',(#318));
#1026=EDGE_LOOP('',(#319));
#1027=EDGE_LOOP('',(#320,#321,#322,#323,#324,#325,#326,#327));
#1028=EDGE_LOOP('',(#328,#329,#330,#331));
#1029=EDGE_LOOP('',(#332,#333,#334,#335));
#1030=EDGE_LOOP('',(#336,#337,#338,#339));
#1031=EDGE_LOOP('',(#340,#341,#342,#343));
#1032=EDGE_LOOP('',(#344,#345,#346,#347));
#1033=EDGE_LOOP('',(#348,#349,#350,#351));
#1034=EDGE_LOOP('',(#352));
#1035=EDGE_LOOP('',(#353));
#1036=EDGE_LOOP('',(#354));
#1037=EDGE_LOOP('',(#355));
#1038=EDGE_LOOP('',(#356));
#1039=EDGE_LOOP('',(#357));
#1040=EDGE_LOOP('',(#358));
#1041=EDGE_LOOP('',(#359));
#1042=EDGE_LOOP('',(#360,#361,#362,#363));
#1043=EDGE_LOOP('',(#364,#365,#366,#367,#368,#369,#370,#371));
#1044=EDGE_LOOP('',(#372,#373,#374,#375));
#1045=EDGE_LOOP('',(#376,#377,#378,#379));
#1046=EDGE_LOOP('',(#380,#381,#382,#383));
#1047=EDGE_LOOP('',(#384,#385,#386,#387));
#1048=EDGE_LOOP('',(#388,#389,#390,#391,#392));
#1049=EDGE_LOOP('',(#393,#394,#395,#396,#397));
#1050=EDGE_LOOP('',(#398));
#1051=EDGE_LOOP('',(#399));
#1052=EDGE_LOOP('',(#400,#401,#402,#403,#404,#405,#406,#407));
#1053=EDGE_LOOP('',(#408,#409,#410,#411));
#1054=EDGE_LOOP('',(#412,#413,#414,#415));
#1055=EDGE_LOOP('',(#416,#417,#418,#419));
#1056=EDGE_LOOP('',(#420));
#1057=EDGE_LOOP('',(#421,#422,#423,#424));
#1058=EDGE_LOOP('',(#425));
#1059=EDGE_LOOP('',(#426));
#1060=EDGE_LOOP('',(#427));
#1061=EDGE_LOOP('',(#428,#429,#430,#431));
#1062=EDGE_LOOP('',(#432));
#1063=EDGE_LOOP('',(#433));
#1064=EDGE_LOOP('',(#434,#435,#436,#437));
#1065=EDGE_LOOP('',(#438));
#1066=EDGE_LOOP('',(#439,#440,#441,#442));
#1067=EDGE_LOOP('',(#443));
#1068=EDGE_LOOP('',(#444,#445,#446,#447));
#1069=EDGE_LOOP('',(#448,#449,#450,#451));
#1070=EDGE_LOOP('',(#452,#453,#454,#455));
#1071=EDGE_LOOP('',(#456,#457,#458,#459));
#1072=EDGE_LOOP('',(#460,#461,#462,#463));
#1073=EDGE_LOOP('',(#464,#465,#466,#467,#468,#469,#470,#471,#472,#473,#474,
#475));
#1074=FACE_BOUND('',#966,.T.);
#1075=FACE_BOUND('',#967,.T.);
#1076=FACE_BOUND('',#968,.T.);
#1077=FACE_BOUND('',#969,.T.);
#1078=FACE_BOUND('',#970,.T.);
#1079=FACE_BOUND('',#971,.T.);
#1080=FACE_BOUND('',#972,.T.);
#1081=FACE_BOUND('',#973,.T.);
#1082=FACE_BOUND('',#974,.T.);
#1083=FACE_BOUND('',#975,.T.);
#1084=FACE_BOUND('',#976,.T.);
#1085=FACE_BOUND('',#977,.T.);
#1086=FACE_BOUND('',#978,.T.);
#1087=FACE_BOUND('',#979,.T.);
#1088=FACE_BOUND('',#980,.T.);
#1089=FACE_BOUND('',#981,.T.);
#1090=FACE_BOUND('',#982,.T.);
#1091=FACE_BOUND('',#983,.T.);
#1092=FACE_BOUND('',#984,.T.);
#1093=FACE_BOUND('',#985,.T.);
#1094=FACE_BOUND('',#986,.T.);
#1095=FACE_BOUND('',#987,.T.);
#1096=FACE_BOUND('',#988,.T.);
#1097=FACE_BOUND('',#989,.T.);
#1098=FACE_BOUND('',#990,.T.);
#1099=FACE_BOUND('',#991,.T.);
#1100=FACE_BOUND('',#992,.T.);
#1101=FACE_BOUND('',#993,.T.);
#1102=FACE_BOUND('',#994,.T.);
#1103=FACE_BOUND('',#995,.T.);
#1104=FACE_BOUND('',#996,.T.);
#1105=FACE_BOUND('',#997,.T.);
#1106=FACE_BOUND('',#998,.T.);
#1107=FACE_BOUND('',#999,.T.);
#1108=FACE_BOUND('',#1000,.T.);
#1109=FACE_BOUND('',#1001,.T.);
#1110=FACE_BOUND('',#1002,.T.);
#1111=FACE_BOUND('',#1003,.T.);
#1112=FACE_BOUND('',#1004,.T.);
#1113=FACE_BOUND('',#1005,.T.);
#1114=FACE_BOUND('',#1006,.T.);
#1115=FACE_BOUND('',#1007,.T.);
#1116=FACE_BOUND('',#1008,.T.);
#1117=FACE_BOUND('',#1009,.T.);
#1118=FACE_BOUND('',#1010,.T.);
#1119=FACE_BOUND('',#1011,.T.);
#1120=FACE_BOUND('',#1012,.T.);
#1121=FACE_BOUND('',#1013,.T.);
#1122=FACE_BOUND('',#1014,.T.);
#1123=FACE_BOUND('',#1015,.T.);
#1124=FACE_BOUND('',#1016,.T.);
#1125=FACE_BOUND('',#1017,.T.);
#1126=FACE_BOUND('',#1018,.T.);
#1127=FACE_BOUND('',#1019,.T.);
#1128=FACE_BOUND('',#1020,.T.);
#1129=FACE_BOUND('',#1021,.T.);
#1130=FACE_BOUND('',#1022,.T.);
#1131=FACE_BOUND('',#1023,.T.);
#1132=FACE_BOUND('',#1024,.T.);
#1133=FACE_BOUND('',#1025,.T.);
#1134=FACE_BOUND('',#1026,.T.);
#1135=FACE_BOUND('',#1027,.T.);
#1136=FACE_BOUND('',#1028,.T.);
#1137=FACE_BOUND('',#1029,.T.);
#1138=FACE_BOUND('',#1030,.T.);
#1139=FACE_BOUND('',#1031,.T.);
#1140=FACE_BOUND('',#1032,.T.);
#1141=FACE_BOUND('',#1033,.T.);
#1142=FACE_BOUND('',#1034,.T.);
#1143=FACE_BOUND('',#1035,.T.);
#1144=FACE_BOUND('',#1036,.T.);
#1145=FACE_BOUND('',#1037,.T.);
#1146=FACE_BOUND('',#1038,.T.);
#1147=FACE_BOUND('',#1039,.T.);
#1148=FACE_BOUND('',#1040,.T.);
#1149=FACE_BOUND('',#1041,.T.);
#1150=FACE_BOUND('',#1042,.T.);
#1151=FACE_BOUND('',#1043,.T.);
#1152=FACE_BOUND('',#1044,.T.);
#1153=FACE_BOUND('',#1045,.T.);
#1154=FACE_BOUND('',#1046,.T.);
#1155=FACE_BOUND('',#1047,.T.);
#1156=FACE_BOUND('',#1048,.T.);
#1157=FACE_BOUND('',#1049,.T.);
#1158=FACE_BOUND('',#1050,.T.);
#1159=FACE_BOUND('',#1051,.T.);
#1160=FACE_BOUND('',#1052,.T.);
#1161=FACE_BOUND('',#1053,.T.);
#1162=FACE_BOUND('',#1054,.T.);
#1163=FACE_BOUND('',#1055,.T.);
#1164=FACE_BOUND('',#1056,.T.);
#1165=FACE_BOUND('',#1057,.T.);
#1166=FACE_BOUND('',#1058,.T.);
#1167=FACE_BOUND('',#1059,.T.);
#1168=FACE_BOUND('',#1060,.T.);
#1169=FACE_BOUND('',#1061,.T.);
#1170=FACE_BOUND('',#1062,.T.);
#1171=FACE_BOUND('',#1063,.T.);
#1172=FACE_BOUND('',#1064,.T.);
#1173=FACE_BOUND('',#1065,.T.);
#1174=FACE_BOUND('',#1066,.T.);
#1175=FACE_BOUND('',#1067,.T.);
#1176=FACE_BOUND('',#1068,.T.);
#1177=FACE_BOUND('',#1069,.T.);
#1178=FACE_BOUND('',#1070,.T.);
#1179=FACE_BOUND('',#1071,.T.);
#1180=FACE_BOUND('',#1072,.T.);
#1181=FACE_BOUND('',#1073,.T.);
#1182=PLANE('',#1307);
#1183=PLANE('',#1309);
#1184=PLANE('',#1311);
#1185=PLANE('',#1318);
#1186=PLANE('',#1330);
#1187=PLANE('',#1331);
#1188=PLANE('',#1344);
#1189=PLANE('',#1345);
#1190=PLANE('',#1348);
#1191=PLANE('',#1357);
#1192=PLANE('',#1359);
#1193=PLANE('',#1361);
#1194=PLANE('',#1362);
#1195=PLANE('',#1364);
#1196=PLANE('',#1365);
#1197=PLANE('',#1366);
#1198=PLANE('',#1370);
#1199=PLANE('',#1393);
#1200=PLANE('',#1403);
#1201=PLANE('',#1404);
#1202=PLANE('',#1410);
#1203=PLANE('',#1430);
#1204=PLANE('',#1442);
#1205=PLANE('',#1445);
#1206=PLANE('',#1447);
#1207=PLANE('',#1448);
#1208=PLANE('',#1449);
#1209=PLANE('',#1450);
#1210=PLANE('',#1451);
#1211=PLANE('',#1452);
#1212=PLANE('',#1453);
#1213=PLANE('',#1454);
#1214=PLANE('',#1455);
#1215=PLANE('',#1456);
#1216=ADVANCED_FACE('',(#1074),#1182,.T.);
#1217=ADVANCED_FACE('',(#1075),#1183,.T.);
#1218=ADVANCED_FACE('',(#1076,#1077,#1078),#1184,.T.);
#1219=ADVANCED_FACE('',(#1079),#1185,.F.);
#1220=ADVANCED_FACE('',(#1080),#24,.T.);
#1221=ADVANCED_FACE('',(#1081),#25,.T.);
#1222=ADVANCED_FACE('',(#1082),#26,.T.);
#1223=ADVANCED_FACE('',(#1083),#27,.T.);
#1224=ADVANCED_FACE('',(#1084),#1186,.F.);
#1225=ADVANCED_FACE('',(#1085,#1086,#1087),#1187,.F.);
#1226=ADVANCED_FACE('',(#1088),#28,.T.);
#1227=ADVANCED_FACE('',(#1089),#29,.T.);
#1228=ADVANCED_FACE('',(#1090),#30,.T.);
#1229=ADVANCED_FACE('',(#1091),#31,.T.);
#1230=ADVANCED_FACE('',(#1092),#1188,.F.);
#1231=ADVANCED_FACE('',(#1093,#1094,#1095),#1189,.F.);
#1232=ADVANCED_FACE('',(#1096),#1190,.F.);
#1233=ADVANCED_FACE('NONE',(#1097,#1098),#32,.F.);
#1234=ADVANCED_FACE('NONE',(#1099,#1100),#33,.F.);
#1235=ADVANCED_FACE('NONE',(#1101,#1102),#34,.F.);
#1236=ADVANCED_FACE('NONE',(#1103,#1104),#35,.F.);
#1237=ADVANCED_FACE('',(#1105),#1191,.T.);
#1238=ADVANCED_FACE('',(#1106),#1192,.T.);
#1239=ADVANCED_FACE('',(#1107),#1193,.T.);
#1240=ADVANCED_FACE('',(#1108),#1194,.F.);
#1241=ADVANCED_FACE('',(#1109),#1195,.F.);
#1242=ADVANCED_FACE('',(#1110),#1196,.F.);
#1243=ADVANCED_FACE('',(#1111),#1197,.F.);
#1244=ADVANCED_FACE('NONE',(#1112),#36,.T.);
#1245=ADVANCED_FACE('NONE',(#1113),#1198,.F.);
#1246=ADVANCED_FACE('NONE',(#1114),#37,.T.);
#1247=ADVANCED_FACE('NONE',(#1115,#1116),#38,.F.);
#1248=ADVANCED_FACE('NONE',(#1117,#1118),#12,.T.);
#1249=ADVANCED_FACE('NONE',(#1119,#1120),#39,.F.);
#1250=ADVANCED_FACE('NONE',(#1121,#1122),#13,.T.);
#1251=ADVANCED_FACE('NONE',(#1123),#40,.T.);
#1252=ADVANCED_FACE('NONE',(#1124),#14,.T.);
#1253=ADVANCED_FACE('NONE',(#1125),#15,.T.);
#1254=ADVANCED_FACE('NONE',(#1126),#1199,.T.);
#1255=ADVANCED_FACE('NONE',(#1127),#41,.T.);
#1256=ADVANCED_FACE('NONE',(#1128),#42,.T.);
#1257=ADVANCED_FACE('NONE',(#1129),#43,.T.);
#1258=ADVANCED_FACE('NONE',(#1130),#44,.T.);
#1259=ADVANCED_FACE('NONE',(#1131),#45,.T.);
#1260=ADVANCED_FACE('NONE',(#1132),#1200,.T.);
#1261=ADVANCED_FACE('NONE',(#1133,#1134,#1135),#1201,.F.);
#1262=ADVANCED_FACE('NONE',(#1136),#16,.T.);
#1263=ADVANCED_FACE('NONE',(#1137),#17,.T.);
#1264=ADVANCED_FACE('NONE',(#1138),#46,.T.);
#1265=ADVANCED_FACE('NONE',(#1139),#1202,.F.);
#1266=ADVANCED_FACE('NONE',(#1140),#47,.T.);
#1267=ADVANCED_FACE('NONE',(#1141),#48,.T.);
#1268=ADVANCED_FACE('NONE',(#1142,#1143),#49,.F.);
#1269=ADVANCED_FACE('NONE',(#1144,#1145),#18,.T.);
#1270=ADVANCED_FACE('NONE',(#1146,#1147),#50,.F.);
#1271=ADVANCED_FACE('NONE',(#1148,#1149),#19,.T.);
#1272=ADVANCED_FACE('NONE',(#1150),#20,.T.);
#1273=ADVANCED_FACE('NONE',(#1151),#1203,.F.);
#1274=ADVANCED_FACE('NONE',(#1152),#21,.T.);
#1275=ADVANCED_FACE('NONE',(#1153),#51,.T.);
#1276=ADVANCED_FACE('NONE',(#1154),#52,.T.);
#1277=ADVANCED_FACE('NONE',(#1155),#22,.T.);
#1278=ADVANCED_FACE('NONE',(#1156),#53,.T.);
#1279=ADVANCED_FACE('NONE',(#1157),#54,.T.);
#1280=ADVANCED_FACE('NONE',(#1158,#1159,#1160),#1204,.F.);
#1281=ADVANCED_FACE('NONE',(#1161),#55,.T.);
#1282=ADVANCED_FACE('NONE',(#1162),#1205,.T.);
#1283=ADVANCED_FACE('NONE',(#1163),#23,.T.);
#1284=ADVANCED_FACE('',(#1164,#1165,#1166),#1206,.F.);
#1285=ADVANCED_FACE('',(#1167,#1168,#1169),#1207,.F.);
#1286=ADVANCED_FACE('',(#1170,#1171,#1172),#1208,.F.);
#1287=ADVANCED_FACE('',(#1173,#1174,#1175),#1209,.F.);
#1288=ADVANCED_FACE('',(#1176),#1210,.T.);
#1289=ADVANCED_FACE('',(#1177),#1211,.T.);
#1290=ADVANCED_FACE('',(#1178),#1212,.T.);
#1291=ADVANCED_FACE('',(#1179),#1213,.T.);
#1292=ADVANCED_FACE('',(#1180),#1214,.T.);
#1293=ADVANCED_FACE('',(#1181),#1215,.F.);
#1294=CLOSED_SHELL('',(#1216,#1217,#1218,#1219,#1220,#1221,#1222,#1223,
#1224,#1225,#1226,#1227,#1228,#1229,#1230,#1231,#1232,#1233,#1234,#1235,
#1236,#1237,#1238,#1239,#1240,#1241,#1242,#1243,#1244,#1245,#1246,#1247,
#1248,#1249,#1250,#1251,#1252,#1253,#1254,#1255,#1256,#1257,#1258,#1259,
#1260,#1261,#1262,#1263,#1264,#1265,#1266,#1267,#1268,#1269,#1270,#1271,
#1272,#1273,#1274,#1275,#1276,#1277,#1278,#1279,#1280,#1281,#1282,#1283,
#1284,#1285,#1286,#1287,#1288,#1289,#1290,#1291,#1292,#1293));
#1295=STYLED_ITEM('',(#1296),#1303);
#1296=PRESENTATION_STYLE_ASSIGNMENT((#1297));
#1297=SURFACE_STYLE_USAGE(.BOTH.,#1298);
#1298=SURFACE_SIDE_STYLE('',(#1299));
#1299=SURFACE_STYLE_FILL_AREA(#1300);
#1300=FILL_AREA_STYLE('',(#1301));
#1301=FILL_AREA_STYLE_COLOUR('',#1302);
#1302=COLOUR_RGB('',0.137254901960784,0.137254901960784,0.137254901960784);
#1303=MANIFOLD_SOLID_BREP('Fillet3',#1294);
#1304=SHAPE_DEFINITION_REPRESENTATION(#2232,#1305);
#1305=SHAPE_REPRESENTATION('Fillet3',(#1306),#2227);
#1306=AXIS2_PLACEMENT_3D('',#1861,#1457,#1458);
#1307=AXIS2_PLACEMENT_3D('',#1862,#1459,#1460);
#1308=AXIS2_PLACEMENT_3D('',#1874,#1466,#1467);
#1309=AXIS2_PLACEMENT_3D('',#1875,#1468,#1469);
#1310=AXIS2_PLACEMENT_3D('',#1881,#1472,#1473);
#1311=AXIS2_PLACEMENT_3D('',#1882,#1474,#1475);
#1312=AXIS2_PLACEMENT_3D('',#1886,#1477,#1478);
#1313=AXIS2_PLACEMENT_3D('',#1890,#1480,#1481);
#1314=AXIS2_PLACEMENT_3D('',#1894,#1483,#1484);
#1315=AXIS2_PLACEMENT_3D('',#1899,#1487,#1488);
#1316=AXIS2_PLACEMENT_3D('',#1903,#1490,#1491);
#1317=AXIS2_PLACEMENT_3D('',#1907,#1493,#1494);
#1318=AXIS2_PLACEMENT_3D('',#1924,#1503,#1504);
#1319=AXIS2_PLACEMENT_3D('',#1930,#1507,#1508);
#1320=AXIS2_PLACEMENT_3D('',#1934,#1511,#1512);
#1321=AXIS2_PLACEMENT_3D('',#1940,#1515,#1516);
#1322=AXIS2_PLACEMENT_3D('',#1941,#1517,#1518);
#1323=AXIS2_PLACEMENT_3D('',#1942,#1519,#1520);
#1324=AXIS2_PLACEMENT_3D('',#1947,#1522,#1523);
#1325=AXIS2_PLACEMENT_3D('',#1948,#1524,#1525);
#1326=AXIS2_PLACEMENT_3D('',#1952,#1527,#1528);
#1327=AXIS2_PLACEMENT_3D('',#1955,#1530,#1531);
#1328=AXIS2_PLACEMENT_3D('',#1956,#1532,#1533);
#1329=AXIS2_PLACEMENT_3D('',#1959,#1534,#1535);
#1330=AXIS2_PLACEMENT_3D('',#1962,#1537,#1538);
#1331=AXIS2_PLACEMENT_3D('',#1965,#1541,#1542);
#1332=AXIS2_PLACEMENT_3D('',#1966,#1543,#1544);
#1333=AXIS2_PLACEMENT_3D('',#1968,#1545,#1546);
#1334=AXIS2_PLACEMENT_3D('',#1973,#1550,#1551);
#1335=AXIS2_PLACEMENT_3D('',#1979,#1554,#1555);
#1336=AXIS2_PLACEMENT_3D('',#1980,#1556,#1557);
#1337=AXIS2_PLACEMENT_3D('',#1981,#1558,#1559);
#1338=AXIS2_PLACEMENT_3D('',#1986,#1561,#1562);
#1339=AXIS2_PLACEMENT_3D('',#1987,#1563,#1564);
#1340=AXIS2_PLACEMENT_3D('',#1991,#1566,#1567);
#1341=AXIS2_PLACEMENT_3D('',#1994,#1569,#1570);
#1342=AXIS2_PLACEMENT_3D('',#1995,#1571,#1572);
#1343=AXIS2_PLACEMENT_3D('',#1998,#1573,#1574);
#1344=AXIS2_PLACEMENT_3D('',#2001,#1576,#1577);
#1345=AXIS2_PLACEMENT_3D('',#2004,#1580,#1581);
#1346=AXIS2_PLACEMENT_3D('',#2005,#1582,#1583);
#1347=AXIS2_PLACEMENT_3D('',#2007,#1584,#1585);
#1348=AXIS2_PLACEMENT_3D('',#2012,#1589,#1590);
#1349=AXIS2_PLACEMENT_3D('',#2014,#1592,#1593);
#1350=AXIS2_PLACEMENT_3D('',#2015,#1594,#1595);
#1351=AXIS2_PLACEMENT_3D('',#2017,#1596,#1597);
#1352=AXIS2_PLACEMENT_3D('',#2018,#1598,#1599);
#1353=AXIS2_PLACEMENT_3D('',#2020,#1600,#1601);
#1354=AXIS2_PLACEMENT_3D('',#2021,#1602,#1603);
#1355=AXIS2_PLACEMENT_3D('',#2023,#1604,#1605);
#1356=AXIS2_PLACEMENT_3D('',#2024,#1606,#1607);
#1357=AXIS2_PLACEMENT_3D('',#2026,#1608,#1609);
#1358=AXIS2_PLACEMENT_3D('',#2029,#1611,#1612);
#1359=AXIS2_PLACEMENT_3D('',#2032,#1614,#1615);
#1360=AXIS2_PLACEMENT_3D('',#2036,#1617,#1618);
#1361=AXIS2_PLACEMENT_3D('',#2039,#1620,#1621);
#1362=AXIS2_PLACEMENT_3D('',#2042,#1624,#1625);
#1363=AXIS2_PLACEMENT_3D('',#2043,#1626,#1627);
#1364=AXIS2_PLACEMENT_3D('',#2048,#1630,#1631);
#1365=AXIS2_PLACEMENT_3D('',#2050,#1633,#1634);
#1366=AXIS2_PLACEMENT_3D('',#2052,#1636,#1637);
#1367=AXIS2_PLACEMENT_3D('',#2054,#1639,#1640);
#1368=AXIS2_PLACEMENT_3D('',#2058,#1642,#1643);
#1369=AXIS2_PLACEMENT_3D('',#2062,#1645,#1646);
#1370=AXIS2_PLACEMENT_3D('',#2063,#1647,#1648);
#1371=AXIS2_PLACEMENT_3D('',#2069,#1652,#1653);
#1372=AXIS2_PLACEMENT_3D('',#2070,#1654,#1655);
#1373=AXIS2_PLACEMENT_3D('',#2074,#1657,#1658);
#1374=AXIS2_PLACEMENT_3D('',#2075,#1659,#1660);
#1375=AXIS2_PLACEMENT_3D('',#2076,#1661,#1662);
#1376=AXIS2_PLACEMENT_3D('',#2078,#1663,#1664);
#1377=AXIS2_PLACEMENT_3D('',#2080,#1665,#1666);
#1378=AXIS2_PLACEMENT_3D('',#2081,#1667,#1668);
#1379=AXIS2_PLACEMENT_3D('',#2083,#1669,#1670);
#1380=AXIS2_PLACEMENT_3D('',#2084,#1671,#1672);
#1381=AXIS2_PLACEMENT_3D('',#2086,#1673,#1674);
#1382=AXIS2_PLACEMENT_3D('',#2088,#1675,#1676);
#1383=AXIS2_PLACEMENT_3D('',#2089,#1677,#1678);
#1384=AXIS2_PLACEMENT_3D('',#2091,#1679,#1680);
#1385=AXIS2_PLACEMENT_3D('',#2092,#1681,#1682);
#1386=AXIS2_PLACEMENT_3D('',#2096,#1684,#1685);
#1387=AXIS2_PLACEMENT_3D('',#2097,#1686,#1687);
#1388=AXIS2_PLACEMENT_3D('',#2098,#1688,#1689);
#1389=AXIS2_PLACEMENT_3D('',#2100,#1690,#1691);
#1390=AXIS2_PLACEMENT_3D('',#2101,#1692,#1693);
#1391=AXIS2_PLACEMENT_3D('',#2102,#1694,#1695);
#1392=AXIS2_PLACEMENT_3D('',#2104,#1696,#1697);
#1393=AXIS2_PLACEMENT_3D('',#2105,#1698,#1699);
#1394=AXIS2_PLACEMENT_3D('',#2109,#1703,#1704);
#1395=AXIS2_PLACEMENT_3D('',#2111,#1706,#1707);
#1396=AXIS2_PLACEMENT_3D('',#2112,#1708,#1709);
#1397=AXIS2_PLACEMENT_3D('',#2113,#1710,#1711);
#1398=AXIS2_PLACEMENT_3D('',#2114,#1712,#1713);
#1399=AXIS2_PLACEMENT_3D('',#2115,#1714,#1715);
#1400=AXIS2_PLACEMENT_3D('',#2119,#1718,#1719);
#1401=AXIS2_PLACEMENT_3D('',#2121,#1721,#1722);
#1402=AXIS2_PLACEMENT_3D('',#2123,#1724,#1725);
#1403=AXIS2_PLACEMENT_3D('',#2128,#1729,#1730);
#1404=AXIS2_PLACEMENT_3D('',#2129,#1731,#1732);
#1405=AXIS2_PLACEMENT_3D('',#2131,#1734,#1735);
#1406=AXIS2_PLACEMENT_3D('',#2132,#1736,#1737);
#1407=AXIS2_PLACEMENT_3D('',#2133,#1738,#1739);
#1408=AXIS2_PLACEMENT_3D('',#2137,#1741,#1742);
#1409=AXIS2_PLACEMENT_3D('',#2141,#1744,#1745);
#1410=AXIS2_PLACEMENT_3D('',#2142,#1746,#1747);
#1411=AXIS2_PLACEMENT_3D('',#2148,#1751,#1752);
#1412=AXIS2_PLACEMENT_3D('',#2152,#1754,#1755);
#1413=AXIS2_PLACEMENT_3D('',#2153,#1756,#1757);
#1414=AXIS2_PLACEMENT_3D('',#2154,#1758,#1759);
#1415=AXIS2_PLACEMENT_3D('',#2155,#1760,#1761);
#1416=AXIS2_PLACEMENT_3D('',#2157,#1762,#1763);
#1417=AXIS2_PLACEMENT_3D('',#2160,#1765,#1766);
#1418=AXIS2_PLACEMENT_3D('',#2161,#1767,#1768);
#1419=AXIS2_PLACEMENT_3D('',#2163,#1769,#1770);
#1420=AXIS2_PLACEMENT_3D('',#2165,#1771,#1772);
#1421=AXIS2_PLACEMENT_3D('',#2166,#1773,#1774);
#1422=AXIS2_PLACEMENT_3D('',#2168,#1775,#1776);
#1423=AXIS2_PLACEMENT_3D('',#2169,#1777,#1778);
#1424=AXIS2_PLACEMENT_3D('',#2171,#1779,#1780);
#1425=AXIS2_PLACEMENT_3D('',#2173,#1781,#1782);
#1426=AXIS2_PLACEMENT_3D('',#2174,#1783,#1784);
#1427=AXIS2_PLACEMENT_3D('',#2176,#1785,#1786);
#1428=AXIS2_PLACEMENT_3D('',#2177,#1787,#1788);
#1429=AXIS2_PLACEMENT_3D('',#2179,#1789,#1790);
#1430=AXIS2_PLACEMENT_3D('',#2180,#1791,#1792);
#1431=AXIS2_PLACEMENT_3D('',#2184,#1796,#1797);
#1432=AXIS2_PLACEMENT_3D('',#2185,#1798,#1799);
#1433=AXIS2_PLACEMENT_3D('',#2187,#1800,#1801);
#1434=AXIS2_PLACEMENT_3D('',#2188,#1802,#1803);
#1435=AXIS2_PLACEMENT_3D('',#2189,#1804,#1805);
#1436=AXIS2_PLACEMENT_3D('',#2191,#1807,#1808);
#1437=AXIS2_PLACEMENT_3D('',#2192,#1809,#1810);
#1438=AXIS2_PLACEMENT_3D('',#2193,#1811,#1812);
#1439=AXIS2_PLACEMENT_3D('',#2194,#1813,#1814);
#1440=AXIS2_PLACEMENT_3D('',#2195,#1815,#1816);
#1441=AXIS2_PLACEMENT_3D('',#2200,#1820,#1821);
#1442=AXIS2_PLACEMENT_3D('',#2204,#1824,#1825);
#1443=AXIS2_PLACEMENT_3D('',#2206,#1827,#1828);
#1444=AXIS2_PLACEMENT_3D('',#2208,#1830,#1831);
#1445=AXIS2_PLACEMENT_3D('',#2210,#1833,#1834);
#1446=AXIS2_PLACEMENT_3D('',#2211,#1835,#1836);
#1447=AXIS2_PLACEMENT_3D('',#2212,#1837,#1838);
#1448=AXIS2_PLACEMENT_3D('',#2214,#1840,#1841);
#1449=AXIS2_PLACEMENT_3D('',#2216,#1843,#1844);
#1450=AXIS2_PLACEMENT_3D('',#2218,#1846,#1847);
#1451=AXIS2_PLACEMENT_3D('',#2220,#1849,#1850);
#1452=AXIS2_PLACEMENT_3D('',#2221,#1851,#1852);
#1453=AXIS2_PLACEMENT_3D('',#2222,#1853,#1854);
#1454=AXIS2_PLACEMENT_3D('',#2223,#1855,#1856);
#1455=AXIS2_PLACEMENT_3D('',#2224,#1857,#1858);
#1456=AXIS2_PLACEMENT_3D('',#2225,#1859,#1860);
#1457=DIRECTION('',(0.,0.,1.));
#1458=DIRECTION('',(1.,0.,0.));
#1459=DIRECTION('',(-1.,0.,0.));
#1460=DIRECTION('',(0.,0.,1.));
#1461=DIRECTION('',(0.,1.,0.));
#1462=DIRECTION('',(0.,0.,1.));
#1463=DIRECTION('',(0.,-1.,0.));
#1464=DIRECTION('',(0.,0.,1.));
#1465=DIRECTION('',(0.,1.,0.));
#1466=DIRECTION('',(-1.,0.,1.22464679914735E-16));
#1467=DIRECTION('',(1.22464679914735E-16,0.,1.));
#1468=DIRECTION('',(0.,1.,0.));
#1469=DIRECTION('',(0.,0.,1.));
#1470=DIRECTION('',(1.,0.,0.));
#1471=DIRECTION('',(0.,0.,1.));
#1472=DIRECTION('',(0.,1.,0.));
#1473=DIRECTION('',(0.,0.,1.));
#1474=DIRECTION('',(0.,1.,0.));
#1475=DIRECTION('',(0.,0.,1.));
#1476=DIRECTION('',(1.,0.,0.));
#1477=DIRECTION('',(0.,1.,0.));
#1478=DIRECTION('',(0.,0.,1.));
#1479=DIRECTION('',(1.22464679914735E-16,0.,1.));
#1480=DIRECTION('',(0.,1.,0.));
#1481=DIRECTION('',(0.,0.,1.));
#1482=DIRECTION('',(1.,3.64530853542754E-48,-1.22464679914735E-16));
#1483=DIRECTION('',(0.,1.,0.));
#1484=DIRECTION('',(0.,0.,1.));
#1485=DIRECTION('',(-1.,0.,0.));
#1486=DIRECTION('',(0.,0.,1.));
#1487=DIRECTION('',(0.,1.,0.));
#1488=DIRECTION('',(0.,0.,1.));
#1489=DIRECTION('',(1.,3.64530853542754E-48,-1.22464679914735E-16));
#1490=DIRECTION('',(0.,1.,0.));
#1491=DIRECTION('',(0.,0.,1.));
#1492=DIRECTION('',(-1.22464679914735E-16,0.,-1.));
#1493=DIRECTION('',(0.,1.,0.));
#1494=DIRECTION('',(0.,0.,1.));
#1495=DIRECTION('',(1.,3.64530853542754E-48,-1.22464679914735E-16));
#1496=DIRECTION('',(1.22464679914735E-16,0.,1.));
#1497=DIRECTION('',(-1.,0.,1.22464679914735E-16));
#1498=DIRECTION('',(-1.22464679914735E-16,0.,-1.));
#1499=DIRECTION('',(1.,3.64530853542754E-48,-1.22464679914735E-16));
#1500=DIRECTION('',(1.22464679914735E-16,0.,1.));
#1501=DIRECTION('',(-1.,0.,1.22464679914735E-16));
#1502=DIRECTION('',(-1.22464679914735E-16,0.,-1.));
#1503=DIRECTION('',(-1.,0.,0.));
#1504=DIRECTION('',(0.,0.,1.));
#1505=DIRECTION('',(0.,0.,1.));
#1506=DIRECTION('',(0.,1.,0.));
#1507=DIRECTION('',(-1.,0.,1.22464679914735E-16));
#1508=DIRECTION('',(1.22464679914735E-16,0.,1.));
#1509=DIRECTION('',(0.,1.,0.));
#1510=DIRECTION('',(0.,-1.,0.));
#1511=DIRECTION('',(-1.22464679914735E-16,-1.50845519650157E-16,-1.));
#1512=DIRECTION('',(0.,1.,-1.50845519650157E-16));
#1513=DIRECTION('',(-1.22464679914735E-16,-1.50845519650157E-16,-1.));
#1514=DIRECTION('',(-1.22464679914735E-16,-1.50845519650157E-16,-1.));
#1515=DIRECTION('',(-1.22464679914735E-16,-1.50845519650157E-16,-1.));
#1516=DIRECTION('',(1.84732482805284E-32,-1.,1.50845519650157E-16));
#1517=DIRECTION('',(-1.22464679914735E-16,-1.50845519650157E-16,-1.));
#1518=DIRECTION('',(0.,1.,-1.50845519650157E-16));
#1519=DIRECTION('',(0.,0.,1.));
#1520=DIRECTION('',(1.,0.,0.));
#1521=DIRECTION('',(-1.22464679914735E-16,-1.50845519650157E-16,-1.));
#1522=DIRECTION('',(-1.22464679914735E-16,-1.50845519650157E-16,-1.));
#1523=DIRECTION('',(1.84732482805284E-32,-1.,1.50845519650157E-16));
#1524=DIRECTION('',(-1.22464679914735E-16,-1.50845519650157E-16,-1.));
#1525=DIRECTION('',(0.,1.,-1.50845519650157E-16));
#1526=DIRECTION('',(-1.22464679914735E-16,-1.50845519650157E-16,-1.));
#1527=DIRECTION('',(-1.22464679914735E-16,-1.50845519650157E-16,-1.));
#1528=DIRECTION('',(1.84732482805284E-32,-1.,1.50845519650157E-16));
#1529=DIRECTION('',(-1.22464679914735E-16,-1.50845519650157E-16,-1.));
#1530=DIRECTION('',(-1.22464679914735E-16,-1.50845519650157E-16,-1.));
#1531=DIRECTION('',(0.,1.,-1.50845519650157E-16));
#1532=DIRECTION('',(0.,0.,1.));
#1533=DIRECTION('',(1.,0.,0.));
#1534=DIRECTION('',(-1.22464679914735E-16,-1.50845519650157E-16,-1.));
#1535=DIRECTION('',(1.84732482805284E-32,-1.,1.50845519650157E-16));
#1536=DIRECTION('',(-1.22464679914735E-16,-1.50845519650157E-16,-1.));
#1537=DIRECTION('',(1.84732482805284E-32,-1.,1.50845519650157E-16));
#1538=DIRECTION('',(0.,-1.50845519650157E-16,-1.));
#1539=DIRECTION('',(-1.,-1.84732482805284E-32,0.));
#1540=DIRECTION('',(-1.,0.,1.22464679914735E-16));
#1541=DIRECTION('',(-1.22464679914735E-16,-1.50845519650157E-16,-1.));
#1542=DIRECTION('',(1.84732482805284E-32,-1.,1.50845519650157E-16));
#1543=DIRECTION('',(1.22464679914735E-16,1.50845519650157E-16,1.));
#1544=DIRECTION('',(-1.84732482805284E-32,1.,-1.50845519650157E-16));
#1545=DIRECTION('',(1.22464679914735E-16,1.50845519650157E-16,1.));
#1546=DIRECTION('',(-1.84732482805284E-32,1.,-1.50845519650157E-16));
#1547=DIRECTION('',(1.,0.,-1.22464679914735E-16));
#1548=DIRECTION('',(1.84732482805284E-32,-1.,1.50845519650157E-16));
#1549=DIRECTION('',(1.84732482805284E-32,-1.,1.50845519650157E-16));
#1550=DIRECTION('',(-1.22464679914735E-16,-1.50845519650157E-16,-1.));
#1551=DIRECTION('',(0.,1.,-1.50845519650157E-16));
#1552=DIRECTION('',(-1.22464679914735E-16,-1.50845519650157E-16,-1.));
#1553=DIRECTION('',(-1.22464679914735E-16,-1.50845519650157E-16,-1.));
#1554=DIRECTION('',(-1.22464679914735E-16,-1.50845519650157E-16,-1.));
#1555=DIRECTION('',(1.84732482805284E-32,-1.,1.50845519650157E-16));
#1556=DIRECTION('',(-1.22464679914735E-16,-1.50845519650157E-16,-1.));
#1557=DIRECTION('',(0.,1.,-1.50845519650157E-16));
#1558=DIRECTION('',(0.,0.,1.));
#1559=DIRECTION('',(1.,0.,0.));
#1560=DIRECTION('',(-1.22464679914735E-16,-1.50845519650157E-16,-1.));
#1561=DIRECTION('',(-1.22464679914735E-16,-1.50845519650157E-16,-1.));
#1562=DIRECTION('',(1.84732482805284E-32,-1.,1.50845519650157E-16));
#1563=DIRECTION('',(-1.22464679914735E-16,-1.50845519650157E-16,-1.));
#1564=DIRECTION('',(0.,1.,-1.50845519650157E-16));
#1565=DIRECTION('',(-1.22464679914735E-16,-1.50845519650157E-16,-1.));
#1566=DIRECTION('',(-1.22464679914735E-16,-1.50845519650157E-16,-1.));
#1567=DIRECTION('',(1.84732482805284E-32,-1.,1.50845519650157E-16));
#1568=DIRECTION('',(-1.22464679914735E-16,-1.50845519650157E-16,-1.));
#1569=DIRECTION('',(-1.22464679914735E-16,-1.50845519650157E-16,-1.));
#1570=DIRECTION('',(0.,1.,-1.50845519650157E-16));
#1571=DIRECTION('',(0.,0.,1.));
#1572=DIRECTION('',(1.,0.,0.));
#1573=DIRECTION('',(-1.22464679914735E-16,-1.50845519650157E-16,-1.));
#1574=DIRECTION('',(1.84732482805284E-32,-1.,1.50845519650157E-16));
#1575=DIRECTION('',(-1.22464679914735E-16,-1.50845519650157E-16,-1.));
#1576=DIRECTION('',(1.84732482805284E-32,-1.,1.50845519650157E-16));
#1577=DIRECTION('',(0.,-1.50845519650157E-16,-1.));
#1578=DIRECTION('',(-1.,-1.84732482805284E-32,0.));
#1579=DIRECTION('',(-1.,0.,1.22464679914735E-16));
#1580=DIRECTION('',(-1.22464679914735E-16,-1.50845519650157E-16,-1.));
#1581=DIRECTION('',(1.84732482805284E-32,-1.,1.50845519650157E-16));
#1582=DIRECTION('',(1.22464679914735E-16,1.50845519650157E-16,1.));
#1583=DIRECTION('',(-1.84732482805284E-32,1.,-1.50845519650157E-16));
#1584=DIRECTION('',(1.22464679914735E-16,1.50845519650157E-16,1.));
#1585=DIRECTION('',(-1.84732482805284E-32,1.,-1.50845519650157E-16));
#1586=DIRECTION('',(1.,0.,-1.22464679914735E-16));
#1587=DIRECTION('',(1.84732482805284E-32,-1.,1.50845519650157E-16));
#1588=DIRECTION('',(1.84732482805284E-32,-1.,1.50845519650157E-16));
#1589=DIRECTION('',(-1.,-3.64530853542754E-48,1.22464679914735E-16));
#1590=DIRECTION('',(1.22464679914735E-16,0.,1.));
#1591=DIRECTION('',(-1.52739528374897E-32,-1.,-1.24721289829231E-16));
#1592=DIRECTION('',(1.22464679914735E-16,1.50845519650157E-16,1.));
#1593=DIRECTION('',(-1.84732482805284E-32,1.,-1.50845519650157E-16));
#1594=DIRECTION('',(1.22464679914735E-16,-1.24721289829231E-16,1.));
#1595=DIRECTION('',(0.,-1.,-1.24721289829231E-16));
#1596=DIRECTION('',(1.22464679914735E-16,1.50845519650157E-16,1.));
#1597=DIRECTION('',(-1.84732482805284E-32,1.,-1.50845519650157E-16));
#1598=DIRECTION('',(1.22464679914735E-16,-1.24721289829231E-16,1.));
#1599=DIRECTION('',(0.,-1.,-1.24721289829231E-16));
#1600=DIRECTION('',(1.22464679914735E-16,1.50845519650157E-16,1.));
#1601=DIRECTION('',(-1.84732482805284E-32,1.,-1.50845519650157E-16));
#1602=DIRECTION('',(1.22464679914735E-16,-1.24721289829231E-16,1.));
#1603=DIRECTION('',(0.,-1.,-1.24721289829231E-16));
#1604=DIRECTION('',(1.22464679914735E-16,1.50845519650157E-16,1.));
#1605=DIRECTION('',(-1.84732482805284E-32,1.,-1.50845519650157E-16));
#1606=DIRECTION('',(1.22464679914735E-16,-1.24721289829231E-16,1.));
#1607=DIRECTION('',(0.,-1.,-1.24721289829231E-16));
#1608=DIRECTION('',(-1.,0.,0.));
#1609=DIRECTION('',(0.,0.,1.));
#1610=DIRECTION('',(0.,1.,0.));
#1611=DIRECTION('',(-1.,0.,1.22464679914735E-16));
#1612=DIRECTION('',(1.22464679914735E-16,0.,1.));
#1613=DIRECTION('',(0.,1.,0.));
#1614=DIRECTION('',(0.,1.,0.));
#1615=DIRECTION('',(0.,0.,1.));
#1616=DIRECTION('',(1.,0.,0.));
#1617=DIRECTION('',(0.,1.,0.));
#1618=DIRECTION('',(0.,0.,1.));
#1619=DIRECTION('',(0.,0.,1.));
#1620=DIRECTION('',(0.,-1.,0.));
#1621=DIRECTION('',(0.,0.,-1.));
#1622=DIRECTION('',(-1.,0.,0.));
#1623=DIRECTION('',(1.,0.,0.));
#1624=DIRECTION('',(-1.,0.,0.));
#1625=DIRECTION('',(0.,0.,1.));
#1626=DIRECTION('',(-1.,0.,1.22464679914735E-16));
#1627=DIRECTION('',(1.22464679914735E-16,0.,1.));
#1628=DIRECTION('',(0.,1.,0.));
#1629=DIRECTION('',(0.,1.,0.));
#1630=DIRECTION('',(1.,3.64530853542754E-48,-1.22464679914735E-16));
#1631=DIRECTION('',(-1.22464679914735E-16,0.,-1.));
#1632=DIRECTION('',(-1.52739528374897E-32,-1.,-1.24721289829231E-16));
#1633=DIRECTION('',(-1.,-3.64530853542754E-48,1.22464679914735E-16));
#1634=DIRECTION('',(1.22464679914735E-16,0.,1.));
#1635=DIRECTION('',(1.52739528374897E-32,1.,1.24721289829231E-16));
#1636=DIRECTION('',(1.,3.64530853542754E-48,-1.22464679914735E-16));
#1637=DIRECTION('',(-1.22464679914735E-16,0.,-1.));
#1638=DIRECTION('',(-1.52739528374897E-32,-1.,-1.24721289829231E-16));
#1639=DIRECTION('',(1.22464679914735E-16,1.50845519650157E-16,1.));
#1640=DIRECTION('',(-1.84732482805284E-32,1.,-1.50845519650157E-16));
#1641=DIRECTION('',(1.22464679914735E-16,0.,1.));
#1642=DIRECTION('',(1.22464679914735E-16,1.50845519650157E-16,1.));
#1643=DIRECTION('',(-1.84732482805284E-32,1.,-1.50845519650157E-16));
#1644=DIRECTION('',(1.22464679914735E-16,0.,1.));
#1645=DIRECTION('',(1.22464679914735E-16,1.50845519650157E-16,1.));
#1646=DIRECTION('',(-1.84732482805284E-32,1.,-1.50845519650157E-16));
#1647=DIRECTION('',(0.,-1.,0.));
#1648=DIRECTION('',(1.22464679914735E-16,0.,1.));
#1649=DIRECTION('',(-1.,0.,1.22464679914735E-16));
#1650=DIRECTION('',(1.22464679914735E-16,1.50845519650157E-16,1.));
#1651=DIRECTION('',(-1.,0.,1.22464679914735E-16));
#1652=DIRECTION('',(1.,0.,-1.22464679914735E-16));
#1653=DIRECTION('',(-1.22464679914735E-16,0.,-1.));
#1654=DIRECTION('',(1.,0.,-1.22464679914735E-16));
#1655=DIRECTION('',(-1.22464679914735E-16,0.,-1.));
#1656=DIRECTION('',(1.,0.,-1.22464679914735E-16));
#1657=DIRECTION('',(1.,3.82856869892695E-16,-1.22464679914735E-16));
#1658=DIRECTION('',(3.82856869892695E-16,-1.,-4.68864440245664E-32));
#1659=DIRECTION('',(1.22464679914735E-16,1.50845519650157E-16,1.));
#1660=DIRECTION('',(-1.84732482805284E-32,1.,-1.50845519650157E-16));
#1661=DIRECTION('',(-1.22464679914735E-16,-1.50845519650157E-16,-1.));
#1662=DIRECTION('',(0.,1.,-1.50845519650157E-16));
#1663=DIRECTION('',(1.22464679914735E-16,1.50845519650157E-16,1.));
#1664=DIRECTION('',(-1.84732482805284E-32,1.,-1.50845519650157E-16));
#1665=DIRECTION('',(1.22464679914735E-16,0.,1.));
#1666=DIRECTION('',(1.,0.,-1.22464679914735E-16));
#1667=DIRECTION('',(1.22464679914735E-16,0.,1.));
#1668=DIRECTION('',(1.,0.,-1.22464679914735E-16));
#1669=DIRECTION('',(1.22464679914735E-16,1.50845519650157E-16,1.));
#1670=DIRECTION('',(-1.84732482805284E-32,1.,-1.50845519650157E-16));
#1671=DIRECTION('',(-1.22464679914735E-16,-1.50845519650157E-16,-1.));
#1672=DIRECTION('',(0.,1.,-1.50845519650157E-16));
#1673=DIRECTION('',(1.22464679914735E-16,1.50845519650157E-16,1.));
#1674=DIRECTION('',(-1.84732482805284E-32,1.,-1.50845519650157E-16));
#1675=DIRECTION('',(1.22464679914735E-16,0.,1.));
#1676=DIRECTION('',(1.,0.,-1.22464679914735E-16));
#1677=DIRECTION('',(1.22464679914735E-16,0.,1.));
#1678=DIRECTION('',(1.,0.,-1.22464679914735E-16));
#1679=DIRECTION('',(1.22464679914735E-16,1.50845519650157E-16,1.));
#1680=DIRECTION('',(-1.84732482805284E-32,1.,-1.50845519650157E-16));
#1681=DIRECTION('',(1.22464679914735E-16,1.50845519650157E-16,1.));
#1682=DIRECTION('',(-1.84732482805284E-32,1.,-1.50845519650157E-16));
#1683=DIRECTION('',(1.22464679914735E-16,1.50845519650157E-16,1.));
#1684=DIRECTION('',(1.22464679914735E-16,1.50845519650157E-16,1.));
#1685=DIRECTION('',(-1.84732482805284E-32,1.,-1.50845519650157E-16));
#1686=DIRECTION('',(1.22464679914735E-16,0.,1.));
#1687=DIRECTION('',(1.,0.,-1.22464679914735E-16));
#1688=DIRECTION('',(0.,-1.,0.));
#1689=DIRECTION('',(1.22464679914735E-16,0.,1.));
#1690=DIRECTION('',(1.22464679914735E-16,0.,1.));
#1691=DIRECTION('',(1.,0.,-1.22464679914735E-16));
#1692=DIRECTION('',(1.22464679914735E-16,0.,1.));
#1693=DIRECTION('',(1.,0.,-1.22464679914735E-16));
#1694=DIRECTION('',(1.22464679914735E-16,0.,1.));
#1695=DIRECTION('',(1.,0.,-1.22464679914735E-16));
#1696=DIRECTION('',(0.,1.,0.));
#1697=DIRECTION('',(-1.22464679914735E-16,0.,-1.));
#1698=DIRECTION('',(-1.,0.,1.22464679914735E-16));
#1699=DIRECTION('',(1.22464679914735E-16,0.,1.));
#1700=DIRECTION('',(0.,1.,0.));
#1701=DIRECTION('',(0.,1.,0.));
#1702=DIRECTION('',(0.,1.,0.));
#1703=DIRECTION('',(1.84732482805284E-32,-1.,1.50845519650157E-16));
#1704=DIRECTION('',(1.22464679914735E-16,1.50845519650157E-16,1.));
#1705=DIRECTION('',(1.84732482805284E-32,-1.,1.50845519650157E-16));
#1706=DIRECTION('',(1.84732482805284E-32,-1.,1.50845519650157E-16));
#1707=DIRECTION('',(1.22464679914735E-16,1.50845519650157E-16,1.));
#1708=DIRECTION('',(1.,0.,-1.22464679914735E-16));
#1709=DIRECTION('',(-1.22464679914735E-16,0.,-1.));
#1710=DIRECTION('',(1.,0.,-1.22464679914735E-16));
#1711=DIRECTION('',(-1.22464679914735E-16,0.,-1.));
#1712=DIRECTION('',(-1.,-1.22464679914735E-16,1.22464679914735E-16));
#1713=DIRECTION('',(-1.22464679914735E-16,1.,1.49975978266186E-32));
#1714=DIRECTION('',(0.,1.,0.));
#1715=DIRECTION('',(-1.22464679914735E-16,0.,-1.));
#1716=DIRECTION('',(0.,1.,0.));
#1717=DIRECTION('',(0.,1.,0.));
#1718=DIRECTION('',(-1.84732482805284E-32,1.,-1.50845519650157E-16));
#1719=DIRECTION('',(-1.22464679914735E-16,-1.50845519650157E-16,-1.));
#1720=DIRECTION('',(0.,1.,0.));
#1721=DIRECTION('',(-1.83697019872103E-16,1.,-1.50845519650157E-16));
#1722=DIRECTION('',(1.,1.83697019872103E-16,-1.22464679914735E-16));
#1723=DIRECTION('',(1.84732482805284E-32,-1.,1.50845519650157E-16));
#1724=DIRECTION('',(0.,-1.,0.));
#1725=DIRECTION('',(1.22464679914735E-16,0.,1.));
#1726=DIRECTION('',(0.,1.,0.));
#1727=DIRECTION('',(0.,1.,0.));
#1728=DIRECTION('',(0.,1.,0.));
#1729=DIRECTION('',(1.,0.,-1.22464679914735E-16));
#1730=DIRECTION('',(-1.22464679914735E-16,0.,-1.));
#1731=DIRECTION('',(1.22464679914735E-16,0.,1.));
#1732=DIRECTION('',(1.,0.,-1.22464679914735E-16));
#1733=DIRECTION('',(-1.,0.,1.22464679914735E-16));
#1734=DIRECTION('',(-1.22464679914735E-16,-1.50845519650157E-16,-1.));
#1735=DIRECTION('',(1.84732482805284E-32,-1.,1.50845519650157E-16));
#1736=DIRECTION('',(-1.22464679914735E-16,-1.50845519650157E-16,-1.));
#1737=DIRECTION('',(1.84732482805284E-32,-1.,1.50845519650157E-16));
#1738=DIRECTION('',(1.22464679914735E-16,1.50845519650157E-16,1.));
#1739=DIRECTION('',(-1.84732482805284E-32,1.,-1.50845519650157E-16));
#1740=DIRECTION('',(1.22464679914735E-16,1.50845519650157E-16,1.));
#1741=DIRECTION('',(1.22464679914735E-16,1.50845519650157E-16,1.));
#1742=DIRECTION('',(-1.84732482805284E-32,1.,-1.50845519650157E-16));
#1743=DIRECTION('',(1.22464679914735E-16,1.50845519650157E-16,1.));
#1744=DIRECTION('',(1.22464679914735E-16,1.50845519650157E-16,1.));
#1745=DIRECTION('',(-1.84732482805284E-32,1.,-1.50845519650157E-16));
#1746=DIRECTION('',(0.,-1.,0.));
#1747=DIRECTION('',(1.22464679914735E-16,0.,1.));
#1748=DIRECTION('',(1.22464679914735E-16,0.,1.));
#1749=DIRECTION('',(-1.,0.,1.22464679914735E-16));
#1750=DIRECTION('',(-1.,0.,1.22464679914735E-16));
#1751=DIRECTION('',(1.22464679914735E-16,1.50845519650157E-16,1.));
#1752=DIRECTION('',(-1.84732482805284E-32,1.,-1.50845519650157E-16));
#1753=DIRECTION('',(1.22464679914735E-16,0.,1.));
#1754=DIRECTION('',(1.22464679914735E-16,1.50845519650157E-16,1.));
#1755=DIRECTION('',(-1.84732482805284E-32,1.,-1.50845519650157E-16));
#1756=DIRECTION('',(1.22464679914735E-16,1.50845519650157E-16,1.));
#1757=DIRECTION('',(-1.84732482805284E-32,1.,-1.50845519650157E-16));
#1758=DIRECTION('',(1.,0.,-1.22464679914735E-16));
#1759=DIRECTION('',(-1.22464679914735E-16,0.,-1.));
#1760=DIRECTION('',(1.,0.,-1.22464679914735E-16));
#1761=DIRECTION('',(-1.22464679914735E-16,0.,-1.));
#1762=DIRECTION('',(1.,3.82856869892695E-16,-1.22464679914735E-16));
#1763=DIRECTION('',(3.82856869892695E-16,-1.,-4.68864440245664E-32));
#1764=DIRECTION('',(1.,0.,-1.22464679914735E-16));
#1765=DIRECTION('',(1.22464679914735E-16,1.50845519650157E-16,1.));
#1766=DIRECTION('',(-1.84732482805284E-32,1.,-1.50845519650157E-16));
#1767=DIRECTION('',(-1.22464679914735E-16,-1.50845519650157E-16,-1.));
#1768=DIRECTION('',(0.,1.,-1.50845519650157E-16));
#1769=DIRECTION('',(1.22464679914735E-16,1.50845519650157E-16,1.));
#1770=DIRECTION('',(-1.84732482805284E-32,1.,-1.50845519650157E-16));
#1771=DIRECTION('',(1.22464679914735E-16,0.,1.));
#1772=DIRECTION('',(1.,0.,-1.22464679914735E-16));
#1773=DIRECTION('',(1.22464679914735E-16,0.,1.));
#1774=DIRECTION('',(1.,0.,-1.22464679914735E-16));
#1775=DIRECTION('',(1.22464679914735E-16,1.50845519650157E-16,1.));
#1776=DIRECTION('',(-1.84732482805284E-32,1.,-1.50845519650157E-16));
#1777=DIRECTION('',(-1.22464679914735E-16,-1.50845519650157E-16,-1.));
#1778=DIRECTION('',(0.,1.,-1.50845519650157E-16));
#1779=DIRECTION('',(1.22464679914735E-16,1.50845519650157E-16,1.));
#1780=DIRECTION('',(-1.84732482805284E-32,1.,-1.50845519650157E-16));
#1781=DIRECTION('',(1.22464679914735E-16,0.,1.));
#1782=DIRECTION('',(1.,0.,-1.22464679914735E-16));
#1783=DIRECTION('',(1.22464679914735E-16,0.,1.));
#1784=DIRECTION('',(1.,0.,-1.22464679914735E-16));
#1785=DIRECTION('',(1.22464679914735E-16,0.,1.));
#1786=DIRECTION('',(1.,0.,-1.22464679914735E-16));
#1787=DIRECTION('',(1.22464679914735E-16,0.,1.));
#1788=DIRECTION('',(1.,0.,-1.22464679914735E-16));
#1789=DIRECTION('',(0.,1.,0.));
#1790=DIRECTION('',(-1.22464679914735E-16,0.,-1.));
#1791=DIRECTION('',(-1.,0.,1.22464679914735E-16));
#1792=DIRECTION('',(1.22464679914735E-16,0.,1.));
#1793=DIRECTION('',(0.,1.,0.));
#1794=DIRECTION('',(0.,1.,0.));
#1795=DIRECTION('',(0.,1.,0.));
#1796=DIRECTION('',(1.22464679914735E-16,0.,1.));
#1797=DIRECTION('',(1.,0.,-1.22464679914735E-16));
#1798=DIRECTION('',(0.,-1.,0.));
#1799=DIRECTION('',(1.22464679914735E-16,0.,1.));
#1800=DIRECTION('',(1.22464679914735E-16,0.,1.));
#1801=DIRECTION('',(1.,0.,-1.22464679914735E-16));
#1802=DIRECTION('',(-1.84732482805284E-32,1.,-1.50845519650157E-16));
#1803=DIRECTION('',(-1.22464679914735E-16,-1.50845519650157E-16,-1.));
#1804=DIRECTION('',(-1.84732482805284E-32,1.,-1.50845519650157E-16));
#1805=DIRECTION('',(-1.22464679914735E-16,-1.50845519650157E-16,-1.));
#1806=DIRECTION('',(1.84732482805284E-32,-1.,1.50845519650157E-16));
#1807=DIRECTION('',(1.,0.,-1.22464679914735E-16));
#1808=DIRECTION('',(-1.22464679914735E-16,0.,-1.));
#1809=DIRECTION('',(1.,0.,-1.22464679914735E-16));
#1810=DIRECTION('',(-1.22464679914735E-16,0.,-1.));
#1811=DIRECTION('',(-1.,-1.22464679914735E-16,1.22464679914735E-16));
#1812=DIRECTION('',(-1.22464679914735E-16,1.,1.49975978266186E-32));
#1813=DIRECTION('',(-1.22464679914735E-16,-1.50845519650157E-16,-1.));
#1814=DIRECTION('',(1.84732482805284E-32,-1.,1.50845519650157E-16));
#1815=DIRECTION('',(0.,1.,0.));
#1816=DIRECTION('',(-1.22464679914735E-16,0.,-1.));
#1817=DIRECTION('',(0.,1.,0.));
#1818=DIRECTION('',(0.,1.,0.));
#1819=DIRECTION('',(0.,1.,0.));
#1820=DIRECTION('',(0.,-1.,0.));
#1821=DIRECTION('',(1.22464679914735E-16,0.,1.));
#1822=DIRECTION('',(0.,1.,0.));
#1823=DIRECTION('',(0.,1.,0.));
#1824=DIRECTION('',(1.22464679914735E-16,0.,1.));
#1825=DIRECTION('',(1.,0.,-1.22464679914735E-16));
#1826=DIRECTION('',(-1.,0.,1.22464679914735E-16));
#1827=DIRECTION('',(-1.84732482805284E-32,1.,-1.50845519650157E-16));
#1828=DIRECTION('',(-1.22464679914735E-16,-1.50845519650157E-16,-1.));
#1829=DIRECTION('',(1.84732482805284E-32,-1.,1.50845519650157E-16));
#1830=DIRECTION('',(-3.82856869892695E-16,-1.,1.50845519650157E-16));
#1831=DIRECTION('',(-1.,3.82856869892695E-16,1.22464679914735E-16));
#1832=DIRECTION('',(0.,1.,0.));
#1833=DIRECTION('',(-1.,0.,1.22464679914735E-16));
#1834=DIRECTION('',(1.22464679914735E-16,0.,1.));
#1835=DIRECTION('',(-1.22464679914735E-16,-1.50845519650157E-16,-1.));
#1836=DIRECTION('',(1.84732482805284E-32,-1.,1.50845519650157E-16));
#1837=DIRECTION('',(-1.22464679914735E-16,-1.50845519650157E-16,-1.));
#1838=DIRECTION('',(0.,1.,-1.50845519650157E-16));
#1839=DIRECTION('',(1.,3.64530853542754E-48,-1.22464679914735E-16));
#1840=DIRECTION('',(1.22464679914735E-16,-1.24721289829231E-16,1.));
#1841=DIRECTION('',(0.,-1.,-1.24721289829231E-16));
#1842=DIRECTION('',(1.,0.,-1.22464679914735E-16));
#1843=DIRECTION('',(1.22464679914735E-16,-1.24721289829231E-16,1.));
#1844=DIRECTION('',(0.,-1.,-1.24721289829231E-16));
#1845=DIRECTION('',(1.,0.,-1.22464679914735E-16));
#1846=DIRECTION('',(-1.22464679914735E-16,-1.50845519650157E-16,-1.));
#1847=DIRECTION('',(0.,1.,-1.50845519650157E-16));
#1848=DIRECTION('',(1.,3.64530853542754E-48,-1.22464679914735E-16));
#1849=DIRECTION('',(0.,1.,0.));
#1850=DIRECTION('',(0.,0.,1.));
#1851=DIRECTION('',(0.,0.,1.));
#1852=DIRECTION('',(1.,0.,0.));
#1853=DIRECTION('',(0.,1.,0.));
#1854=DIRECTION('',(0.,0.,1.));
#1855=DIRECTION('',(0.,0.,1.));
#1856=DIRECTION('',(1.,0.,0.));
#1857=DIRECTION('',(0.,0.,1.));
#1858=DIRECTION('',(1.,0.,0.));
#1859=DIRECTION('',(0.,0.,1.));
#1860=DIRECTION('',(1.,0.,0.));
#1861=CARTESIAN_POINT('',(0.,0.,0.));
#1862=CARTESIAN_POINT('',(-0.0391671349591017,-0.0120963716144174,-0.1482529674));
#1863=CARTESIAN_POINT('',(-0.0391671349591017,-0.0120963716144174,-0.127398933212135));
#1864=CARTESIAN_POINT('',(-0.0391671349591017,-0.0131691432288349,-0.127398933212135));
#1865=CARTESIAN_POINT('',(-0.0391635674859093,-0.012972979568515,-0.127398937801897));
#1866=CARTESIAN_POINT('',(-0.0391671349591017,-0.0131691432288349,-0.1482529674));
#1867=CARTESIAN_POINT('',(-0.0391671349591017,-0.0131691432288349,-0.1023621524));
#1868=CARTESIAN_POINT('',(-0.0391671349591017,-0.0120963716144174,-0.1023621524));
#1869=CARTESIAN_POINT('',(-0.0391671349591017,-0.0110236,-0.1023621524));
#1870=CARTESIAN_POINT('',(-0.0391671349591017,-0.0110236,-0.1482529674));
#1871=CARTESIAN_POINT('',(-0.0391635674795509,-0.0110236,-0.12601869766105));
#1872=CARTESIAN_POINT('',(-0.03916,-0.0111604,-0.126018697661068));
#1873=CARTESIAN_POINT('',(-0.03916,-0.0111604,-0.126018697661068));
#1874=CARTESIAN_POINT('',(-0.03916,-0.0111604,-0.127898697661068));
#1875=CARTESIAN_POINT('',(-0.01016,-0.0110236,-0.1482529674));
#1876=CARTESIAN_POINT('',(-0.01016,-0.0110236,-0.127398933212135));
#1877=CARTESIAN_POINT('',(-0.0391671349591017,-0.0110236,-0.127398933212135));
#1878=CARTESIAN_POINT('',(-0.03904,-0.0110236,-0.127398815436602));
#1879=CARTESIAN_POINT('',(-0.0391671349591017,-0.0110236,-0.1482529674));
#1880=CARTESIAN_POINT('',(-0.0391635674795509,-0.0110236,-0.127278697858703));
#1881=CARTESIAN_POINT('',(-0.03904,-0.0110236,-0.127278697661068));
#1882=CARTESIAN_POINT('',(-0.01016,-0.0110236,-0.1482529674));
#1883=CARTESIAN_POINT('',(-0.01016,-0.0110236,-0.127398933212135));
#1884=CARTESIAN_POINT('',(-0.03128,-0.0110236,-0.127398815436602));
#1885=CARTESIAN_POINT('',(0.01096,-0.0110236,-0.127398815436602));
#1886=CARTESIAN_POINT('',(-0.03128,-0.0110236,-0.127278697661068));
#1887=CARTESIAN_POINT('',(-0.03116,-0.0110236,-0.127278697661068));
#1888=CARTESIAN_POINT('',(-0.03116,-0.0110236,-0.128868283597584));
#1889=CARTESIAN_POINT('',(-0.03116,-0.0110236,-0.126018697661068));
#1890=CARTESIAN_POINT('',(-0.03128,-0.0110236,-0.126018697661068));
#1891=CARTESIAN_POINT('',(-0.03128,-0.0110236,-0.125898697661068));
#1892=CARTESIAN_POINT('',(-0.063322,-0.0110236,-0.125898697661068));
#1893=CARTESIAN_POINT('',(-0.03904,-0.0110236,-0.125898697661068));
#1894=CARTESIAN_POINT('',(-0.03904,-0.0110236,-0.126018697661068));
#1895=CARTESIAN_POINT('',(-0.01016,-0.0110236,-0.1023621524));
#1896=CARTESIAN_POINT('',(0.0188471349591017,-0.0110236,-0.1023621524));
#1897=CARTESIAN_POINT('',(0.0188471349591017,-0.0110236,-0.1482529674));
#1898=CARTESIAN_POINT('',(0.0188435674795508,-0.0110236,-0.126018696862955));
#1899=CARTESIAN_POINT('',(0.01872,-0.0110236,-0.126018697661068));
#1900=CARTESIAN_POINT('',(0.01872,-0.0110236,-0.125898697661068));
#1901=CARTESIAN_POINT('',(-0.063322,-0.0110236,-0.125898697661068));
#1902=CARTESIAN_POINT('',(0.01096,-0.0110236,-0.125898697661068));
#1903=CARTESIAN_POINT('',(0.01096,-0.0110236,-0.126018697661068));
#1904=CARTESIAN_POINT('',(0.01084,-0.0110236,-0.126018697661068));
#1905=CARTESIAN_POINT('',(0.01084,-0.0110236,-0.128868283597584));
#1906=CARTESIAN_POINT('',(0.01084,-0.0110236,-0.127278697661068));
#1907=CARTESIAN_POINT('',(0.01096,-0.0110236,-0.127278697661068));
#1908=CARTESIAN_POINT('',(-0.063322,-0.0110236,-0.103696075061068));
#1909=CARTESIAN_POINT('',(0.01096,-0.0110236,-0.103696075061068));
#1910=CARTESIAN_POINT('',(0.01872,-0.0110236,-0.103696075061068));
#1911=CARTESIAN_POINT('',(0.01872,-0.0110236,-0.1482529674));
#1912=CARTESIAN_POINT('',(0.01872,-0.0110236,-0.102436082661068));
#1913=CARTESIAN_POINT('',(-0.01016,-0.0110236,-0.102436082661068));
#1914=CARTESIAN_POINT('',(0.01096,-0.0110236,-0.102436082661068));
#1915=CARTESIAN_POINT('',(0.01096,-0.0110236,-0.1482529674));
#1916=CARTESIAN_POINT('',(-0.063322,-0.0110236,-0.103696075061068));
#1917=CARTESIAN_POINT('',(-0.03904,-0.0110236,-0.103696075061068));
#1918=CARTESIAN_POINT('',(-0.03128,-0.0110236,-0.103696075061068));
#1919=CARTESIAN_POINT('',(-0.03128,-0.0110236,-0.1482529674));
#1920=CARTESIAN_POINT('',(-0.03128,-0.0110236,-0.102436082661068));
#1921=CARTESIAN_POINT('',(-0.01016,-0.0110236,-0.102436082661068));
#1922=CARTESIAN_POINT('',(-0.03904,-0.0110236,-0.102436082661068));
#1923=CARTESIAN_POINT('',(-0.03904,-0.0110236,-0.1482529674));
#1924=CARTESIAN_POINT('',(0.0188471349591017,-0.0120963716144174,-0.1482529674));
#1925=CARTESIAN_POINT('',(0.0188471349591017,-0.0131691432288349,-0.1482529674));
#1926=CARTESIAN_POINT('',(0.0188471349591017,-0.0131691432288349,-0.127398933212135));
#1927=CARTESIAN_POINT('',(0.0188471349591017,-0.0131691432288349,-0.1023621524));
#1928=CARTESIAN_POINT('',(0.0188471349591017,-0.0120963716144174,-0.127398933212135));
#1929=CARTESIAN_POINT('',(0.0188417837397755,-0.0129730694612108,-0.127398930829687));
#1930=CARTESIAN_POINT('',(0.01884,-0.0111604,-0.127898697661068));
#1931=CARTESIAN_POINT('',(0.01884,-0.0111604,-0.126018697661068));
#1932=CARTESIAN_POINT('',(0.01884,-0.0111604,-0.126018697661068));
#1933=CARTESIAN_POINT('',(0.0188471349591017,-0.0120963716144174,-0.1023621524));
#1934=CARTESIAN_POINT('',(-0.03766,0.0098396,-0.102436082661068));
#1935=CARTESIAN_POINT('',(-0.03903999984266,0.00984025898292065,-0.102436082661068));
#1936=CARTESIAN_POINT('',(-0.03904,0.00983992949146032,-0.103696075061068));
#1937=CARTESIAN_POINT('',(-0.03903999984266,0.00984025898292065,-0.102436082661068));
#1938=CARTESIAN_POINT('',(-0.03904,0.0098396,-0.102436082661068));
#1939=CARTESIAN_POINT('',(-0.03904,0.0098396,-0.102436082661068));
#1940=CARTESIAN_POINT('',(-0.03766,0.0098396,-0.102436082661068));
#1941=CARTESIAN_POINT('',(-0.03766,0.0098396,-0.102436082661068));
#1942=CARTESIAN_POINT('',(-0.03766,0.0098396,-0.125896450991604));
#1943=CARTESIAN_POINT('',(-0.03766,0.0112196,-0.125896450991604));
#1944=CARTESIAN_POINT('',(-0.03904,0.00983992949146032,-0.125897574326336));
#1945=CARTESIAN_POINT('',(-0.03766,0.0112196,-0.102436082661068));
#1946=CARTESIAN_POINT('',(-0.03766,0.0112196,-0.125898697661068));
#1947=CARTESIAN_POINT('',(-0.03766,0.0098396,-0.125898697661068));
#1948=CARTESIAN_POINT('',(-0.03266,0.0098396,-0.102436082661068));
#1949=CARTESIAN_POINT('',(-0.03128000015734,0.00984025898292065,-0.102436082661068));
#1950=CARTESIAN_POINT('',(-0.03128,0.00984025898292065,-0.102436082661068));
#1951=CARTESIAN_POINT('',(-0.03128,0.00983992949146032,-0.103696075061068));
#1952=CARTESIAN_POINT('',(-0.03266,0.0098396,-0.102436082661068));
#1953=CARTESIAN_POINT('',(-0.03128,0.0098396,-0.102436082661068));
#1954=CARTESIAN_POINT('',(-0.03128,0.0098396,-0.102436082661068));
#1955=CARTESIAN_POINT('',(-0.03266,0.0098396,-0.102436082661068));
#1956=CARTESIAN_POINT('',(-0.03266,0.0098396,-0.125896450991604));
#1957=CARTESIAN_POINT('',(-0.03128,0.00983992949146032,-0.125897574326336));
#1958=CARTESIAN_POINT('',(-0.03266,0.0112196,-0.125896450991604));
#1959=CARTESIAN_POINT('',(-0.03266,0.0098396,-0.125898697661068));
#1960=CARTESIAN_POINT('',(-0.03266,0.0112196,-0.125898697661068));
#1961=CARTESIAN_POINT('',(-0.03266,0.0112196,-0.102436082661068));
#1962=CARTESIAN_POINT('',(-0.03916,0.0112196,-0.102436082661068));
#1963=CARTESIAN_POINT('',(-0.03916,0.0112196,-0.125896450991604));
#1964=CARTESIAN_POINT('',(-0.03916,0.0112196,-0.125898697661068));
#1965=CARTESIAN_POINT('',(-0.03916,0.0113396,-0.102436082661068));
#1966=CARTESIAN_POINT('',(-0.03416,0.0050896,-0.102436082661068));
#1967=CARTESIAN_POINT('',(-0.03416,0.00677447109870454,-0.102436082661068));
#1968=CARTESIAN_POINT('',(-0.03416,-0.0049104,-0.102436082661068));
#1969=CARTESIAN_POINT('',(-0.03416,-0.00329292374524364,-0.102436082661068));
#1970=CARTESIAN_POINT('',(-0.03916,0.00984025898292065,-0.102436082661068));
#1971=CARTESIAN_POINT('',(-0.03904,0.0113396,-0.102436082661068));
#1972=CARTESIAN_POINT('',(-0.03128,0.0113396,-0.102436082661068));
#1973=CARTESIAN_POINT('',(0.01234,0.0098396,-0.102436082661068));
#1974=CARTESIAN_POINT('',(0.0109600001573401,0.00984025898292065,-0.102436082661068));
#1975=CARTESIAN_POINT('',(0.01096,0.00983992949146032,-0.103696075061068));
#1976=CARTESIAN_POINT('',(0.0109600001573401,0.00984025898292065,-0.102436082661068));
#1977=CARTESIAN_POINT('',(0.01096,0.0098396,-0.102436082661068));
#1978=CARTESIAN_POINT('',(0.01096,0.0098396,-0.102436082661068));
#1979=CARTESIAN_POINT('',(0.01234,0.0098396,-0.102436082661068));
#1980=CARTESIAN_POINT('',(0.01234,0.0098396,-0.102436082661068));
#1981=CARTESIAN_POINT('',(0.01234,0.0098396,-0.125896450991604));
#1982=CARTESIAN_POINT('',(0.01234,0.0112196,-0.125896450991604));
#1983=CARTESIAN_POINT('',(0.01096,0.00983992949146032,-0.125897574326336));
#1984=CARTESIAN_POINT('',(0.01234,0.0112196,-0.102436082661068));
#1985=CARTESIAN_POINT('',(0.01234,0.0112196,-0.125898697661068));
#1986=CARTESIAN_POINT('',(0.01234,0.0098396,-0.125898697661068));
#1987=CARTESIAN_POINT('',(0.01734,0.0098396,-0.102436082661068));
#1988=CARTESIAN_POINT('',(0.01871999984266,0.00984025898292065,-0.102436082661068));
#1989=CARTESIAN_POINT('',(0.01872,0.00984025898292065,-0.102436082661068));
#1990=CARTESIAN_POINT('',(0.01872,0.00983992949146032,-0.103696075061068));
#1991=CARTESIAN_POINT('',(0.01734,0.0098396,-0.102436082661068));
#1992=CARTESIAN_POINT('',(0.01872,0.0098396,-0.102436082661068));
#1993=CARTESIAN_POINT('',(0.01872,0.0098396,-0.102436082661068));
#1994=CARTESIAN_POINT('',(0.01734,0.0098396,-0.102436082661068));
#1995=CARTESIAN_POINT('',(0.01734,0.0098396,-0.125896450991604));
#1996=CARTESIAN_POINT('',(0.01872,0.00983992949146032,-0.125897574326336));
#1997=CARTESIAN_POINT('',(0.01734,0.0112196,-0.125896450991604));
#1998=CARTESIAN_POINT('',(0.01734,0.0098396,-0.125898697661068));
#1999=CARTESIAN_POINT('',(0.01734,0.0112196,-0.125898697661068));
#2000=CARTESIAN_POINT('',(0.01734,0.0112196,-0.102436082661068));
#2001=CARTESIAN_POINT('',(-0.03916,0.0112196,-0.102436082661068));
#2002=CARTESIAN_POINT('',(-0.03916,0.0112196,-0.125896450991604));
#2003=CARTESIAN_POINT('',(-0.03916,0.0112196,-0.125898697661068));
#2004=CARTESIAN_POINT('',(-0.03916,0.0113396,-0.102436082661068));
#2005=CARTESIAN_POINT('',(0.01384,0.0050896,-0.102436082661068));
#2006=CARTESIAN_POINT('',(0.01384,0.00677447109870454,-0.102436082661068));
#2007=CARTESIAN_POINT('',(0.01384,-0.0049104,-0.102436082661068));
#2008=CARTESIAN_POINT('',(0.01384,-0.00329292374524364,-0.102436082661068));
#2009=CARTESIAN_POINT('',(-0.03916,0.00984025898292065,-0.102436082661068));
#2010=CARTESIAN_POINT('',(0.01096,0.0113396,-0.102436082661068));
#2011=CARTESIAN_POINT('',(0.01872,0.0113396,-0.102436082661068));
#2012=CARTESIAN_POINT('',(0.01872,0.0113396,-0.102436082661068));
#2013=CARTESIAN_POINT('',(0.01872,-0.000592,-0.103696075061068));
#2014=CARTESIAN_POINT('',(-0.03416,-0.0049104,-0.144898697661068));
#2015=CARTESIAN_POINT('',(-0.03416,-0.0049104,-0.103696075061068));
#2016=CARTESIAN_POINT('',(-0.03416,-0.00652787625475636,-0.103696075061068));
#2017=CARTESIAN_POINT('',(-0.03416,0.0050896,-0.144898697661068));
#2018=CARTESIAN_POINT('',(-0.03416,0.0050896,-0.103696075061068));
#2019=CARTESIAN_POINT('',(-0.03416,0.00340472890129546,-0.103696075061068));
#2020=CARTESIAN_POINT('',(0.01384,-0.0049104,-0.144898697661068));
#2021=CARTESIAN_POINT('',(0.01384,-0.0049104,-0.103696075061068));
#2022=CARTESIAN_POINT('',(0.01384,-0.00652787625475636,-0.103696075061068));
#2023=CARTESIAN_POINT('',(0.01384,0.0050896,-0.144898697661068));
#2024=CARTESIAN_POINT('',(0.01384,0.0050896,-0.103696075061068));
#2025=CARTESIAN_POINT('',(0.01384,0.00340472890129546,-0.103696075061068));
#2026=CARTESIAN_POINT('',(-0.0391671349591017,-0.0120963716144174,-0.1482529674));
#2027=CARTESIAN_POINT('',(-0.0391671349591017,-0.0120963716144174,-0.127398933212135));
#2028=CARTESIAN_POINT('',(-0.0391635674795509,-0.0115282189667747,-0.127398933221885));
#2029=CARTESIAN_POINT('',(-0.03916,-0.0111604,-0.127898697661068));
#2030=CARTESIAN_POINT('',(-0.03916,-0.0111604,-0.127278697661068));
#2031=CARTESIAN_POINT('',(-0.03916,-0.0111604,-0.127278697661068));
#2032=CARTESIAN_POINT('',(-0.01016,-0.0110236,-0.1482529674));
#2033=CARTESIAN_POINT('',(-0.01016,-0.0110236,-0.127398933212135));
#2034=CARTESIAN_POINT('',(0.01872,-0.0110236,-0.127398815436602));
#2035=CARTESIAN_POINT('',(0.0188471349591017,-0.0110236,-0.127398933212135));
#2036=CARTESIAN_POINT('',(0.01872,-0.0110236,-0.127278697661068));
#2037=CARTESIAN_POINT('',(0.0188435674795508,-0.0110236,-0.127278696860954));
#2038=CARTESIAN_POINT('',(0.0188471349591017,-0.0110236,-0.1482529674));
#2039=CARTESIAN_POINT('',(-0.01016,-0.0131691432288349,-0.1482529674));
#2040=CARTESIAN_POINT('',(-0.01016,-0.0131691432288349,-0.127398933212135));
#2041=CARTESIAN_POINT('',(-0.01016,-0.0131691432288349,-0.1023621524));
#2042=CARTESIAN_POINT('',(0.0188471349591017,-0.0120963716144174,-0.1482529674));
#2043=CARTESIAN_POINT('',(0.01884,-0.0111604,-0.127898697661068));
#2044=CARTESIAN_POINT('',(0.0188417837397755,-0.0115287382706832,-0.12739893313196));
#2045=CARTESIAN_POINT('',(0.0188435674795508,-0.0111604,-0.127278697661068));
#2046=CARTESIAN_POINT('',(0.0188471349591017,-0.0120963716144174,-0.127398933212135));
#2047=CARTESIAN_POINT('',(0.01884,-0.0111604,-0.127278697661068));
#2048=CARTESIAN_POINT('',(-0.03904,0.0113396,-0.102436082661068));
#2049=CARTESIAN_POINT('',(-0.03904,0.0113396,-0.103696075061068));
#2050=CARTESIAN_POINT('',(-0.03128,0.0113396,-0.102436082661068));
#2051=CARTESIAN_POINT('',(-0.03128,0.0113396,-0.103696075061068));
#2052=CARTESIAN_POINT('',(0.01096,0.0113396,-0.102436082661068));
#2053=CARTESIAN_POINT('',(0.01096,0.0113396,-0.103696075061068));
#2054=CARTESIAN_POINT('',(-0.03766,0.0098396,-0.144898697661068));
#2055=CARTESIAN_POINT('',(-0.03916,0.0098396,-0.155898697661069));
#2056=CARTESIAN_POINT('',(-0.03916,0.0098396,-0.126018697661068));
#2057=CARTESIAN_POINT('',(-0.03916,0.0098396,-0.127278697661068));
#2058=CARTESIAN_POINT('',(-0.03766,0.0098396,-0.126018697661068));
#2059=CARTESIAN_POINT('',(-0.03766,0.0113396,-0.126018697661068));
#2060=CARTESIAN_POINT('',(-0.03766,0.0113396,-0.127398697661068));
#2061=CARTESIAN_POINT('',(-0.03766,0.0113396,-0.127278697661068));
#2062=CARTESIAN_POINT('',(-0.03766,0.0098396,-0.127278697661068));
#2063=CARTESIAN_POINT('',(-0.03916,0.0113396,-0.127398697661068));
#2064=CARTESIAN_POINT('',(-0.03916,0.0113396,-0.126018697661068));
#2065=CARTESIAN_POINT('',(-0.03266,0.0113396,-0.126018697661068));
#2066=CARTESIAN_POINT('',(-0.03266,0.0113396,-0.144898697661068));
#2067=CARTESIAN_POINT('',(-0.03266,0.0113396,-0.127278697661068));
#2068=CARTESIAN_POINT('',(-0.03916,0.0113396,-0.127278697661068));
#2069=CARTESIAN_POINT('',(-0.03916,0.0112196,-0.127278697661068));
#2070=CARTESIAN_POINT('',(-0.03266,0.0112196,-0.127278697661068));
#2071=CARTESIAN_POINT('',(-0.03266,0.0112196,-0.127398697661068));
#2072=CARTESIAN_POINT('',(-0.03916,0.0112196,-0.127398697661068));
#2073=CARTESIAN_POINT('',(-0.03766,0.0112196,-0.127398697661068));
#2074=CARTESIAN_POINT('',(-0.03766,0.0112196,-0.127278697661068));
#2075=CARTESIAN_POINT('',(-0.03416,-0.0049104,-0.144898697661068));
#2076=CARTESIAN_POINT('',(-0.03416,-0.0049104,-0.125898697661068));
#2077=CARTESIAN_POINT('',(-0.03416,-0.00329292374524364,-0.125898697661068));
#2078=CARTESIAN_POINT('',(-0.03416,-0.0049104,-0.127278697661068));
#2079=CARTESIAN_POINT('',(-0.03416,-0.00329292374524364,-0.127278697661068));
#2080=CARTESIAN_POINT('',(-0.03416,-0.0049104,-0.127278697661068));
#2081=CARTESIAN_POINT('',(-0.03416,-0.0049104,-0.127398697661068));
#2082=CARTESIAN_POINT('',(-0.0324225237452436,-0.0049104,-0.127398697661068));
#2083=CARTESIAN_POINT('',(-0.03416,0.0050896,-0.144898697661068));
#2084=CARTESIAN_POINT('',(-0.03416,0.0050896,-0.125898697661068));
#2085=CARTESIAN_POINT('',(-0.03416,0.00677447109870454,-0.125898697661068));
#2086=CARTESIAN_POINT('',(-0.03416,0.0050896,-0.127278697661068));
#2087=CARTESIAN_POINT('',(-0.03416,0.00677447109870454,-0.127278697661068));
#2088=CARTESIAN_POINT('',(-0.03416,0.0050896,-0.127278697661068));
#2089=CARTESIAN_POINT('',(-0.03416,0.0050896,-0.127398697661068));
#2090=CARTESIAN_POINT('',(-0.0323551289012955,0.0050896,-0.127398697661068));
#2091=CARTESIAN_POINT('',(-0.03266,0.0098396,-0.144898697661068));
#2092=CARTESIAN_POINT('',(-0.03266,0.0098396,-0.126018697661068));
#2093=CARTESIAN_POINT('',(-0.03116,0.0098396,-0.126018697661068));
#2094=CARTESIAN_POINT('',(-0.03116,0.0098396,-0.144898697661068));
#2095=CARTESIAN_POINT('',(-0.03116,0.0098396,-0.127278697661068));
#2096=CARTESIAN_POINT('',(-0.03266,0.0098396,-0.127278697661068));
#2097=CARTESIAN_POINT('',(-0.03266,0.0098396,-0.127278697661068));
#2098=CARTESIAN_POINT('',(-0.03128,0.0098396,-0.127278697661068));
#2099=CARTESIAN_POINT('',(-0.03128,0.0098396,-0.127398697661068));
#2100=CARTESIAN_POINT('',(-0.03266,0.0098396,-0.127398697661068));
#2101=CARTESIAN_POINT('',(-0.03766,0.0098396,-0.127278697661068));
#2102=CARTESIAN_POINT('',(-0.03766,0.0098396,-0.127398697661068));
#2103=CARTESIAN_POINT('',(-0.03904,0.0098396,-0.127398697661068));
#2104=CARTESIAN_POINT('',(-0.03904,0.0098396,-0.127278697661068));
#2105=CARTESIAN_POINT('',(-0.03916,-0.0111604,-0.155898697661069));
#2106=CARTESIAN_POINT('',(-0.03916,-0.0111604,-0.127398933212135));
#2107=CARTESIAN_POINT('',(-0.03916,-0.0111604,-0.126018697661068));
#2108=CARTESIAN_POINT('',(-0.03916,-0.0111604,-0.127278697661068));
#2109=CARTESIAN_POINT('',(-0.03904,-0.0111604,-0.126018697661068));
#2110=CARTESIAN_POINT('',(-0.03904,0.0113396,-0.125898697661068));
#2111=CARTESIAN_POINT('',(-0.03904,0.0098396,-0.126018697661068));
#2112=CARTESIAN_POINT('',(-0.03916,0.0112196,-0.126018697661068));
#2113=CARTESIAN_POINT('',(-0.03266,0.0112196,-0.126018697661068));
#2114=CARTESIAN_POINT('',(-0.03766,0.0112196,-0.126018697661068));
#2115=CARTESIAN_POINT('',(-0.03904,-0.0111604,-0.127278697661068));
#2116=CARTESIAN_POINT('',(-0.03904,-0.0116604,-0.127398697661068));
#2117=CARTESIAN_POINT('',(-0.03904,-0.0109064146708547,-0.127398697661068));
#2118=CARTESIAN_POINT('',(-0.03904,-0.0116604,-0.127398697661068));
#2119=CARTESIAN_POINT('',(-0.03128,0.0263396,-0.126018697661068));
#2120=CARTESIAN_POINT('',(-0.03116,0.0263396,-0.126018697661068));
#2121=CARTESIAN_POINT('',(-0.03128,0.0098396,-0.126018697661068));
#2122=CARTESIAN_POINT('',(-0.03128,0.0113396,-0.125898697661068));
#2123=CARTESIAN_POINT('',(-0.03128,0.0263396,-0.127278697661068));
#2124=CARTESIAN_POINT('',(-0.03128,-0.0116604,-0.127398697661068));
#2125=CARTESIAN_POINT('',(-0.03128,-0.0109064146708547,-0.127398697661068));
#2126=CARTESIAN_POINT('',(-0.03128,-0.0116604,-0.127398697661068));
#2127=CARTESIAN_POINT('',(-0.03116,0.0263396,-0.127278697661068));
#2128=CARTESIAN_POINT('',(-0.03116,0.0263396,-0.128868283597584));
#2129=CARTESIAN_POINT('',(-0.03916,-0.0116604,-0.127398697661068));
#2130=CARTESIAN_POINT('',(-0.03916,-0.0110236,-0.127398697661068));
#2131=CARTESIAN_POINT('',(-0.03266,0.0098396,-0.126018697661068));
#2132=CARTESIAN_POINT('',(-0.03766,0.0098396,-0.126018697661068));
#2133=CARTESIAN_POINT('',(0.01734,0.0098396,-0.144898697661068));
#2134=CARTESIAN_POINT('',(0.01734,0.0113396,-0.144898697661068));
#2135=CARTESIAN_POINT('',(0.01734,0.0113396,-0.127278697661068));
#2136=CARTESIAN_POINT('',(0.01734,0.0113396,-0.126018697661068));
#2137=CARTESIAN_POINT('',(0.01734,0.0098396,-0.126018697661068));
#2138=CARTESIAN_POINT('',(0.01884,0.0098396,-0.126018697661068));
#2139=CARTESIAN_POINT('',(0.01884,0.0098396,-0.144898697661068));
#2140=CARTESIAN_POINT('',(0.01884,0.0098396,-0.127278697661068));
#2141=CARTESIAN_POINT('',(0.01734,0.0098396,-0.127278697661068));
#2142=CARTESIAN_POINT('',(-0.03916,0.0113396,-0.127398697661068));
#2143=CARTESIAN_POINT('',(0.01234,0.0113396,-0.127398697661068));
#2144=CARTESIAN_POINT('',(0.01234,0.0113396,-0.127278697661068));
#2145=CARTESIAN_POINT('',(0.01234,0.0113396,-0.126018697661068));
#2146=CARTESIAN_POINT('',(-0.03916,0.0113396,-0.126018697661068));
#2147=CARTESIAN_POINT('',(-0.03916,0.0113396,-0.127278697661068));
#2148=CARTESIAN_POINT('',(0.01234,0.0098396,-0.144898697661068));
#2149=CARTESIAN_POINT('',(0.01084,0.0098396,-0.128868283597584));
#2150=CARTESIAN_POINT('',(0.01084,0.0098396,-0.126018697661068));
#2151=CARTESIAN_POINT('',(0.01084,0.0098396,-0.127278697661068));
#2152=CARTESIAN_POINT('',(0.01234,0.0098396,-0.126018697661068));
#2153=CARTESIAN_POINT('',(0.01234,0.0098396,-0.127278697661068));
#2154=CARTESIAN_POINT('',(-0.03916,0.0112196,-0.127278697661068));
#2155=CARTESIAN_POINT('',(0.01234,0.0112196,-0.127278697661068));
#2156=CARTESIAN_POINT('',(0.01234,0.0112196,-0.127398697661068));
#2157=CARTESIAN_POINT('',(0.01734,0.0112196,-0.127278697661068));
#2158=CARTESIAN_POINT('',(0.01734,0.0112196,-0.127398697661068));
#2159=CARTESIAN_POINT('',(-0.03916,0.0112196,-0.127398697661068));
#2160=CARTESIAN_POINT('',(0.01384,-0.0049104,-0.144898697661068));
#2161=CARTESIAN_POINT('',(0.01384,-0.0049104,-0.125898697661068));
#2162=CARTESIAN_POINT('',(0.01384,-0.00329292374524364,-0.125898697661068));
#2163=CARTESIAN_POINT('',(0.01384,-0.0049104,-0.127278697661068));
#2164=CARTESIAN_POINT('',(0.01384,-0.00329292374524364,-0.127278697661068));
#2165=CARTESIAN_POINT('',(0.01384,-0.0049104,-0.127278697661068));
#2166=CARTESIAN_POINT('',(0.01384,-0.0049104,-0.127398697661068));
#2167=CARTESIAN_POINT('',(0.0155774762547564,-0.0049104,-0.127398697661068));
#2168=CARTESIAN_POINT('',(0.01384,0.0050896,-0.144898697661068));
#2169=CARTESIAN_POINT('',(0.01384,0.0050896,-0.125898697661068));
#2170=CARTESIAN_POINT('',(0.01384,0.00677447109870454,-0.125898697661068));
#2171=CARTESIAN_POINT('',(0.01384,0.0050896,-0.127278697661068));
#2172=CARTESIAN_POINT('',(0.01384,0.00677447109870454,-0.127278697661068));
#2173=CARTESIAN_POINT('',(0.01384,0.0050896,-0.127278697661068));
#2174=CARTESIAN_POINT('',(0.01384,0.0050896,-0.127398697661068));
#2175=CARTESIAN_POINT('',(0.0156448710987045,0.0050896,-0.127398697661068));
#2176=CARTESIAN_POINT('',(0.01234,0.0098396,-0.127278697661068));
#2177=CARTESIAN_POINT('',(0.01234,0.0098396,-0.127398697661068));
#2178=CARTESIAN_POINT('',(0.01096,0.0098396,-0.127398697661068));
#2179=CARTESIAN_POINT('',(0.01096,0.0098396,-0.127278697661068));
#2180=CARTESIAN_POINT('',(0.01884,-0.0111604,-0.155898697661069));
#2181=CARTESIAN_POINT('',(0.01884,-0.0111604,-0.127398933212135));
#2182=CARTESIAN_POINT('',(0.01884,-0.0111604,-0.127278697661068));
#2183=CARTESIAN_POINT('',(0.01884,-0.0111604,-0.126018697661068));
#2184=CARTESIAN_POINT('',(0.01734,0.0098396,-0.127278697661068));
#2185=CARTESIAN_POINT('',(0.01872,0.0098396,-0.127278697661068));
#2186=CARTESIAN_POINT('',(0.01872,0.0098396,-0.127398697661068));
#2187=CARTESIAN_POINT('',(0.01734,0.0098396,-0.127398697661068));
#2188=CARTESIAN_POINT('',(0.01872,0.0113396,-0.126018697661068));
#2189=CARTESIAN_POINT('',(0.01872,0.0098396,-0.126018697661068));
#2190=CARTESIAN_POINT('',(0.01872,0.0113396,-0.125898697661068));
#2191=CARTESIAN_POINT('',(-0.03916,0.0112196,-0.126018697661068));
#2192=CARTESIAN_POINT('',(0.01234,0.0112196,-0.126018697661068));
#2193=CARTESIAN_POINT('',(0.01734,0.0112196,-0.126018697661068));
#2194=CARTESIAN_POINT('',(0.01734,0.0098396,-0.126018697661068));
#2195=CARTESIAN_POINT('',(0.01096,0.0263396,-0.127278697661068));
#2196=CARTESIAN_POINT('',(0.01084,0.0263396,-0.127278697661068));
#2197=CARTESIAN_POINT('',(0.01096,-0.0116604,-0.127398697661068));
#2198=CARTESIAN_POINT('',(0.01096,-0.0109064146708547,-0.127398697661068));
#2199=CARTESIAN_POINT('',(0.01096,-0.0116604,-0.127398697661068));
#2200=CARTESIAN_POINT('',(0.01872,-0.0116604,-0.127278697661068));
#2201=CARTESIAN_POINT('',(0.01872,-0.0116604,-0.127398697661068));
#2202=CARTESIAN_POINT('',(0.01872,-0.0109064146708547,-0.127398697661068));
#2203=CARTESIAN_POINT('',(0.01872,-0.0116604,-0.127398697661068));
#2204=CARTESIAN_POINT('',(-0.03916,-0.0116604,-0.127398697661068));
#2205=CARTESIAN_POINT('',(-0.03916,-0.0110236,-0.127398697661068));
#2206=CARTESIAN_POINT('',(0.01096,0.0113396,-0.126018697661068));
#2207=CARTESIAN_POINT('',(0.01096,0.0113396,-0.125898697661068));
#2208=CARTESIAN_POINT('',(0.01096,0.0098396,-0.126018697661068));
#2209=CARTESIAN_POINT('',(0.01084,0.0263396,-0.126018697661068));
#2210=CARTESIAN_POINT('',(0.01084,0.0263396,-0.128868283597584));
#2211=CARTESIAN_POINT('',(0.01234,0.0098396,-0.126018697661068));
#2212=CARTESIAN_POINT('',(-0.063322,0.0113396,-0.125898697661068));
#2213=CARTESIAN_POINT('',(-0.063322,0.0098396,-0.125898697661068));
#2214=CARTESIAN_POINT('',(-0.063322,-0.000592,-0.103696075061068));
#2215=CARTESIAN_POINT('',(0.0316738,0.00984025898292065,-0.103696075061068));
#2216=CARTESIAN_POINT('',(-0.063322,-0.000592,-0.103696075061068));
#2217=CARTESIAN_POINT('',(0.0316738,0.00984025898292065,-0.103696075061068));
#2218=CARTESIAN_POINT('',(-0.063322,0.0113396,-0.125898697661068));
#2219=CARTESIAN_POINT('',(-0.063322,0.0098396,-0.125898697661068));
#2220=CARTESIAN_POINT('',(0.0316738,0.00984025898292065,-0.113827623937141));
#2221=CARTESIAN_POINT('',(0.0316738,0.0107808901266694,-0.125896450991604));
#2222=CARTESIAN_POINT('',(0.0316738,0.00984025898292065,-0.113827623937141));
#2223=CARTESIAN_POINT('',(0.0316738,0.0107808901266694,-0.125896450991604));
#2224=CARTESIAN_POINT('',(-0.01016,-0.000283170604190225,-0.1023621524));
#2225=CARTESIAN_POINT('',(0.025654,-0.0178472893093854,-0.127398933212135));
#2226=MECHANICAL_DESIGN_GEOMETRIC_PRESENTATION_REPRESENTATION('',(#1295),
#2227);
#2227=(
GEOMETRIC_REPRESENTATION_CONTEXT(3)
GLOBAL_UNCERTAINTY_ASSIGNED_CONTEXT((#2228))
GLOBAL_UNIT_ASSIGNED_CONTEXT((#2231,#2230,#2229))
REPRESENTATION_CONTEXT('Fillet3','TOP_LEVEL_ASSEMBLY_PART')
);
#2228=UNCERTAINTY_MEASURE_WITH_UNIT(LENGTH_MEASURE(3.10647999038055E-5),
#2231,'DISTANCE_ACCURACY_VALUE','Maximum Tolerance applied to model');
#2229=(
NAMED_UNIT(*)
SI_UNIT($,.STERADIAN.)
SOLID_ANGLE_UNIT()
);
#2230=(
NAMED_UNIT(*)
PLANE_ANGLE_UNIT()
SI_UNIT($,.RADIAN.)
);
#2231=(
LENGTH_UNIT()
NAMED_UNIT(*)
SI_UNIT($,.METRE.)
);
#2232=PRODUCT_DEFINITION_SHAPE('','',#2233);
#2233=PRODUCT_DEFINITION('','',#2235,#2234);
#2234=PRODUCT_DEFINITION_CONTEXT('',#2241,'design');
#2235=PRODUCT_DEFINITION_FORMATION_WITH_SPECIFIED_SOURCE('','',#2237,
 .NOT_KNOWN.);
#2236=PRODUCT_RELATED_PRODUCT_CATEGORY('','',(#2237));
#2237=PRODUCT('Fillet3','Fillet3','Fillet3',(#2239));
#2238=PRODUCT_CATEGORY('','');
#2239=PRODUCT_CONTEXT('',#2241,'mechanical');
#2240=APPLICATION_PROTOCOL_DEFINITION('international standard',
'ap242_managed_model_based_3d_engineering',2020,#2241);
#2241=APPLICATION_CONTEXT('managed model based 3d engineering');
ENDSEC;
END-ISO-10303-21;
