ISO-10303-21;
HEADER;
/* Generated by software containing ST-Developer
 * from STEP Tools, Inc. (www.steptools.com) 
 */
/* OPTION: using custom renumber hook */

FILE_DESCRIPTION(
/* description */ ('STEP AP242 Edition 2',
'CAx-IF Rec.Pracs.---Representation and Presentation of Product Manufa
cturing Information (PMI)---4.0---2014-10-13',
'CAx-IF Rec.Pracs.---3D Tessellated Geometry---0.4---2014-09-14','2;1',
'CAx-IF Rec.Pracs.---User Defined Attributes---1.5---2016-08-15'),
/* implementation_level */ '2;1');

FILE_NAME(
/* name */ 'Center Shaft + Final Discs - PinionGear',
/* time_stamp */ '2026-08-20T04:34:54Z',
/* author */ (''),
/* organization */ (''),
/* preprocessor_version */ 'ST-DEVELOPER v20',
/* originating_system */ 'ONSHAPE BY PTC INC, 1.219',
/* authorisation */ '  ');

FILE_SCHEMA (('AP242_MANAGED_MODEL_BASED_3D_ENGINEERING_MIM_LF { 1 0 10303 442 3 1 4 }'));
ENDSEC;

DATA;
#10=SHAPE_REPRESENTATION_RELATIONSHIP('','',#2355,#11);
#11=ADVANCED_BREP_SHAPE_REPRESENTATION('',(#2353),#7677);
#12=B_SPLINE_SURFACE_WITH_KNOTS('',3,1,((#6412,#6413),(#6414,#6415),(#6416,
#6417),(#6418,#6419),(#6420,#6421),(#6422,#6423),(#6424,#6425),(#6426,#6427),
(#6428,#6429),(#6430,#6431),(#6432,#6433),(#6434,#6435),(#6436,#6437),(#6438,
#6439)),.SURF_OF_LINEAR_EXTRUSION.,.F.,.F.,.F.,(4,1,1,1,1,1,1,1,1,1,1,4),
(2,2),(0.0460055534087248,0.0750381937354339,0.104070834062143,0.133103474388852,
0.162136114715561,0.22020139536898,0.278266676022398,0.394397237329234,
0.510527798636071,0.626658359942907,0.742788921249744,0.975050043863417),
(0.,1.),.UNSPECIFIED.);
#13=B_SPLINE_SURFACE_WITH_KNOTS('',3,1,((#6441,#6442),(#6443,#6444),(#6445,
#6446),(#6447,#6448),(#6449,#6450),(#6451,#6452),(#6453,#6454),(#6455,#6456),
(#6457,#6458),(#6459,#6460),(#6461,#6462),(#6463,#6464),(#6465,#6466),(#6467,
#6468)),.SURF_OF_LINEAR_EXTRUSION.,.F.,.F.,.F.,(4,1,1,1,1,1,1,1,1,1,1,4),
(2,2),(0.0460055534087286,0.0750381937354376,0.104070834062147,0.133103474388856,
0.162136114715565,0.220201395368983,0.278266676022401,0.394397237329237,
0.510527798636073,0.626658359942909,0.742788921249745,0.975050043863417),
(0.,1.),.UNSPECIFIED.);
#14=B_SPLINE_SURFACE_WITH_KNOTS('',3,1,((#6475,#6476),(#6477,#6478),(#6479,
#6480),(#6481,#6482),(#6483,#6484),(#6485,#6486),(#6487,#6488),(#6489,#6490),
(#6491,#6492),(#6493,#6494),(#6495,#6496),(#6497,#6498),(#6499,#6500),(#6501,
#6502)),.SURF_OF_LINEAR_EXTRUSION.,.F.,.F.,.F.,(4,1,1,1,1,1,1,1,1,1,1,4),
(2,2),(0.0460055534087258,0.0750381937354349,0.104070834062144,0.133103474388853,
0.162136114715562,0.22020139536898,0.278266676022399,0.394397237329235,
0.510527798636071,0.626658359942908,0.742788921249744,0.975050043863417),
(0.,1.),.UNSPECIFIED.);
#15=B_SPLINE_SURFACE_WITH_KNOTS('',3,1,((#6504,#6505),(#6506,#6507),(#6508,
#6509),(#6510,#6511),(#6512,#6513),(#6514,#6515),(#6516,#6517),(#6518,#6519),
(#6520,#6521),(#6522,#6523),(#6524,#6525),(#6526,#6527),(#6528,#6529),(#6530,
#6531)),.SURF_OF_LINEAR_EXTRUSION.,.F.,.F.,.F.,(4,1,1,1,1,1,1,1,1,1,1,4),
(2,2),(0.0460055534087274,0.0750381937354364,0.104070834062145,0.133103474388855,
0.162136114715564,0.220201395368982,0.2782666760224,0.394397237329236,0.510527798636072,
0.626658359942908,0.742788921249744,0.975050043863417),(0.,1.),
 .UNSPECIFIED.);
#16=B_SPLINE_SURFACE_WITH_KNOTS('',3,1,((#6538,#6539),(#6540,#6541),(#6542,
#6543),(#6544,#6545),(#6546,#6547),(#6548,#6549),(#6550,#6551),(#6552,#6553),
(#6554,#6555),(#6556,#6557),(#6558,#6559),(#6560,#6561),(#6562,#6563),(#6564,
#6565)),.SURF_OF_LINEAR_EXTRUSION.,.F.,.F.,.F.,(4,1,1,1,1,1,1,1,1,1,1,4),
(2,2),(0.0460055534087224,0.0750381937354316,0.104070834062141,0.13310347438885,
0.162136114715559,0.220201395368978,0.278266676022396,0.394397237329233,
0.51052779863607,0.626658359942907,0.742788921249743,0.975050043863417),
(0.,1.),.UNSPECIFIED.);
#17=B_SPLINE_SURFACE_WITH_KNOTS('',3,1,((#6567,#6568),(#6569,#6570),(#6571,
#6572),(#6573,#6574),(#6575,#6576),(#6577,#6578),(#6579,#6580),(#6581,#6582),
(#6583,#6584),(#6585,#6586),(#6587,#6588),(#6589,#6590),(#6591,#6592),(#6593,
#6594)),.SURF_OF_LINEAR_EXTRUSION.,.F.,.F.,.F.,(4,1,1,1,1,1,1,1,1,1,1,4),
(2,2),(0.0460055534087256,0.0750381937354347,0.104070834062144,0.133103474388853,
0.162136114715562,0.22020139536898,0.278266676022398,0.394397237329235,
0.510527798636071,0.626658359942908,0.742788921249744,0.975050043863417),
(0.,1.),.UNSPECIFIED.);
#18=B_SPLINE_SURFACE_WITH_KNOTS('',3,1,((#6601,#6602),(#6603,#6604),(#6605,
#6606),(#6607,#6608),(#6609,#6610),(#6611,#6612),(#6613,#6614),(#6615,#6616),
(#6617,#6618),(#6619,#6620),(#6621,#6622),(#6623,#6624),(#6625,#6626),(#6627,
#6628)),.SURF_OF_LINEAR_EXTRUSION.,.F.,.F.,.F.,(4,1,1,1,1,1,1,1,1,1,1,4),
(2,2),(0.0460055534087245,0.0750381937354336,0.104070834062143,0.133103474388852,
0.162136114715561,0.220201395368979,0.278266676022398,0.394397237329234,
0.510527798636071,0.626658359942907,0.742788921249744,0.975050043863417),
(0.,1.),.UNSPECIFIED.);
#19=B_SPLINE_SURFACE_WITH_KNOTS('',3,1,((#6630,#6631),(#6632,#6633),(#6634,
#6635),(#6636,#6637),(#6638,#6639),(#6640,#6641),(#6642,#6643),(#6644,#6645),
(#6646,#6647),(#6648,#6649),(#6650,#6651),(#6652,#6653),(#6654,#6655),(#6656,
#6657)),.SURF_OF_LINEAR_EXTRUSION.,.F.,.F.,.F.,(4,1,1,1,1,1,1,1,1,1,1,4),
(2,2),(0.0460055534087316,0.0750381937354405,0.104070834062149,0.133103474388858,
0.162136114715567,0.220201395368985,0.278266676022403,0.394397237329239,
0.510527798636074,0.62665835994291,0.742788921249746,0.975050043863417),
(0.,1.),.UNSPECIFIED.);
#20=B_SPLINE_SURFACE_WITH_KNOTS('',3,1,((#6664,#6665),(#6666,#6667),(#6668,
#6669),(#6670,#6671),(#6672,#6673),(#6674,#6675),(#6676,#6677),(#6678,#6679),
(#6680,#6681),(#6682,#6683),(#6684,#6685),(#6686,#6687),(#6688,#6689),(#6690,
#6691)),.SURF_OF_LINEAR_EXTRUSION.,.F.,.F.,.F.,(4,1,1,1,1,1,1,1,1,1,1,4),
(2,2),(0.0460055534087254,0.0750381937354345,0.104070834062144,0.133103474388853,
0.162136114715562,0.22020139536898,0.278266676022398,0.394397237329235,
0.510527798636071,0.626658359942908,0.742788921249744,0.975050043863417),
(0.,1.),.UNSPECIFIED.);
#21=B_SPLINE_SURFACE_WITH_KNOTS('',3,1,((#6693,#6694),(#6695,#6696),(#6697,
#6698),(#6699,#6700),(#6701,#6702),(#6703,#6704),(#6705,#6706),(#6707,#6708),
(#6709,#6710),(#6711,#6712),(#6713,#6714),(#6715,#6716),(#6717,#6718),(#6719,
#6720)),.SURF_OF_LINEAR_EXTRUSION.,.F.,.F.,.F.,(4,1,1,1,1,1,1,1,1,1,1,4),
(2,2),(0.0460055534087323,0.0750381937354412,0.10407083406215,0.133103474388859,
0.162136114715568,0.220201395368986,0.278266676022403,0.394397237329239,
0.510527798636075,0.62665835994291,0.742788921249746,0.975050043863417),
(0.,1.),.UNSPECIFIED.);
#22=B_SPLINE_SURFACE_WITH_KNOTS('',3,1,((#6727,#6728),(#6729,#6730),(#6731,
#6732),(#6733,#6734),(#6735,#6736),(#6737,#6738),(#6739,#6740),(#6741,#6742),
(#6743,#6744),(#6745,#6746),(#6747,#6748),(#6749,#6750),(#6751,#6752),(#6753,
#6754)),.SURF_OF_LINEAR_EXTRUSION.,.F.,.F.,.F.,(4,1,1,1,1,1,1,1,1,1,1,4),
(2,2),(0.0460055534087254,0.0750381937354345,0.104070834062144,0.133103474388853,
0.162136114715562,0.22020139536898,0.278266676022398,0.394397237329235,
0.510527798636071,0.626658359942908,0.742788921249744,0.975050043863417),
(0.,1.),.UNSPECIFIED.);
#23=B_SPLINE_SURFACE_WITH_KNOTS('',3,1,((#6756,#6757),(#6758,#6759),(#6760,
#6761),(#6762,#6763),(#6764,#6765),(#6766,#6767),(#6768,#6769),(#6770,#6771),
(#6772,#6773),(#6774,#6775),(#6776,#6777),(#6778,#6779),(#6780,#6781),(#6782,
#6783)),.SURF_OF_LINEAR_EXTRUSION.,.F.,.F.,.F.,(4,1,1,1,1,1,1,1,1,1,1,4),
(2,2),(0.0460055534087247,0.0750381937354339,0.104070834062143,0.133103474388852,
0.162136114715561,0.22020139536898,0.278266676022398,0.394397237329234,
0.510527798636071,0.626658359942907,0.742788921249744,0.975050043863417),
(0.,1.),.UNSPECIFIED.);
#24=B_SPLINE_SURFACE_WITH_KNOTS('',3,1,((#6790,#6791),(#6792,#6793),(#6794,
#6795),(#6796,#6797),(#6798,#6799),(#6800,#6801),(#6802,#6803),(#6804,#6805),
(#6806,#6807),(#6808,#6809),(#6810,#6811),(#6812,#6813),(#6814,#6815),(#6816,
#6817)),.SURF_OF_LINEAR_EXTRUSION.,.F.,.F.,.F.,(4,1,1,1,1,1,1,1,1,1,1,4),
(2,2),(0.0460055534087232,0.0750381937354324,0.104070834062142,0.133103474388851,
0.16213611471556,0.220201395368978,0.278266676022397,0.394397237329233,
0.51052779863607,0.626658359942907,0.742788921249744,0.975050043863417),
(0.,1.),.UNSPECIFIED.);
#25=B_SPLINE_SURFACE_WITH_KNOTS('',3,1,((#6819,#6820),(#6821,#6822),(#6823,
#6824),(#6825,#6826),(#6827,#6828),(#6829,#6830),(#6831,#6832),(#6833,#6834),
(#6835,#6836),(#6837,#6838),(#6839,#6840),(#6841,#6842),(#6843,#6844),(#6845,
#6846)),.SURF_OF_LINEAR_EXTRUSION.,.F.,.F.,.F.,(4,1,1,1,1,1,1,1,1,1,1,4),
(2,2),(0.0460055534087285,0.0750381937354375,0.104070834062147,0.133103474388856,
0.162136114715565,0.220201395368983,0.278266676022401,0.394397237329237,
0.510527798636073,0.626658359942909,0.742788921249745,0.975050043863417),
(0.,1.),.UNSPECIFIED.);
#26=B_SPLINE_SURFACE_WITH_KNOTS('',3,1,((#6853,#6854),(#6855,#6856),(#6857,
#6858),(#6859,#6860),(#6861,#6862),(#6863,#6864),(#6865,#6866),(#6867,#6868),
(#6869,#6870),(#6871,#6872),(#6873,#6874),(#6875,#6876),(#6877,#6878),(#6879,
#6880)),.SURF_OF_LINEAR_EXTRUSION.,.F.,.F.,.F.,(4,1,1,1,1,1,1,1,1,1,1,4),
(2,2),(0.0460055534087246,0.0750381937354338,0.104070834062143,0.133103474388852,
0.162136114715561,0.220201395368979,0.278266676022398,0.394397237329234,
0.510527798636071,0.626658359942907,0.742788921249744,0.975050043863417),
(0.,1.),.UNSPECIFIED.);
#27=B_SPLINE_SURFACE_WITH_KNOTS('',3,1,((#6882,#6883),(#6884,#6885),(#6886,
#6887),(#6888,#6889),(#6890,#6891),(#6892,#6893),(#6894,#6895),(#6896,#6897),
(#6898,#6899),(#6900,#6901),(#6902,#6903),(#6904,#6905),(#6906,#6907),(#6908,
#6909)),.SURF_OF_LINEAR_EXTRUSION.,.F.,.F.,.F.,(4,1,1,1,1,1,1,1,1,1,1,4),
(2,2),(0.0460055534087259,0.075038193735435,0.104070834062144,0.133103474388853,
0.162136114715562,0.22020139536898,0.278266676022399,0.394397237329235,
0.510527798636071,0.626658359942908,0.742788921249744,0.975050043863417),
(0.,1.),.UNSPECIFIED.);
#28=B_SPLINE_SURFACE_WITH_KNOTS('',3,1,((#6916,#6917),(#6918,#6919),(#6920,
#6921),(#6922,#6923),(#6924,#6925),(#6926,#6927),(#6928,#6929),(#6930,#6931),
(#6932,#6933),(#6934,#6935),(#6936,#6937),(#6938,#6939),(#6940,#6941),(#6942,
#6943)),.SURF_OF_LINEAR_EXTRUSION.,.F.,.F.,.F.,(4,1,1,1,1,1,1,1,1,1,1,4),
(2,2),(0.0460055534087248,0.0750381937354339,0.104070834062143,0.133103474388852,
0.162136114715561,0.22020139536898,0.278266676022398,0.394397237329234,
0.510527798636071,0.626658359942907,0.742788921249744,0.975050043863417),
(0.,1.),.UNSPECIFIED.);
#29=B_SPLINE_SURFACE_WITH_KNOTS('',3,1,((#6945,#6946),(#6947,#6948),(#6949,
#6950),(#6951,#6952),(#6953,#6954),(#6955,#6956),(#6957,#6958),(#6959,#6960),
(#6961,#6962),(#6963,#6964),(#6965,#6966),(#6967,#6968),(#6969,#6970),(#6971,
#6972)),.SURF_OF_LINEAR_EXTRUSION.,.F.,.F.,.F.,(4,1,1,1,1,1,1,1,1,1,1,4),
(2,2),(0.0460055534087288,0.0750381937354378,0.104070834062147,0.133103474388856,
0.162136114715565,0.220201395368983,0.278266676022401,0.394397237329237,
0.510527798636073,0.626658359942909,0.742788921249745,0.975050043863417),
(0.,1.),.UNSPECIFIED.);
#30=B_SPLINE_SURFACE_WITH_KNOTS('',3,1,((#6979,#6980),(#6981,#6982),(#6983,
#6984),(#6985,#6986),(#6987,#6988),(#6989,#6990),(#6991,#6992),(#6993,#6994),
(#6995,#6996),(#6997,#6998),(#6999,#7000),(#7001,#7002),(#7003,#7004),(#7005,
#7006)),.SURF_OF_LINEAR_EXTRUSION.,.F.,.F.,.F.,(4,1,1,1,1,1,1,1,1,1,1,4),
(2,2),(0.0460055534087238,0.075038193735433,0.104070834062142,0.133103474388851,
0.16213611471556,0.220201395368979,0.278266676022397,0.394397237329234,
0.51052779863607,0.626658359942907,0.742788921249744,0.975050043863417),
(0.,1.),.UNSPECIFIED.);
#31=B_SPLINE_SURFACE_WITH_KNOTS('',3,1,((#7008,#7009),(#7010,#7011),(#7012,
#7013),(#7014,#7015),(#7016,#7017),(#7018,#7019),(#7020,#7021),(#7022,#7023),
(#7024,#7025),(#7026,#7027),(#7028,#7029),(#7030,#7031),(#7032,#7033),(#7034,
#7035)),.SURF_OF_LINEAR_EXTRUSION.,.F.,.F.,.F.,(4,1,1,1,1,1,1,1,1,1,1,4),
(2,2),(0.0460055534087262,0.0750381937354353,0.104070834062144,0.133103474388854,
0.162136114715563,0.220201395368981,0.278266676022399,0.394397237329235,
0.510527798636072,0.626658359942908,0.742788921249744,0.975050043863417),
(0.,1.),.UNSPECIFIED.);
#32=B_SPLINE_SURFACE_WITH_KNOTS('',3,1,((#7042,#7043),(#7044,#7045),(#7046,
#7047),(#7048,#7049),(#7050,#7051),(#7052,#7053),(#7054,#7055),(#7056,#7057),
(#7058,#7059),(#7060,#7061),(#7062,#7063),(#7064,#7065),(#7066,#7067),(#7068,
#7069)),.SURF_OF_LINEAR_EXTRUSION.,.F.,.F.,.F.,(4,1,1,1,1,1,1,1,1,1,1,4),
(2,2),(0.0460055534087261,0.0750381937354352,0.104070834062144,0.133103474388853,
0.162136114715562,0.220201395368981,0.278266676022399,0.394397237329235,
0.510527798636072,0.626658359942908,0.742788921249744,0.975050043863417),
(0.,1.),.UNSPECIFIED.);
#33=B_SPLINE_SURFACE_WITH_KNOTS('',3,1,((#7071,#7072),(#7073,#7074),(#7075,
#7076),(#7077,#7078),(#7079,#7080),(#7081,#7082),(#7083,#7084),(#7085,#7086),
(#7087,#7088),(#7089,#7090),(#7091,#7092),(#7093,#7094),(#7095,#7096),(#7097,
#7098)),.SURF_OF_LINEAR_EXTRUSION.,.F.,.F.,.F.,(4,1,1,1,1,1,1,1,1,1,1,4),
(2,2),(0.0460055534087271,0.0750381937354362,0.104070834062145,0.133103474388854,
0.162136114715563,0.220201395368981,0.2782666760224,0.394397237329236,0.510527798636072,
0.626658359942908,0.742788921249744,0.975050043863417),(0.,1.),
 .UNSPECIFIED.);
#34=B_SPLINE_SURFACE_WITH_KNOTS('',3,1,((#7105,#7106),(#7107,#7108),(#7109,
#7110),(#7111,#7112),(#7113,#7114),(#7115,#7116),(#7117,#7118),(#7119,#7120),
(#7121,#7122),(#7123,#7124),(#7125,#7126),(#7127,#7128),(#7129,#7130),(#7131,
#7132)),.SURF_OF_LINEAR_EXTRUSION.,.F.,.F.,.F.,(4,1,1,1,1,1,1,1,1,1,1,4),
(2,2),(0.0460055534087213,0.0750381937354305,0.10407083406214,0.133103474388849,
0.162136114715558,0.220201395368977,0.278266676022395,0.394397237329232,
0.510527798636069,0.626658359942906,0.742788921249743,0.975050043863417),
(0.,1.),.UNSPECIFIED.);
#35=B_SPLINE_SURFACE_WITH_KNOTS('',3,1,((#7134,#7135),(#7136,#7137),(#7138,
#7139),(#7140,#7141),(#7142,#7143),(#7144,#7145),(#7146,#7147),(#7148,#7149),
(#7150,#7151),(#7152,#7153),(#7154,#7155),(#7156,#7157),(#7158,#7159),(#7160,
#7161)),.SURF_OF_LINEAR_EXTRUSION.,.F.,.F.,.F.,(4,1,1,1,1,1,1,1,1,1,1,4),
(2,2),(0.0460055534087272,0.0750381937354363,0.104070834062145,0.133103474388854,
0.162136114715563,0.220201395368982,0.2782666760224,0.394397237329236,0.510527798636072,
0.626658359942908,0.742788921249744,0.975050043863417),(0.,1.),
 .UNSPECIFIED.);
#36=B_SPLINE_SURFACE_WITH_KNOTS('',3,1,((#7168,#7169),(#7170,#7171),(#7172,
#7173),(#7174,#7175),(#7176,#7177),(#7178,#7179),(#7180,#7181),(#7182,#7183),
(#7184,#7185),(#7186,#7187),(#7188,#7189),(#7190,#7191),(#7192,#7193),(#7194,
#7195)),.SURF_OF_LINEAR_EXTRUSION.,.F.,.F.,.F.,(4,1,1,1,1,1,1,1,1,1,1,4),
(2,2),(0.0460055534087263,0.0750381937354353,0.104070834062144,0.133103474388854,
0.162136114715563,0.220201395368981,0.278266676022399,0.394397237329235,
0.510527798636072,0.626658359942908,0.742788921249744,0.975050043863417),
(0.,1.),.UNSPECIFIED.);
#37=B_SPLINE_SURFACE_WITH_KNOTS('',3,1,((#7197,#7198),(#7199,#7200),(#7201,
#7202),(#7203,#7204),(#7205,#7206),(#7207,#7208),(#7209,#7210),(#7211,#7212),
(#7213,#7214),(#7215,#7216),(#7217,#7218),(#7219,#7220),(#7221,#7222),(#7223,
#7224)),.SURF_OF_LINEAR_EXTRUSION.,.F.,.F.,.F.,(4,1,1,1,1,1,1,1,1,1,1,4),
(2,2),(0.0460055534087197,0.075038193735429,0.104070834062138,0.133103474388848,
0.162136114715557,0.220201395368975,0.278266676022394,0.394397237329231,
0.510527798636068,0.626658359942906,0.742788921249743,0.975050043863417),
(0.,1.),.UNSPECIFIED.);
#38=B_SPLINE_SURFACE_WITH_KNOTS('',3,1,((#7231,#7232),(#7233,#7234),(#7235,
#7236),(#7237,#7238),(#7239,#7240),(#7241,#7242),(#7243,#7244),(#7245,#7246),
(#7247,#7248),(#7249,#7250),(#7251,#7252),(#7253,#7254),(#7255,#7256),(#7257,
#7258)),.SURF_OF_LINEAR_EXTRUSION.,.F.,.F.,.F.,(4,1,1,1,1,1,1,1,1,1,1,4),
(2,2),(0.0460055534087176,0.0750381937354269,0.104070834062136,0.133103474388846,
0.162136114715555,0.220201395368974,0.278266676022392,0.39439723732923,
0.510527798636067,0.626658359942905,0.742788921249742,0.975050043863417),
(0.,1.),.UNSPECIFIED.);
#39=B_SPLINE_SURFACE_WITH_KNOTS('',3,1,((#7260,#7261),(#7262,#7263),(#7264,
#7265),(#7266,#7267),(#7268,#7269),(#7270,#7271),(#7272,#7273),(#7274,#7275),
(#7276,#7277),(#7278,#7279),(#7280,#7281),(#7282,#7283),(#7284,#7285),(#7286,
#7287)),.SURF_OF_LINEAR_EXTRUSION.,.F.,.F.,.F.,(4,1,1,1,1,1,1,1,1,1,1,4),
(2,2),(0.0460055534087309,0.0750381937354399,0.104070834062149,0.133103474388858,
0.162136114715567,0.220201395368985,0.278266676022402,0.394397237329238,
0.510527798636074,0.62665835994291,0.742788921249745,0.975050043863417),
(0.,1.),.UNSPECIFIED.);
#40=B_SPLINE_SURFACE_WITH_KNOTS('',3,1,((#7294,#7295),(#7296,#7297),(#7298,
#7299),(#7300,#7301),(#7302,#7303),(#7304,#7305),(#7306,#7307),(#7308,#7309),
(#7310,#7311),(#7312,#7313),(#7314,#7315),(#7316,#7317),(#7318,#7319),(#7320,
#7321)),.SURF_OF_LINEAR_EXTRUSION.,.F.,.F.,.F.,(4,1,1,1,1,1,1,1,1,1,1,4),
(2,2),(0.0460055534087214,0.0750381937354307,0.10407083406214,0.133103474388849,
0.162136114715558,0.220201395368977,0.278266676022395,0.394397237329232,
0.510527798636069,0.626658359942906,0.742788921249743,0.975050043863417),
(0.,1.),.UNSPECIFIED.);
#41=B_SPLINE_SURFACE_WITH_KNOTS('',3,1,((#7323,#7324),(#7325,#7326),(#7327,
#7328),(#7329,#7330),(#7331,#7332),(#7333,#7334),(#7335,#7336),(#7337,#7338),
(#7339,#7340),(#7341,#7342),(#7343,#7344),(#7345,#7346),(#7347,#7348),(#7349,
#7350)),.SURF_OF_LINEAR_EXTRUSION.,.F.,.F.,.F.,(4,1,1,1,1,1,1,1,1,1,1,4),
(2,2),(0.0460055534087336,0.0750381937354424,0.104070834062151,0.13310347438886,
0.162136114715569,0.220201395368987,0.278266676022404,0.39439723732924,
0.510527798636075,0.626658359942911,0.742788921249746,0.975050043863417),
(0.,1.),.UNSPECIFIED.);
#42=B_SPLINE_SURFACE_WITH_KNOTS('',3,1,((#7357,#7358),(#7359,#7360),(#7361,
#7362),(#7363,#7364),(#7365,#7366),(#7367,#7368),(#7369,#7370),(#7371,#7372),
(#7373,#7374),(#7375,#7376),(#7377,#7378),(#7379,#7380),(#7381,#7382),(#7383,
#7384)),.SURF_OF_LINEAR_EXTRUSION.,.F.,.F.,.F.,(4,1,1,1,1,1,1,1,1,1,1,4),
(2,2),(0.0460055534087191,0.0750381937354284,0.104070834062138,0.133103474388847,
0.162136114715556,0.220201395368975,0.278266676022394,0.394397237329231,
0.510527798636068,0.626658359942905,0.742788921249742,0.975050043863417),
(0.,1.),.UNSPECIFIED.);
#43=B_SPLINE_SURFACE_WITH_KNOTS('',3,1,((#7386,#7387),(#7388,#7389),(#7390,
#7391),(#7392,#7393),(#7394,#7395),(#7396,#7397),(#7398,#7399),(#7400,#7401),
(#7402,#7403),(#7404,#7405),(#7406,#7407),(#7408,#7409),(#7410,#7411),(#7412,
#7413)),.SURF_OF_LINEAR_EXTRUSION.,.F.,.F.,.F.,(4,1,1,1,1,1,1,1,1,1,1,4),
(2,2),(0.0460055534087272,0.0750381937354362,0.104070834062145,0.133103474388854,
0.162136114715563,0.220201395368982,0.2782666760224,0.394397237329236,0.510527798636072,
0.626658359942908,0.742788921249744,0.975050043863417),(0.,1.),
 .UNSPECIFIED.);
#44=B_SPLINE_SURFACE_WITH_KNOTS('',3,1,((#7420,#7421),(#7422,#7423),(#7424,
#7425),(#7426,#7427),(#7428,#7429),(#7430,#7431),(#7432,#7433),(#7434,#7435),
(#7436,#7437),(#7438,#7439),(#7440,#7441),(#7442,#7443),(#7444,#7445),(#7446,
#7447)),.SURF_OF_LINEAR_EXTRUSION.,.F.,.F.,.F.,(4,1,1,1,1,1,1,1,1,1,1,4),
(2,2),(0.0460055534087192,0.0750381937354285,0.104070834062138,0.133103474388847,
0.162136114715556,0.220201395368975,0.278266676022394,0.394397237329231,
0.510527798636068,0.626658359942905,0.742788921249742,0.975050043863417),
(0.,1.),.UNSPECIFIED.);
#45=B_SPLINE_SURFACE_WITH_KNOTS('',3,1,((#7449,#7450),(#7451,#7452),(#7453,
#7454),(#7455,#7456),(#7457,#7458),(#7459,#7460),(#7461,#7462),(#7463,#7464),
(#7465,#7466),(#7467,#7468),(#7469,#7470),(#7471,#7472),(#7473,#7474),(#7475,
#7476)),.SURF_OF_LINEAR_EXTRUSION.,.F.,.F.,.F.,(4,1,1,1,1,1,1,1,1,1,1,4),
(2,2),(0.0460055534087373,0.075038193735446,0.104070834062155,0.133103474388864,
0.162136114715572,0.22020139536899,0.278266676022407,0.394397237329242,
0.510527798636077,0.626658359942912,0.742788921249747,0.975050043863417),
(0.,1.),.UNSPECIFIED.);
#46=B_SPLINE_SURFACE_WITH_KNOTS('',3,1,((#7483,#7484),(#7485,#7486),(#7487,
#7488),(#7489,#7490),(#7491,#7492),(#7493,#7494),(#7495,#7496),(#7497,#7498),
(#7499,#7500),(#7501,#7502),(#7503,#7504),(#7505,#7506),(#7507,#7508),(#7509,
#7510)),.SURF_OF_LINEAR_EXTRUSION.,.F.,.F.,.F.,(4,1,1,1,1,1,1,1,1,1,1,4),
(2,2),(0.0460055534087228,0.075038193735432,0.104070834062141,0.13310347438885,
0.16213611471556,0.220201395368978,0.278266676022396,0.394397237329233,
0.51052779863607,0.626658359942907,0.742788921249743,0.975050043863417),
(0.,1.),.UNSPECIFIED.);
#47=B_SPLINE_SURFACE_WITH_KNOTS('',3,1,((#7512,#7513),(#7514,#7515),(#7516,
#7517),(#7518,#7519),(#7520,#7521),(#7522,#7523),(#7524,#7525),(#7526,#7527),
(#7528,#7529),(#7530,#7531),(#7532,#7533),(#7534,#7535),(#7536,#7537),(#7538,
#7539)),.SURF_OF_LINEAR_EXTRUSION.,.F.,.F.,.F.,(4,1,1,1,1,1,1,1,1,1,1,4),
(2,2),(0.0460055534087276,0.0750381937354367,0.104070834062146,0.133103474388855,
0.162136114715564,0.220201395368982,0.2782666760224,0.394397237329236,0.510527798636072,
0.626658359942909,0.742788921249745,0.975050043863417),(0.,1.),
 .UNSPECIFIED.);
#48=B_SPLINE_SURFACE_WITH_KNOTS('',3,1,((#7546,#7547),(#7548,#7549),(#7550,
#7551),(#7552,#7553),(#7554,#7555),(#7556,#7557),(#7558,#7559),(#7560,#7561),
(#7562,#7563),(#7564,#7565),(#7566,#7567),(#7568,#7569),(#7570,#7571),(#7572,
#7573)),.SURF_OF_LINEAR_EXTRUSION.,.F.,.F.,.F.,(4,1,1,1,1,1,1,1,1,1,1,4),
(2,2),(0.0460055534087237,0.0750381937354329,0.104070834062142,0.133103474388851,
0.16213611471556,0.220201395368979,0.278266676022397,0.394397237329234,
0.51052779863607,0.626658359942907,0.742788921249744,0.975050043863417),
(0.,1.),.UNSPECIFIED.);
#49=B_SPLINE_SURFACE_WITH_KNOTS('',3,1,((#7575,#7576),(#7577,#7578),(#7579,
#7580),(#7581,#7582),(#7583,#7584),(#7585,#7586),(#7587,#7588),(#7589,#7590),
(#7591,#7592),(#7593,#7594),(#7595,#7596),(#7597,#7598),(#7599,#7600),(#7601,
#7602)),.SURF_OF_LINEAR_EXTRUSION.,.F.,.F.,.F.,(4,1,1,1,1,1,1,1,1,1,1,4),
(2,2),(0.0460055534087267,0.0750381937354357,0.104070834062145,0.133103474388854,
0.162136114715563,0.220201395368981,0.278266676022399,0.394397237329235,
0.510527798636072,0.626658359942908,0.742788921249744,0.975050043863417),
(0.,1.),.UNSPECIFIED.);
#50=B_SPLINE_SURFACE_WITH_KNOTS('',3,1,((#7609,#7610),(#7611,#7612),(#7613,
#7614),(#7615,#7616),(#7617,#7618),(#7619,#7620),(#7621,#7622),(#7623,#7624),
(#7625,#7626),(#7627,#7628),(#7629,#7630),(#7631,#7632),(#7633,#7634),(#7635,
#7636)),.SURF_OF_LINEAR_EXTRUSION.,.F.,.F.,.F.,(4,1,1,1,1,1,1,1,1,1,1,4),
(2,2),(0.0460055534087252,0.0750381937354343,0.104070834062143,0.133103474388853,
0.162136114715562,0.22020139536898,0.278266676022398,0.394397237329235,
0.510527798636071,0.626658359942908,0.742788921249744,0.975050043863417),
(0.,1.),.UNSPECIFIED.);
#51=B_SPLINE_SURFACE_WITH_KNOTS('',3,1,((#7638,#7639),(#7640,#7641),(#7642,
#7643),(#7644,#7645),(#7646,#7647),(#7648,#7649),(#7650,#7651),(#7652,#7653),
(#7654,#7655),(#7656,#7657),(#7658,#7659),(#7660,#7661),(#7662,#7663),(#7664,
#7665)),.SURF_OF_LINEAR_EXTRUSION.,.F.,.F.,.F.,(4,1,1,1,1,1,1,1,1,1,1,4),
(2,2),(0.0460055534087289,0.0750381937354379,0.104070834062147,0.133103474388856,
0.162136114715565,0.220201395368983,0.278266676022401,0.394397237329237,
0.510527798636073,0.626658359942909,0.742788921249745,0.975050043863417),
(0.,1.),.UNSPECIFIED.);
#52=B_SPLINE_CURVE_WITH_KNOTS('',3,(#3401,#3402,#3403,#3404,#3405,#3406,
#3407,#3408,#3409,#3410,#3411,#3412,#3413,#3414,#3415,#3416,#3417,#3418,
#3419,#3420,#3421,#3422,#3423,#3424,#3425,#3426,#3427,#3428,#3429,#3430,
#3431,#3432,#3433,#3434),.UNSPECIFIED.,.F.,.F.,(4,1,1,1,1,1,1,1,1,1,1,1,
1,1,1,1,1,1,1,1,1,1,1,1,1,1,1,1,1,1,1,4),(0.,0.103000416310753,0.112602086818186,
0.124997787693312,0.139664577964043,0.156295154557825,0.174680948552335,
0.194668413745219,0.216138395335841,0.238994936075388,0.263158603014357,
0.288562227667102,0.315148041388082,0.342865668217028,0.371670670958546,
0.401523468631774,0.432388511559896,0.464233640246041,0.497029578518293,
0.530749526817626,0.565368831540411,0.600864713071814,0.637216039758934,
0.674403138303366,0.712407633358658,0.75121231079161,0.790801000299534,
0.831158473997035,0.872270358283008,0.914123056832209,0.956703682968573,
0.975050043863417),.UNSPECIFIED.);
#53=B_SPLINE_CURVE_WITH_KNOTS('',3,(#3435,#3436,#3437,#3438,#3439,#3440,
#3441,#3442,#3443,#3444,#3445,#3446,#3447,#3448,#3449,#3450,#3451,#3452,
#3453,#3454,#3455,#3456,#3457,#3458,#3459,#3460,#3461,#3462,#3463,#3464,
#3465,#3466,#3467,#3468),.UNSPECIFIED.,.F.,.F.,(4,1,1,1,1,1,1,1,1,1,1,1,
1,1,1,1,1,1,1,1,1,1,1,1,1,1,1,1,1,1,1,4),(0.,0.103000416310753,0.112602086818186,
0.124997787693312,0.139664577964043,0.156295154557825,0.174680948552335,
0.194668413745219,0.216138395335841,0.238994936075388,0.263158603014357,
0.288562227667102,0.315148041388082,0.342865668217028,0.371670670958546,
0.401523468631774,0.432388511559896,0.464233640246041,0.497029578518293,
0.530749526817626,0.565368831540411,0.600864713071814,0.637216039758934,
0.674403138303366,0.712407633358658,0.75121231079161,0.790801000299534,
0.831158473997035,0.872270358283008,0.914123056832209,0.956703682968573,
0.975050043863417),.UNSPECIFIED.);
#54=B_SPLINE_CURVE_WITH_KNOTS('',3,(#3476,#3477,#3478,#3479,#3480,#3481,
#3482,#3483,#3484,#3485,#3486,#3487,#3488,#3489,#3490,#3491,#3492,#3493,
#3494,#3495,#3496,#3497,#3498,#3499,#3500,#3501,#3502,#3503,#3504,#3505,
#3506,#3507,#3508,#3509),.UNSPECIFIED.,.F.,.F.,(4,1,1,1,1,1,1,1,1,1,1,1,
1,1,1,1,1,1,1,1,1,1,1,1,1,1,1,1,1,1,1,4),(0.,0.103000416310753,0.112602086818186,
0.124997787693312,0.139664577964043,0.156295154557825,0.174680948552335,
0.194668413745219,0.216138395335841,0.238994936075388,0.263158603014357,
0.288562227667102,0.315148041388082,0.342865668217028,0.371670670958546,
0.401523468631774,0.432388511559896,0.464233640246041,0.497029578518293,
0.530749526817626,0.565368831540411,0.600864713071814,0.637216039758934,
0.674403138303366,0.712407633358658,0.75121231079161,0.790801000299534,
0.831158473997035,0.872270358283008,0.914123056832209,0.956703682968573,
0.975050043863417),.UNSPECIFIED.);
#55=B_SPLINE_CURVE_WITH_KNOTS('',3,(#3510,#3511,#3512,#3513,#3514,#3515,
#3516,#3517,#3518,#3519,#3520,#3521,#3522,#3523,#3524,#3525,#3526,#3527,
#3528,#3529,#3530,#3531,#3532,#3533,#3534,#3535,#3536,#3537,#3538,#3539,
#3540,#3541,#3542,#3543),.UNSPECIFIED.,.F.,.F.,(4,1,1,1,1,1,1,1,1,1,1,1,
1,1,1,1,1,1,1,1,1,1,1,1,1,1,1,1,1,1,1,4),(0.,0.103000416310753,0.112602086818186,
0.124997787693312,0.139664577964043,0.156295154557825,0.174680948552335,
0.194668413745219,0.216138395335841,0.238994936075388,0.263158603014357,
0.288562227667102,0.315148041388082,0.342865668217028,0.371670670958546,
0.401523468631774,0.432388511559896,0.464233640246041,0.497029578518293,
0.530749526817626,0.565368831540411,0.600864713071814,0.637216039758934,
0.674403138303366,0.712407633358658,0.75121231079161,0.790801000299534,
0.831158473997035,0.872270358283008,0.914123056832209,0.956703682968573,
0.975050043863417),.UNSPECIFIED.);
#56=B_SPLINE_CURVE_WITH_KNOTS('',3,(#3551,#3552,#3553,#3554,#3555,#3556,
#3557,#3558,#3559,#3560,#3561,#3562,#3563,#3564,#3565,#3566,#3567,#3568,
#3569,#3570,#3571,#3572,#3573,#3574,#3575,#3576,#3577,#3578,#3579,#3580,
#3581,#3582,#3583,#3584),.UNSPECIFIED.,.F.,.F.,(4,1,1,1,1,1,1,1,1,1,1,1,
1,1,1,1,1,1,1,1,1,1,1,1,1,1,1,1,1,1,1,4),(0.,0.103000416310753,0.112602086818186,
0.124997787693312,0.139664577964043,0.156295154557825,0.174680948552335,
0.194668413745219,0.216138395335841,0.238994936075388,0.263158603014357,
0.288562227667102,0.315148041388082,0.342865668217028,0.371670670958546,
0.401523468631774,0.432388511559896,0.464233640246041,0.497029578518293,
0.530749526817626,0.565368831540411,0.600864713071814,0.637216039758934,
0.674403138303366,0.712407633358658,0.75121231079161,0.790801000299534,
0.831158473997035,0.872270358283008,0.914123056832209,0.956703682968573,
0.975050043863417),.UNSPECIFIED.);
#57=B_SPLINE_CURVE_WITH_KNOTS('',3,(#3585,#3586,#3587,#3588,#3589,#3590,
#3591,#3592,#3593,#3594,#3595,#3596,#3597,#3598,#3599,#3600,#3601,#3602,
#3603,#3604,#3605,#3606,#3607,#3608,#3609,#3610,#3611,#3612,#3613,#3614,
#3615,#3616,#3617,#3618),.UNSPECIFIED.,.F.,.F.,(4,1,1,1,1,1,1,1,1,1,1,1,
1,1,1,1,1,1,1,1,1,1,1,1,1,1,1,1,1,1,1,4),(0.,0.103000416310753,0.112602086818186,
0.124997787693312,0.139664577964043,0.156295154557825,0.174680948552335,
0.194668413745219,0.216138395335841,0.238994936075388,0.263158603014357,
0.288562227667102,0.315148041388082,0.342865668217028,0.371670670958546,
0.401523468631774,0.432388511559896,0.464233640246041,0.497029578518293,
0.530749526817626,0.565368831540411,0.600864713071814,0.637216039758934,
0.674403138303366,0.712407633358658,0.75121231079161,0.790801000299534,
0.831158473997035,0.872270358283008,0.914123056832209,0.956703682968573,
0.975050043863417),.UNSPECIFIED.);
#58=B_SPLINE_CURVE_WITH_KNOTS('',3,(#3626,#3627,#3628,#3629,#3630,#3631,
#3632,#3633,#3634,#3635,#3636,#3637,#3638,#3639,#3640,#3641,#3642,#3643,
#3644,#3645,#3646,#3647,#3648,#3649,#3650,#3651,#3652,#3653,#3654,#3655,
#3656,#3657,#3658,#3659),.UNSPECIFIED.,.F.,.F.,(4,1,1,1,1,1,1,1,1,1,1,1,
1,1,1,1,1,1,1,1,1,1,1,1,1,1,1,1,1,1,1,4),(0.,0.103000416310753,0.112602086818186,
0.124997787693312,0.139664577964043,0.156295154557825,0.174680948552335,
0.194668413745219,0.216138395335841,0.238994936075388,0.263158603014357,
0.288562227667102,0.315148041388082,0.342865668217028,0.371670670958546,
0.401523468631774,0.432388511559896,0.464233640246041,0.497029578518293,
0.530749526817626,0.565368831540411,0.600864713071814,0.637216039758934,
0.674403138303366,0.712407633358658,0.75121231079161,0.790801000299534,
0.831158473997035,0.872270358283008,0.914123056832209,0.956703682968573,
0.975050043863417),.UNSPECIFIED.);
#59=B_SPLINE_CURVE_WITH_KNOTS('',3,(#3660,#3661,#3662,#3663,#3664,#3665,
#3666,#3667,#3668,#3669,#3670,#3671,#3672,#3673,#3674,#3675,#3676,#3677,
#3678,#3679,#3680,#3681,#3682,#3683,#3684,#3685,#3686,#3687,#3688,#3689,
#3690,#3691,#3692,#3693),.UNSPECIFIED.,.F.,.F.,(4,1,1,1,1,1,1,1,1,1,1,1,
1,1,1,1,1,1,1,1,1,1,1,1,1,1,1,1,1,1,1,4),(0.,0.103000416310753,0.112602086818186,
0.124997787693312,0.139664577964043,0.156295154557825,0.174680948552335,
0.194668413745219,0.216138395335841,0.238994936075388,0.263158603014357,
0.288562227667102,0.315148041388082,0.342865668217028,0.371670670958546,
0.401523468631774,0.432388511559896,0.464233640246041,0.497029578518293,
0.530749526817626,0.565368831540411,0.600864713071814,0.637216039758934,
0.674403138303366,0.712407633358658,0.75121231079161,0.790801000299534,
0.831158473997035,0.872270358283008,0.914123056832209,0.956703682968573,
0.975050043863417),.UNSPECIFIED.);
#60=B_SPLINE_CURVE_WITH_KNOTS('',3,(#3701,#3702,#3703,#3704,#3705,#3706,
#3707,#3708,#3709,#3710,#3711,#3712,#3713,#3714,#3715,#3716,#3717,#3718,
#3719,#3720,#3721,#3722,#3723,#3724,#3725,#3726,#3727,#3728,#3729,#3730,
#3731,#3732,#3733,#3734),.UNSPECIFIED.,.F.,.F.,(4,1,1,1,1,1,1,1,1,1,1,1,
1,1,1,1,1,1,1,1,1,1,1,1,1,1,1,1,1,1,1,4),(0.,0.103000416310753,0.112602086818186,
0.124997787693312,0.139664577964043,0.156295154557825,0.174680948552335,
0.194668413745219,0.216138395335841,0.238994936075388,0.263158603014357,
0.288562227667102,0.315148041388082,0.342865668217028,0.371670670958546,
0.401523468631774,0.432388511559896,0.464233640246041,0.497029578518293,
0.530749526817626,0.565368831540411,0.600864713071814,0.637216039758934,
0.674403138303366,0.712407633358658,0.75121231079161,0.790801000299534,
0.831158473997035,0.872270358283008,0.914123056832209,0.956703682968573,
0.975050043863417),.UNSPECIFIED.);
#61=B_SPLINE_CURVE_WITH_KNOTS('',3,(#3735,#3736,#3737,#3738,#3739,#3740,
#3741,#3742,#3743,#3744,#3745,#3746,#3747,#3748,#3749,#3750,#3751,#3752,
#3753,#3754,#3755,#3756,#3757,#3758,#3759,#3760,#3761,#3762,#3763,#3764,
#3765,#3766,#3767,#3768),.UNSPECIFIED.,.F.,.F.,(4,1,1,1,1,1,1,1,1,1,1,1,
1,1,1,1,1,1,1,1,1,1,1,1,1,1,1,1,1,1,1,4),(0.,0.103000416310753,0.112602086818186,
0.124997787693312,0.139664577964043,0.156295154557825,0.174680948552335,
0.194668413745219,0.216138395335841,0.238994936075388,0.263158603014357,
0.288562227667102,0.315148041388082,0.342865668217028,0.371670670958546,
0.401523468631774,0.432388511559896,0.464233640246041,0.497029578518293,
0.530749526817626,0.565368831540411,0.600864713071814,0.637216039758934,
0.674403138303366,0.712407633358658,0.75121231079161,0.790801000299534,
0.831158473997035,0.872270358283008,0.914123056832209,0.956703682968573,
0.975050043863417),.UNSPECIFIED.);
#62=B_SPLINE_CURVE_WITH_KNOTS('',3,(#3776,#3777,#3778,#3779,#3780,#3781,
#3782,#3783,#3784,#3785,#3786,#3787,#3788,#3789,#3790,#3791,#3792,#3793,
#3794,#3795,#3796,#3797,#3798,#3799,#3800,#3801,#3802,#3803,#3804,#3805,
#3806,#3807,#3808,#3809),.UNSPECIFIED.,.F.,.F.,(4,1,1,1,1,1,1,1,1,1,1,1,
1,1,1,1,1,1,1,1,1,1,1,1,1,1,1,1,1,1,1,4),(0.,0.103000416310753,0.112602086818186,
0.124997787693312,0.139664577964043,0.156295154557825,0.174680948552335,
0.194668413745219,0.216138395335841,0.238994936075388,0.263158603014357,
0.288562227667102,0.315148041388082,0.342865668217028,0.371670670958546,
0.401523468631774,0.432388511559896,0.464233640246041,0.497029578518293,
0.530749526817626,0.565368831540411,0.600864713071814,0.637216039758934,
0.674403138303366,0.712407633358658,0.75121231079161,0.790801000299534,
0.831158473997035,0.872270358283008,0.914123056832209,0.956703682968573,
0.975050043863417),.UNSPECIFIED.);
#63=B_SPLINE_CURVE_WITH_KNOTS('',3,(#3810,#3811,#3812,#3813,#3814,#3815,
#3816,#3817,#3818,#3819,#3820,#3821,#3822,#3823,#3824,#3825,#3826,#3827,
#3828,#3829,#3830,#3831,#3832,#3833,#3834,#3835,#3836,#3837,#3838,#3839,
#3840,#3841,#3842,#3843),.UNSPECIFIED.,.F.,.F.,(4,1,1,1,1,1,1,1,1,1,1,1,
1,1,1,1,1,1,1,1,1,1,1,1,1,1,1,1,1,1,1,4),(0.,0.103000416310753,0.112602086818186,
0.124997787693312,0.139664577964043,0.156295154557825,0.174680948552335,
0.194668413745219,0.216138395335841,0.238994936075388,0.263158603014357,
0.288562227667102,0.315148041388082,0.342865668217028,0.371670670958546,
0.401523468631774,0.432388511559896,0.464233640246041,0.497029578518293,
0.530749526817626,0.565368831540411,0.600864713071814,0.637216039758934,
0.674403138303366,0.712407633358658,0.75121231079161,0.790801000299534,
0.831158473997035,0.872270358283008,0.914123056832209,0.956703682968573,
0.975050043863417),.UNSPECIFIED.);
#64=B_SPLINE_CURVE_WITH_KNOTS('',3,(#3851,#3852,#3853,#3854,#3855,#3856,
#3857,#3858,#3859,#3860,#3861,#3862,#3863,#3864,#3865,#3866,#3867,#3868,
#3869,#3870,#3871,#3872,#3873,#3874,#3875,#3876,#3877,#3878,#3879,#3880,
#3881,#3882,#3883,#3884),.UNSPECIFIED.,.F.,.F.,(4,1,1,1,1,1,1,1,1,1,1,1,
1,1,1,1,1,1,1,1,1,1,1,1,1,1,1,1,1,1,1,4),(0.,0.103000416310753,0.112602086818186,
0.124997787693312,0.139664577964043,0.156295154557825,0.174680948552335,
0.194668413745219,0.216138395335841,0.238994936075388,0.263158603014357,
0.288562227667102,0.315148041388082,0.342865668217028,0.371670670958546,
0.401523468631774,0.432388511559896,0.464233640246041,0.497029578518293,
0.530749526817626,0.565368831540411,0.600864713071814,0.637216039758934,
0.674403138303366,0.712407633358658,0.75121231079161,0.790801000299534,
0.831158473997035,0.872270358283008,0.914123056832209,0.956703682968573,
0.975050043863417),.UNSPECIFIED.);
#65=B_SPLINE_CURVE_WITH_KNOTS('',3,(#3885,#3886,#3887,#3888,#3889,#3890,
#3891,#3892,#3893,#3894,#3895,#3896,#3897,#3898,#3899,#3900,#3901,#3902,
#3903,#3904,#3905,#3906,#3907,#3908,#3909,#3910,#3911,#3912,#3913,#3914,
#3915,#3916,#3917,#3918),.UNSPECIFIED.,.F.,.F.,(4,1,1,1,1,1,1,1,1,1,1,1,
1,1,1,1,1,1,1,1,1,1,1,1,1,1,1,1,1,1,1,4),(0.,0.103000416310753,0.112602086818186,
0.124997787693312,0.139664577964043,0.156295154557825,0.174680948552335,
0.194668413745219,0.216138395335841,0.238994936075388,0.263158603014357,
0.288562227667102,0.315148041388082,0.342865668217028,0.371670670958546,
0.401523468631774,0.432388511559896,0.464233640246041,0.497029578518293,
0.530749526817626,0.565368831540411,0.600864713071814,0.637216039758934,
0.674403138303366,0.712407633358658,0.75121231079161,0.790801000299534,
0.831158473997035,0.872270358283008,0.914123056832209,0.956703682968573,
0.975050043863417),.UNSPECIFIED.);
#66=B_SPLINE_CURVE_WITH_KNOTS('',3,(#3926,#3927,#3928,#3929,#3930,#3931,
#3932,#3933,#3934,#3935,#3936,#3937,#3938,#3939,#3940,#3941,#3942,#3943,
#3944,#3945,#3946,#3947,#3948,#3949,#3950,#3951,#3952,#3953,#3954,#3955,
#3956,#3957,#3958,#3959),.UNSPECIFIED.,.F.,.F.,(4,1,1,1,1,1,1,1,1,1,1,1,
1,1,1,1,1,1,1,1,1,1,1,1,1,1,1,1,1,1,1,4),(0.,0.103000416310753,0.112602086818186,
0.124997787693312,0.139664577964043,0.156295154557825,0.174680948552335,
0.194668413745219,0.216138395335841,0.238994936075388,0.263158603014357,
0.288562227667102,0.315148041388082,0.342865668217028,0.371670670958546,
0.401523468631774,0.432388511559896,0.464233640246041,0.497029578518293,
0.530749526817626,0.565368831540411,0.600864713071814,0.637216039758934,
0.674403138303366,0.712407633358658,0.75121231079161,0.790801000299534,
0.831158473997035,0.872270358283008,0.914123056832209,0.956703682968573,
0.975050043863417),.UNSPECIFIED.);
#67=B_SPLINE_CURVE_WITH_KNOTS('',3,(#3960,#3961,#3962,#3963,#3964,#3965,
#3966,#3967,#3968,#3969,#3970,#3971,#3972,#3973,#3974,#3975,#3976,#3977,
#3978,#3979,#3980,#3981,#3982,#3983,#3984,#3985,#3986,#3987,#3988,#3989,
#3990,#3991,#3992,#3993),.UNSPECIFIED.,.F.,.F.,(4,1,1,1,1,1,1,1,1,1,1,1,
1,1,1,1,1,1,1,1,1,1,1,1,1,1,1,1,1,1,1,4),(0.,0.103000416310753,0.112602086818186,
0.124997787693312,0.139664577964043,0.156295154557825,0.174680948552335,
0.194668413745219,0.216138395335841,0.238994936075388,0.263158603014357,
0.288562227667102,0.315148041388082,0.342865668217028,0.371670670958546,
0.401523468631774,0.432388511559896,0.464233640246041,0.497029578518293,
0.530749526817626,0.565368831540411,0.600864713071814,0.637216039758934,
0.674403138303366,0.712407633358658,0.75121231079161,0.790801000299534,
0.831158473997035,0.872270358283008,0.914123056832209,0.956703682968573,
0.975050043863417),.UNSPECIFIED.);
#68=B_SPLINE_CURVE_WITH_KNOTS('',3,(#4001,#4002,#4003,#4004,#4005,#4006,
#4007,#4008,#4009,#4010,#4011,#4012,#4013,#4014,#4015,#4016,#4017,#4018,
#4019,#4020,#4021,#4022,#4023,#4024,#4025,#4026,#4027,#4028,#4029,#4030,
#4031,#4032,#4033,#4034),.UNSPECIFIED.,.F.,.F.,(4,1,1,1,1,1,1,1,1,1,1,1,
1,1,1,1,1,1,1,1,1,1,1,1,1,1,1,1,1,1,1,4),(0.,0.103000416310753,0.112602086818186,
0.124997787693312,0.139664577964043,0.156295154557825,0.174680948552335,
0.194668413745219,0.216138395335841,0.238994936075388,0.263158603014357,
0.288562227667102,0.315148041388082,0.342865668217028,0.371670670958546,
0.401523468631774,0.432388511559896,0.464233640246041,0.497029578518293,
0.530749526817626,0.565368831540411,0.600864713071814,0.637216039758934,
0.674403138303366,0.712407633358658,0.75121231079161,0.790801000299534,
0.831158473997035,0.872270358283008,0.914123056832209,0.956703682968573,
0.975050043863417),.UNSPECIFIED.);
#69=B_SPLINE_CURVE_WITH_KNOTS('',3,(#4035,#4036,#4037,#4038,#4039,#4040,
#4041,#4042,#4043,#4044,#4045,#4046,#4047,#4048,#4049,#4050,#4051,#4052,
#4053,#4054,#4055,#4056,#4057,#4058,#4059,#4060,#4061,#4062,#4063,#4064,
#4065,#4066,#4067,#4068),.UNSPECIFIED.,.F.,.F.,(4,1,1,1,1,1,1,1,1,1,1,1,
1,1,1,1,1,1,1,1,1,1,1,1,1,1,1,1,1,1,1,4),(0.,0.103000416310753,0.112602086818186,
0.124997787693312,0.139664577964043,0.156295154557825,0.174680948552335,
0.194668413745219,0.216138395335841,0.238994936075388,0.263158603014357,
0.288562227667102,0.315148041388082,0.342865668217028,0.371670670958546,
0.401523468631774,0.432388511559896,0.464233640246041,0.497029578518293,
0.530749526817626,0.565368831540411,0.600864713071814,0.637216039758934,
0.674403138303366,0.712407633358658,0.75121231079161,0.790801000299534,
0.831158473997035,0.872270358283008,0.914123056832209,0.956703682968573,
0.975050043863417),.UNSPECIFIED.);
#70=B_SPLINE_CURVE_WITH_KNOTS('',3,(#4076,#4077,#4078,#4079,#4080,#4081,
#4082,#4083,#4084,#4085,#4086,#4087,#4088,#4089,#4090,#4091,#4092,#4093,
#4094,#4095,#4096,#4097,#4098,#4099,#4100,#4101,#4102,#4103,#4104,#4105,
#4106,#4107,#4108,#4109),.UNSPECIFIED.,.F.,.F.,(4,1,1,1,1,1,1,1,1,1,1,1,
1,1,1,1,1,1,1,1,1,1,1,1,1,1,1,1,1,1,1,4),(0.,0.103000416310753,0.112602086818186,
0.124997787693312,0.139664577964043,0.156295154557825,0.174680948552335,
0.194668413745219,0.216138395335841,0.238994936075388,0.263158603014357,
0.288562227667102,0.315148041388082,0.342865668217028,0.371670670958546,
0.401523468631774,0.432388511559896,0.464233640246041,0.497029578518293,
0.530749526817626,0.565368831540411,0.600864713071814,0.637216039758934,
0.674403138303366,0.712407633358658,0.75121231079161,0.790801000299534,
0.831158473997035,0.872270358283008,0.914123056832209,0.956703682968573,
0.975050043863417),.UNSPECIFIED.);
#71=B_SPLINE_CURVE_WITH_KNOTS('',3,(#4110,#4111,#4112,#4113,#4114,#4115,
#4116,#4117,#4118,#4119,#4120,#4121,#4122,#4123,#4124,#4125,#4126,#4127,
#4128,#4129,#4130,#4131,#4132,#4133,#4134,#4135,#4136,#4137,#4138,#4139,
#4140,#4141,#4142,#4143),.UNSPECIFIED.,.F.,.F.,(4,1,1,1,1,1,1,1,1,1,1,1,
1,1,1,1,1,1,1,1,1,1,1,1,1,1,1,1,1,1,1,4),(0.,0.103000416310753,0.112602086818186,
0.124997787693312,0.139664577964043,0.156295154557825,0.174680948552335,
0.194668413745219,0.216138395335841,0.238994936075388,0.263158603014357,
0.288562227667102,0.315148041388082,0.342865668217028,0.371670670958546,
0.401523468631774,0.432388511559896,0.464233640246041,0.497029578518293,
0.530749526817626,0.565368831540411,0.600864713071814,0.637216039758934,
0.674403138303366,0.712407633358658,0.75121231079161,0.790801000299534,
0.831158473997035,0.872270358283008,0.914123056832209,0.956703682968573,
0.975050043863417),.UNSPECIFIED.);
#72=B_SPLINE_CURVE_WITH_KNOTS('',3,(#4151,#4152,#4153,#4154,#4155,#4156,
#4157,#4158,#4159,#4160,#4161,#4162,#4163,#4164,#4165,#4166,#4167,#4168,
#4169,#4170,#4171,#4172,#4173,#4174,#4175,#4176,#4177,#4178,#4179,#4180,
#4181,#4182,#4183,#4184),.UNSPECIFIED.,.F.,.F.,(4,1,1,1,1,1,1,1,1,1,1,1,
1,1,1,1,1,1,1,1,1,1,1,1,1,1,1,1,1,1,1,4),(0.,0.103000416310753,0.112602086818186,
0.124997787693312,0.139664577964043,0.156295154557825,0.174680948552335,
0.194668413745219,0.216138395335841,0.238994936075388,0.263158603014357,
0.288562227667102,0.315148041388082,0.342865668217028,0.371670670958546,
0.401523468631774,0.432388511559896,0.464233640246041,0.497029578518293,
0.530749526817626,0.565368831540411,0.600864713071814,0.637216039758934,
0.674403138303366,0.712407633358658,0.75121231079161,0.790801000299534,
0.831158473997035,0.872270358283008,0.914123056832209,0.956703682968573,
0.975050043863417),.UNSPECIFIED.);
#73=B_SPLINE_CURVE_WITH_KNOTS('',3,(#4188,#4189,#4190,#4191,#4192,#4193,
#4194,#4195,#4196,#4197,#4198,#4199,#4200,#4201,#4202,#4203,#4204,#4205,
#4206,#4207,#4208,#4209,#4210,#4211,#4212,#4213,#4214,#4215,#4216,#4217,
#4218,#4219,#4220,#4221),.UNSPECIFIED.,.F.,.F.,(4,1,1,1,1,1,1,1,1,1,1,1,
1,1,1,1,1,1,1,1,1,1,1,1,1,1,1,1,1,1,1,4),(0.,0.103000416310753,0.112602086818186,
0.124997787693312,0.139664577964043,0.156295154557825,0.174680948552335,
0.194668413745219,0.216138395335841,0.238994936075388,0.263158603014357,
0.288562227667102,0.315148041388082,0.342865668217028,0.371670670958546,
0.401523468631774,0.432388511559896,0.464233640246041,0.497029578518293,
0.530749526817626,0.565368831540411,0.600864713071814,0.637216039758934,
0.674403138303366,0.712407633358658,0.75121231079161,0.790801000299534,
0.831158473997035,0.872270358283008,0.914123056832209,0.956703682968573,
0.975050043863417),.UNSPECIFIED.);
#74=B_SPLINE_CURVE_WITH_KNOTS('',3,(#4229,#4230,#4231,#4232,#4233,#4234,
#4235,#4236,#4237,#4238,#4239,#4240,#4241,#4242,#4243,#4244,#4245,#4246,
#4247,#4248,#4249,#4250,#4251,#4252,#4253,#4254,#4255,#4256,#4257,#4258,
#4259,#4260,#4261,#4262),.UNSPECIFIED.,.F.,.F.,(4,1,1,1,1,1,1,1,1,1,1,1,
1,1,1,1,1,1,1,1,1,1,1,1,1,1,1,1,1,1,1,4),(0.,0.103000416310753,0.112602086818186,
0.124997787693312,0.139664577964043,0.156295154557825,0.174680948552335,
0.194668413745219,0.216138395335841,0.238994936075388,0.263158603014357,
0.288562227667102,0.315148041388082,0.342865668217028,0.371670670958546,
0.401523468631774,0.432388511559896,0.464233640246041,0.497029578518293,
0.530749526817626,0.565368831540411,0.600864713071814,0.637216039758934,
0.674403138303366,0.712407633358658,0.75121231079161,0.790801000299534,
0.831158473997035,0.872270358283008,0.914123056832209,0.956703682968573,
0.975050043863417),.UNSPECIFIED.);
#75=B_SPLINE_CURVE_WITH_KNOTS('',3,(#4263,#4264,#4265,#4266,#4267,#4268,
#4269,#4270,#4271,#4272,#4273,#4274,#4275,#4276,#4277,#4278,#4279,#4280,
#4281,#4282,#4283,#4284,#4285,#4286,#4287,#4288,#4289,#4290,#4291,#4292,
#4293,#4294,#4295,#4296),.UNSPECIFIED.,.F.,.F.,(4,1,1,1,1,1,1,1,1,1,1,1,
1,1,1,1,1,1,1,1,1,1,1,1,1,1,1,1,1,1,1,4),(0.,0.103000416310753,0.112602086818186,
0.124997787693312,0.139664577964043,0.156295154557825,0.174680948552335,
0.194668413745219,0.216138395335841,0.238994936075388,0.263158603014357,
0.288562227667102,0.315148041388082,0.342865668217028,0.371670670958546,
0.401523468631774,0.432388511559896,0.464233640246041,0.497029578518293,
0.530749526817626,0.565368831540411,0.600864713071814,0.637216039758934,
0.674403138303366,0.712407633358658,0.75121231079161,0.790801000299534,
0.831158473997035,0.872270358283008,0.914123056832209,0.956703682968573,
0.975050043863417),.UNSPECIFIED.);
#76=B_SPLINE_CURVE_WITH_KNOTS('',3,(#4304,#4305,#4306,#4307,#4308,#4309,
#4310,#4311,#4312,#4313,#4314,#4315,#4316,#4317,#4318,#4319,#4320,#4321,
#4322,#4323,#4324,#4325,#4326,#4327,#4328,#4329,#4330,#4331,#4332,#4333,
#4334,#4335,#4336,#4337),.UNSPECIFIED.,.F.,.F.,(4,1,1,1,1,1,1,1,1,1,1,1,
1,1,1,1,1,1,1,1,1,1,1,1,1,1,1,1,1,1,1,4),(0.,0.103000416310753,0.112602086818186,
0.124997787693312,0.139664577964043,0.156295154557825,0.174680948552335,
0.194668413745219,0.216138395335841,0.238994936075388,0.263158603014357,
0.288562227667102,0.315148041388082,0.342865668217028,0.371670670958546,
0.401523468631774,0.432388511559896,0.464233640246041,0.497029578518293,
0.530749526817626,0.565368831540411,0.600864713071814,0.637216039758934,
0.674403138303366,0.712407633358658,0.75121231079161,0.790801000299534,
0.831158473997035,0.872270358283008,0.914123056832209,0.956703682968573,
0.975050043863417),.UNSPECIFIED.);
#77=B_SPLINE_CURVE_WITH_KNOTS('',3,(#4338,#4339,#4340,#4341,#4342,#4343,
#4344,#4345,#4346,#4347,#4348,#4349,#4350,#4351,#4352,#4353,#4354,#4355,
#4356,#4357,#4358,#4359,#4360,#4361,#4362,#4363,#4364,#4365,#4366,#4367,
#4368,#4369,#4370,#4371),.UNSPECIFIED.,.F.,.F.,(4,1,1,1,1,1,1,1,1,1,1,1,
1,1,1,1,1,1,1,1,1,1,1,1,1,1,1,1,1,1,1,4),(0.,0.103000416310753,0.112602086818186,
0.124997787693312,0.139664577964043,0.156295154557825,0.174680948552335,
0.194668413745219,0.216138395335841,0.238994936075388,0.263158603014357,
0.288562227667102,0.315148041388082,0.342865668217028,0.371670670958546,
0.401523468631774,0.432388511559896,0.464233640246041,0.497029578518293,
0.530749526817626,0.565368831540411,0.600864713071814,0.637216039758934,
0.674403138303366,0.712407633358658,0.75121231079161,0.790801000299534,
0.831158473997035,0.872270358283008,0.914123056832209,0.956703682968573,
0.975050043863417),.UNSPECIFIED.);
#78=B_SPLINE_CURVE_WITH_KNOTS('',3,(#4379,#4380,#4381,#4382,#4383,#4384,
#4385,#4386,#4387,#4388,#4389,#4390,#4391,#4392,#4393,#4394,#4395,#4396,
#4397,#4398,#4399,#4400,#4401,#4402,#4403,#4404,#4405,#4406,#4407,#4408,
#4409,#4410,#4411,#4412),.UNSPECIFIED.,.F.,.F.,(4,1,1,1,1,1,1,1,1,1,1,1,
1,1,1,1,1,1,1,1,1,1,1,1,1,1,1,1,1,1,1,4),(0.,0.103000416310753,0.112602086818186,
0.124997787693312,0.139664577964043,0.156295154557825,0.174680948552335,
0.194668413745219,0.216138395335841,0.238994936075388,0.263158603014357,
0.288562227667102,0.315148041388082,0.342865668217028,0.371670670958546,
0.401523468631774,0.432388511559896,0.464233640246041,0.497029578518293,
0.530749526817626,0.565368831540411,0.600864713071814,0.637216039758934,
0.674403138303366,0.712407633358658,0.75121231079161,0.790801000299534,
0.831158473997035,0.872270358283008,0.914123056832209,0.956703682968573,
0.975050043863417),.UNSPECIFIED.);
#79=B_SPLINE_CURVE_WITH_KNOTS('',3,(#4413,#4414,#4415,#4416,#4417,#4418,
#4419,#4420,#4421,#4422,#4423,#4424,#4425,#4426,#4427,#4428,#4429,#4430,
#4431,#4432,#4433,#4434,#4435,#4436,#4437,#4438,#4439,#4440,#4441,#4442,
#4443,#4444,#4445,#4446),.UNSPECIFIED.,.F.,.F.,(4,1,1,1,1,1,1,1,1,1,1,1,
1,1,1,1,1,1,1,1,1,1,1,1,1,1,1,1,1,1,1,4),(0.,0.103000416310753,0.112602086818186,
0.124997787693312,0.139664577964043,0.156295154557825,0.174680948552335,
0.194668413745219,0.216138395335841,0.238994936075388,0.263158603014357,
0.288562227667102,0.315148041388082,0.342865668217028,0.371670670958546,
0.401523468631774,0.432388511559896,0.464233640246041,0.497029578518293,
0.530749526817626,0.565368831540411,0.600864713071814,0.637216039758934,
0.674403138303366,0.712407633358658,0.75121231079161,0.790801000299534,
0.831158473997035,0.872270358283008,0.914123056832209,0.956703682968573,
0.975050043863417),.UNSPECIFIED.);
#80=B_SPLINE_CURVE_WITH_KNOTS('',3,(#4454,#4455,#4456,#4457,#4458,#4459,
#4460,#4461,#4462,#4463,#4464,#4465,#4466,#4467,#4468,#4469,#4470,#4471,
#4472,#4473,#4474,#4475,#4476,#4477,#4478,#4479,#4480,#4481,#4482,#4483,
#4484,#4485,#4486,#4487),.UNSPECIFIED.,.F.,.F.,(4,1,1,1,1,1,1,1,1,1,1,1,
1,1,1,1,1,1,1,1,1,1,1,1,1,1,1,1,1,1,1,4),(0.,0.103000416310753,0.112602086818186,
0.124997787693312,0.139664577964043,0.156295154557825,0.174680948552335,
0.194668413745219,0.216138395335841,0.238994936075388,0.263158603014357,
0.288562227667102,0.315148041388082,0.342865668217028,0.371670670958546,
0.401523468631774,0.432388511559896,0.464233640246041,0.497029578518293,
0.530749526817626,0.565368831540411,0.600864713071814,0.637216039758934,
0.674403138303366,0.712407633358658,0.75121231079161,0.790801000299534,
0.831158473997035,0.872270358283008,0.914123056832209,0.956703682968573,
0.975050043863417),.UNSPECIFIED.);
#81=B_SPLINE_CURVE_WITH_KNOTS('',3,(#4488,#4489,#4490,#4491,#4492,#4493,
#4494,#4495,#4496,#4497,#4498,#4499,#4500,#4501,#4502,#4503,#4504,#4505,
#4506,#4507,#4508,#4509,#4510,#4511,#4512,#4513,#4514,#4515,#4516,#4517,
#4518,#4519,#4520,#4521),.UNSPECIFIED.,.F.,.F.,(4,1,1,1,1,1,1,1,1,1,1,1,
1,1,1,1,1,1,1,1,1,1,1,1,1,1,1,1,1,1,1,4),(0.,0.103000416310753,0.112602086818186,
0.124997787693312,0.139664577964043,0.156295154557825,0.174680948552335,
0.194668413745219,0.216138395335841,0.238994936075388,0.263158603014357,
0.288562227667102,0.315148041388082,0.342865668217028,0.371670670958546,
0.401523468631774,0.432388511559896,0.464233640246041,0.497029578518293,
0.530749526817626,0.565368831540411,0.600864713071814,0.637216039758934,
0.674403138303366,0.712407633358658,0.75121231079161,0.790801000299534,
0.831158473997035,0.872270358283008,0.914123056832209,0.956703682968573,
0.975050043863417),.UNSPECIFIED.);
#82=B_SPLINE_CURVE_WITH_KNOTS('',3,(#4529,#4530,#4531,#4532,#4533,#4534,
#4535,#4536,#4537,#4538,#4539,#4540,#4541,#4542,#4543,#4544,#4545,#4546,
#4547,#4548,#4549,#4550,#4551,#4552,#4553,#4554,#4555,#4556,#4557,#4558,
#4559,#4560,#4561,#4562),.UNSPECIFIED.,.F.,.F.,(4,1,1,1,1,1,1,1,1,1,1,1,
1,1,1,1,1,1,1,1,1,1,1,1,1,1,1,1,1,1,1,4),(0.,0.103000416310753,0.112602086818186,
0.124997787693312,0.139664577964043,0.156295154557825,0.174680948552335,
0.194668413745219,0.216138395335841,0.238994936075388,0.263158603014357,
0.288562227667102,0.315148041388082,0.342865668217028,0.371670670958546,
0.401523468631774,0.432388511559896,0.464233640246041,0.497029578518293,
0.530749526817626,0.565368831540411,0.600864713071814,0.637216039758934,
0.674403138303366,0.712407633358658,0.75121231079161,0.790801000299534,
0.831158473997035,0.872270358283008,0.914123056832209,0.956703682968573,
0.975050043863417),.UNSPECIFIED.);
#83=B_SPLINE_CURVE_WITH_KNOTS('',3,(#4563,#4564,#4565,#4566,#4567,#4568,
#4569,#4570,#4571,#4572,#4573,#4574,#4575,#4576,#4577,#4578,#4579,#4580,
#4581,#4582,#4583,#4584,#4585,#4586,#4587,#4588,#4589,#4590,#4591,#4592,
#4593,#4594,#4595,#4596),.UNSPECIFIED.,.F.,.F.,(4,1,1,1,1,1,1,1,1,1,1,1,
1,1,1,1,1,1,1,1,1,1,1,1,1,1,1,1,1,1,1,4),(0.,0.103000416310753,0.112602086818186,
0.124997787693312,0.139664577964043,0.156295154557825,0.174680948552335,
0.194668413745219,0.216138395335841,0.238994936075388,0.263158603014357,
0.288562227667102,0.315148041388082,0.342865668217028,0.371670670958546,
0.401523468631774,0.432388511559896,0.464233640246041,0.497029578518293,
0.530749526817626,0.565368831540411,0.600864713071814,0.637216039758934,
0.674403138303366,0.712407633358658,0.75121231079161,0.790801000299534,
0.831158473997035,0.872270358283008,0.914123056832209,0.956703682968573,
0.975050043863417),.UNSPECIFIED.);
#84=B_SPLINE_CURVE_WITH_KNOTS('',3,(#4604,#4605,#4606,#4607,#4608,#4609,
#4610,#4611,#4612,#4613,#4614,#4615,#4616,#4617,#4618,#4619,#4620,#4621,
#4622,#4623,#4624,#4625,#4626,#4627,#4628,#4629,#4630,#4631,#4632,#4633,
#4634,#4635,#4636,#4637),.UNSPECIFIED.,.F.,.F.,(4,1,1,1,1,1,1,1,1,1,1,1,
1,1,1,1,1,1,1,1,1,1,1,1,1,1,1,1,1,1,1,4),(0.,0.103000416310753,0.112602086818186,
0.124997787693312,0.139664577964043,0.156295154557825,0.174680948552335,
0.194668413745219,0.216138395335841,0.238994936075388,0.263158603014357,
0.288562227667102,0.315148041388082,0.342865668217028,0.371670670958546,
0.401523468631774,0.432388511559896,0.464233640246041,0.497029578518293,
0.530749526817626,0.565368831540411,0.600864713071814,0.637216039758934,
0.674403138303366,0.712407633358658,0.75121231079161,0.790801000299534,
0.831158473997035,0.872270358283008,0.914123056832209,0.956703682968573,
0.975050043863417),.UNSPECIFIED.);
#85=B_SPLINE_CURVE_WITH_KNOTS('',3,(#4638,#4639,#4640,#4641,#4642,#4643,
#4644,#4645,#4646,#4647,#4648,#4649,#4650,#4651,#4652,#4653,#4654,#4655,
#4656,#4657,#4658,#4659,#4660,#4661,#4662,#4663,#4664,#4665,#4666,#4667,
#4668,#4669,#4670,#4671),.UNSPECIFIED.,.F.,.F.,(4,1,1,1,1,1,1,1,1,1,1,1,
1,1,1,1,1,1,1,1,1,1,1,1,1,1,1,1,1,1,1,4),(0.,0.103000416310753,0.112602086818186,
0.124997787693312,0.139664577964043,0.156295154557825,0.174680948552335,
0.194668413745219,0.216138395335841,0.238994936075388,0.263158603014357,
0.288562227667102,0.315148041388082,0.342865668217028,0.371670670958546,
0.401523468631774,0.432388511559896,0.464233640246041,0.497029578518293,
0.530749526817626,0.565368831540411,0.600864713071814,0.637216039758934,
0.674403138303366,0.712407633358658,0.75121231079161,0.790801000299534,
0.831158473997035,0.872270358283008,0.914123056832209,0.956703682968573,
0.975050043863417),.UNSPECIFIED.);
#86=B_SPLINE_CURVE_WITH_KNOTS('',3,(#4679,#4680,#4681,#4682,#4683,#4684,
#4685,#4686,#4687,#4688,#4689,#4690,#4691,#4692,#4693,#4694,#4695,#4696,
#4697,#4698,#4699,#4700,#4701,#4702,#4703,#4704,#4705,#4706,#4707,#4708,
#4709,#4710,#4711,#4712),.UNSPECIFIED.,.F.,.F.,(4,1,1,1,1,1,1,1,1,1,1,1,
1,1,1,1,1,1,1,1,1,1,1,1,1,1,1,1,1,1,1,4),(0.,0.103000416310753,0.112602086818186,
0.124997787693312,0.139664577964043,0.156295154557825,0.174680948552335,
0.194668413745219,0.216138395335841,0.238994936075388,0.263158603014357,
0.288562227667102,0.315148041388082,0.342865668217028,0.371670670958546,
0.401523468631774,0.432388511559896,0.464233640246041,0.497029578518293,
0.530749526817626,0.565368831540411,0.600864713071814,0.637216039758934,
0.674403138303366,0.712407633358658,0.75121231079161,0.790801000299534,
0.831158473997035,0.872270358283008,0.914123056832209,0.956703682968573,
0.975050043863417),.UNSPECIFIED.);
#87=B_SPLINE_CURVE_WITH_KNOTS('',3,(#4713,#4714,#4715,#4716,#4717,#4718,
#4719,#4720,#4721,#4722,#4723,#4724,#4725,#4726,#4727,#4728,#4729,#4730,
#4731,#4732,#4733,#4734,#4735,#4736,#4737,#4738,#4739,#4740,#4741,#4742,
#4743,#4744,#4745,#4746),.UNSPECIFIED.,.F.,.F.,(4,1,1,1,1,1,1,1,1,1,1,1,
1,1,1,1,1,1,1,1,1,1,1,1,1,1,1,1,1,1,1,4),(0.,0.103000416310753,0.112602086818186,
0.124997787693312,0.139664577964043,0.156295154557825,0.174680948552335,
0.194668413745219,0.216138395335841,0.238994936075388,0.263158603014357,
0.288562227667102,0.315148041388082,0.342865668217028,0.371670670958546,
0.401523468631774,0.432388511559896,0.464233640246041,0.497029578518293,
0.530749526817626,0.565368831540411,0.600864713071814,0.637216039758934,
0.674403138303366,0.712407633358658,0.75121231079161,0.790801000299534,
0.831158473997035,0.872270358283008,0.914123056832209,0.956703682968573,
0.975050043863417),.UNSPECIFIED.);
#88=B_SPLINE_CURVE_WITH_KNOTS('',3,(#4754,#4755,#4756,#4757,#4758,#4759,
#4760,#4761,#4762,#4763,#4764,#4765,#4766,#4767,#4768,#4769,#4770,#4771,
#4772,#4773,#4774,#4775,#4776,#4777,#4778,#4779,#4780,#4781,#4782,#4783,
#4784,#4785,#4786,#4787),.UNSPECIFIED.,.F.,.F.,(4,1,1,1,1,1,1,1,1,1,1,1,
1,1,1,1,1,1,1,1,1,1,1,1,1,1,1,1,1,1,1,4),(0.,0.103000416310753,0.112602086818186,
0.124997787693312,0.139664577964043,0.156295154557825,0.174680948552335,
0.194668413745219,0.216138395335841,0.238994936075388,0.263158603014357,
0.288562227667102,0.315148041388082,0.342865668217028,0.371670670958546,
0.401523468631774,0.432388511559896,0.464233640246041,0.497029578518293,
0.530749526817626,0.565368831540411,0.600864713071814,0.637216039758934,
0.674403138303366,0.712407633358658,0.75121231079161,0.790801000299534,
0.831158473997035,0.872270358283008,0.914123056832209,0.956703682968573,
0.975050043863417),.UNSPECIFIED.);
#89=B_SPLINE_CURVE_WITH_KNOTS('',3,(#4788,#4789,#4790,#4791,#4792,#4793,
#4794,#4795,#4796,#4797,#4798,#4799,#4800,#4801,#4802,#4803,#4804,#4805,
#4806,#4807,#4808,#4809,#4810,#4811,#4812,#4813,#4814,#4815,#4816,#4817,
#4818,#4819,#4820,#4821),.UNSPECIFIED.,.F.,.F.,(4,1,1,1,1,1,1,1,1,1,1,1,
1,1,1,1,1,1,1,1,1,1,1,1,1,1,1,1,1,1,1,4),(0.,0.103000416310753,0.112602086818186,
0.124997787693312,0.139664577964043,0.156295154557825,0.174680948552335,
0.194668413745219,0.216138395335841,0.238994936075388,0.263158603014357,
0.288562227667102,0.315148041388082,0.342865668217028,0.371670670958546,
0.401523468631774,0.432388511559896,0.464233640246041,0.497029578518293,
0.530749526817626,0.565368831540411,0.600864713071814,0.637216039758934,
0.674403138303366,0.712407633358658,0.75121231079161,0.790801000299534,
0.831158473997035,0.872270358283008,0.914123056832209,0.956703682968573,
0.975050043863417),.UNSPECIFIED.);
#90=B_SPLINE_CURVE_WITH_KNOTS('',3,(#4829,#4830,#4831,#4832,#4833,#4834,
#4835,#4836,#4837,#4838,#4839,#4840,#4841,#4842,#4843,#4844,#4845,#4846,
#4847,#4848,#4849,#4850,#4851,#4852,#4853,#4854,#4855,#4856,#4857,#4858,
#4859,#4860,#4861,#4862),.UNSPECIFIED.,.F.,.F.,(4,1,1,1,1,1,1,1,1,1,1,1,
1,1,1,1,1,1,1,1,1,1,1,1,1,1,1,1,1,1,1,4),(0.,0.103000416310753,0.112602086818186,
0.124997787693312,0.139664577964043,0.156295154557825,0.174680948552335,
0.194668413745219,0.216138395335841,0.238994936075388,0.263158603014357,
0.288562227667102,0.315148041388082,0.342865668217028,0.371670670958546,
0.401523468631774,0.432388511559896,0.464233640246041,0.497029578518293,
0.530749526817626,0.565368831540411,0.600864713071814,0.637216039758934,
0.674403138303366,0.712407633358658,0.75121231079161,0.790801000299534,
0.831158473997035,0.872270358283008,0.914123056832209,0.956703682968573,
0.975050043863417),.UNSPECIFIED.);
#91=B_SPLINE_CURVE_WITH_KNOTS('',3,(#4863,#4864,#4865,#4866,#4867,#4868,
#4869,#4870,#4871,#4872,#4873,#4874,#4875,#4876,#4877,#4878,#4879,#4880,
#4881,#4882,#4883,#4884,#4885,#4886,#4887,#4888,#4889,#4890,#4891,#4892,
#4893,#4894,#4895,#4896),.UNSPECIFIED.,.F.,.F.,(4,1,1,1,1,1,1,1,1,1,1,1,
1,1,1,1,1,1,1,1,1,1,1,1,1,1,1,1,1,1,1,4),(0.,0.103000416310753,0.112602086818186,
0.124997787693312,0.139664577964043,0.156295154557825,0.174680948552335,
0.194668413745219,0.216138395335841,0.238994936075388,0.263158603014357,
0.288562227667102,0.315148041388082,0.342865668217028,0.371670670958546,
0.401523468631774,0.432388511559896,0.464233640246041,0.497029578518293,
0.530749526817626,0.565368831540411,0.600864713071814,0.637216039758934,
0.674403138303366,0.712407633358658,0.75121231079161,0.790801000299534,
0.831158473997035,0.872270358283008,0.914123056832209,0.956703682968573,
0.975050043863417),.UNSPECIFIED.);
#92=B_SPLINE_CURVE_WITH_KNOTS('',3,(#4915,#4916,#4917,#4918,#4919,#4920,
#4921,#4922,#4923,#4924,#4925,#4926,#4927,#4928,#4929,#4930,#4931,#4932,
#4933,#4934,#4935,#4936,#4937,#4938,#4939,#4940,#4941,#4942,#4943,#4944,
#4945,#4946,#4947,#4948),.UNSPECIFIED.,.F.,.F.,(4,1,1,1,1,1,1,1,1,1,1,1,
1,1,1,1,1,1,1,1,1,1,1,1,1,1,1,1,1,1,1,4),(0.,0.103000416310753,0.112602086818186,
0.124997787693312,0.139664577964043,0.156295154557825,0.174680948552335,
0.194668413745219,0.216138395335841,0.238994936075388,0.263158603014357,
0.288562227667102,0.315148041388082,0.342865668217028,0.371670670958546,
0.401523468631774,0.432388511559896,0.464233640246041,0.497029578518293,
0.530749526817626,0.565368831540411,0.600864713071814,0.637216039758934,
0.674403138303366,0.712407633358658,0.75121231079161,0.790801000299534,
0.831158473997035,0.872270358283008,0.914123056832209,0.956703682968573,
0.975050043863417),.UNSPECIFIED.);
#93=B_SPLINE_CURVE_WITH_KNOTS('',3,(#4949,#4950,#4951,#4952,#4953,#4954,
#4955,#4956,#4957,#4958,#4959,#4960,#4961,#4962,#4963,#4964,#4965,#4966,
#4967,#4968,#4969,#4970,#4971,#4972,#4973,#4974,#4975,#4976,#4977,#4978,
#4979,#4980,#4981,#4982),.UNSPECIFIED.,.F.,.F.,(4,1,1,1,1,1,1,1,1,1,1,1,
1,1,1,1,1,1,1,1,1,1,1,1,1,1,1,1,1,1,1,4),(0.,0.103000416310753,0.112602086818186,
0.124997787693312,0.139664577964043,0.156295154557825,0.174680948552335,
0.194668413745219,0.216138395335841,0.238994936075388,0.263158603014357,
0.288562227667102,0.315148041388082,0.342865668217028,0.371670670958546,
0.401523468631774,0.432388511559896,0.464233640246041,0.497029578518293,
0.530749526817626,0.565368831540411,0.600864713071814,0.637216039758934,
0.674403138303366,0.712407633358658,0.75121231079161,0.790801000299534,
0.831158473997035,0.872270358283008,0.914123056832209,0.956703682968573,
0.975050043863417),.UNSPECIFIED.);
#94=B_SPLINE_CURVE_WITH_KNOTS('',3,(#4990,#4991,#4992,#4993,#4994,#4995,
#4996,#4997,#4998,#4999,#5000,#5001,#5002,#5003,#5004,#5005,#5006,#5007,
#5008,#5009,#5010,#5011,#5012,#5013,#5014,#5015,#5016,#5017,#5018,#5019,
#5020,#5021,#5022,#5023),.UNSPECIFIED.,.F.,.F.,(4,1,1,1,1,1,1,1,1,1,1,1,
1,1,1,1,1,1,1,1,1,1,1,1,1,1,1,1,1,1,1,4),(0.,0.103000416310753,0.112602086818186,
0.124997787693312,0.139664577964043,0.156295154557825,0.174680948552335,
0.194668413745219,0.216138395335841,0.238994936075388,0.263158603014357,
0.288562227667102,0.315148041388082,0.342865668217028,0.371670670958546,
0.401523468631774,0.432388511559896,0.464233640246041,0.497029578518293,
0.530749526817626,0.565368831540411,0.600864713071814,0.637216039758934,
0.674403138303366,0.712407633358658,0.75121231079161,0.790801000299534,
0.831158473997035,0.872270358283008,0.914123056832209,0.956703682968573,
0.975050043863417),.UNSPECIFIED.);
#95=B_SPLINE_CURVE_WITH_KNOTS('',3,(#5024,#5025,#5026,#5027,#5028,#5029,
#5030,#5031,#5032,#5033,#5034,#5035,#5036,#5037,#5038,#5039,#5040,#5041,
#5042,#5043,#5044,#5045,#5046,#5047,#5048,#5049,#5050,#5051,#5052,#5053,
#5054,#5055,#5056,#5057),.UNSPECIFIED.,.F.,.F.,(4,1,1,1,1,1,1,1,1,1,1,1,
1,1,1,1,1,1,1,1,1,1,1,1,1,1,1,1,1,1,1,4),(0.,0.103000416310753,0.112602086818186,
0.124997787693312,0.139664577964043,0.156295154557825,0.174680948552335,
0.194668413745219,0.216138395335841,0.238994936075388,0.263158603014357,
0.288562227667102,0.315148041388082,0.342865668217028,0.371670670958546,
0.401523468631774,0.432388511559896,0.464233640246041,0.497029578518293,
0.530749526817626,0.565368831540411,0.600864713071814,0.637216039758934,
0.674403138303366,0.712407633358658,0.75121231079161,0.790801000299534,
0.831158473997035,0.872270358283008,0.914123056832209,0.956703682968573,
0.975050043863417),.UNSPECIFIED.);
#96=B_SPLINE_CURVE_WITH_KNOTS('',3,(#5065,#5066,#5067,#5068,#5069,#5070,
#5071,#5072,#5073,#5074,#5075,#5076,#5077,#5078,#5079,#5080,#5081,#5082,
#5083,#5084,#5085,#5086,#5087,#5088,#5089,#5090,#5091,#5092,#5093,#5094,
#5095,#5096,#5097,#5098),.UNSPECIFIED.,.F.,.F.,(4,1,1,1,1,1,1,1,1,1,1,1,
1,1,1,1,1,1,1,1,1,1,1,1,1,1,1,1,1,1,1,4),(0.,0.103000416310753,0.112602086818186,
0.124997787693312,0.139664577964043,0.156295154557825,0.174680948552335,
0.194668413745219,0.216138395335841,0.238994936075388,0.263158603014357,
0.288562227667102,0.315148041388082,0.342865668217028,0.371670670958546,
0.401523468631774,0.432388511559896,0.464233640246041,0.497029578518293,
0.530749526817626,0.565368831540411,0.600864713071814,0.637216039758934,
0.674403138303366,0.712407633358658,0.75121231079161,0.790801000299534,
0.831158473997035,0.872270358283008,0.914123056832209,0.956703682968573,
0.975050043863417),.UNSPECIFIED.);
#97=B_SPLINE_CURVE_WITH_KNOTS('',3,(#5099,#5100,#5101,#5102,#5103,#5104,
#5105,#5106,#5107,#5108,#5109,#5110,#5111,#5112,#5113,#5114,#5115,#5116,
#5117,#5118,#5119,#5120,#5121,#5122,#5123,#5124,#5125,#5126,#5127,#5128,
#5129,#5130,#5131,#5132),.UNSPECIFIED.,.F.,.F.,(4,1,1,1,1,1,1,1,1,1,1,1,
1,1,1,1,1,1,1,1,1,1,1,1,1,1,1,1,1,1,1,4),(0.,0.103000416310753,0.112602086818186,
0.124997787693312,0.139664577964043,0.156295154557825,0.174680948552335,
0.194668413745219,0.216138395335841,0.238994936075388,0.263158603014357,
0.288562227667102,0.315148041388082,0.342865668217028,0.371670670958546,
0.401523468631774,0.432388511559896,0.464233640246041,0.497029578518293,
0.530749526817626,0.565368831540411,0.600864713071814,0.637216039758934,
0.674403138303366,0.712407633358658,0.75121231079161,0.790801000299534,
0.831158473997035,0.872270358283008,0.914123056832209,0.956703682968573,
0.975050043863417),.UNSPECIFIED.);
#98=B_SPLINE_CURVE_WITH_KNOTS('',3,(#5140,#5141,#5142,#5143,#5144,#5145,
#5146,#5147,#5148,#5149,#5150,#5151,#5152,#5153,#5154,#5155,#5156,#5157,
#5158,#5159,#5160,#5161,#5162,#5163,#5164,#5165,#5166,#5167,#5168,#5169,
#5170,#5171,#5172,#5173),.UNSPECIFIED.,.F.,.F.,(4,1,1,1,1,1,1,1,1,1,1,1,
1,1,1,1,1,1,1,1,1,1,1,1,1,1,1,1,1,1,1,4),(0.,0.103000416310753,0.112602086818186,
0.124997787693312,0.139664577964043,0.156295154557825,0.174680948552335,
0.194668413745219,0.216138395335841,0.238994936075388,0.263158603014357,
0.288562227667102,0.315148041388082,0.342865668217028,0.371670670958546,
0.401523468631774,0.432388511559896,0.464233640246041,0.497029578518293,
0.530749526817626,0.565368831540411,0.600864713071814,0.637216039758934,
0.674403138303366,0.712407633358658,0.75121231079161,0.790801000299534,
0.831158473997035,0.872270358283008,0.914123056832209,0.956703682968573,
0.975050043863417),.UNSPECIFIED.);
#99=B_SPLINE_CURVE_WITH_KNOTS('',3,(#5174,#5175,#5176,#5177,#5178,#5179,
#5180,#5181,#5182,#5183,#5184,#5185,#5186,#5187,#5188,#5189,#5190,#5191,
#5192,#5193,#5194,#5195,#5196,#5197,#5198,#5199,#5200,#5201,#5202,#5203,
#5204,#5205,#5206,#5207),.UNSPECIFIED.,.F.,.F.,(4,1,1,1,1,1,1,1,1,1,1,1,
1,1,1,1,1,1,1,1,1,1,1,1,1,1,1,1,1,1,1,4),(0.,0.103000416310753,0.112602086818186,
0.124997787693312,0.139664577964043,0.156295154557825,0.174680948552335,
0.194668413745219,0.216138395335841,0.238994936075388,0.263158603014357,
0.288562227667102,0.315148041388082,0.342865668217028,0.371670670958546,
0.401523468631774,0.432388511559896,0.464233640246041,0.497029578518293,
0.530749526817626,0.565368831540411,0.600864713071814,0.637216039758934,
0.674403138303366,0.712407633358658,0.75121231079161,0.790801000299534,
0.831158473997035,0.872270358283008,0.914123056832209,0.956703682968573,
0.975050043863417),.UNSPECIFIED.);
#100=B_SPLINE_CURVE_WITH_KNOTS('',3,(#5215,#5216,#5217,#5218,#5219,#5220,
#5221,#5222,#5223,#5224,#5225,#5226,#5227,#5228,#5229,#5230,#5231,#5232,
#5233,#5234,#5235,#5236,#5237,#5238,#5239,#5240,#5241,#5242,#5243,#5244,
#5245,#5246,#5247,#5248),.UNSPECIFIED.,.F.,.F.,(4,1,1,1,1,1,1,1,1,1,1,1,
1,1,1,1,1,1,1,1,1,1,1,1,1,1,1,1,1,1,1,4),(0.,0.103000416310753,0.112602086818186,
0.124997787693312,0.139664577964043,0.156295154557825,0.174680948552335,
0.194668413745219,0.216138395335841,0.238994936075388,0.263158603014357,
0.288562227667102,0.315148041388082,0.342865668217028,0.371670670958546,
0.401523468631774,0.432388511559896,0.464233640246041,0.497029578518293,
0.530749526817626,0.565368831540411,0.600864713071814,0.637216039758934,
0.674403138303366,0.712407633358658,0.75121231079161,0.790801000299534,
0.831158473997035,0.872270358283008,0.914123056832209,0.956703682968573,
0.975050043863417),.UNSPECIFIED.);
#101=B_SPLINE_CURVE_WITH_KNOTS('',3,(#5249,#5250,#5251,#5252,#5253,#5254,
#5255,#5256,#5257,#5258,#5259,#5260,#5261,#5262,#5263,#5264,#5265,#5266,
#5267,#5268,#5269,#5270,#5271,#5272,#5273,#5274,#5275,#5276,#5277,#5278,
#5279,#5280,#5281,#5282),.UNSPECIFIED.,.F.,.F.,(4,1,1,1,1,1,1,1,1,1,1,1,
1,1,1,1,1,1,1,1,1,1,1,1,1,1,1,1,1,1,1,4),(0.,0.103000416310753,0.112602086818186,
0.124997787693312,0.139664577964043,0.156295154557825,0.174680948552335,
0.194668413745219,0.216138395335841,0.238994936075388,0.263158603014357,
0.288562227667102,0.315148041388082,0.342865668217028,0.371670670958546,
0.401523468631774,0.432388511559896,0.464233640246041,0.497029578518293,
0.530749526817626,0.565368831540411,0.600864713071814,0.637216039758934,
0.674403138303366,0.712407633358658,0.75121231079161,0.790801000299534,
0.831158473997035,0.872270358283008,0.914123056832209,0.956703682968573,
0.975050043863417),.UNSPECIFIED.);
#102=B_SPLINE_CURVE_WITH_KNOTS('',3,(#5290,#5291,#5292,#5293,#5294,#5295,
#5296,#5297,#5298,#5299,#5300,#5301,#5302,#5303,#5304,#5305,#5306,#5307,
#5308,#5309,#5310,#5311,#5312,#5313,#5314,#5315,#5316,#5317,#5318,#5319,
#5320,#5321,#5322,#5323),.UNSPECIFIED.,.F.,.F.,(4,1,1,1,1,1,1,1,1,1,1,1,
1,1,1,1,1,1,1,1,1,1,1,1,1,1,1,1,1,1,1,4),(0.,0.103000416310753,0.112602086818186,
0.124997787693312,0.139664577964043,0.156295154557825,0.174680948552335,
0.194668413745219,0.216138395335841,0.238994936075388,0.263158603014357,
0.288562227667102,0.315148041388082,0.342865668217028,0.371670670958546,
0.401523468631774,0.432388511559896,0.464233640246041,0.497029578518293,
0.530749526817626,0.565368831540411,0.600864713071814,0.637216039758934,
0.674403138303366,0.712407633358658,0.75121231079161,0.790801000299534,
0.831158473997035,0.872270358283008,0.914123056832209,0.956703682968573,
0.975050043863417),.UNSPECIFIED.);
#103=B_SPLINE_CURVE_WITH_KNOTS('',3,(#5324,#5325,#5326,#5327,#5328,#5329,
#5330,#5331,#5332,#5333,#5334,#5335,#5336,#5337,#5338,#5339,#5340,#5341,
#5342,#5343,#5344,#5345,#5346,#5347,#5348,#5349,#5350,#5351,#5352,#5353,
#5354,#5355,#5356,#5357),.UNSPECIFIED.,.F.,.F.,(4,1,1,1,1,1,1,1,1,1,1,1,
1,1,1,1,1,1,1,1,1,1,1,1,1,1,1,1,1,1,1,4),(0.,0.103000416310753,0.112602086818186,
0.124997787693312,0.139664577964043,0.156295154557825,0.174680948552335,
0.194668413745219,0.216138395335841,0.238994936075388,0.263158603014357,
0.288562227667102,0.315148041388082,0.342865668217028,0.371670670958546,
0.401523468631774,0.432388511559896,0.464233640246041,0.497029578518293,
0.530749526817626,0.565368831540411,0.600864713071814,0.637216039758934,
0.674403138303366,0.712407633358658,0.75121231079161,0.790801000299534,
0.831158473997035,0.872270358283008,0.914123056832209,0.956703682968573,
0.975050043863417),.UNSPECIFIED.);
#104=B_SPLINE_CURVE_WITH_KNOTS('',3,(#5365,#5366,#5367,#5368,#5369,#5370,
#5371,#5372,#5373,#5374,#5375,#5376,#5377,#5378,#5379,#5380,#5381,#5382,
#5383,#5384,#5385,#5386,#5387,#5388,#5389,#5390,#5391,#5392,#5393,#5394,
#5395,#5396,#5397,#5398),.UNSPECIFIED.,.F.,.F.,(4,1,1,1,1,1,1,1,1,1,1,1,
1,1,1,1,1,1,1,1,1,1,1,1,1,1,1,1,1,1,1,4),(0.,0.103000416310753,0.112602086818186,
0.124997787693312,0.139664577964043,0.156295154557825,0.174680948552335,
0.194668413745219,0.216138395335841,0.238994936075388,0.263158603014357,
0.288562227667102,0.315148041388082,0.342865668217028,0.371670670958546,
0.401523468631774,0.432388511559896,0.464233640246041,0.497029578518293,
0.530749526817626,0.565368831540411,0.600864713071814,0.637216039758934,
0.674403138303366,0.712407633358658,0.75121231079161,0.790801000299534,
0.831158473997035,0.872270358283008,0.914123056832209,0.956703682968573,
0.975050043863417),.UNSPECIFIED.);
#105=B_SPLINE_CURVE_WITH_KNOTS('',3,(#5399,#5400,#5401,#5402,#5403,#5404,
#5405,#5406,#5407,#5408,#5409,#5410,#5411,#5412,#5413,#5414,#5415,#5416,
#5417,#5418,#5419,#5420,#5421,#5422,#5423,#5424,#5425,#5426,#5427,#5428,
#5429,#5430,#5431,#5432),.UNSPECIFIED.,.F.,.F.,(4,1,1,1,1,1,1,1,1,1,1,1,
1,1,1,1,1,1,1,1,1,1,1,1,1,1,1,1,1,1,1,4),(0.,0.103000416310753,0.112602086818186,
0.124997787693312,0.139664577964043,0.156295154557825,0.174680948552335,
0.194668413745219,0.216138395335841,0.238994936075388,0.263158603014357,
0.288562227667102,0.315148041388082,0.342865668217028,0.371670670958546,
0.401523468631774,0.432388511559896,0.464233640246041,0.497029578518293,
0.530749526817626,0.565368831540411,0.600864713071814,0.637216039758934,
0.674403138303366,0.712407633358658,0.75121231079161,0.790801000299534,
0.831158473997035,0.872270358283008,0.914123056832209,0.956703682968573,
0.975050043863417),.UNSPECIFIED.);
#106=B_SPLINE_CURVE_WITH_KNOTS('',3,(#5440,#5441,#5442,#5443,#5444,#5445,
#5446,#5447,#5448,#5449,#5450,#5451,#5452,#5453,#5454,#5455,#5456,#5457,
#5458,#5459,#5460,#5461,#5462,#5463,#5464,#5465,#5466,#5467,#5468,#5469,
#5470,#5471,#5472,#5473),.UNSPECIFIED.,.F.,.F.,(4,1,1,1,1,1,1,1,1,1,1,1,
1,1,1,1,1,1,1,1,1,1,1,1,1,1,1,1,1,1,1,4),(0.,0.103000416310753,0.112602086818186,
0.124997787693312,0.139664577964043,0.156295154557825,0.174680948552335,
0.194668413745219,0.216138395335841,0.238994936075388,0.263158603014357,
0.288562227667102,0.315148041388082,0.342865668217028,0.371670670958546,
0.401523468631774,0.432388511559896,0.464233640246041,0.497029578518293,
0.530749526817626,0.565368831540411,0.600864713071814,0.637216039758934,
0.674403138303366,0.712407633358658,0.75121231079161,0.790801000299534,
0.831158473997035,0.872270358283008,0.914123056832209,0.956703682968573,
0.975050043863417),.UNSPECIFIED.);
#107=B_SPLINE_CURVE_WITH_KNOTS('',3,(#5474,#5475,#5476,#5477,#5478,#5479,
#5480,#5481,#5482,#5483,#5484,#5485,#5486,#5487,#5488,#5489,#5490,#5491,
#5492,#5493,#5494,#5495,#5496,#5497,#5498,#5499,#5500,#5501,#5502,#5503,
#5504,#5505,#5506,#5507),.UNSPECIFIED.,.F.,.F.,(4,1,1,1,1,1,1,1,1,1,1,1,
1,1,1,1,1,1,1,1,1,1,1,1,1,1,1,1,1,1,1,4),(0.,0.103000416310753,0.112602086818186,
0.124997787693312,0.139664577964043,0.156295154557825,0.174680948552335,
0.194668413745219,0.216138395335841,0.238994936075388,0.263158603014357,
0.288562227667102,0.315148041388082,0.342865668217028,0.371670670958546,
0.401523468631774,0.432388511559896,0.464233640246041,0.497029578518293,
0.530749526817626,0.565368831540411,0.600864713071814,0.637216039758934,
0.674403138303366,0.712407633358658,0.75121231079161,0.790801000299534,
0.831158473997035,0.872270358283008,0.914123056832209,0.956703682968573,
0.975050043863417),.UNSPECIFIED.);
#108=B_SPLINE_CURVE_WITH_KNOTS('',3,(#5515,#5516,#5517,#5518,#5519,#5520,
#5521,#5522,#5523,#5524,#5525,#5526,#5527,#5528,#5529,#5530,#5531,#5532,
#5533,#5534,#5535,#5536,#5537,#5538,#5539,#5540,#5541,#5542,#5543,#5544,
#5545,#5546,#5547,#5548),.UNSPECIFIED.,.F.,.F.,(4,1,1,1,1,1,1,1,1,1,1,1,
1,1,1,1,1,1,1,1,1,1,1,1,1,1,1,1,1,1,1,4),(0.,0.103000416310753,0.112602086818186,
0.124997787693312,0.139664577964043,0.156295154557825,0.174680948552335,
0.194668413745219,0.216138395335841,0.238994936075388,0.263158603014357,
0.288562227667102,0.315148041388082,0.342865668217028,0.371670670958546,
0.401523468631774,0.432388511559896,0.464233640246041,0.497029578518293,
0.530749526817626,0.565368831540411,0.600864713071814,0.637216039758934,
0.674403138303366,0.712407633358658,0.75121231079161,0.790801000299534,
0.831158473997035,0.872270358283008,0.914123056832209,0.956703682968573,
0.975050043863417),.UNSPECIFIED.);
#109=B_SPLINE_CURVE_WITH_KNOTS('',3,(#5549,#5550,#5551,#5552,#5553,#5554,
#5555,#5556,#5557,#5558,#5559,#5560,#5561,#5562,#5563,#5564,#5565,#5566,
#5567,#5568,#5569,#5570,#5571,#5572,#5573,#5574,#5575,#5576,#5577,#5578,
#5579,#5580,#5581,#5582),.UNSPECIFIED.,.F.,.F.,(4,1,1,1,1,1,1,1,1,1,1,1,
1,1,1,1,1,1,1,1,1,1,1,1,1,1,1,1,1,1,1,4),(0.,0.103000416310753,0.112602086818186,
0.124997787693312,0.139664577964043,0.156295154557825,0.174680948552335,
0.194668413745219,0.216138395335841,0.238994936075388,0.263158603014357,
0.288562227667102,0.315148041388082,0.342865668217028,0.371670670958546,
0.401523468631774,0.432388511559896,0.464233640246041,0.497029578518293,
0.530749526817626,0.565368831540411,0.600864713071814,0.637216039758934,
0.674403138303366,0.712407633358658,0.75121231079161,0.790801000299534,
0.831158473997035,0.872270358283008,0.914123056832209,0.956703682968573,
0.975050043863417),.UNSPECIFIED.);
#110=B_SPLINE_CURVE_WITH_KNOTS('',3,(#5590,#5591,#5592,#5593,#5594,#5595,
#5596,#5597,#5598,#5599,#5600,#5601,#5602,#5603,#5604,#5605,#5606,#5607,
#5608,#5609,#5610,#5611,#5612,#5613,#5614,#5615,#5616,#5617,#5618,#5619,
#5620,#5621,#5622,#5623),.UNSPECIFIED.,.F.,.F.,(4,1,1,1,1,1,1,1,1,1,1,1,
1,1,1,1,1,1,1,1,1,1,1,1,1,1,1,1,1,1,1,4),(0.,0.103000416310753,0.112602086818186,
0.124997787693312,0.139664577964043,0.156295154557825,0.174680948552335,
0.194668413745219,0.216138395335841,0.238994936075388,0.263158603014357,
0.288562227667102,0.315148041388082,0.342865668217028,0.371670670958546,
0.401523468631774,0.432388511559896,0.464233640246041,0.497029578518293,
0.530749526817626,0.565368831540411,0.600864713071814,0.637216039758934,
0.674403138303366,0.712407633358658,0.75121231079161,0.790801000299534,
0.831158473997035,0.872270358283008,0.914123056832209,0.956703682968573,
0.975050043863417),.UNSPECIFIED.);
#111=B_SPLINE_CURVE_WITH_KNOTS('',3,(#5624,#5625,#5626,#5627,#5628,#5629,
#5630,#5631,#5632,#5633,#5634,#5635,#5636,#5637,#5638,#5639,#5640,#5641,
#5642,#5643,#5644,#5645,#5646,#5647,#5648,#5649,#5650,#5651,#5652,#5653,
#5654,#5655,#5656,#5657),.UNSPECIFIED.,.F.,.F.,(4,1,1,1,1,1,1,1,1,1,1,1,
1,1,1,1,1,1,1,1,1,1,1,1,1,1,1,1,1,1,1,4),(0.,0.103000416310753,0.112602086818186,
0.124997787693312,0.139664577964043,0.156295154557825,0.174680948552335,
0.194668413745219,0.216138395335841,0.238994936075388,0.263158603014357,
0.288562227667102,0.315148041388082,0.342865668217028,0.371670670958546,
0.401523468631774,0.432388511559896,0.464233640246041,0.497029578518293,
0.530749526817626,0.565368831540411,0.600864713071814,0.637216039758934,
0.674403138303366,0.712407633358658,0.75121231079161,0.790801000299534,
0.831158473997035,0.872270358283008,0.914123056832209,0.956703682968573,
0.975050043863417),.UNSPECIFIED.);
#112=B_SPLINE_CURVE_WITH_KNOTS('',3,(#5665,#5666,#5667,#5668,#5669,#5670,
#5671,#5672,#5673,#5674,#5675,#5676,#5677,#5678,#5679,#5680,#5681,#5682,
#5683,#5684,#5685,#5686,#5687,#5688,#5689,#5690,#5691,#5692,#5693,#5694,
#5695,#5696,#5697,#5698),.UNSPECIFIED.,.F.,.F.,(4,1,1,1,1,1,1,1,1,1,1,1,
1,1,1,1,1,1,1,1,1,1,1,1,1,1,1,1,1,1,1,4),(0.,0.103000416310753,0.112602086818186,
0.124997787693312,0.139664577964043,0.156295154557825,0.174680948552335,
0.194668413745219,0.216138395335841,0.238994936075388,0.263158603014357,
0.288562227667102,0.315148041388082,0.342865668217028,0.371670670958546,
0.401523468631774,0.432388511559896,0.464233640246041,0.497029578518293,
0.530749526817626,0.565368831540411,0.600864713071814,0.637216039758934,
0.674403138303366,0.712407633358658,0.75121231079161,0.790801000299534,
0.831158473997035,0.872270358283008,0.914123056832209,0.956703682968573,
0.975050043863417),.UNSPECIFIED.);
#113=B_SPLINE_CURVE_WITH_KNOTS('',3,(#5699,#5700,#5701,#5702,#5703,#5704,
#5705,#5706,#5707,#5708,#5709,#5710,#5711,#5712,#5713,#5714,#5715,#5716,
#5717,#5718,#5719,#5720,#5721,#5722,#5723,#5724,#5725,#5726,#5727,#5728,
#5729,#5730,#5731,#5732),.UNSPECIFIED.,.F.,.F.,(4,1,1,1,1,1,1,1,1,1,1,1,
1,1,1,1,1,1,1,1,1,1,1,1,1,1,1,1,1,1,1,4),(0.,0.103000416310753,0.112602086818186,
0.124997787693312,0.139664577964043,0.156295154557825,0.174680948552335,
0.194668413745219,0.216138395335841,0.238994936075388,0.263158603014357,
0.288562227667102,0.315148041388082,0.342865668217028,0.371670670958546,
0.401523468631774,0.432388511559896,0.464233640246041,0.497029578518293,
0.530749526817626,0.565368831540411,0.600864713071814,0.637216039758934,
0.674403138303366,0.712407633358658,0.75121231079161,0.790801000299534,
0.831158473997035,0.872270358283008,0.914123056832209,0.956703682968573,
0.975050043863417),.UNSPECIFIED.);
#114=B_SPLINE_CURVE_WITH_KNOTS('',3,(#5740,#5741,#5742,#5743,#5744,#5745,
#5746,#5747,#5748,#5749,#5750,#5751,#5752,#5753,#5754,#5755,#5756,#5757,
#5758,#5759,#5760,#5761,#5762,#5763,#5764,#5765,#5766,#5767,#5768,#5769,
#5770,#5771,#5772,#5773),.UNSPECIFIED.,.F.,.F.,(4,1,1,1,1,1,1,1,1,1,1,1,
1,1,1,1,1,1,1,1,1,1,1,1,1,1,1,1,1,1,1,4),(0.,0.103000416310753,0.112602086818186,
0.124997787693312,0.139664577964043,0.156295154557825,0.174680948552335,
0.194668413745219,0.216138395335841,0.238994936075388,0.263158603014357,
0.288562227667102,0.315148041388082,0.342865668217028,0.371670670958546,
0.401523468631774,0.432388511559896,0.464233640246041,0.497029578518293,
0.530749526817626,0.565368831540411,0.600864713071814,0.637216039758934,
0.674403138303366,0.712407633358658,0.75121231079161,0.790801000299534,
0.831158473997035,0.872270358283008,0.914123056832209,0.956703682968573,
0.975050043863417),.UNSPECIFIED.);
#115=B_SPLINE_CURVE_WITH_KNOTS('',3,(#5774,#5775,#5776,#5777,#5778,#5779,
#5780,#5781,#5782,#5783,#5784,#5785,#5786,#5787,#5788,#5789,#5790,#5791,
#5792,#5793,#5794,#5795,#5796,#5797,#5798,#5799,#5800,#5801,#5802,#5803,
#5804,#5805,#5806,#5807),.UNSPECIFIED.,.F.,.F.,(4,1,1,1,1,1,1,1,1,1,1,1,
1,1,1,1,1,1,1,1,1,1,1,1,1,1,1,1,1,1,1,4),(0.,0.103000416310753,0.112602086818186,
0.124997787693312,0.139664577964043,0.156295154557825,0.174680948552335,
0.194668413745219,0.216138395335841,0.238994936075388,0.263158603014357,
0.288562227667102,0.315148041388082,0.342865668217028,0.371670670958546,
0.401523468631774,0.432388511559896,0.464233640246041,0.497029578518293,
0.530749526817626,0.565368831540411,0.600864713071814,0.637216039758934,
0.674403138303366,0.712407633358658,0.75121231079161,0.790801000299534,
0.831158473997035,0.872270358283008,0.914123056832209,0.956703682968573,
0.975050043863417),.UNSPECIFIED.);
#116=B_SPLINE_CURVE_WITH_KNOTS('',3,(#5815,#5816,#5817,#5818,#5819,#5820,
#5821,#5822,#5823,#5824,#5825,#5826,#5827,#5828,#5829,#5830,#5831,#5832,
#5833,#5834,#5835,#5836,#5837,#5838,#5839,#5840,#5841,#5842,#5843,#5844,
#5845,#5846,#5847,#5848),.UNSPECIFIED.,.F.,.F.,(4,1,1,1,1,1,1,1,1,1,1,1,
1,1,1,1,1,1,1,1,1,1,1,1,1,1,1,1,1,1,1,4),(0.,0.103000416310753,0.112602086818186,
0.124997787693312,0.139664577964043,0.156295154557825,0.174680948552335,
0.194668413745219,0.216138395335841,0.238994936075388,0.263158603014357,
0.288562227667102,0.315148041388082,0.342865668217028,0.371670670958546,
0.401523468631774,0.432388511559896,0.464233640246041,0.497029578518293,
0.530749526817626,0.565368831540411,0.600864713071814,0.637216039758934,
0.674403138303366,0.712407633358658,0.75121231079161,0.790801000299534,
0.831158473997035,0.872270358283008,0.914123056832209,0.956703682968573,
0.975050043863417),.UNSPECIFIED.);
#117=B_SPLINE_CURVE_WITH_KNOTS('',3,(#5849,#5850,#5851,#5852,#5853,#5854,
#5855,#5856,#5857,#5858,#5859,#5860,#5861,#5862,#5863,#5864,#5865,#5866,
#5867,#5868,#5869,#5870,#5871,#5872,#5873,#5874,#5875,#5876,#5877,#5878,
#5879,#5880,#5881,#5882),.UNSPECIFIED.,.F.,.F.,(4,1,1,1,1,1,1,1,1,1,1,1,
1,1,1,1,1,1,1,1,1,1,1,1,1,1,1,1,1,1,1,4),(0.,0.103000416310753,0.112602086818186,
0.124997787693312,0.139664577964043,0.156295154557825,0.174680948552335,
0.194668413745219,0.216138395335841,0.238994936075388,0.263158603014357,
0.288562227667102,0.315148041388082,0.342865668217028,0.371670670958546,
0.401523468631774,0.432388511559896,0.464233640246041,0.497029578518293,
0.530749526817626,0.565368831540411,0.600864713071814,0.637216039758934,
0.674403138303366,0.712407633358658,0.75121231079161,0.790801000299534,
0.831158473997035,0.872270358283008,0.914123056832209,0.956703682968573,
0.975050043863417),.UNSPECIFIED.);
#118=B_SPLINE_CURVE_WITH_KNOTS('',3,(#5890,#5891,#5892,#5893,#5894,#5895,
#5896,#5897,#5898,#5899,#5900,#5901,#5902,#5903,#5904,#5905,#5906,#5907,
#5908,#5909,#5910,#5911,#5912,#5913,#5914,#5915,#5916,#5917,#5918,#5919,
#5920,#5921,#5922,#5923),.UNSPECIFIED.,.F.,.F.,(4,1,1,1,1,1,1,1,1,1,1,1,
1,1,1,1,1,1,1,1,1,1,1,1,1,1,1,1,1,1,1,4),(0.,0.103000416310753,0.112602086818186,
0.124997787693312,0.139664577964043,0.156295154557825,0.174680948552335,
0.194668413745219,0.216138395335841,0.238994936075388,0.263158603014357,
0.288562227667102,0.315148041388082,0.342865668217028,0.371670670958546,
0.401523468631774,0.432388511559896,0.464233640246041,0.497029578518293,
0.530749526817626,0.565368831540411,0.600864713071814,0.637216039758934,
0.674403138303366,0.712407633358658,0.75121231079161,0.790801000299534,
0.831158473997035,0.872270358283008,0.914123056832209,0.956703682968573,
0.975050043863417),.UNSPECIFIED.);
#119=B_SPLINE_CURVE_WITH_KNOTS('',3,(#5924,#5925,#5926,#5927,#5928,#5929,
#5930,#5931,#5932,#5933,#5934,#5935,#5936,#5937,#5938,#5939,#5940,#5941,
#5942,#5943,#5944,#5945,#5946,#5947,#5948,#5949,#5950,#5951,#5952,#5953,
#5954,#5955,#5956,#5957),.UNSPECIFIED.,.F.,.F.,(4,1,1,1,1,1,1,1,1,1,1,1,
1,1,1,1,1,1,1,1,1,1,1,1,1,1,1,1,1,1,1,4),(0.,0.103000416310753,0.112602086818186,
0.124997787693312,0.139664577964043,0.156295154557825,0.174680948552335,
0.194668413745219,0.216138395335841,0.238994936075388,0.263158603014357,
0.288562227667102,0.315148041388082,0.342865668217028,0.371670670958546,
0.401523468631774,0.432388511559896,0.464233640246041,0.497029578518293,
0.530749526817626,0.565368831540411,0.600864713071814,0.637216039758934,
0.674403138303366,0.712407633358658,0.75121231079161,0.790801000299534,
0.831158473997035,0.872270358283008,0.914123056832209,0.956703682968573,
0.975050043863417),.UNSPECIFIED.);
#120=B_SPLINE_CURVE_WITH_KNOTS('',3,(#5965,#5966,#5967,#5968,#5969,#5970,
#5971,#5972,#5973,#5974,#5975,#5976,#5977,#5978,#5979,#5980,#5981,#5982,
#5983,#5984,#5985,#5986,#5987,#5988,#5989,#5990,#5991,#5992,#5993,#5994,
#5995,#5996,#5997,#5998),.UNSPECIFIED.,.F.,.F.,(4,1,1,1,1,1,1,1,1,1,1,1,
1,1,1,1,1,1,1,1,1,1,1,1,1,1,1,1,1,1,1,4),(0.,0.103000416310753,0.112602086818186,
0.124997787693312,0.139664577964043,0.156295154557825,0.174680948552335,
0.194668413745219,0.216138395335841,0.238994936075388,0.263158603014357,
0.288562227667102,0.315148041388082,0.342865668217028,0.371670670958546,
0.401523468631774,0.432388511559896,0.464233640246041,0.497029578518293,
0.530749526817626,0.565368831540411,0.600864713071814,0.637216039758934,
0.674403138303366,0.712407633358658,0.75121231079161,0.790801000299534,
0.831158473997035,0.872270358283008,0.914123056832209,0.956703682968573,
0.975050043863417),.UNSPECIFIED.);
#121=B_SPLINE_CURVE_WITH_KNOTS('',3,(#5999,#6000,#6001,#6002,#6003,#6004,
#6005,#6006,#6007,#6008,#6009,#6010,#6011,#6012,#6013,#6014,#6015,#6016,
#6017,#6018,#6019,#6020,#6021,#6022,#6023,#6024,#6025,#6026,#6027,#6028,
#6029,#6030,#6031,#6032),.UNSPECIFIED.,.F.,.F.,(4,1,1,1,1,1,1,1,1,1,1,1,
1,1,1,1,1,1,1,1,1,1,1,1,1,1,1,1,1,1,1,4),(0.,0.103000416310753,0.112602086818186,
0.124997787693312,0.139664577964043,0.156295154557825,0.174680948552335,
0.194668413745219,0.216138395335841,0.238994936075388,0.263158603014357,
0.288562227667102,0.315148041388082,0.342865668217028,0.371670670958546,
0.401523468631774,0.432388511559896,0.464233640246041,0.497029578518293,
0.530749526817626,0.565368831540411,0.600864713071814,0.637216039758934,
0.674403138303366,0.712407633358658,0.75121231079161,0.790801000299534,
0.831158473997035,0.872270358283008,0.914123056832209,0.956703682968573,
0.975050043863417),.UNSPECIFIED.);
#122=B_SPLINE_CURVE_WITH_KNOTS('',3,(#6040,#6041,#6042,#6043,#6044,#6045,
#6046,#6047,#6048,#6049,#6050,#6051,#6052,#6053,#6054,#6055,#6056,#6057,
#6058,#6059,#6060,#6061,#6062,#6063,#6064,#6065,#6066,#6067,#6068,#6069,
#6070,#6071,#6072,#6073),.UNSPECIFIED.,.F.,.F.,(4,1,1,1,1,1,1,1,1,1,1,1,
1,1,1,1,1,1,1,1,1,1,1,1,1,1,1,1,1,1,1,4),(0.,0.103000416310753,0.112602086818186,
0.124997787693312,0.139664577964043,0.156295154557825,0.174680948552335,
0.194668413745219,0.216138395335841,0.238994936075388,0.263158603014357,
0.288562227667102,0.315148041388082,0.342865668217028,0.371670670958546,
0.401523468631774,0.432388511559896,0.464233640246041,0.497029578518293,
0.530749526817626,0.565368831540411,0.600864713071814,0.637216039758934,
0.674403138303366,0.712407633358658,0.75121231079161,0.790801000299534,
0.831158473997035,0.872270358283008,0.914123056832209,0.956703682968573,
0.975050043863417),.UNSPECIFIED.);
#123=B_SPLINE_CURVE_WITH_KNOTS('',3,(#6074,#6075,#6076,#6077,#6078,#6079,
#6080,#6081,#6082,#6083,#6084,#6085,#6086,#6087,#6088,#6089,#6090,#6091,
#6092,#6093,#6094,#6095,#6096,#6097,#6098,#6099,#6100,#6101,#6102,#6103,
#6104,#6105,#6106,#6107),.UNSPECIFIED.,.F.,.F.,(4,1,1,1,1,1,1,1,1,1,1,1,
1,1,1,1,1,1,1,1,1,1,1,1,1,1,1,1,1,1,1,4),(0.,0.103000416310753,0.112602086818186,
0.124997787693312,0.139664577964043,0.156295154557825,0.174680948552335,
0.194668413745219,0.216138395335841,0.238994936075388,0.263158603014357,
0.288562227667102,0.315148041388082,0.342865668217028,0.371670670958546,
0.401523468631774,0.432388511559896,0.464233640246041,0.497029578518293,
0.530749526817626,0.565368831540411,0.600864713071814,0.637216039758934,
0.674403138303366,0.712407633358658,0.75121231079161,0.790801000299534,
0.831158473997035,0.872270358283008,0.914123056832209,0.956703682968573,
0.975050043863417),.UNSPECIFIED.);
#124=B_SPLINE_CURVE_WITH_KNOTS('',3,(#6115,#6116,#6117,#6118,#6119,#6120,
#6121,#6122,#6123,#6124,#6125,#6126,#6127,#6128,#6129,#6130,#6131,#6132,
#6133,#6134,#6135,#6136,#6137,#6138,#6139,#6140,#6141,#6142,#6143,#6144,
#6145,#6146,#6147,#6148),.UNSPECIFIED.,.F.,.F.,(4,1,1,1,1,1,1,1,1,1,1,1,
1,1,1,1,1,1,1,1,1,1,1,1,1,1,1,1,1,1,1,4),(0.,0.103000416310753,0.112602086818186,
0.124997787693312,0.139664577964043,0.156295154557825,0.174680948552335,
0.194668413745219,0.216138395335841,0.238994936075388,0.263158603014357,
0.288562227667102,0.315148041388082,0.342865668217028,0.371670670958546,
0.401523468631774,0.432388511559896,0.464233640246041,0.497029578518293,
0.530749526817626,0.565368831540411,0.600864713071814,0.637216039758934,
0.674403138303366,0.712407633358658,0.75121231079161,0.790801000299534,
0.831158473997035,0.872270358283008,0.914123056832209,0.956703682968573,
0.975050043863417),.UNSPECIFIED.);
#125=B_SPLINE_CURVE_WITH_KNOTS('',3,(#6149,#6150,#6151,#6152,#6153,#6154,
#6155,#6156,#6157,#6158,#6159,#6160,#6161,#6162,#6163,#6164,#6165,#6166,
#6167,#6168,#6169,#6170,#6171,#6172,#6173,#6174,#6175,#6176,#6177,#6178,
#6179,#6180,#6181,#6182),.UNSPECIFIED.,.F.,.F.,(4,1,1,1,1,1,1,1,1,1,1,1,
1,1,1,1,1,1,1,1,1,1,1,1,1,1,1,1,1,1,1,4),(0.,0.103000416310753,0.112602086818186,
0.124997787693312,0.139664577964043,0.156295154557825,0.174680948552335,
0.194668413745219,0.216138395335841,0.238994936075388,0.263158603014357,
0.288562227667102,0.315148041388082,0.342865668217028,0.371670670958546,
0.401523468631774,0.432388511559896,0.464233640246041,0.497029578518293,
0.530749526817626,0.565368831540411,0.600864713071814,0.637216039758934,
0.674403138303366,0.712407633358658,0.75121231079161,0.790801000299534,
0.831158473997035,0.872270358283008,0.914123056832209,0.956703682968573,
0.975050043863417),.UNSPECIFIED.);
#126=B_SPLINE_CURVE_WITH_KNOTS('',3,(#6190,#6191,#6192,#6193,#6194,#6195,
#6196,#6197,#6198,#6199,#6200,#6201,#6202,#6203,#6204,#6205,#6206,#6207,
#6208,#6209,#6210,#6211,#6212,#6213,#6214,#6215,#6216,#6217,#6218,#6219,
#6220,#6221,#6222,#6223),.UNSPECIFIED.,.F.,.F.,(4,1,1,1,1,1,1,1,1,1,1,1,
1,1,1,1,1,1,1,1,1,1,1,1,1,1,1,1,1,1,1,4),(0.,0.103000416310753,0.112602086818186,
0.124997787693312,0.139664577964043,0.156295154557825,0.174680948552335,
0.194668413745219,0.216138395335841,0.238994936075388,0.263158603014357,
0.288562227667102,0.315148041388082,0.342865668217028,0.371670670958546,
0.401523468631774,0.432388511559896,0.464233640246041,0.497029578518293,
0.530749526817626,0.565368831540411,0.600864713071814,0.637216039758934,
0.674403138303366,0.712407633358658,0.75121231079161,0.790801000299534,
0.831158473997035,0.872270358283008,0.914123056832209,0.956703682968573,
0.975050043863417),.UNSPECIFIED.);
#127=B_SPLINE_CURVE_WITH_KNOTS('',3,(#6224,#6225,#6226,#6227,#6228,#6229,
#6230,#6231,#6232,#6233,#6234,#6235,#6236,#6237,#6238,#6239,#6240,#6241,
#6242,#6243,#6244,#6245,#6246,#6247,#6248,#6249,#6250,#6251,#6252,#6253,
#6254,#6255,#6256,#6257),.UNSPECIFIED.,.F.,.F.,(4,1,1,1,1,1,1,1,1,1,1,1,
1,1,1,1,1,1,1,1,1,1,1,1,1,1,1,1,1,1,1,4),(0.,0.103000416310753,0.112602086818186,
0.124997787693312,0.139664577964043,0.156295154557825,0.174680948552335,
0.194668413745219,0.216138395335841,0.238994936075388,0.263158603014357,
0.288562227667102,0.315148041388082,0.342865668217028,0.371670670958546,
0.401523468631774,0.432388511559896,0.464233640246041,0.497029578518293,
0.530749526817626,0.565368831540411,0.600864713071814,0.637216039758934,
0.674403138303366,0.712407633358658,0.75121231079161,0.790801000299534,
0.831158473997035,0.872270358283008,0.914123056832209,0.956703682968573,
0.975050043863417),.UNSPECIFIED.);
#128=B_SPLINE_CURVE_WITH_KNOTS('',3,(#6265,#6266,#6267,#6268,#6269,#6270,
#6271,#6272,#6273,#6274,#6275,#6276,#6277,#6278,#6279,#6280,#6281,#6282,
#6283,#6284,#6285,#6286,#6287,#6288,#6289,#6290,#6291,#6292,#6293,#6294,
#6295,#6296,#6297,#6298),.UNSPECIFIED.,.F.,.F.,(4,1,1,1,1,1,1,1,1,1,1,1,
1,1,1,1,1,1,1,1,1,1,1,1,1,1,1,1,1,1,1,4),(0.,0.103000416310753,0.112602086818186,
0.124997787693312,0.139664577964043,0.156295154557825,0.174680948552335,
0.194668413745219,0.216138395335841,0.238994936075388,0.263158603014357,
0.288562227667102,0.315148041388082,0.342865668217028,0.371670670958546,
0.401523468631774,0.432388511559896,0.464233640246041,0.497029578518293,
0.530749526817626,0.565368831540411,0.600864713071814,0.637216039758934,
0.674403138303366,0.712407633358658,0.75121231079161,0.790801000299534,
0.831158473997035,0.872270358283008,0.914123056832209,0.956703682968573,
0.975050043863417),.UNSPECIFIED.);
#129=B_SPLINE_CURVE_WITH_KNOTS('',3,(#6299,#6300,#6301,#6302,#6303,#6304,
#6305,#6306,#6307,#6308,#6309,#6310,#6311,#6312,#6313,#6314,#6315,#6316,
#6317,#6318,#6319,#6320,#6321,#6322,#6323,#6324,#6325,#6326,#6327,#6328,
#6329,#6330,#6331,#6332),.UNSPECIFIED.,.F.,.F.,(4,1,1,1,1,1,1,1,1,1,1,1,
1,1,1,1,1,1,1,1,1,1,1,1,1,1,1,1,1,1,1,4),(0.,0.103000416310753,0.112602086818186,
0.124997787693312,0.139664577964043,0.156295154557825,0.174680948552335,
0.194668413745219,0.216138395335841,0.238994936075388,0.263158603014357,
0.288562227667102,0.315148041388082,0.342865668217028,0.371670670958546,
0.401523468631774,0.432388511559896,0.464233640246041,0.497029578518293,
0.530749526817626,0.565368831540411,0.600864713071814,0.637216039758934,
0.674403138303366,0.712407633358658,0.75121231079161,0.790801000299534,
0.831158473997035,0.872270358283008,0.914123056832209,0.956703682968573,
0.975050043863417),.UNSPECIFIED.);
#130=B_SPLINE_CURVE_WITH_KNOTS('',3,(#6340,#6341,#6342,#6343,#6344,#6345,
#6346,#6347,#6348,#6349,#6350,#6351,#6352,#6353,#6354,#6355,#6356,#6357,
#6358,#6359,#6360,#6361,#6362,#6363,#6364,#6365,#6366,#6367,#6368,#6369,
#6370,#6371,#6372,#6373),.UNSPECIFIED.,.F.,.F.,(4,1,1,1,1,1,1,1,1,1,1,1,
1,1,1,1,1,1,1,1,1,1,1,1,1,1,1,1,1,1,1,4),(0.,0.103000416310753,0.112602086818186,
0.124997787693312,0.139664577964043,0.156295154557825,0.174680948552335,
0.194668413745219,0.216138395335841,0.238994936075388,0.263158603014357,
0.288562227667102,0.315148041388082,0.342865668217028,0.371670670958546,
0.401523468631774,0.432388511559896,0.464233640246041,0.497029578518293,
0.530749526817626,0.565368831540411,0.600864713071814,0.637216039758934,
0.674403138303366,0.712407633358658,0.75121231079161,0.790801000299534,
0.831158473997035,0.872270358283008,0.914123056832209,0.956703682968573,
0.975050043863417),.UNSPECIFIED.);
#131=B_SPLINE_CURVE_WITH_KNOTS('',3,(#6374,#6375,#6376,#6377,#6378,#6379,
#6380,#6381,#6382,#6383,#6384,#6385,#6386,#6387,#6388,#6389,#6390,#6391,
#6392,#6393,#6394,#6395,#6396,#6397,#6398,#6399,#6400,#6401,#6402,#6403,
#6404,#6405,#6406,#6407),.UNSPECIFIED.,.F.,.F.,(4,1,1,1,1,1,1,1,1,1,1,1,
1,1,1,1,1,1,1,1,1,1,1,1,1,1,1,1,1,1,1,4),(0.,0.103000416310753,0.112602086818186,
0.124997787693312,0.139664577964043,0.156295154557825,0.174680948552335,
0.194668413745219,0.216138395335841,0.238994936075388,0.263158603014357,
0.288562227667102,0.315148041388082,0.342865668217028,0.371670670958546,
0.401523468631774,0.432388511559896,0.464233640246041,0.497029578518293,
0.530749526817626,0.565368831540411,0.600864713071814,0.637216039758934,
0.674403138303366,0.712407633358658,0.75121231079161,0.790801000299534,
0.831158473997035,0.872270358283008,0.914123056832209,0.956703682968573,
0.975050043863417),.UNSPECIFIED.);
#132=PLANE('',#2414);
#133=PLANE('',#2479);
#134=PLANE('',#2602);
#135=CIRCLE('',#2358,0.019558);
#136=CIRCLE('',#2359,0.019558);
#137=CIRCLE('',#2361,0.019558);
#138=CIRCLE('',#2362,0.019558);
#139=CIRCLE('',#2364,0.019558);
#140=CIRCLE('',#2365,0.019558);
#141=CIRCLE('',#2367,0.019558);
#142=CIRCLE('',#2368,0.019558);
#143=CIRCLE('',#2370,0.019558);
#144=CIRCLE('',#2371,0.019558);
#145=CIRCLE('',#2373,0.019558);
#146=CIRCLE('',#2374,0.019558);
#147=CIRCLE('',#2376,0.019558);
#148=CIRCLE('',#2377,0.019558);
#149=CIRCLE('',#2379,0.019558);
#150=CIRCLE('',#2380,0.019558);
#151=CIRCLE('',#2382,0.019558);
#152=CIRCLE('',#2383,0.019558);
#153=CIRCLE('',#2385,0.019558);
#154=CIRCLE('',#2386,0.019558);
#155=CIRCLE('',#2388,0.019558);
#156=CIRCLE('',#2389,0.019558);
#157=CIRCLE('',#2391,0.019558);
#158=CIRCLE('',#2392,0.019558);
#159=CIRCLE('',#2394,0.019558);
#160=CIRCLE('',#2395,0.019558);
#161=CIRCLE('',#2397,0.019558);
#162=CIRCLE('',#2398,0.019558);
#163=CIRCLE('',#2400,0.019558);
#164=CIRCLE('',#2401,0.019558);
#165=CIRCLE('',#2403,0.019558);
#166=CIRCLE('',#2404,0.019558);
#167=CIRCLE('',#2406,0.019558);
#168=CIRCLE('',#2407,0.019558);
#169=CIRCLE('',#2409,0.019558);
#170=CIRCLE('',#2410,0.019558);
#171=CIRCLE('',#2412,0.019558);
#172=CIRCLE('',#2413,0.019558);
#173=CIRCLE('',#2415,0.0025);
#174=CIRCLE('',#2416,0.000704088586762645);
#175=CIRCLE('',#2417,0.000704088586762645);
#176=CIRCLE('',#2418,0.0155574999999997);
#177=CIRCLE('',#2419,0.000704088586762645);
#178=CIRCLE('',#2420,0.000704088586762645);
#179=CIRCLE('',#2421,0.0155574999999997);
#180=CIRCLE('',#2422,0.000704088586762645);
#181=CIRCLE('',#2423,0.000704088586762645);
#182=CIRCLE('',#2424,0.0155574999999997);
#183=CIRCLE('',#2425,0.000704088586762645);
#184=CIRCLE('',#2426,0.000704088586762645);
#185=CIRCLE('',#2427,0.0155574999999997);
#186=CIRCLE('',#2428,0.000704088586762645);
#187=CIRCLE('',#2429,0.000704088586762645);
#188=CIRCLE('',#2430,0.0155574999999997);
#189=CIRCLE('',#2431,0.000704088586762645);
#190=CIRCLE('',#2432,0.000704088586762645);
#191=CIRCLE('',#2433,0.0155574999999997);
#192=CIRCLE('',#2434,0.000704088586762645);
#193=CIRCLE('',#2435,0.000704088586762645);
#194=CIRCLE('',#2436,0.0155574999999997);
#195=CIRCLE('',#2437,0.000704088586762645);
#196=CIRCLE('',#2438,0.000704088586762645);
#197=CIRCLE('',#2439,0.0155574999999997);
#198=CIRCLE('',#2440,0.000704088586762645);
#199=CIRCLE('',#2441,0.000704088586762645);
#200=CIRCLE('',#2442,0.0155574999999997);
#201=CIRCLE('',#2443,0.000704088586762645);
#202=CIRCLE('',#2444,0.000704088586762645);
#203=CIRCLE('',#2445,0.0155574999999997);
#204=CIRCLE('',#2446,0.000704088586762645);
#205=CIRCLE('',#2447,0.019558);
#206=CIRCLE('',#2448,0.000704088586762645);
#207=CIRCLE('',#2449,0.0155574999999997);
#208=CIRCLE('',#2450,0.000704088586762645);
#209=CIRCLE('',#2451,0.000704088586762645);
#210=CIRCLE('',#2452,0.0155574999999997);
#211=CIRCLE('',#2453,0.000704088586762645);
#212=CIRCLE('',#2454,0.000704088586762645);
#213=CIRCLE('',#2455,0.0155574999999997);
#214=CIRCLE('',#2456,0.000704088586762645);
#215=CIRCLE('',#2457,0.000704088586762645);
#216=CIRCLE('',#2458,0.0155574999999997);
#217=CIRCLE('',#2459,0.000704088586762645);
#218=CIRCLE('',#2460,0.000704088586762645);
#219=CIRCLE('',#2461,0.0155574999999997);
#220=CIRCLE('',#2462,0.000704088586762645);
#221=CIRCLE('',#2463,0.000704088586762645);
#222=CIRCLE('',#2464,0.0155574999999997);
#223=CIRCLE('',#2465,0.000704088586762645);
#224=CIRCLE('',#2466,0.000704088586762645);
#225=CIRCLE('',#2467,0.0155574999999997);
#226=CIRCLE('',#2468,0.000704088586762645);
#227=CIRCLE('',#2469,0.000704088586762645);
#228=CIRCLE('',#2470,0.0155574999999997);
#229=CIRCLE('',#2471,0.000704088586762645);
#230=CIRCLE('',#2472,0.000704088586762645);
#231=CIRCLE('',#2473,0.0155574999999997);
#232=CIRCLE('',#2474,0.000704088586762645);
#233=CIRCLE('',#2475,0.000704088586762645);
#234=CIRCLE('',#2476,0.0155574999999997);
#235=CIRCLE('',#2478,0.019558);
#236=CIRCLE('',#2480,0.0025);
#237=CIRCLE('',#2481,0.000704088586762645);
#238=CIRCLE('',#2482,0.000704088586762645);
#239=CIRCLE('',#2483,0.0155574999999997);
#240=CIRCLE('',#2484,0.000704088586762645);
#241=CIRCLE('',#2485,0.000704088586762645);
#242=CIRCLE('',#2486,0.0155574999999997);
#243=CIRCLE('',#2487,0.000704088586762645);
#244=CIRCLE('',#2488,0.000704088586762645);
#245=CIRCLE('',#2489,0.0155574999999997);
#246=CIRCLE('',#2490,0.000704088586762645);
#247=CIRCLE('',#2491,0.000704088586762645);
#248=CIRCLE('',#2492,0.0155574999999997);
#249=CIRCLE('',#2493,0.000704088586762645);
#250=CIRCLE('',#2494,0.000704088586762645);
#251=CIRCLE('',#2495,0.0155574999999997);
#252=CIRCLE('',#2496,0.000704088586762645);
#253=CIRCLE('',#2497,0.000704088586762645);
#254=CIRCLE('',#2498,0.0155574999999997);
#255=CIRCLE('',#2499,0.000704088586762645);
#256=CIRCLE('',#2500,0.000704088586762645);
#257=CIRCLE('',#2501,0.0155574999999997);
#258=CIRCLE('',#2502,0.000704088586762645);
#259=CIRCLE('',#2503,0.000704088586762645);
#260=CIRCLE('',#2504,0.0155574999999997);
#261=CIRCLE('',#2505,0.000704088586762645);
#262=CIRCLE('',#2506,0.000704088586762645);
#263=CIRCLE('',#2507,0.0155574999999997);
#264=CIRCLE('',#2508,0.000704088586762645);
#265=CIRCLE('',#2509,0.000704088586762645);
#266=CIRCLE('',#2510,0.0155574999999997);
#267=CIRCLE('',#2511,0.000704088586762645);
#268=CIRCLE('',#2512,0.000704088586762645);
#269=CIRCLE('',#2513,0.0155574999999997);
#270=CIRCLE('',#2514,0.000704088586762645);
#271=CIRCLE('',#2515,0.000704088586762645);
#272=CIRCLE('',#2516,0.0155574999999997);
#273=CIRCLE('',#2517,0.000704088586762645);
#274=CIRCLE('',#2518,0.000704088586762645);
#275=CIRCLE('',#2519,0.0155574999999997);
#276=CIRCLE('',#2520,0.000704088586762645);
#277=CIRCLE('',#2521,0.000704088586762645);
#278=CIRCLE('',#2522,0.0155574999999997);
#279=CIRCLE('',#2523,0.000704088586762645);
#280=CIRCLE('',#2524,0.000704088586762645);
#281=CIRCLE('',#2525,0.0155574999999997);
#282=CIRCLE('',#2526,0.000704088586762645);
#283=CIRCLE('',#2527,0.000704088586762645);
#284=CIRCLE('',#2528,0.0155574999999997);
#285=CIRCLE('',#2529,0.000704088586762645);
#286=CIRCLE('',#2530,0.000704088586762645);
#287=CIRCLE('',#2531,0.0155574999999997);
#288=CIRCLE('',#2532,0.000704088586762645);
#289=CIRCLE('',#2533,0.000704088586762645);
#290=CIRCLE('',#2534,0.0155574999999997);
#291=CIRCLE('',#2535,0.000704088586762645);
#292=CIRCLE('',#2536,0.000704088586762645);
#293=CIRCLE('',#2537,0.0155574999999997);
#294=CIRCLE('',#2538,0.000704088586762645);
#295=CIRCLE('',#2539,0.000704088586762645);
#296=CIRCLE('',#2540,0.0155574999999997);
#297=ORIENTED_EDGE('',*,*,#1029,.F.);
#298=ORIENTED_EDGE('',*,*,#1030,.F.);
#299=ORIENTED_EDGE('',*,*,#1031,.T.);
#300=ORIENTED_EDGE('',*,*,#1032,.T.);
#301=ORIENTED_EDGE('',*,*,#1033,.F.);
#302=ORIENTED_EDGE('',*,*,#1034,.T.);
#303=ORIENTED_EDGE('',*,*,#1035,.T.);
#304=ORIENTED_EDGE('',*,*,#1036,.F.);
#305=ORIENTED_EDGE('',*,*,#1037,.F.);
#306=ORIENTED_EDGE('',*,*,#1038,.T.);
#307=ORIENTED_EDGE('',*,*,#1039,.T.);
#308=ORIENTED_EDGE('',*,*,#1040,.F.);
#309=ORIENTED_EDGE('',*,*,#1041,.F.);
#310=ORIENTED_EDGE('',*,*,#1042,.T.);
#311=ORIENTED_EDGE('',*,*,#1043,.T.);
#312=ORIENTED_EDGE('',*,*,#1044,.F.);
#313=ORIENTED_EDGE('',*,*,#1045,.F.);
#314=ORIENTED_EDGE('',*,*,#1046,.T.);
#315=ORIENTED_EDGE('',*,*,#1047,.T.);
#316=ORIENTED_EDGE('',*,*,#1048,.F.);
#317=ORIENTED_EDGE('',*,*,#1049,.F.);
#318=ORIENTED_EDGE('',*,*,#1050,.T.);
#319=ORIENTED_EDGE('',*,*,#1051,.T.);
#320=ORIENTED_EDGE('',*,*,#1052,.F.);
#321=ORIENTED_EDGE('',*,*,#1053,.F.);
#322=ORIENTED_EDGE('',*,*,#1054,.T.);
#323=ORIENTED_EDGE('',*,*,#1055,.T.);
#324=ORIENTED_EDGE('',*,*,#1056,.F.);
#325=ORIENTED_EDGE('',*,*,#1057,.F.);
#326=ORIENTED_EDGE('',*,*,#1058,.T.);
#327=ORIENTED_EDGE('',*,*,#1059,.T.);
#328=ORIENTED_EDGE('',*,*,#1060,.F.);
#329=ORIENTED_EDGE('',*,*,#1061,.F.);
#330=ORIENTED_EDGE('',*,*,#1062,.F.);
#331=ORIENTED_EDGE('',*,*,#1063,.T.);
#332=ORIENTED_EDGE('',*,*,#1064,.T.);
#333=ORIENTED_EDGE('',*,*,#1065,.F.);
#334=ORIENTED_EDGE('',*,*,#1066,.T.);
#335=ORIENTED_EDGE('',*,*,#1067,.T.);
#336=ORIENTED_EDGE('',*,*,#1068,.F.);
#337=ORIENTED_EDGE('',*,*,#1069,.F.);
#338=ORIENTED_EDGE('',*,*,#1070,.F.);
#339=ORIENTED_EDGE('',*,*,#1071,.T.);
#340=ORIENTED_EDGE('',*,*,#1072,.T.);
#341=ORIENTED_EDGE('',*,*,#1073,.F.);
#342=ORIENTED_EDGE('',*,*,#1074,.F.);
#343=ORIENTED_EDGE('',*,*,#1075,.T.);
#344=ORIENTED_EDGE('',*,*,#1076,.T.);
#345=ORIENTED_EDGE('',*,*,#1077,.F.);
#346=ORIENTED_EDGE('',*,*,#1078,.F.);
#347=ORIENTED_EDGE('',*,*,#1079,.T.);
#348=ORIENTED_EDGE('',*,*,#1080,.T.);
#349=ORIENTED_EDGE('',*,*,#1081,.F.);
#350=ORIENTED_EDGE('',*,*,#1082,.T.);
#351=ORIENTED_EDGE('',*,*,#1083,.T.);
#352=ORIENTED_EDGE('',*,*,#1084,.F.);
#353=ORIENTED_EDGE('',*,*,#1085,.F.);
#354=ORIENTED_EDGE('',*,*,#1086,.T.);
#355=ORIENTED_EDGE('',*,*,#1087,.T.);
#356=ORIENTED_EDGE('',*,*,#1088,.F.);
#357=ORIENTED_EDGE('',*,*,#1089,.F.);
#358=ORIENTED_EDGE('',*,*,#1090,.T.);
#359=ORIENTED_EDGE('',*,*,#1091,.T.);
#360=ORIENTED_EDGE('',*,*,#1092,.F.);
#361=ORIENTED_EDGE('',*,*,#1093,.F.);
#362=ORIENTED_EDGE('',*,*,#1094,.F.);
#363=ORIENTED_EDGE('',*,*,#1095,.T.);
#364=ORIENTED_EDGE('',*,*,#1096,.T.);
#365=ORIENTED_EDGE('',*,*,#1097,.F.);
#366=ORIENTED_EDGE('',*,*,#1098,.T.);
#367=ORIENTED_EDGE('',*,*,#1099,.T.);
#368=ORIENTED_EDGE('',*,*,#1100,.F.);
#369=ORIENTED_EDGE('',*,*,#1101,.F.);
#370=ORIENTED_EDGE('',*,*,#1102,.T.);
#371=ORIENTED_EDGE('',*,*,#1103,.T.);
#372=ORIENTED_EDGE('',*,*,#1104,.F.);
#373=ORIENTED_EDGE('',*,*,#1105,.F.);
#374=ORIENTED_EDGE('',*,*,#1106,.T.);
#375=ORIENTED_EDGE('',*,*,#1107,.F.);
#376=ORIENTED_EDGE('',*,*,#1108,.T.);
#377=ORIENTED_EDGE('',*,*,#1033,.T.);
#378=ORIENTED_EDGE('',*,*,#1109,.F.);
#379=ORIENTED_EDGE('',*,*,#1110,.F.);
#380=ORIENTED_EDGE('',*,*,#1111,.T.);
#381=ORIENTED_EDGE('',*,*,#1112,.F.);
#382=ORIENTED_EDGE('',*,*,#1113,.T.);
#383=ORIENTED_EDGE('',*,*,#1037,.T.);
#384=ORIENTED_EDGE('',*,*,#1114,.F.);
#385=ORIENTED_EDGE('',*,*,#1115,.F.);
#386=ORIENTED_EDGE('',*,*,#1116,.T.);
#387=ORIENTED_EDGE('',*,*,#1117,.F.);
#388=ORIENTED_EDGE('',*,*,#1118,.T.);
#389=ORIENTED_EDGE('',*,*,#1041,.T.);
#390=ORIENTED_EDGE('',*,*,#1119,.F.);
#391=ORIENTED_EDGE('',*,*,#1120,.F.);
#392=ORIENTED_EDGE('',*,*,#1121,.T.);
#393=ORIENTED_EDGE('',*,*,#1122,.F.);
#394=ORIENTED_EDGE('',*,*,#1123,.T.);
#395=ORIENTED_EDGE('',*,*,#1045,.T.);
#396=ORIENTED_EDGE('',*,*,#1124,.F.);
#397=ORIENTED_EDGE('',*,*,#1125,.F.);
#398=ORIENTED_EDGE('',*,*,#1126,.T.);
#399=ORIENTED_EDGE('',*,*,#1127,.F.);
#400=ORIENTED_EDGE('',*,*,#1128,.T.);
#401=ORIENTED_EDGE('',*,*,#1049,.T.);
#402=ORIENTED_EDGE('',*,*,#1129,.F.);
#403=ORIENTED_EDGE('',*,*,#1130,.F.);
#404=ORIENTED_EDGE('',*,*,#1131,.T.);
#405=ORIENTED_EDGE('',*,*,#1132,.F.);
#406=ORIENTED_EDGE('',*,*,#1133,.T.);
#407=ORIENTED_EDGE('',*,*,#1053,.T.);
#408=ORIENTED_EDGE('',*,*,#1134,.F.);
#409=ORIENTED_EDGE('',*,*,#1135,.F.);
#410=ORIENTED_EDGE('',*,*,#1136,.T.);
#411=ORIENTED_EDGE('',*,*,#1137,.F.);
#412=ORIENTED_EDGE('',*,*,#1138,.T.);
#413=ORIENTED_EDGE('',*,*,#1057,.T.);
#414=ORIENTED_EDGE('',*,*,#1139,.F.);
#415=ORIENTED_EDGE('',*,*,#1140,.F.);
#416=ORIENTED_EDGE('',*,*,#1141,.T.);
#417=ORIENTED_EDGE('',*,*,#1142,.F.);
#418=ORIENTED_EDGE('',*,*,#1143,.T.);
#419=ORIENTED_EDGE('',*,*,#1097,.T.);
#420=ORIENTED_EDGE('',*,*,#1144,.F.);
#421=ORIENTED_EDGE('',*,*,#1145,.F.);
#422=ORIENTED_EDGE('',*,*,#1146,.T.);
#423=ORIENTED_EDGE('',*,*,#1147,.F.);
#424=ORIENTED_EDGE('',*,*,#1148,.T.);
#425=ORIENTED_EDGE('',*,*,#1094,.T.);
#426=ORIENTED_EDGE('',*,*,#1149,.F.);
#427=ORIENTED_EDGE('',*,*,#1150,.F.);
#428=ORIENTED_EDGE('',*,*,#1151,.T.);
#429=ORIENTED_EDGE('',*,*,#1152,.F.);
#430=ORIENTED_EDGE('',*,*,#1153,.T.);
#431=ORIENTED_EDGE('',*,*,#1101,.T.);
#432=ORIENTED_EDGE('',*,*,#1154,.F.);
#433=ORIENTED_EDGE('',*,*,#1155,.F.);
#434=ORIENTED_EDGE('',*,*,#1156,.T.);
#435=ORIENTED_EDGE('',*,*,#1157,.F.);
#436=ORIENTED_EDGE('',*,*,#1158,.T.);
#437=ORIENTED_EDGE('',*,*,#1159,.T.);
#438=ORIENTED_EDGE('',*,*,#1160,.F.);
#439=ORIENTED_EDGE('',*,*,#1161,.F.);
#440=ORIENTED_EDGE('',*,*,#1162,.T.);
#441=ORIENTED_EDGE('',*,*,#1163,.F.);
#442=ORIENTED_EDGE('',*,*,#1164,.T.);
#443=ORIENTED_EDGE('',*,*,#1078,.T.);
#444=ORIENTED_EDGE('',*,*,#1165,.F.);
#445=ORIENTED_EDGE('',*,*,#1166,.F.);
#446=ORIENTED_EDGE('',*,*,#1167,.T.);
#447=ORIENTED_EDGE('',*,*,#1168,.F.);
#448=ORIENTED_EDGE('',*,*,#1169,.T.);
#449=ORIENTED_EDGE('',*,*,#1081,.T.);
#450=ORIENTED_EDGE('',*,*,#1170,.F.);
#451=ORIENTED_EDGE('',*,*,#1171,.F.);
#452=ORIENTED_EDGE('',*,*,#1172,.T.);
#453=ORIENTED_EDGE('',*,*,#1173,.F.);
#454=ORIENTED_EDGE('',*,*,#1174,.T.);
#455=ORIENTED_EDGE('',*,*,#1085,.T.);
#456=ORIENTED_EDGE('',*,*,#1175,.F.);
#457=ORIENTED_EDGE('',*,*,#1176,.F.);
#458=ORIENTED_EDGE('',*,*,#1177,.T.);
#459=ORIENTED_EDGE('',*,*,#1178,.F.);
#460=ORIENTED_EDGE('',*,*,#1179,.T.);
#461=ORIENTED_EDGE('',*,*,#1089,.T.);
#462=ORIENTED_EDGE('',*,*,#1180,.F.);
#463=ORIENTED_EDGE('',*,*,#1181,.F.);
#464=ORIENTED_EDGE('',*,*,#1182,.T.);
#465=ORIENTED_EDGE('',*,*,#1183,.F.);
#466=ORIENTED_EDGE('',*,*,#1184,.T.);
#467=ORIENTED_EDGE('',*,*,#1074,.T.);
#468=ORIENTED_EDGE('',*,*,#1185,.F.);
#469=ORIENTED_EDGE('',*,*,#1186,.F.);
#470=ORIENTED_EDGE('',*,*,#1187,.T.);
#471=ORIENTED_EDGE('',*,*,#1188,.F.);
#472=ORIENTED_EDGE('',*,*,#1189,.T.);
#473=ORIENTED_EDGE('',*,*,#1070,.T.);
#474=ORIENTED_EDGE('',*,*,#1190,.F.);
#475=ORIENTED_EDGE('',*,*,#1191,.F.);
#476=ORIENTED_EDGE('',*,*,#1192,.T.);
#477=ORIENTED_EDGE('',*,*,#1193,.F.);
#478=ORIENTED_EDGE('',*,*,#1194,.T.);
#479=ORIENTED_EDGE('',*,*,#1062,.T.);
#480=ORIENTED_EDGE('',*,*,#1195,.F.);
#481=ORIENTED_EDGE('',*,*,#1196,.F.);
#482=ORIENTED_EDGE('',*,*,#1197,.T.);
#483=ORIENTED_EDGE('',*,*,#1198,.F.);
#484=ORIENTED_EDGE('',*,*,#1199,.T.);
#485=ORIENTED_EDGE('',*,*,#1065,.T.);
#486=ORIENTED_EDGE('',*,*,#1200,.F.);
#487=ORIENTED_EDGE('',*,*,#1201,.F.);
#488=ORIENTED_EDGE('',*,*,#1202,.T.);
#489=ORIENTED_EDGE('',*,*,#1203,.F.);
#490=ORIENTED_EDGE('',*,*,#1204,.T.);
#491=ORIENTED_EDGE('',*,*,#1030,.T.);
#492=ORIENTED_EDGE('',*,*,#1205,.F.);
#493=ORIENTED_EDGE('',*,*,#1206,.F.);
#494=ORIENTED_EDGE('',*,*,#1207,.T.);
#495=ORIENTED_EDGE('',*,*,#1159,.F.);
#496=ORIENTED_EDGE('',*,*,#1208,.T.);
#497=ORIENTED_EDGE('',*,*,#1209,.T.);
#498=ORIENTED_EDGE('',*,*,#1210,.F.);
#499=ORIENTED_EDGE('',*,*,#1211,.F.);
#500=ORIENTED_EDGE('',*,*,#1212,.T.);
#501=ORIENTED_EDGE('',*,*,#1213,.F.);
#502=ORIENTED_EDGE('',*,*,#1214,.T.);
#503=ORIENTED_EDGE('',*,*,#1032,.F.);
#504=ORIENTED_EDGE('',*,*,#1215,.F.);
#505=ORIENTED_EDGE('',*,*,#1216,.F.);
#506=ORIENTED_EDGE('',*,*,#1217,.F.);
#507=ORIENTED_EDGE('',*,*,#1218,.F.);
#508=ORIENTED_EDGE('',*,*,#1219,.T.);
#509=ORIENTED_EDGE('',*,*,#1067,.F.);
#510=ORIENTED_EDGE('',*,*,#1220,.F.);
#511=ORIENTED_EDGE('',*,*,#1221,.F.);
#512=ORIENTED_EDGE('',*,*,#1222,.F.);
#513=ORIENTED_EDGE('',*,*,#1223,.F.);
#514=ORIENTED_EDGE('',*,*,#1224,.T.);
#515=ORIENTED_EDGE('',*,*,#1064,.F.);
#516=ORIENTED_EDGE('',*,*,#1225,.F.);
#517=ORIENTED_EDGE('',*,*,#1226,.F.);
#518=ORIENTED_EDGE('',*,*,#1227,.F.);
#519=ORIENTED_EDGE('',*,*,#1228,.F.);
#520=ORIENTED_EDGE('',*,*,#1229,.T.);
#521=ORIENTED_EDGE('',*,*,#1072,.F.);
#522=ORIENTED_EDGE('',*,*,#1230,.F.);
#523=ORIENTED_EDGE('',*,*,#1231,.F.);
#524=ORIENTED_EDGE('',*,*,#1232,.F.);
#525=ORIENTED_EDGE('',*,*,#1233,.F.);
#526=ORIENTED_EDGE('',*,*,#1234,.T.);
#527=ORIENTED_EDGE('',*,*,#1076,.F.);
#528=ORIENTED_EDGE('',*,*,#1235,.F.);
#529=ORIENTED_EDGE('',*,*,#1236,.F.);
#530=ORIENTED_EDGE('',*,*,#1237,.F.);
#531=ORIENTED_EDGE('',*,*,#1238,.F.);
#532=ORIENTED_EDGE('',*,*,#1239,.T.);
#533=ORIENTED_EDGE('',*,*,#1091,.F.);
#534=ORIENTED_EDGE('',*,*,#1240,.F.);
#535=ORIENTED_EDGE('',*,*,#1241,.F.);
#536=ORIENTED_EDGE('',*,*,#1242,.F.);
#537=ORIENTED_EDGE('',*,*,#1243,.F.);
#538=ORIENTED_EDGE('',*,*,#1244,.T.);
#539=ORIENTED_EDGE('',*,*,#1087,.F.);
#540=ORIENTED_EDGE('',*,*,#1245,.F.);
#541=ORIENTED_EDGE('',*,*,#1246,.F.);
#542=ORIENTED_EDGE('',*,*,#1247,.F.);
#543=ORIENTED_EDGE('',*,*,#1248,.F.);
#544=ORIENTED_EDGE('',*,*,#1249,.T.);
#545=ORIENTED_EDGE('',*,*,#1083,.F.);
#546=ORIENTED_EDGE('',*,*,#1250,.F.);
#547=ORIENTED_EDGE('',*,*,#1251,.F.);
#548=ORIENTED_EDGE('',*,*,#1252,.F.);
#549=ORIENTED_EDGE('',*,*,#1253,.F.);
#550=ORIENTED_EDGE('',*,*,#1254,.T.);
#551=ORIENTED_EDGE('',*,*,#1080,.F.);
#552=ORIENTED_EDGE('',*,*,#1255,.F.);
#553=ORIENTED_EDGE('',*,*,#1256,.F.);
#554=ORIENTED_EDGE('',*,*,#1257,.F.);
#555=ORIENTED_EDGE('',*,*,#1258,.F.);
#556=ORIENTED_EDGE('',*,*,#1259,.T.);
#557=ORIENTED_EDGE('',*,*,#1209,.F.);
#558=ORIENTED_EDGE('',*,*,#1260,.F.);
#559=ORIENTED_EDGE('',*,*,#1261,.F.);
#560=ORIENTED_EDGE('',*,*,#1262,.F.);
#561=ORIENTED_EDGE('',*,*,#1263,.F.);
#562=ORIENTED_EDGE('',*,*,#1264,.T.);
#563=ORIENTED_EDGE('',*,*,#1103,.F.);
#564=ORIENTED_EDGE('',*,*,#1265,.F.);
#565=ORIENTED_EDGE('',*,*,#1266,.F.);
#566=ORIENTED_EDGE('',*,*,#1267,.F.);
#567=ORIENTED_EDGE('',*,*,#1268,.F.);
#568=ORIENTED_EDGE('',*,*,#1269,.T.);
#569=ORIENTED_EDGE('',*,*,#1096,.F.);
#570=ORIENTED_EDGE('',*,*,#1270,.F.);
#571=ORIENTED_EDGE('',*,*,#1271,.F.);
#572=ORIENTED_EDGE('',*,*,#1272,.F.);
#573=ORIENTED_EDGE('',*,*,#1273,.F.);
#574=ORIENTED_EDGE('',*,*,#1274,.T.);
#575=ORIENTED_EDGE('',*,*,#1099,.F.);
#576=ORIENTED_EDGE('',*,*,#1275,.F.);
#577=ORIENTED_EDGE('',*,*,#1276,.F.);
#578=ORIENTED_EDGE('',*,*,#1277,.F.);
#579=ORIENTED_EDGE('',*,*,#1278,.F.);
#580=ORIENTED_EDGE('',*,*,#1279,.T.);
#581=ORIENTED_EDGE('',*,*,#1059,.F.);
#582=ORIENTED_EDGE('',*,*,#1280,.F.);
#583=ORIENTED_EDGE('',*,*,#1281,.F.);
#584=ORIENTED_EDGE('',*,*,#1282,.F.);
#585=ORIENTED_EDGE('',*,*,#1283,.F.);
#586=ORIENTED_EDGE('',*,*,#1284,.T.);
#587=ORIENTED_EDGE('',*,*,#1055,.F.);
#588=ORIENTED_EDGE('',*,*,#1285,.F.);
#589=ORIENTED_EDGE('',*,*,#1286,.F.);
#590=ORIENTED_EDGE('',*,*,#1287,.F.);
#591=ORIENTED_EDGE('',*,*,#1288,.F.);
#592=ORIENTED_EDGE('',*,*,#1289,.T.);
#593=ORIENTED_EDGE('',*,*,#1051,.F.);
#594=ORIENTED_EDGE('',*,*,#1290,.F.);
#595=ORIENTED_EDGE('',*,*,#1291,.F.);
#596=ORIENTED_EDGE('',*,*,#1292,.F.);
#597=ORIENTED_EDGE('',*,*,#1293,.F.);
#598=ORIENTED_EDGE('',*,*,#1294,.T.);
#599=ORIENTED_EDGE('',*,*,#1047,.F.);
#600=ORIENTED_EDGE('',*,*,#1295,.F.);
#601=ORIENTED_EDGE('',*,*,#1296,.F.);
#602=ORIENTED_EDGE('',*,*,#1297,.F.);
#603=ORIENTED_EDGE('',*,*,#1298,.F.);
#604=ORIENTED_EDGE('',*,*,#1299,.T.);
#605=ORIENTED_EDGE('',*,*,#1043,.F.);
#606=ORIENTED_EDGE('',*,*,#1300,.F.);
#607=ORIENTED_EDGE('',*,*,#1301,.F.);
#608=ORIENTED_EDGE('',*,*,#1302,.F.);
#609=ORIENTED_EDGE('',*,*,#1303,.F.);
#610=ORIENTED_EDGE('',*,*,#1304,.T.);
#611=ORIENTED_EDGE('',*,*,#1039,.F.);
#612=ORIENTED_EDGE('',*,*,#1305,.F.);
#613=ORIENTED_EDGE('',*,*,#1306,.F.);
#614=ORIENTED_EDGE('',*,*,#1307,.F.);
#615=ORIENTED_EDGE('',*,*,#1308,.F.);
#616=ORIENTED_EDGE('',*,*,#1309,.T.);
#617=ORIENTED_EDGE('',*,*,#1035,.F.);
#618=ORIENTED_EDGE('',*,*,#1310,.F.);
#619=ORIENTED_EDGE('',*,*,#1311,.F.);
#620=ORIENTED_EDGE('',*,*,#1312,.F.);
#621=ORIENTED_EDGE('',*,*,#1160,.T.);
#622=ORIENTED_EDGE('',*,*,#1210,.T.);
#623=ORIENTED_EDGE('',*,*,#1259,.F.);
#624=ORIENTED_EDGE('',*,*,#1313,.F.);
#625=ORIENTED_EDGE('',*,*,#1255,.T.);
#626=ORIENTED_EDGE('',*,*,#1079,.F.);
#627=ORIENTED_EDGE('',*,*,#1164,.F.);
#628=ORIENTED_EDGE('',*,*,#1314,.F.);
#629=ORIENTED_EDGE('',*,*,#1257,.T.);
#630=ORIENTED_EDGE('',*,*,#1315,.F.);
#631=ORIENTED_EDGE('',*,*,#1162,.F.);
#632=ORIENTED_EDGE('',*,*,#1316,.F.);
#633=ORIENTED_EDGE('',*,*,#1161,.T.);
#634=ORIENTED_EDGE('',*,*,#1313,.T.);
#635=ORIENTED_EDGE('',*,*,#1258,.T.);
#636=ORIENTED_EDGE('',*,*,#1316,.T.);
#637=ORIENTED_EDGE('',*,*,#1163,.T.);
#638=ORIENTED_EDGE('',*,*,#1315,.T.);
#639=ORIENTED_EDGE('',*,*,#1256,.T.);
#640=ORIENTED_EDGE('',*,*,#1314,.T.);
#641=ORIENTED_EDGE('',*,*,#1154,.T.);
#642=ORIENTED_EDGE('',*,*,#1104,.T.);
#643=ORIENTED_EDGE('',*,*,#1264,.F.);
#644=ORIENTED_EDGE('',*,*,#1317,.F.);
#645=ORIENTED_EDGE('',*,*,#1260,.T.);
#646=ORIENTED_EDGE('',*,*,#1208,.F.);
#647=ORIENTED_EDGE('',*,*,#1158,.F.);
#648=ORIENTED_EDGE('',*,*,#1318,.F.);
#649=ORIENTED_EDGE('',*,*,#1262,.T.);
#650=ORIENTED_EDGE('',*,*,#1319,.F.);
#651=ORIENTED_EDGE('',*,*,#1156,.F.);
#652=ORIENTED_EDGE('',*,*,#1320,.F.);
#653=ORIENTED_EDGE('',*,*,#1155,.T.);
#654=ORIENTED_EDGE('',*,*,#1317,.T.);
#655=ORIENTED_EDGE('',*,*,#1263,.T.);
#656=ORIENTED_EDGE('',*,*,#1320,.T.);
#657=ORIENTED_EDGE('',*,*,#1157,.T.);
#658=ORIENTED_EDGE('',*,*,#1319,.T.);
#659=ORIENTED_EDGE('',*,*,#1261,.T.);
#660=ORIENTED_EDGE('',*,*,#1318,.T.);
#661=ORIENTED_EDGE('',*,*,#1144,.T.);
#662=ORIENTED_EDGE('',*,*,#1100,.T.);
#663=ORIENTED_EDGE('',*,*,#1274,.F.);
#664=ORIENTED_EDGE('',*,*,#1321,.F.);
#665=ORIENTED_EDGE('',*,*,#1270,.T.);
#666=ORIENTED_EDGE('',*,*,#1095,.F.);
#667=ORIENTED_EDGE('',*,*,#1148,.F.);
#668=ORIENTED_EDGE('',*,*,#1322,.F.);
#669=ORIENTED_EDGE('',*,*,#1272,.T.);
#670=ORIENTED_EDGE('',*,*,#1323,.F.);
#671=ORIENTED_EDGE('',*,*,#1146,.F.);
#672=ORIENTED_EDGE('',*,*,#1324,.F.);
#673=ORIENTED_EDGE('',*,*,#1145,.T.);
#674=ORIENTED_EDGE('',*,*,#1321,.T.);
#675=ORIENTED_EDGE('',*,*,#1273,.T.);
#676=ORIENTED_EDGE('',*,*,#1324,.T.);
#677=ORIENTED_EDGE('',*,*,#1147,.T.);
#678=ORIENTED_EDGE('',*,*,#1323,.T.);
#679=ORIENTED_EDGE('',*,*,#1271,.T.);
#680=ORIENTED_EDGE('',*,*,#1322,.T.);
#681=ORIENTED_EDGE('',*,*,#1149,.T.);
#682=ORIENTED_EDGE('',*,*,#1093,.T.);
#683=ORIENTED_EDGE('',*,*,#1269,.F.);
#684=ORIENTED_EDGE('',*,*,#1325,.F.);
#685=ORIENTED_EDGE('',*,*,#1265,.T.);
#686=ORIENTED_EDGE('',*,*,#1102,.F.);
#687=ORIENTED_EDGE('',*,*,#1153,.F.);
#688=ORIENTED_EDGE('',*,*,#1326,.F.);
#689=ORIENTED_EDGE('',*,*,#1267,.T.);
#690=ORIENTED_EDGE('',*,*,#1327,.F.);
#691=ORIENTED_EDGE('',*,*,#1151,.F.);
#692=ORIENTED_EDGE('',*,*,#1328,.F.);
#693=ORIENTED_EDGE('',*,*,#1150,.T.);
#694=ORIENTED_EDGE('',*,*,#1325,.T.);
#695=ORIENTED_EDGE('',*,*,#1268,.T.);
#696=ORIENTED_EDGE('',*,*,#1328,.T.);
#697=ORIENTED_EDGE('',*,*,#1152,.T.);
#698=ORIENTED_EDGE('',*,*,#1327,.T.);
#699=ORIENTED_EDGE('',*,*,#1266,.T.);
#700=ORIENTED_EDGE('',*,*,#1326,.T.);
#701=ORIENTED_EDGE('',*,*,#1180,.T.);
#702=ORIENTED_EDGE('',*,*,#1092,.T.);
#703=ORIENTED_EDGE('',*,*,#1239,.F.);
#704=ORIENTED_EDGE('',*,*,#1329,.F.);
#705=ORIENTED_EDGE('',*,*,#1235,.T.);
#706=ORIENTED_EDGE('',*,*,#1075,.F.);
#707=ORIENTED_EDGE('',*,*,#1184,.F.);
#708=ORIENTED_EDGE('',*,*,#1330,.F.);
#709=ORIENTED_EDGE('',*,*,#1237,.T.);
#710=ORIENTED_EDGE('',*,*,#1331,.F.);
#711=ORIENTED_EDGE('',*,*,#1182,.F.);
#712=ORIENTED_EDGE('',*,*,#1332,.F.);
#713=ORIENTED_EDGE('',*,*,#1181,.T.);
#714=ORIENTED_EDGE('',*,*,#1329,.T.);
#715=ORIENTED_EDGE('',*,*,#1238,.T.);
#716=ORIENTED_EDGE('',*,*,#1332,.T.);
#717=ORIENTED_EDGE('',*,*,#1183,.T.);
#718=ORIENTED_EDGE('',*,*,#1331,.T.);
#719=ORIENTED_EDGE('',*,*,#1236,.T.);
#720=ORIENTED_EDGE('',*,*,#1330,.T.);
#721=ORIENTED_EDGE('',*,*,#1175,.T.);
#722=ORIENTED_EDGE('',*,*,#1088,.T.);
#723=ORIENTED_EDGE('',*,*,#1244,.F.);
#724=ORIENTED_EDGE('',*,*,#1333,.F.);
#725=ORIENTED_EDGE('',*,*,#1240,.T.);
#726=ORIENTED_EDGE('',*,*,#1090,.F.);
#727=ORIENTED_EDGE('',*,*,#1179,.F.);
#728=ORIENTED_EDGE('',*,*,#1334,.F.);
#729=ORIENTED_EDGE('',*,*,#1242,.T.);
#730=ORIENTED_EDGE('',*,*,#1335,.F.);
#731=ORIENTED_EDGE('',*,*,#1177,.F.);
#732=ORIENTED_EDGE('',*,*,#1336,.F.);
#733=ORIENTED_EDGE('',*,*,#1176,.T.);
#734=ORIENTED_EDGE('',*,*,#1333,.T.);
#735=ORIENTED_EDGE('',*,*,#1243,.T.);
#736=ORIENTED_EDGE('',*,*,#1336,.T.);
#737=ORIENTED_EDGE('',*,*,#1178,.T.);
#738=ORIENTED_EDGE('',*,*,#1335,.T.);
#739=ORIENTED_EDGE('',*,*,#1241,.T.);
#740=ORIENTED_EDGE('',*,*,#1334,.T.);
#741=ORIENTED_EDGE('',*,*,#1170,.T.);
#742=ORIENTED_EDGE('',*,*,#1084,.T.);
#743=ORIENTED_EDGE('',*,*,#1249,.F.);
#744=ORIENTED_EDGE('',*,*,#1337,.F.);
#745=ORIENTED_EDGE('',*,*,#1245,.T.);
#746=ORIENTED_EDGE('',*,*,#1086,.F.);
#747=ORIENTED_EDGE('',*,*,#1174,.F.);
#748=ORIENTED_EDGE('',*,*,#1338,.F.);
#749=ORIENTED_EDGE('',*,*,#1247,.T.);
#750=ORIENTED_EDGE('',*,*,#1339,.F.);
#751=ORIENTED_EDGE('',*,*,#1172,.F.);
#752=ORIENTED_EDGE('',*,*,#1340,.F.);
#753=ORIENTED_EDGE('',*,*,#1171,.T.);
#754=ORIENTED_EDGE('',*,*,#1337,.T.);
#755=ORIENTED_EDGE('',*,*,#1248,.T.);
#756=ORIENTED_EDGE('',*,*,#1340,.T.);
#757=ORIENTED_EDGE('',*,*,#1173,.T.);
#758=ORIENTED_EDGE('',*,*,#1339,.T.);
#759=ORIENTED_EDGE('',*,*,#1246,.T.);
#760=ORIENTED_EDGE('',*,*,#1338,.T.);
#761=ORIENTED_EDGE('',*,*,#1165,.T.);
#762=ORIENTED_EDGE('',*,*,#1077,.T.);
#763=ORIENTED_EDGE('',*,*,#1254,.F.);
#764=ORIENTED_EDGE('',*,*,#1341,.F.);
#765=ORIENTED_EDGE('',*,*,#1250,.T.);
#766=ORIENTED_EDGE('',*,*,#1082,.F.);
#767=ORIENTED_EDGE('',*,*,#1169,.F.);
#768=ORIENTED_EDGE('',*,*,#1342,.F.);
#769=ORIENTED_EDGE('',*,*,#1252,.T.);
#770=ORIENTED_EDGE('',*,*,#1343,.F.);
#771=ORIENTED_EDGE('',*,*,#1167,.F.);
#772=ORIENTED_EDGE('',*,*,#1344,.F.);
#773=ORIENTED_EDGE('',*,*,#1166,.T.);
#774=ORIENTED_EDGE('',*,*,#1341,.T.);
#775=ORIENTED_EDGE('',*,*,#1253,.T.);
#776=ORIENTED_EDGE('',*,*,#1344,.T.);
#777=ORIENTED_EDGE('',*,*,#1168,.T.);
#778=ORIENTED_EDGE('',*,*,#1343,.T.);
#779=ORIENTED_EDGE('',*,*,#1251,.T.);
#780=ORIENTED_EDGE('',*,*,#1342,.T.);
#781=ORIENTED_EDGE('',*,*,#1185,.T.);
#782=ORIENTED_EDGE('',*,*,#1073,.T.);
#783=ORIENTED_EDGE('',*,*,#1234,.F.);
#784=ORIENTED_EDGE('',*,*,#1345,.F.);
#785=ORIENTED_EDGE('',*,*,#1230,.T.);
#786=ORIENTED_EDGE('',*,*,#1071,.F.);
#787=ORIENTED_EDGE('',*,*,#1189,.F.);
#788=ORIENTED_EDGE('',*,*,#1346,.F.);
#789=ORIENTED_EDGE('',*,*,#1232,.T.);
#790=ORIENTED_EDGE('',*,*,#1347,.F.);
#791=ORIENTED_EDGE('',*,*,#1187,.F.);
#792=ORIENTED_EDGE('',*,*,#1348,.F.);
#793=ORIENTED_EDGE('',*,*,#1186,.T.);
#794=ORIENTED_EDGE('',*,*,#1345,.T.);
#795=ORIENTED_EDGE('',*,*,#1233,.T.);
#796=ORIENTED_EDGE('',*,*,#1348,.T.);
#797=ORIENTED_EDGE('',*,*,#1188,.T.);
#798=ORIENTED_EDGE('',*,*,#1347,.T.);
#799=ORIENTED_EDGE('',*,*,#1231,.T.);
#800=ORIENTED_EDGE('',*,*,#1346,.T.);
#801=ORIENTED_EDGE('',*,*,#1190,.T.);
#802=ORIENTED_EDGE('',*,*,#1069,.T.);
#803=ORIENTED_EDGE('',*,*,#1229,.F.);
#804=ORIENTED_EDGE('',*,*,#1349,.F.);
#805=ORIENTED_EDGE('',*,*,#1225,.T.);
#806=ORIENTED_EDGE('',*,*,#1063,.F.);
#807=ORIENTED_EDGE('',*,*,#1194,.F.);
#808=ORIENTED_EDGE('',*,*,#1350,.F.);
#809=ORIENTED_EDGE('',*,*,#1227,.T.);
#810=ORIENTED_EDGE('',*,*,#1351,.F.);
#811=ORIENTED_EDGE('',*,*,#1192,.F.);
#812=ORIENTED_EDGE('',*,*,#1352,.F.);
#813=ORIENTED_EDGE('',*,*,#1191,.T.);
#814=ORIENTED_EDGE('',*,*,#1349,.T.);
#815=ORIENTED_EDGE('',*,*,#1228,.T.);
#816=ORIENTED_EDGE('',*,*,#1352,.T.);
#817=ORIENTED_EDGE('',*,*,#1193,.T.);
#818=ORIENTED_EDGE('',*,*,#1351,.T.);
#819=ORIENTED_EDGE('',*,*,#1226,.T.);
#820=ORIENTED_EDGE('',*,*,#1350,.T.);
#821=ORIENTED_EDGE('',*,*,#1200,.T.);
#822=ORIENTED_EDGE('',*,*,#1068,.T.);
#823=ORIENTED_EDGE('',*,*,#1219,.F.);
#824=ORIENTED_EDGE('',*,*,#1353,.F.);
#825=ORIENTED_EDGE('',*,*,#1215,.T.);
#826=ORIENTED_EDGE('',*,*,#1031,.F.);
#827=ORIENTED_EDGE('',*,*,#1204,.F.);
#828=ORIENTED_EDGE('',*,*,#1354,.F.);
#829=ORIENTED_EDGE('',*,*,#1217,.T.);
#830=ORIENTED_EDGE('',*,*,#1355,.F.);
#831=ORIENTED_EDGE('',*,*,#1202,.F.);
#832=ORIENTED_EDGE('',*,*,#1356,.F.);
#833=ORIENTED_EDGE('',*,*,#1201,.T.);
#834=ORIENTED_EDGE('',*,*,#1353,.T.);
#835=ORIENTED_EDGE('',*,*,#1218,.T.);
#836=ORIENTED_EDGE('',*,*,#1356,.T.);
#837=ORIENTED_EDGE('',*,*,#1203,.T.);
#838=ORIENTED_EDGE('',*,*,#1355,.T.);
#839=ORIENTED_EDGE('',*,*,#1216,.T.);
#840=ORIENTED_EDGE('',*,*,#1354,.T.);
#841=ORIENTED_EDGE('',*,*,#1195,.T.);
#842=ORIENTED_EDGE('',*,*,#1061,.T.);
#843=ORIENTED_EDGE('',*,*,#1224,.F.);
#844=ORIENTED_EDGE('',*,*,#1357,.F.);
#845=ORIENTED_EDGE('',*,*,#1220,.T.);
#846=ORIENTED_EDGE('',*,*,#1066,.F.);
#847=ORIENTED_EDGE('',*,*,#1199,.F.);
#848=ORIENTED_EDGE('',*,*,#1358,.F.);
#849=ORIENTED_EDGE('',*,*,#1222,.T.);
#850=ORIENTED_EDGE('',*,*,#1359,.F.);
#851=ORIENTED_EDGE('',*,*,#1197,.F.);
#852=ORIENTED_EDGE('',*,*,#1360,.F.);
#853=ORIENTED_EDGE('',*,*,#1196,.T.);
#854=ORIENTED_EDGE('',*,*,#1357,.T.);
#855=ORIENTED_EDGE('',*,*,#1223,.T.);
#856=ORIENTED_EDGE('',*,*,#1360,.T.);
#857=ORIENTED_EDGE('',*,*,#1198,.T.);
#858=ORIENTED_EDGE('',*,*,#1359,.T.);
#859=ORIENTED_EDGE('',*,*,#1221,.T.);
#860=ORIENTED_EDGE('',*,*,#1358,.T.);
#861=ORIENTED_EDGE('',*,*,#1139,.T.);
#862=ORIENTED_EDGE('',*,*,#1060,.T.);
#863=ORIENTED_EDGE('',*,*,#1279,.F.);
#864=ORIENTED_EDGE('',*,*,#1361,.F.);
#865=ORIENTED_EDGE('',*,*,#1275,.T.);
#866=ORIENTED_EDGE('',*,*,#1098,.F.);
#867=ORIENTED_EDGE('',*,*,#1143,.F.);
#868=ORIENTED_EDGE('',*,*,#1362,.F.);
#869=ORIENTED_EDGE('',*,*,#1277,.T.);
#870=ORIENTED_EDGE('',*,*,#1363,.F.);
#871=ORIENTED_EDGE('',*,*,#1141,.F.);
#872=ORIENTED_EDGE('',*,*,#1364,.F.);
#873=ORIENTED_EDGE('',*,*,#1140,.T.);
#874=ORIENTED_EDGE('',*,*,#1361,.T.);
#875=ORIENTED_EDGE('',*,*,#1278,.T.);
#876=ORIENTED_EDGE('',*,*,#1364,.T.);
#877=ORIENTED_EDGE('',*,*,#1142,.T.);
#878=ORIENTED_EDGE('',*,*,#1363,.T.);
#879=ORIENTED_EDGE('',*,*,#1276,.T.);
#880=ORIENTED_EDGE('',*,*,#1362,.T.);
#881=ORIENTED_EDGE('',*,*,#1134,.T.);
#882=ORIENTED_EDGE('',*,*,#1056,.T.);
#883=ORIENTED_EDGE('',*,*,#1284,.F.);
#884=ORIENTED_EDGE('',*,*,#1365,.F.);
#885=ORIENTED_EDGE('',*,*,#1280,.T.);
#886=ORIENTED_EDGE('',*,*,#1058,.F.);
#887=ORIENTED_EDGE('',*,*,#1138,.F.);
#888=ORIENTED_EDGE('',*,*,#1366,.F.);
#889=ORIENTED_EDGE('',*,*,#1282,.T.);
#890=ORIENTED_EDGE('',*,*,#1367,.F.);
#891=ORIENTED_EDGE('',*,*,#1136,.F.);
#892=ORIENTED_EDGE('',*,*,#1368,.F.);
#893=ORIENTED_EDGE('',*,*,#1135,.T.);
#894=ORIENTED_EDGE('',*,*,#1365,.T.);
#895=ORIENTED_EDGE('',*,*,#1283,.T.);
#896=ORIENTED_EDGE('',*,*,#1368,.T.);
#897=ORIENTED_EDGE('',*,*,#1137,.T.);
#898=ORIENTED_EDGE('',*,*,#1367,.T.);
#899=ORIENTED_EDGE('',*,*,#1281,.T.);
#900=ORIENTED_EDGE('',*,*,#1366,.T.);
#901=ORIENTED_EDGE('',*,*,#1129,.T.);
#902=ORIENTED_EDGE('',*,*,#1052,.T.);
#903=ORIENTED_EDGE('',*,*,#1289,.F.);
#904=ORIENTED_EDGE('',*,*,#1369,.F.);
#905=ORIENTED_EDGE('',*,*,#1285,.T.);
#906=ORIENTED_EDGE('',*,*,#1054,.F.);
#907=ORIENTED_EDGE('',*,*,#1133,.F.);
#908=ORIENTED_EDGE('',*,*,#1370,.F.);
#909=ORIENTED_EDGE('',*,*,#1287,.T.);
#910=ORIENTED_EDGE('',*,*,#1371,.F.);
#911=ORIENTED_EDGE('',*,*,#1131,.F.);
#912=ORIENTED_EDGE('',*,*,#1372,.F.);
#913=ORIENTED_EDGE('',*,*,#1130,.T.);
#914=ORIENTED_EDGE('',*,*,#1369,.T.);
#915=ORIENTED_EDGE('',*,*,#1288,.T.);
#916=ORIENTED_EDGE('',*,*,#1372,.T.);
#917=ORIENTED_EDGE('',*,*,#1132,.T.);
#918=ORIENTED_EDGE('',*,*,#1371,.T.);
#919=ORIENTED_EDGE('',*,*,#1286,.T.);
#920=ORIENTED_EDGE('',*,*,#1370,.T.);
#921=ORIENTED_EDGE('',*,*,#1124,.T.);
#922=ORIENTED_EDGE('',*,*,#1048,.T.);
#923=ORIENTED_EDGE('',*,*,#1294,.F.);
#924=ORIENTED_EDGE('',*,*,#1373,.F.);
#925=ORIENTED_EDGE('',*,*,#1290,.T.);
#926=ORIENTED_EDGE('',*,*,#1050,.F.);
#927=ORIENTED_EDGE('',*,*,#1128,.F.);
#928=ORIENTED_EDGE('',*,*,#1374,.F.);
#929=ORIENTED_EDGE('',*,*,#1292,.T.);
#930=ORIENTED_EDGE('',*,*,#1375,.F.);
#931=ORIENTED_EDGE('',*,*,#1126,.F.);
#932=ORIENTED_EDGE('',*,*,#1376,.F.);
#933=ORIENTED_EDGE('',*,*,#1125,.T.);
#934=ORIENTED_EDGE('',*,*,#1373,.T.);
#935=ORIENTED_EDGE('',*,*,#1293,.T.);
#936=ORIENTED_EDGE('',*,*,#1376,.T.);
#937=ORIENTED_EDGE('',*,*,#1127,.T.);
#938=ORIENTED_EDGE('',*,*,#1375,.T.);
#939=ORIENTED_EDGE('',*,*,#1291,.T.);
#940=ORIENTED_EDGE('',*,*,#1374,.T.);
#941=ORIENTED_EDGE('',*,*,#1119,.T.);
#942=ORIENTED_EDGE('',*,*,#1044,.T.);
#943=ORIENTED_EDGE('',*,*,#1299,.F.);
#944=ORIENTED_EDGE('',*,*,#1377,.F.);
#945=ORIENTED_EDGE('',*,*,#1295,.T.);
#946=ORIENTED_EDGE('',*,*,#1046,.F.);
#947=ORIENTED_EDGE('',*,*,#1123,.F.);
#948=ORIENTED_EDGE('',*,*,#1378,.F.);
#949=ORIENTED_EDGE('',*,*,#1297,.T.);
#950=ORIENTED_EDGE('',*,*,#1379,.F.);
#951=ORIENTED_EDGE('',*,*,#1121,.F.);
#952=ORIENTED_EDGE('',*,*,#1380,.F.);
#953=ORIENTED_EDGE('',*,*,#1120,.T.);
#954=ORIENTED_EDGE('',*,*,#1377,.T.);
#955=ORIENTED_EDGE('',*,*,#1298,.T.);
#956=ORIENTED_EDGE('',*,*,#1380,.T.);
#957=ORIENTED_EDGE('',*,*,#1122,.T.);
#958=ORIENTED_EDGE('',*,*,#1379,.T.);
#959=ORIENTED_EDGE('',*,*,#1296,.T.);
#960=ORIENTED_EDGE('',*,*,#1378,.T.);
#961=ORIENTED_EDGE('',*,*,#1114,.T.);
#962=ORIENTED_EDGE('',*,*,#1040,.T.);
#963=ORIENTED_EDGE('',*,*,#1304,.F.);
#964=ORIENTED_EDGE('',*,*,#1381,.F.);
#965=ORIENTED_EDGE('',*,*,#1300,.T.);
#966=ORIENTED_EDGE('',*,*,#1042,.F.);
#967=ORIENTED_EDGE('',*,*,#1118,.F.);
#968=ORIENTED_EDGE('',*,*,#1382,.F.);
#969=ORIENTED_EDGE('',*,*,#1302,.T.);
#970=ORIENTED_EDGE('',*,*,#1383,.F.);
#971=ORIENTED_EDGE('',*,*,#1116,.F.);
#972=ORIENTED_EDGE('',*,*,#1384,.F.);
#973=ORIENTED_EDGE('',*,*,#1115,.T.);
#974=ORIENTED_EDGE('',*,*,#1381,.T.);
#975=ORIENTED_EDGE('',*,*,#1303,.T.);
#976=ORIENTED_EDGE('',*,*,#1384,.T.);
#977=ORIENTED_EDGE('',*,*,#1117,.T.);
#978=ORIENTED_EDGE('',*,*,#1383,.T.);
#979=ORIENTED_EDGE('',*,*,#1301,.T.);
#980=ORIENTED_EDGE('',*,*,#1382,.T.);
#981=ORIENTED_EDGE('',*,*,#1109,.T.);
#982=ORIENTED_EDGE('',*,*,#1036,.T.);
#983=ORIENTED_EDGE('',*,*,#1309,.F.);
#984=ORIENTED_EDGE('',*,*,#1385,.F.);
#985=ORIENTED_EDGE('',*,*,#1305,.T.);
#986=ORIENTED_EDGE('',*,*,#1038,.F.);
#987=ORIENTED_EDGE('',*,*,#1113,.F.);
#988=ORIENTED_EDGE('',*,*,#1386,.F.);
#989=ORIENTED_EDGE('',*,*,#1307,.T.);
#990=ORIENTED_EDGE('',*,*,#1387,.F.);
#991=ORIENTED_EDGE('',*,*,#1111,.F.);
#992=ORIENTED_EDGE('',*,*,#1388,.F.);
#993=ORIENTED_EDGE('',*,*,#1110,.T.);
#994=ORIENTED_EDGE('',*,*,#1385,.T.);
#995=ORIENTED_EDGE('',*,*,#1308,.T.);
#996=ORIENTED_EDGE('',*,*,#1388,.T.);
#997=ORIENTED_EDGE('',*,*,#1112,.T.);
#998=ORIENTED_EDGE('',*,*,#1387,.T.);
#999=ORIENTED_EDGE('',*,*,#1306,.T.);
#1000=ORIENTED_EDGE('',*,*,#1386,.T.);
#1001=ORIENTED_EDGE('',*,*,#1205,.T.);
#1002=ORIENTED_EDGE('',*,*,#1029,.T.);
#1003=ORIENTED_EDGE('',*,*,#1214,.F.);
#1004=ORIENTED_EDGE('',*,*,#1389,.F.);
#1005=ORIENTED_EDGE('',*,*,#1310,.T.);
#1006=ORIENTED_EDGE('',*,*,#1034,.F.);
#1007=ORIENTED_EDGE('',*,*,#1108,.F.);
#1008=ORIENTED_EDGE('',*,*,#1390,.F.);
#1009=ORIENTED_EDGE('',*,*,#1312,.T.);
#1010=ORIENTED_EDGE('',*,*,#1391,.F.);
#1011=ORIENTED_EDGE('',*,*,#1207,.F.);
#1012=ORIENTED_EDGE('',*,*,#1392,.F.);
#1013=ORIENTED_EDGE('',*,*,#1206,.T.);
#1014=ORIENTED_EDGE('',*,*,#1389,.T.);
#1015=ORIENTED_EDGE('',*,*,#1213,.T.);
#1016=ORIENTED_EDGE('',*,*,#1392,.T.);
#1017=ORIENTED_EDGE('',*,*,#1107,.T.);
#1018=ORIENTED_EDGE('',*,*,#1391,.T.);
#1019=ORIENTED_EDGE('',*,*,#1311,.T.);
#1020=ORIENTED_EDGE('',*,*,#1390,.T.);
#1021=ORIENTED_EDGE('',*,*,#1105,.T.);
#1022=ORIENTED_EDGE('',*,*,#1393,.F.);
#1023=ORIENTED_EDGE('',*,*,#1212,.F.);
#1024=ORIENTED_EDGE('',*,*,#1394,.T.);
#1025=ORIENTED_EDGE('',*,*,#1394,.F.);
#1026=ORIENTED_EDGE('',*,*,#1211,.T.);
#1027=ORIENTED_EDGE('',*,*,#1393,.T.);
#1028=ORIENTED_EDGE('',*,*,#1106,.F.);
#1029=EDGE_CURVE('',#1395,#1396,#1639,.T.);
#1030=EDGE_CURVE('',#1397,#1395,#135,.T.);
#1031=EDGE_CURVE('',#1397,#1398,#1640,.T.);
#1032=EDGE_CURVE('',#1398,#1396,#136,.T.);
#1033=EDGE_CURVE('',#1399,#1400,#137,.T.);
#1034=EDGE_CURVE('',#1399,#1401,#1641,.T.);
#1035=EDGE_CURVE('',#1401,#1402,#138,.T.);
#1036=EDGE_CURVE('',#1400,#1402,#1642,.T.);
#1037=EDGE_CURVE('',#1403,#1404,#139,.T.);
#1038=EDGE_CURVE('',#1403,#1405,#1643,.T.);
#1039=EDGE_CURVE('',#1405,#1406,#140,.T.);
#1040=EDGE_CURVE('',#1404,#1406,#1644,.T.);
#1041=EDGE_CURVE('',#1407,#1408,#141,.T.);
#1042=EDGE_CURVE('',#1407,#1409,#1645,.T.);
#1043=EDGE_CURVE('',#1409,#1410,#142,.T.);
#1044=EDGE_CURVE('',#1408,#1410,#1646,.T.);
#1045=EDGE_CURVE('',#1411,#1412,#143,.T.);
#1046=EDGE_CURVE('',#1411,#1413,#1647,.T.);
#1047=EDGE_CURVE('',#1413,#1414,#144,.T.);
#1048=EDGE_CURVE('',#1412,#1414,#1648,.T.);
#1049=EDGE_CURVE('',#1415,#1416,#145,.T.);
#1050=EDGE_CURVE('',#1415,#1417,#1649,.T.);
#1051=EDGE_CURVE('',#1417,#1418,#146,.T.);
#1052=EDGE_CURVE('',#1416,#1418,#1650,.T.);
#1053=EDGE_CURVE('',#1419,#1420,#147,.T.);
#1054=EDGE_CURVE('',#1419,#1421,#1651,.T.);
#1055=EDGE_CURVE('',#1421,#1422,#148,.T.);
#1056=EDGE_CURVE('',#1420,#1422,#1652,.T.);
#1057=EDGE_CURVE('',#1423,#1424,#149,.T.);
#1058=EDGE_CURVE('',#1423,#1425,#1653,.T.);
#1059=EDGE_CURVE('',#1425,#1426,#150,.T.);
#1060=EDGE_CURVE('',#1424,#1426,#1654,.T.);
#1061=EDGE_CURVE('',#1427,#1428,#1655,.T.);
#1062=EDGE_CURVE('',#1429,#1427,#151,.T.);
#1063=EDGE_CURVE('',#1429,#1430,#1656,.T.);
#1064=EDGE_CURVE('',#1430,#1428,#152,.T.);
#1065=EDGE_CURVE('',#1431,#1432,#153,.T.);
#1066=EDGE_CURVE('',#1431,#1433,#1657,.T.);
#1067=EDGE_CURVE('',#1433,#1434,#154,.T.);
#1068=EDGE_CURVE('',#1432,#1434,#1658,.T.);
#1069=EDGE_CURVE('',#1435,#1436,#1659,.T.);
#1070=EDGE_CURVE('',#1437,#1435,#155,.T.);
#1071=EDGE_CURVE('',#1437,#1438,#1660,.T.);
#1072=EDGE_CURVE('',#1438,#1436,#156,.T.);
#1073=EDGE_CURVE('',#1439,#1440,#1661,.T.);
#1074=EDGE_CURVE('',#1441,#1439,#157,.T.);
#1075=EDGE_CURVE('',#1441,#1442,#1662,.T.);
#1076=EDGE_CURVE('',#1442,#1440,#158,.T.);
#1077=EDGE_CURVE('',#1443,#1444,#1663,.T.);
#1078=EDGE_CURVE('',#1445,#1443,#159,.T.);
#1079=EDGE_CURVE('',#1445,#1446,#1664,.T.);
#1080=EDGE_CURVE('',#1446,#1444,#160,.T.);
#1081=EDGE_CURVE('',#1447,#1448,#161,.T.);
#1082=EDGE_CURVE('',#1447,#1449,#1665,.T.);
#1083=EDGE_CURVE('',#1449,#1450,#162,.T.);
#1084=EDGE_CURVE('',#1448,#1450,#1666,.T.);
#1085=EDGE_CURVE('',#1451,#1452,#163,.T.);
#1086=EDGE_CURVE('',#1451,#1453,#1667,.T.);
#1087=EDGE_CURVE('',#1453,#1454,#164,.T.);
#1088=EDGE_CURVE('',#1452,#1454,#1668,.T.);
#1089=EDGE_CURVE('',#1455,#1456,#165,.T.);
#1090=EDGE_CURVE('',#1455,#1457,#1669,.T.);
#1091=EDGE_CURVE('',#1457,#1458,#166,.T.);
#1092=EDGE_CURVE('',#1456,#1458,#1670,.T.);
#1093=EDGE_CURVE('',#1459,#1460,#1671,.T.);
#1094=EDGE_CURVE('',#1461,#1459,#167,.T.);
#1095=EDGE_CURVE('',#1461,#1462,#1672,.T.);
#1096=EDGE_CURVE('',#1462,#1460,#168,.T.);
#1097=EDGE_CURVE('',#1463,#1464,#169,.T.);
#1098=EDGE_CURVE('',#1463,#1465,#1673,.T.);
#1099=EDGE_CURVE('',#1465,#1466,#170,.T.);
#1100=EDGE_CURVE('',#1464,#1466,#1674,.T.);
#1101=EDGE_CURVE('',#1467,#1468,#171,.T.);
#1102=EDGE_CURVE('',#1467,#1469,#1675,.T.);
#1103=EDGE_CURVE('',#1469,#1470,#172,.T.);
#1104=EDGE_CURVE('',#1468,#1470,#1676,.T.);
#1105=EDGE_CURVE('',#1471,#1472,#173,.T.);
#1106=EDGE_CURVE('',#1471,#1472,#1677,.T.);
#1107=EDGE_CURVE('',#1473,#1474,#174,.T.);
#1108=EDGE_CURVE('',#1473,#1399,#52,.T.);
#1109=EDGE_CURVE('',#1475,#1400,#53,.T.);
#1110=EDGE_CURVE('',#1476,#1475,#175,.T.);
#1111=EDGE_CURVE('',#1476,#1477,#176,.T.);
#1112=EDGE_CURVE('',#1478,#1477,#177,.T.);
#1113=EDGE_CURVE('',#1478,#1403,#54,.T.);
#1114=EDGE_CURVE('',#1479,#1404,#55,.T.);
#1115=EDGE_CURVE('',#1480,#1479,#178,.T.);
#1116=EDGE_CURVE('',#1480,#1481,#179,.T.);
#1117=EDGE_CURVE('',#1482,#1481,#180,.T.);
#1118=EDGE_CURVE('',#1482,#1407,#56,.T.);
#1119=EDGE_CURVE('',#1483,#1408,#57,.T.);
#1120=EDGE_CURVE('',#1484,#1483,#181,.T.);
#1121=EDGE_CURVE('',#1484,#1485,#182,.T.);
#1122=EDGE_CURVE('',#1486,#1485,#183,.T.);
#1123=EDGE_CURVE('',#1486,#1411,#58,.T.);
#1124=EDGE_CURVE('',#1487,#1412,#59,.T.);
#1125=EDGE_CURVE('',#1488,#1487,#184,.T.);
#1126=EDGE_CURVE('',#1488,#1489,#185,.T.);
#1127=EDGE_CURVE('',#1490,#1489,#186,.T.);
#1128=EDGE_CURVE('',#1490,#1415,#60,.T.);
#1129=EDGE_CURVE('',#1491,#1416,#61,.T.);
#1130=EDGE_CURVE('',#1492,#1491,#187,.T.);
#1131=EDGE_CURVE('',#1492,#1493,#188,.T.);
#1132=EDGE_CURVE('',#1494,#1493,#189,.T.);
#1133=EDGE_CURVE('',#1494,#1419,#62,.T.);
#1134=EDGE_CURVE('',#1495,#1420,#63,.T.);
#1135=EDGE_CURVE('',#1496,#1495,#190,.T.);
#1136=EDGE_CURVE('',#1496,#1497,#191,.T.);
#1137=EDGE_CURVE('',#1498,#1497,#192,.T.);
#1138=EDGE_CURVE('',#1498,#1423,#64,.T.);
#1139=EDGE_CURVE('',#1499,#1424,#65,.T.);
#1140=EDGE_CURVE('',#1500,#1499,#193,.T.);
#1141=EDGE_CURVE('',#1500,#1501,#194,.T.);
#1142=EDGE_CURVE('',#1502,#1501,#195,.T.);
#1143=EDGE_CURVE('',#1502,#1463,#66,.T.);
#1144=EDGE_CURVE('',#1503,#1464,#67,.T.);
#1145=EDGE_CURVE('',#1504,#1503,#196,.T.);
#1146=EDGE_CURVE('',#1504,#1505,#197,.T.);
#1147=EDGE_CURVE('',#1506,#1505,#198,.T.);
#1148=EDGE_CURVE('',#1506,#1461,#68,.T.);
#1149=EDGE_CURVE('',#1507,#1459,#69,.T.);
#1150=EDGE_CURVE('',#1508,#1507,#199,.T.);
#1151=EDGE_CURVE('',#1508,#1509,#200,.T.);
#1152=EDGE_CURVE('',#1510,#1509,#201,.T.);
#1153=EDGE_CURVE('',#1510,#1467,#70,.T.);
#1154=EDGE_CURVE('',#1511,#1468,#71,.T.);
#1155=EDGE_CURVE('',#1512,#1511,#202,.T.);
#1156=EDGE_CURVE('',#1512,#1513,#203,.T.);
#1157=EDGE_CURVE('',#1514,#1513,#204,.T.);
#1158=EDGE_CURVE('',#1514,#1515,#72,.T.);
#1159=EDGE_CURVE('',#1515,#1516,#205,.T.);
#1160=EDGE_CURVE('',#1517,#1516,#73,.T.);
#1161=EDGE_CURVE('',#1518,#1517,#206,.T.);
#1162=EDGE_CURVE('',#1518,#1519,#207,.T.);
#1163=EDGE_CURVE('',#1520,#1519,#208,.T.);
#1164=EDGE_CURVE('',#1520,#1445,#74,.T.);
#1165=EDGE_CURVE('',#1521,#1443,#75,.T.);
#1166=EDGE_CURVE('',#1522,#1521,#209,.T.);
#1167=EDGE_CURVE('',#1522,#1523,#210,.T.);
#1168=EDGE_CURVE('',#1524,#1523,#211,.T.);
#1169=EDGE_CURVE('',#1524,#1447,#76,.T.);
#1170=EDGE_CURVE('',#1525,#1448,#77,.T.);
#1171=EDGE_CURVE('',#1526,#1525,#212,.T.);
#1172=EDGE_CURVE('',#1526,#1527,#213,.T.);
#1173=EDGE_CURVE('',#1528,#1527,#214,.T.);
#1174=EDGE_CURVE('',#1528,#1451,#78,.T.);
#1175=EDGE_CURVE('',#1529,#1452,#79,.T.);
#1176=EDGE_CURVE('',#1530,#1529,#215,.T.);
#1177=EDGE_CURVE('',#1530,#1531,#216,.T.);
#1178=EDGE_CURVE('',#1532,#1531,#217,.T.);
#1179=EDGE_CURVE('',#1532,#1455,#80,.T.);
#1180=EDGE_CURVE('',#1533,#1456,#81,.T.);
#1181=EDGE_CURVE('',#1534,#1533,#218,.T.);
#1182=EDGE_CURVE('',#1534,#1535,#219,.T.);
#1183=EDGE_CURVE('',#1536,#1535,#220,.T.);
#1184=EDGE_CURVE('',#1536,#1441,#82,.T.);
#1185=EDGE_CURVE('',#1537,#1439,#83,.T.);
#1186=EDGE_CURVE('',#1538,#1537,#221,.T.);
#1187=EDGE_CURVE('',#1538,#1539,#222,.T.);
#1188=EDGE_CURVE('',#1540,#1539,#223,.T.);
#1189=EDGE_CURVE('',#1540,#1437,#84,.T.);
#1190=EDGE_CURVE('',#1541,#1435,#85,.T.);
#1191=EDGE_CURVE('',#1542,#1541,#224,.T.);
#1192=EDGE_CURVE('',#1542,#1543,#225,.T.);
#1193=EDGE_CURVE('',#1544,#1543,#226,.T.);
#1194=EDGE_CURVE('',#1544,#1429,#86,.T.);
#1195=EDGE_CURVE('',#1545,#1427,#87,.T.);
#1196=EDGE_CURVE('',#1546,#1545,#227,.T.);
#1197=EDGE_CURVE('',#1546,#1547,#228,.T.);
#1198=EDGE_CURVE('',#1548,#1547,#229,.T.);
#1199=EDGE_CURVE('',#1548,#1431,#88,.T.);
#1200=EDGE_CURVE('',#1549,#1432,#89,.T.);
#1201=EDGE_CURVE('',#1550,#1549,#230,.T.);
#1202=EDGE_CURVE('',#1550,#1551,#231,.T.);
#1203=EDGE_CURVE('',#1552,#1551,#232,.T.);
#1204=EDGE_CURVE('',#1552,#1397,#90,.T.);
#1205=EDGE_CURVE('',#1553,#1395,#91,.T.);
#1206=EDGE_CURVE('',#1554,#1553,#233,.T.);
#1207=EDGE_CURVE('',#1554,#1474,#234,.T.);
#1208=EDGE_CURVE('',#1515,#1555,#1678,.T.);
#1209=EDGE_CURVE('',#1555,#1556,#235,.T.);
#1210=EDGE_CURVE('',#1516,#1556,#1679,.T.);
#1211=EDGE_CURVE('',#1557,#1558,#1680,.T.);
#1212=EDGE_CURVE('',#1557,#1558,#236,.T.);
#1213=EDGE_CURVE('',#1559,#1560,#237,.F.);
#1214=EDGE_CURVE('',#1559,#1396,#92,.T.);
#1215=EDGE_CURVE('',#1561,#1398,#93,.T.);
#1216=EDGE_CURVE('',#1562,#1561,#238,.F.);
#1217=EDGE_CURVE('',#1563,#1562,#239,.T.);
#1218=EDGE_CURVE('',#1564,#1563,#240,.F.);
#1219=EDGE_CURVE('',#1564,#1434,#94,.T.);
#1220=EDGE_CURVE('',#1565,#1433,#95,.T.);
#1221=EDGE_CURVE('',#1566,#1565,#241,.F.);
#1222=EDGE_CURVE('',#1567,#1566,#242,.T.);
#1223=EDGE_CURVE('',#1568,#1567,#243,.F.);
#1224=EDGE_CURVE('',#1568,#1428,#96,.T.);
#1225=EDGE_CURVE('',#1569,#1430,#97,.T.);
#1226=EDGE_CURVE('',#1570,#1569,#244,.F.);
#1227=EDGE_CURVE('',#1571,#1570,#245,.T.);
#1228=EDGE_CURVE('',#1572,#1571,#246,.F.);
#1229=EDGE_CURVE('',#1572,#1436,#98,.T.);
#1230=EDGE_CURVE('',#1573,#1438,#99,.T.);
#1231=EDGE_CURVE('',#1574,#1573,#247,.F.);
#1232=EDGE_CURVE('',#1575,#1574,#248,.T.);
#1233=EDGE_CURVE('',#1576,#1575,#249,.F.);
#1234=EDGE_CURVE('',#1576,#1440,#100,.T.);
#1235=EDGE_CURVE('',#1577,#1442,#101,.T.);
#1236=EDGE_CURVE('',#1578,#1577,#250,.F.);
#1237=EDGE_CURVE('',#1579,#1578,#251,.T.);
#1238=EDGE_CURVE('',#1580,#1579,#252,.F.);
#1239=EDGE_CURVE('',#1580,#1458,#102,.T.);
#1240=EDGE_CURVE('',#1581,#1457,#103,.T.);
#1241=EDGE_CURVE('',#1582,#1581,#253,.F.);
#1242=EDGE_CURVE('',#1583,#1582,#254,.T.);
#1243=EDGE_CURVE('',#1584,#1583,#255,.F.);
#1244=EDGE_CURVE('',#1584,#1454,#104,.T.);
#1245=EDGE_CURVE('',#1585,#1453,#105,.T.);
#1246=EDGE_CURVE('',#1586,#1585,#256,.F.);
#1247=EDGE_CURVE('',#1587,#1586,#257,.T.);
#1248=EDGE_CURVE('',#1588,#1587,#258,.F.);
#1249=EDGE_CURVE('',#1588,#1450,#106,.T.);
#1250=EDGE_CURVE('',#1589,#1449,#107,.T.);
#1251=EDGE_CURVE('',#1590,#1589,#259,.F.);
#1252=EDGE_CURVE('',#1591,#1590,#260,.T.);
#1253=EDGE_CURVE('',#1592,#1591,#261,.F.);
#1254=EDGE_CURVE('',#1592,#1444,#108,.T.);
#1255=EDGE_CURVE('',#1593,#1446,#109,.T.);
#1256=EDGE_CURVE('',#1594,#1593,#262,.F.);
#1257=EDGE_CURVE('',#1595,#1594,#263,.T.);
#1258=EDGE_CURVE('',#1596,#1595,#264,.F.);
#1259=EDGE_CURVE('',#1596,#1556,#110,.T.);
#1260=EDGE_CURVE('',#1597,#1555,#111,.T.);
#1261=EDGE_CURVE('',#1598,#1597,#265,.F.);
#1262=EDGE_CURVE('',#1599,#1598,#266,.T.);
#1263=EDGE_CURVE('',#1600,#1599,#267,.F.);
#1264=EDGE_CURVE('',#1600,#1470,#112,.T.);
#1265=EDGE_CURVE('',#1601,#1469,#113,.T.);
#1266=EDGE_CURVE('',#1602,#1601,#268,.F.);
#1267=EDGE_CURVE('',#1603,#1602,#269,.T.);
#1268=EDGE_CURVE('',#1604,#1603,#270,.F.);
#1269=EDGE_CURVE('',#1604,#1460,#114,.T.);
#1270=EDGE_CURVE('',#1605,#1462,#115,.T.);
#1271=EDGE_CURVE('',#1606,#1605,#271,.F.);
#1272=EDGE_CURVE('',#1607,#1606,#272,.T.);
#1273=EDGE_CURVE('',#1608,#1607,#273,.F.);
#1274=EDGE_CURVE('',#1608,#1466,#116,.T.);
#1275=EDGE_CURVE('',#1609,#1465,#117,.T.);
#1276=EDGE_CURVE('',#1610,#1609,#274,.F.);
#1277=EDGE_CURVE('',#1611,#1610,#275,.T.);
#1278=EDGE_CURVE('',#1612,#1611,#276,.F.);
#1279=EDGE_CURVE('',#1612,#1426,#118,.T.);
#1280=EDGE_CURVE('',#1613,#1425,#119,.T.);
#1281=EDGE_CURVE('',#1614,#1613,#277,.F.);
#1282=EDGE_CURVE('',#1615,#1614,#278,.T.);
#1283=EDGE_CURVE('',#1616,#1615,#279,.F.);
#1284=EDGE_CURVE('',#1616,#1422,#120,.T.);
#1285=EDGE_CURVE('',#1617,#1421,#121,.T.);
#1286=EDGE_CURVE('',#1618,#1617,#280,.F.);
#1287=EDGE_CURVE('',#1619,#1618,#281,.T.);
#1288=EDGE_CURVE('',#1620,#1619,#282,.F.);
#1289=EDGE_CURVE('',#1620,#1418,#122,.T.);
#1290=EDGE_CURVE('',#1621,#1417,#123,.T.);
#1291=EDGE_CURVE('',#1622,#1621,#283,.F.);
#1292=EDGE_CURVE('',#1623,#1622,#284,.T.);
#1293=EDGE_CURVE('',#1624,#1623,#285,.F.);
#1294=EDGE_CURVE('',#1624,#1414,#124,.T.);
#1295=EDGE_CURVE('',#1625,#1413,#125,.T.);
#1296=EDGE_CURVE('',#1626,#1625,#286,.F.);
#1297=EDGE_CURVE('',#1627,#1626,#287,.T.);
#1298=EDGE_CURVE('',#1628,#1627,#288,.F.);
#1299=EDGE_CURVE('',#1628,#1410,#126,.T.);
#1300=EDGE_CURVE('',#1629,#1409,#127,.T.);
#1301=EDGE_CURVE('',#1630,#1629,#289,.F.);
#1302=EDGE_CURVE('',#1631,#1630,#290,.T.);
#1303=EDGE_CURVE('',#1632,#1631,#291,.F.);
#1304=EDGE_CURVE('',#1632,#1406,#128,.T.);
#1305=EDGE_CURVE('',#1633,#1405,#129,.T.);
#1306=EDGE_CURVE('',#1634,#1633,#292,.F.);
#1307=EDGE_CURVE('',#1635,#1634,#293,.T.);
#1308=EDGE_CURVE('',#1636,#1635,#294,.F.);
#1309=EDGE_CURVE('',#1636,#1402,#130,.T.);
#1310=EDGE_CURVE('',#1637,#1401,#131,.T.);
#1311=EDGE_CURVE('',#1638,#1637,#295,.F.);
#1312=EDGE_CURVE('',#1560,#1638,#296,.T.);
#1313=EDGE_CURVE('',#1517,#1596,#1681,.T.);
#1314=EDGE_CURVE('',#1593,#1520,#1682,.F.);
#1315=EDGE_CURVE('',#1519,#1594,#1683,.T.);
#1316=EDGE_CURVE('',#1595,#1518,#1684,.F.);
#1317=EDGE_CURVE('',#1511,#1600,#1685,.T.);
#1318=EDGE_CURVE('',#1597,#1514,#1686,.F.);
#1319=EDGE_CURVE('',#1513,#1598,#1687,.T.);
#1320=EDGE_CURVE('',#1599,#1512,#1688,.F.);
#1321=EDGE_CURVE('',#1503,#1608,#1689,.T.);
#1322=EDGE_CURVE('',#1605,#1506,#1690,.F.);
#1323=EDGE_CURVE('',#1505,#1606,#1691,.T.);
#1324=EDGE_CURVE('',#1607,#1504,#1692,.F.);
#1325=EDGE_CURVE('',#1507,#1604,#1693,.T.);
#1326=EDGE_CURVE('',#1601,#1510,#1694,.F.);
#1327=EDGE_CURVE('',#1509,#1602,#1695,.T.);
#1328=EDGE_CURVE('',#1603,#1508,#1696,.F.);
#1329=EDGE_CURVE('',#1533,#1580,#1697,.T.);
#1330=EDGE_CURVE('',#1577,#1536,#1698,.F.);
#1331=EDGE_CURVE('',#1535,#1578,#1699,.T.);
#1332=EDGE_CURVE('',#1579,#1534,#1700,.F.);
#1333=EDGE_CURVE('',#1529,#1584,#1701,.T.);
#1334=EDGE_CURVE('',#1581,#1532,#1702,.F.);
#1335=EDGE_CURVE('',#1531,#1582,#1703,.T.);
#1336=EDGE_CURVE('',#1583,#1530,#1704,.F.);
#1337=EDGE_CURVE('',#1525,#1588,#1705,.T.);
#1338=EDGE_CURVE('',#1585,#1528,#1706,.F.);
#1339=EDGE_CURVE('',#1527,#1586,#1707,.T.);
#1340=EDGE_CURVE('',#1587,#1526,#1708,.F.);
#1341=EDGE_CURVE('',#1521,#1592,#1709,.T.);
#1342=EDGE_CURVE('',#1589,#1524,#1710,.F.);
#1343=EDGE_CURVE('',#1523,#1590,#1711,.T.);
#1344=EDGE_CURVE('',#1591,#1522,#1712,.F.);
#1345=EDGE_CURVE('',#1537,#1576,#1713,.T.);
#1346=EDGE_CURVE('',#1573,#1540,#1714,.F.);
#1347=EDGE_CURVE('',#1539,#1574,#1715,.T.);
#1348=EDGE_CURVE('',#1575,#1538,#1716,.F.);
#1349=EDGE_CURVE('',#1541,#1572,#1717,.T.);
#1350=EDGE_CURVE('',#1569,#1544,#1718,.F.);
#1351=EDGE_CURVE('',#1543,#1570,#1719,.T.);
#1352=EDGE_CURVE('',#1571,#1542,#1720,.F.);
#1353=EDGE_CURVE('',#1549,#1564,#1721,.T.);
#1354=EDGE_CURVE('',#1561,#1552,#1722,.F.);
#1355=EDGE_CURVE('',#1551,#1562,#1723,.T.);
#1356=EDGE_CURVE('',#1563,#1550,#1724,.F.);
#1357=EDGE_CURVE('',#1545,#1568,#1725,.T.);
#1358=EDGE_CURVE('',#1565,#1548,#1726,.F.);
#1359=EDGE_CURVE('',#1547,#1566,#1727,.T.);
#1360=EDGE_CURVE('',#1567,#1546,#1728,.F.);
#1361=EDGE_CURVE('',#1499,#1612,#1729,.T.);
#1362=EDGE_CURVE('',#1609,#1502,#1730,.F.);
#1363=EDGE_CURVE('',#1501,#1610,#1731,.T.);
#1364=EDGE_CURVE('',#1611,#1500,#1732,.F.);
#1365=EDGE_CURVE('',#1495,#1616,#1733,.T.);
#1366=EDGE_CURVE('',#1613,#1498,#1734,.F.);
#1367=EDGE_CURVE('',#1497,#1614,#1735,.T.);
#1368=EDGE_CURVE('',#1615,#1496,#1736,.F.);
#1369=EDGE_CURVE('',#1491,#1620,#1737,.T.);
#1370=EDGE_CURVE('',#1617,#1494,#1738,.F.);
#1371=EDGE_CURVE('',#1493,#1618,#1739,.T.);
#1372=EDGE_CURVE('',#1619,#1492,#1740,.F.);
#1373=EDGE_CURVE('',#1487,#1624,#1741,.T.);
#1374=EDGE_CURVE('',#1621,#1490,#1742,.F.);
#1375=EDGE_CURVE('',#1489,#1622,#1743,.T.);
#1376=EDGE_CURVE('',#1623,#1488,#1744,.F.);
#1377=EDGE_CURVE('',#1483,#1628,#1745,.T.);
#1378=EDGE_CURVE('',#1625,#1486,#1746,.F.);
#1379=EDGE_CURVE('',#1485,#1626,#1747,.T.);
#1380=EDGE_CURVE('',#1627,#1484,#1748,.F.);
#1381=EDGE_CURVE('',#1479,#1632,#1749,.T.);
#1382=EDGE_CURVE('',#1629,#1482,#1750,.F.);
#1383=EDGE_CURVE('',#1481,#1630,#1751,.T.);
#1384=EDGE_CURVE('',#1631,#1480,#1752,.F.);
#1385=EDGE_CURVE('',#1475,#1636,#1753,.T.);
#1386=EDGE_CURVE('',#1633,#1478,#1754,.F.);
#1387=EDGE_CURVE('',#1477,#1634,#1755,.T.);
#1388=EDGE_CURVE('',#1635,#1476,#1756,.F.);
#1389=EDGE_CURVE('',#1553,#1559,#1757,.T.);
#1390=EDGE_CURVE('',#1637,#1473,#1758,.F.);
#1391=EDGE_CURVE('',#1474,#1638,#1759,.T.);
#1392=EDGE_CURVE('',#1560,#1554,#1760,.F.);
#1393=EDGE_CURVE('',#1558,#1472,#1761,.F.);
#1394=EDGE_CURVE('',#1557,#1471,#1762,.T.);
#1395=VERTEX_POINT('',#3224);
#1396=VERTEX_POINT('',#3225);
#1397=VERTEX_POINT('',#3227);
#1398=VERTEX_POINT('',#3229);
#1399=VERTEX_POINT('',#3233);
#1400=VERTEX_POINT('',#3234);
#1401=VERTEX_POINT('',#3236);
#1402=VERTEX_POINT('',#3238);
#1403=VERTEX_POINT('',#3242);
#1404=VERTEX_POINT('',#3243);
#1405=VERTEX_POINT('',#3245);
#1406=VERTEX_POINT('',#3247);
#1407=VERTEX_POINT('',#3251);
#1408=VERTEX_POINT('',#3252);
#1409=VERTEX_POINT('',#3254);
#1410=VERTEX_POINT('',#3256);
#1411=VERTEX_POINT('',#3260);
#1412=VERTEX_POINT('',#3261);
#1413=VERTEX_POINT('',#3263);
#1414=VERTEX_POINT('',#3265);
#1415=VERTEX_POINT('',#3269);
#1416=VERTEX_POINT('',#3270);
#1417=VERTEX_POINT('',#3272);
#1418=VERTEX_POINT('',#3274);
#1419=VERTEX_POINT('',#3278);
#1420=VERTEX_POINT('',#3279);
#1421=VERTEX_POINT('',#3281);
#1422=VERTEX_POINT('',#3283);
#1423=VERTEX_POINT('',#3287);
#1424=VERTEX_POINT('',#3288);
#1425=VERTEX_POINT('',#3290);
#1426=VERTEX_POINT('',#3292);
#1427=VERTEX_POINT('',#3296);
#1428=VERTEX_POINT('',#3297);
#1429=VERTEX_POINT('',#3299);
#1430=VERTEX_POINT('',#3301);
#1431=VERTEX_POINT('',#3305);
#1432=VERTEX_POINT('',#3306);
#1433=VERTEX_POINT('',#3308);
#1434=VERTEX_POINT('',#3310);
#1435=VERTEX_POINT('',#3314);
#1436=VERTEX_POINT('',#3315);
#1437=VERTEX_POINT('',#3317);
#1438=VERTEX_POINT('',#3319);
#1439=VERTEX_POINT('',#3323);
#1440=VERTEX_POINT('',#3324);
#1441=VERTEX_POINT('',#3326);
#1442=VERTEX_POINT('',#3328);
#1443=VERTEX_POINT('',#3332);
#1444=VERTEX_POINT('',#3333);
#1445=VERTEX_POINT('',#3335);
#1446=VERTEX_POINT('',#3337);
#1447=VERTEX_POINT('',#3341);
#1448=VERTEX_POINT('',#3342);
#1449=VERTEX_POINT('',#3344);
#1450=VERTEX_POINT('',#3346);
#1451=VERTEX_POINT('',#3350);
#1452=VERTEX_POINT('',#3351);
#1453=VERTEX_POINT('',#3353);
#1454=VERTEX_POINT('',#3355);
#1455=VERTEX_POINT('',#3359);
#1456=VERTEX_POINT('',#3360);
#1457=VERTEX_POINT('',#3362);
#1458=VERTEX_POINT('',#3364);
#1459=VERTEX_POINT('',#3368);
#1460=VERTEX_POINT('',#3369);
#1461=VERTEX_POINT('',#3371);
#1462=VERTEX_POINT('',#3373);
#1463=VERTEX_POINT('',#3377);
#1464=VERTEX_POINT('',#3378);
#1465=VERTEX_POINT('',#3380);
#1466=VERTEX_POINT('',#3382);
#1467=VERTEX_POINT('',#3386);
#1468=VERTEX_POINT('',#3387);
#1469=VERTEX_POINT('',#3389);
#1470=VERTEX_POINT('',#3391);
#1471=VERTEX_POINT('',#3395);
#1472=VERTEX_POINT('',#3396);
#1473=VERTEX_POINT('',#3399);
#1474=VERTEX_POINT('',#3400);
#1475=VERTEX_POINT('',#3469);
#1476=VERTEX_POINT('',#3471);
#1477=VERTEX_POINT('',#3473);
#1478=VERTEX_POINT('',#3475);
#1479=VERTEX_POINT('',#3544);
#1480=VERTEX_POINT('',#3546);
#1481=VERTEX_POINT('',#3548);
#1482=VERTEX_POINT('',#3550);
#1483=VERTEX_POINT('',#3619);
#1484=VERTEX_POINT('',#3621);
#1485=VERTEX_POINT('',#3623);
#1486=VERTEX_POINT('',#3625);
#1487=VERTEX_POINT('',#3694);
#1488=VERTEX_POINT('',#3696);
#1489=VERTEX_POINT('',#3698);
#1490=VERTEX_POINT('',#3700);
#1491=VERTEX_POINT('',#3769);
#1492=VERTEX_POINT('',#3771);
#1493=VERTEX_POINT('',#3773);
#1494=VERTEX_POINT('',#3775);
#1495=VERTEX_POINT('',#3844);
#1496=VERTEX_POINT('',#3846);
#1497=VERTEX_POINT('',#3848);
#1498=VERTEX_POINT('',#3850);
#1499=VERTEX_POINT('',#3919);
#1500=VERTEX_POINT('',#3921);
#1501=VERTEX_POINT('',#3923);
#1502=VERTEX_POINT('',#3925);
#1503=VERTEX_POINT('',#3994);
#1504=VERTEX_POINT('',#3996);
#1505=VERTEX_POINT('',#3998);
#1506=VERTEX_POINT('',#4000);
#1507=VERTEX_POINT('',#4069);
#1508=VERTEX_POINT('',#4071);
#1509=VERTEX_POINT('',#4073);
#1510=VERTEX_POINT('',#4075);
#1511=VERTEX_POINT('',#4144);
#1512=VERTEX_POINT('',#4146);
#1513=VERTEX_POINT('',#4148);
#1514=VERTEX_POINT('',#4150);
#1515=VERTEX_POINT('',#4185);
#1516=VERTEX_POINT('',#4187);
#1517=VERTEX_POINT('',#4222);
#1518=VERTEX_POINT('',#4224);
#1519=VERTEX_POINT('',#4226);
#1520=VERTEX_POINT('',#4228);
#1521=VERTEX_POINT('',#4297);
#1522=VERTEX_POINT('',#4299);
#1523=VERTEX_POINT('',#4301);
#1524=VERTEX_POINT('',#4303);
#1525=VERTEX_POINT('',#4372);
#1526=VERTEX_POINT('',#4374);
#1527=VERTEX_POINT('',#4376);
#1528=VERTEX_POINT('',#4378);
#1529=VERTEX_POINT('',#4447);
#1530=VERTEX_POINT('',#4449);
#1531=VERTEX_POINT('',#4451);
#1532=VERTEX_POINT('',#4453);
#1533=VERTEX_POINT('',#4522);
#1534=VERTEX_POINT('',#4524);
#1535=VERTEX_POINT('',#4526);
#1536=VERTEX_POINT('',#4528);
#1537=VERTEX_POINT('',#4597);
#1538=VERTEX_POINT('',#4599);
#1539=VERTEX_POINT('',#4601);
#1540=VERTEX_POINT('',#4603);
#1541=VERTEX_POINT('',#4672);
#1542=VERTEX_POINT('',#4674);
#1543=VERTEX_POINT('',#4676);
#1544=VERTEX_POINT('',#4678);
#1545=VERTEX_POINT('',#4747);
#1546=VERTEX_POINT('',#4749);
#1547=VERTEX_POINT('',#4751);
#1548=VERTEX_POINT('',#4753);
#1549=VERTEX_POINT('',#4822);
#1550=VERTEX_POINT('',#4824);
#1551=VERTEX_POINT('',#4826);
#1552=VERTEX_POINT('',#4828);
#1553=VERTEX_POINT('',#4897);
#1554=VERTEX_POINT('',#4899);
#1555=VERTEX_POINT('',#4903);
#1556=VERTEX_POINT('',#4905);
#1557=VERTEX_POINT('',#4909);
#1558=VERTEX_POINT('',#4910);
#1559=VERTEX_POINT('',#4913);
#1560=VERTEX_POINT('',#4914);
#1561=VERTEX_POINT('',#4983);
#1562=VERTEX_POINT('',#4985);
#1563=VERTEX_POINT('',#4987);
#1564=VERTEX_POINT('',#4989);
#1565=VERTEX_POINT('',#5058);
#1566=VERTEX_POINT('',#5060);
#1567=VERTEX_POINT('',#5062);
#1568=VERTEX_POINT('',#5064);
#1569=VERTEX_POINT('',#5133);
#1570=VERTEX_POINT('',#5135);
#1571=VERTEX_POINT('',#5137);
#1572=VERTEX_POINT('',#5139);
#1573=VERTEX_POINT('',#5208);
#1574=VERTEX_POINT('',#5210);
#1575=VERTEX_POINT('',#5212);
#1576=VERTEX_POINT('',#5214);
#1577=VERTEX_POINT('',#5283);
#1578=VERTEX_POINT('',#5285);
#1579=VERTEX_POINT('',#5287);
#1580=VERTEX_POINT('',#5289);
#1581=VERTEX_POINT('',#5358);
#1582=VERTEX_POINT('',#5360);
#1583=VERTEX_POINT('',#5362);
#1584=VERTEX_POINT('',#5364);
#1585=VERTEX_POINT('',#5433);
#1586=VERTEX_POINT('',#5435);
#1587=VERTEX_POINT('',#5437);
#1588=VERTEX_POINT('',#5439);
#1589=VERTEX_POINT('',#5508);
#1590=VERTEX_POINT('',#5510);
#1591=VERTEX_POINT('',#5512);
#1592=VERTEX_POINT('',#5514);
#1593=VERTEX_POINT('',#5583);
#1594=VERTEX_POINT('',#5585);
#1595=VERTEX_POINT('',#5587);
#1596=VERTEX_POINT('',#5589);
#1597=VERTEX_POINT('',#5658);
#1598=VERTEX_POINT('',#5660);
#1599=VERTEX_POINT('',#5662);
#1600=VERTEX_POINT('',#5664);
#1601=VERTEX_POINT('',#5733);
#1602=VERTEX_POINT('',#5735);
#1603=VERTEX_POINT('',#5737);
#1604=VERTEX_POINT('',#5739);
#1605=VERTEX_POINT('',#5808);
#1606=VERTEX_POINT('',#5810);
#1607=VERTEX_POINT('',#5812);
#1608=VERTEX_POINT('',#5814);
#1609=VERTEX_POINT('',#5883);
#1610=VERTEX_POINT('',#5885);
#1611=VERTEX_POINT('',#5887);
#1612=VERTEX_POINT('',#5889);
#1613=VERTEX_POINT('',#5958);
#1614=VERTEX_POINT('',#5960);
#1615=VERTEX_POINT('',#5962);
#1616=VERTEX_POINT('',#5964);
#1617=VERTEX_POINT('',#6033);
#1618=VERTEX_POINT('',#6035);
#1619=VERTEX_POINT('',#6037);
#1620=VERTEX_POINT('',#6039);
#1621=VERTEX_POINT('',#6108);
#1622=VERTEX_POINT('',#6110);
#1623=VERTEX_POINT('',#6112);
#1624=VERTEX_POINT('',#6114);
#1625=VERTEX_POINT('',#6183);
#1626=VERTEX_POINT('',#6185);
#1627=VERTEX_POINT('',#6187);
#1628=VERTEX_POINT('',#6189);
#1629=VERTEX_POINT('',#6258);
#1630=VERTEX_POINT('',#6260);
#1631=VERTEX_POINT('',#6262);
#1632=VERTEX_POINT('',#6264);
#1633=VERTEX_POINT('',#6333);
#1634=VERTEX_POINT('',#6335);
#1635=VERTEX_POINT('',#6337);
#1636=VERTEX_POINT('',#6339);
#1637=VERTEX_POINT('',#6408);
#1638=VERTEX_POINT('',#6410);
#1639=LINE('',#3223,#1763);
#1640=LINE('',#3228,#1764);
#1641=LINE('',#3235,#1765);
#1642=LINE('',#3239,#1766);
#1643=LINE('',#3244,#1767);
#1644=LINE('',#3248,#1768);
#1645=LINE('',#3253,#1769);
#1646=LINE('',#3257,#1770);
#1647=LINE('',#3262,#1771);
#1648=LINE('',#3266,#1772);
#1649=LINE('',#3271,#1773);
#1650=LINE('',#3275,#1774);
#1651=LINE('',#3280,#1775);
#1652=LINE('',#3284,#1776);
#1653=LINE('',#3289,#1777);
#1654=LINE('',#3293,#1778);
#1655=LINE('',#3295,#1779);
#1656=LINE('',#3300,#1780);
#1657=LINE('',#3307,#1781);
#1658=LINE('',#3311,#1782);
#1659=LINE('',#3313,#1783);
#1660=LINE('',#3318,#1784);
#1661=LINE('',#3322,#1785);
#1662=LINE('',#3327,#1786);
#1663=LINE('',#3331,#1787);
#1664=LINE('',#3336,#1788);
#1665=LINE('',#3343,#1789);
#1666=LINE('',#3347,#1790);
#1667=LINE('',#3352,#1791);
#1668=LINE('',#3356,#1792);
#1669=LINE('',#3361,#1793);
#1670=LINE('',#3365,#1794);
#1671=LINE('',#3367,#1795);
#1672=LINE('',#3372,#1796);
#1673=LINE('',#3379,#1797);
#1674=LINE('',#3383,#1798);
#1675=LINE('',#3388,#1799);
#1676=LINE('',#3392,#1800);
#1677=LINE('',#3397,#1801);
#1678=LINE('',#4902,#1802);
#1679=LINE('',#4906,#1803);
#1680=LINE('',#4908,#1804);
#1681=LINE('',#6440,#1805);
#1682=LINE('',#6469,#1806);
#1683=LINE('',#6471,#1807);
#1684=LINE('',#6472,#1808);
#1685=LINE('',#6503,#1809);
#1686=LINE('',#6532,#1810);
#1687=LINE('',#6534,#1811);
#1688=LINE('',#6535,#1812);
#1689=LINE('',#6566,#1813);
#1690=LINE('',#6595,#1814);
#1691=LINE('',#6597,#1815);
#1692=LINE('',#6598,#1816);
#1693=LINE('',#6629,#1817);
#1694=LINE('',#6658,#1818);
#1695=LINE('',#6660,#1819);
#1696=LINE('',#6661,#1820);
#1697=LINE('',#6692,#1821);
#1698=LINE('',#6721,#1822);
#1699=LINE('',#6723,#1823);
#1700=LINE('',#6724,#1824);
#1701=LINE('',#6755,#1825);
#1702=LINE('',#6784,#1826);
#1703=LINE('',#6786,#1827);
#1704=LINE('',#6787,#1828);
#1705=LINE('',#6818,#1829);
#1706=LINE('',#6847,#1830);
#1707=LINE('',#6849,#1831);
#1708=LINE('',#6850,#1832);
#1709=LINE('',#6881,#1833);
#1710=LINE('',#6910,#1834);
#1711=LINE('',#6912,#1835);
#1712=LINE('',#6913,#1836);
#1713=LINE('',#6944,#1837);
#1714=LINE('',#6973,#1838);
#1715=LINE('',#6975,#1839);
#1716=LINE('',#6976,#1840);
#1717=LINE('',#7007,#1841);
#1718=LINE('',#7036,#1842);
#1719=LINE('',#7038,#1843);
#1720=LINE('',#7039,#1844);
#1721=LINE('',#7070,#1845);
#1722=LINE('',#7099,#1846);
#1723=LINE('',#7101,#1847);
#1724=LINE('',#7102,#1848);
#1725=LINE('',#7133,#1849);
#1726=LINE('',#7162,#1850);
#1727=LINE('',#7164,#1851);
#1728=LINE('',#7165,#1852);
#1729=LINE('',#7196,#1853);
#1730=LINE('',#7225,#1854);
#1731=LINE('',#7227,#1855);
#1732=LINE('',#7228,#1856);
#1733=LINE('',#7259,#1857);
#1734=LINE('',#7288,#1858);
#1735=LINE('',#7290,#1859);
#1736=LINE('',#7291,#1860);
#1737=LINE('',#7322,#1861);
#1738=LINE('',#7351,#1862);
#1739=LINE('',#7353,#1863);
#1740=LINE('',#7354,#1864);
#1741=LINE('',#7385,#1865);
#1742=LINE('',#7414,#1866);
#1743=LINE('',#7416,#1867);
#1744=LINE('',#7417,#1868);
#1745=LINE('',#7448,#1869);
#1746=LINE('',#7477,#1870);
#1747=LINE('',#7479,#1871);
#1748=LINE('',#7480,#1872);
#1749=LINE('',#7511,#1873);
#1750=LINE('',#7540,#1874);
#1751=LINE('',#7542,#1875);
#1752=LINE('',#7543,#1876);
#1753=LINE('',#7574,#1877);
#1754=LINE('',#7603,#1878);
#1755=LINE('',#7605,#1879);
#1756=LINE('',#7606,#1880);
#1757=LINE('',#7637,#1881);
#1758=LINE('',#7666,#1882);
#1759=LINE('',#7668,#1883);
#1760=LINE('',#7669,#1884);
#1761=LINE('',#7673,#1885);
#1762=LINE('',#7674,#1886);
#1763=VECTOR('',#2607,1.);
#1764=VECTOR('',#2610,1.);
#1765=VECTOR('',#2617,1.);
#1766=VECTOR('',#2620,1.);
#1767=VECTOR('',#2625,1.);
#1768=VECTOR('',#2628,1.);
#1769=VECTOR('',#2633,1.);
#1770=VECTOR('',#2636,1.);
#1771=VECTOR('',#2641,1.);
#1772=VECTOR('',#2644,1.);
#1773=VECTOR('',#2649,1.);
#1774=VECTOR('',#2652,1.);
#1775=VECTOR('',#2657,1.);
#1776=VECTOR('',#2660,1.);
#1777=VECTOR('',#2665,1.);
#1778=VECTOR('',#2668,1.);
#1779=VECTOR('',#2671,1.);
#1780=VECTOR('',#2674,1.);
#1781=VECTOR('',#2681,1.);
#1782=VECTOR('',#2684,1.);
#1783=VECTOR('',#2687,1.);
#1784=VECTOR('',#2690,1.);
#1785=VECTOR('',#2695,1.);
#1786=VECTOR('',#2698,1.);
#1787=VECTOR('',#2703,1.);
#1788=VECTOR('',#2706,1.);
#1789=VECTOR('',#2713,1.);
#1790=VECTOR('',#2716,1.);
#1791=VECTOR('',#2721,1.);
#1792=VECTOR('',#2724,1.);
#1793=VECTOR('',#2729,1.);
#1794=VECTOR('',#2732,1.);
#1795=VECTOR('',#2735,1.);
#1796=VECTOR('',#2738,1.);
#1797=VECTOR('',#2745,1.);
#1798=VECTOR('',#2748,1.);
#1799=VECTOR('',#2753,1.);
#1800=VECTOR('',#2756,1.);
#1801=VECTOR('',#2761,1.);
#1802=VECTOR('',#2886,1.);
#1803=VECTOR('',#2889,1.);
#1804=VECTOR('',#2892,1.);
#1805=VECTOR('',#3015,1.);
#1806=VECTOR('',#3016,1.);
#1807=VECTOR('',#3019,1.);
#1808=VECTOR('',#3020,1.);
#1809=VECTOR('',#3025,1.);
#1810=VECTOR('',#3026,1.);
#1811=VECTOR('',#3029,1.);
#1812=VECTOR('',#3030,1.);
#1813=VECTOR('',#3035,1.);
#1814=VECTOR('',#3036,1.);
#1815=VECTOR('',#3039,1.);
#1816=VECTOR('',#3040,1.);
#1817=VECTOR('',#3045,1.);
#1818=VECTOR('',#3046,1.);
#1819=VECTOR('',#3049,1.);
#1820=VECTOR('',#3050,1.);
#1821=VECTOR('',#3055,1.);
#1822=VECTOR('',#3056,1.);
#1823=VECTOR('',#3059,1.);
#1824=VECTOR('',#3060,1.);
#1825=VECTOR('',#3065,1.);
#1826=VECTOR('',#3066,1.);
#1827=VECTOR('',#3069,1.);
#1828=VECTOR('',#3070,1.);
#1829=VECTOR('',#3075,1.);
#1830=VECTOR('',#3076,1.);
#1831=VECTOR('',#3079,1.);
#1832=VECTOR('',#3080,1.);
#1833=VECTOR('',#3085,1.);
#1834=VECTOR('',#3086,1.);
#1835=VECTOR('',#3089,1.);
#1836=VECTOR('',#3090,1.);
#1837=VECTOR('',#3095,1.);
#1838=VECTOR('',#3096,1.);
#1839=VECTOR('',#3099,1.);
#1840=VECTOR('',#3100,1.);
#1841=VECTOR('',#3105,1.);
#1842=VECTOR('',#3106,1.);
#1843=VECTOR('',#3109,1.);
#1844=VECTOR('',#3110,1.);
#1845=VECTOR('',#3115,1.);
#1846=VECTOR('',#3116,1.);
#1847=VECTOR('',#3119,1.);
#1848=VECTOR('',#3120,1.);
#1849=VECTOR('',#3125,1.);
#1850=VECTOR('',#3126,1.);
#1851=VECTOR('',#3129,1.);
#1852=VECTOR('',#3130,1.);
#1853=VECTOR('',#3135,1.);
#1854=VECTOR('',#3136,1.);
#1855=VECTOR('',#3139,1.);
#1856=VECTOR('',#3140,1.);
#1857=VECTOR('',#3145,1.);
#1858=VECTOR('',#3146,1.);
#1859=VECTOR('',#3149,1.);
#1860=VECTOR('',#3150,1.);
#1861=VECTOR('',#3155,1.);
#1862=VECTOR('',#3156,1.);
#1863=VECTOR('',#3159,1.);
#1864=VECTOR('',#3160,1.);
#1865=VECTOR('',#3165,1.);
#1866=VECTOR('',#3166,1.);
#1867=VECTOR('',#3169,1.);
#1868=VECTOR('',#3170,1.);
#1869=VECTOR('',#3175,1.);
#1870=VECTOR('',#3176,1.);
#1871=VECTOR('',#3179,1.);
#1872=VECTOR('',#3180,1.);
#1873=VECTOR('',#3185,1.);
#1874=VECTOR('',#3186,1.);
#1875=VECTOR('',#3189,1.);
#1876=VECTOR('',#3190,1.);
#1877=VECTOR('',#3195,1.);
#1878=VECTOR('',#3196,1.);
#1879=VECTOR('',#3199,1.);
#1880=VECTOR('',#3200,1.);
#1881=VECTOR('',#3205,1.);
#1882=VECTOR('',#3206,1.);
#1883=VECTOR('',#3209,1.);
#1884=VECTOR('',#3210,1.);
#1885=VECTOR('',#3217,1.);
#1886=VECTOR('',#3218,1.);
#1887=EDGE_LOOP('',(#297,#298,#299,#300));
#1888=EDGE_LOOP('',(#301,#302,#303,#304));
#1889=EDGE_LOOP('',(#305,#306,#307,#308));
#1890=EDGE_LOOP('',(#309,#310,#311,#312));
#1891=EDGE_LOOP('',(#313,#314,#315,#316));
#1892=EDGE_LOOP('',(#317,#318,#319,#320));
#1893=EDGE_LOOP('',(#321,#322,#323,#324));
#1894=EDGE_LOOP('',(#325,#326,#327,#328));
#1895=EDGE_LOOP('',(#329,#330,#331,#332));
#1896=EDGE_LOOP('',(#333,#334,#335,#336));
#1897=EDGE_LOOP('',(#337,#338,#339,#340));
#1898=EDGE_LOOP('',(#341,#342,#343,#344));
#1899=EDGE_LOOP('',(#345,#346,#347,#348));
#1900=EDGE_LOOP('',(#349,#350,#351,#352));
#1901=EDGE_LOOP('',(#353,#354,#355,#356));
#1902=EDGE_LOOP('',(#357,#358,#359,#360));
#1903=EDGE_LOOP('',(#361,#362,#363,#364));
#1904=EDGE_LOOP('',(#365,#366,#367,#368));
#1905=EDGE_LOOP('',(#369,#370,#371,#372));
#1906=EDGE_LOOP('',(#373,#374));
#1907=EDGE_LOOP('',(#375,#376,#377,#378,#379,#380,#381,#382,#383,#384,#385,
#386,#387,#388,#389,#390,#391,#392,#393,#394,#395,#396,#397,#398,#399,#400,
#401,#402,#403,#404,#405,#406,#407,#408,#409,#410,#411,#412,#413,#414,#415,
#416,#417,#418,#419,#420,#421,#422,#423,#424,#425,#426,#427,#428,#429,#430,
#431,#432,#433,#434,#435,#436,#437,#438,#439,#440,#441,#442,#443,#444,#445,
#446,#447,#448,#449,#450,#451,#452,#453,#454,#455,#456,#457,#458,#459,#460,
#461,#462,#463,#464,#465,#466,#467,#468,#469,#470,#471,#472,#473,#474,#475,
#476,#477,#478,#479,#480,#481,#482,#483,#484,#485,#486,#487,#488,#489,#490,
#491,#492,#493,#494));
#1908=EDGE_LOOP('',(#495,#496,#497,#498));
#1909=EDGE_LOOP('',(#499,#500));
#1910=EDGE_LOOP('',(#501,#502,#503,#504,#505,#506,#507,#508,#509,#510,#511,
#512,#513,#514,#515,#516,#517,#518,#519,#520,#521,#522,#523,#524,#525,#526,
#527,#528,#529,#530,#531,#532,#533,#534,#535,#536,#537,#538,#539,#540,#541,
#542,#543,#544,#545,#546,#547,#548,#549,#550,#551,#552,#553,#554,#555,#556,
#557,#558,#559,#560,#561,#562,#563,#564,#565,#566,#567,#568,#569,#570,#571,
#572,#573,#574,#575,#576,#577,#578,#579,#580,#581,#582,#583,#584,#585,#586,
#587,#588,#589,#590,#591,#592,#593,#594,#595,#596,#597,#598,#599,#600,#601,
#602,#603,#604,#605,#606,#607,#608,#609,#610,#611,#612,#613,#614,#615,#616,
#617,#618,#619,#620));
#1911=EDGE_LOOP('',(#621,#622,#623,#624));
#1912=EDGE_LOOP('',(#625,#626,#627,#628));
#1913=EDGE_LOOP('',(#629,#630,#631,#632));
#1914=EDGE_LOOP('',(#633,#634,#635,#636));
#1915=EDGE_LOOP('',(#637,#638,#639,#640));
#1916=EDGE_LOOP('',(#641,#642,#643,#644));
#1917=EDGE_LOOP('',(#645,#646,#647,#648));
#1918=EDGE_LOOP('',(#649,#650,#651,#652));
#1919=EDGE_LOOP('',(#653,#654,#655,#656));
#1920=EDGE_LOOP('',(#657,#658,#659,#660));
#1921=EDGE_LOOP('',(#661,#662,#663,#664));
#1922=EDGE_LOOP('',(#665,#666,#667,#668));
#1923=EDGE_LOOP('',(#669,#670,#671,#672));
#1924=EDGE_LOOP('',(#673,#674,#675,#676));
#1925=EDGE_LOOP('',(#677,#678,#679,#680));
#1926=EDGE_LOOP('',(#681,#682,#683,#684));
#1927=EDGE_LOOP('',(#685,#686,#687,#688));
#1928=EDGE_LOOP('',(#689,#690,#691,#692));
#1929=EDGE_LOOP('',(#693,#694,#695,#696));
#1930=EDGE_LOOP('',(#697,#698,#699,#700));
#1931=EDGE_LOOP('',(#701,#702,#703,#704));
#1932=EDGE_LOOP('',(#705,#706,#707,#708));
#1933=EDGE_LOOP('',(#709,#710,#711,#712));
#1934=EDGE_LOOP('',(#713,#714,#715,#716));
#1935=EDGE_LOOP('',(#717,#718,#719,#720));
#1936=EDGE_LOOP('',(#721,#722,#723,#724));
#1937=EDGE_LOOP('',(#725,#726,#727,#728));
#1938=EDGE_LOOP('',(#729,#730,#731,#732));
#1939=EDGE_LOOP('',(#733,#734,#735,#736));
#1940=EDGE_LOOP('',(#737,#738,#739,#740));
#1941=EDGE_LOOP('',(#741,#742,#743,#744));
#1942=EDGE_LOOP('',(#745,#746,#747,#748));
#1943=EDGE_LOOP('',(#749,#750,#751,#752));
#1944=EDGE_LOOP('',(#753,#754,#755,#756));
#1945=EDGE_LOOP('',(#757,#758,#759,#760));
#1946=EDGE_LOOP('',(#761,#762,#763,#764));
#1947=EDGE_LOOP('',(#765,#766,#767,#768));
#1948=EDGE_LOOP('',(#769,#770,#771,#772));
#1949=EDGE_LOOP('',(#773,#774,#775,#776));
#1950=EDGE_LOOP('',(#777,#778,#779,#780));
#1951=EDGE_LOOP('',(#781,#782,#783,#784));
#1952=EDGE_LOOP('',(#785,#786,#787,#788));
#1953=EDGE_LOOP('',(#789,#790,#791,#792));
#1954=EDGE_LOOP('',(#793,#794,#795,#796));
#1955=EDGE_LOOP('',(#797,#798,#799,#800));
#1956=EDGE_LOOP('',(#801,#802,#803,#804));
#1957=EDGE_LOOP('',(#805,#806,#807,#808));
#1958=EDGE_LOOP('',(#809,#810,#811,#812));
#1959=EDGE_LOOP('',(#813,#814,#815,#816));
#1960=EDGE_LOOP('',(#817,#818,#819,#820));
#1961=EDGE_LOOP('',(#821,#822,#823,#824));
#1962=EDGE_LOOP('',(#825,#826,#827,#828));
#1963=EDGE_LOOP('',(#829,#830,#831,#832));
#1964=EDGE_LOOP('',(#833,#834,#835,#836));
#1965=EDGE_LOOP('',(#837,#838,#839,#840));
#1966=EDGE_LOOP('',(#841,#842,#843,#844));
#1967=EDGE_LOOP('',(#845,#846,#847,#848));
#1968=EDGE_LOOP('',(#849,#850,#851,#852));
#1969=EDGE_LOOP('',(#853,#854,#855,#856));
#1970=EDGE_LOOP('',(#857,#858,#859,#860));
#1971=EDGE_LOOP('',(#861,#862,#863,#864));
#1972=EDGE_LOOP('',(#865,#866,#867,#868));
#1973=EDGE_LOOP('',(#869,#870,#871,#872));
#1974=EDGE_LOOP('',(#873,#874,#875,#876));
#1975=EDGE_LOOP('',(#877,#878,#879,#880));
#1976=EDGE_LOOP('',(#881,#882,#883,#884));
#1977=EDGE_LOOP('',(#885,#886,#887,#888));
#1978=EDGE_LOOP('',(#889,#890,#891,#892));
#1979=EDGE_LOOP('',(#893,#894,#895,#896));
#1980=EDGE_LOOP('',(#897,#898,#899,#900));
#1981=EDGE_LOOP('',(#901,#902,#903,#904));
#1982=EDGE_LOOP('',(#905,#906,#907,#908));
#1983=EDGE_LOOP('',(#909,#910,#911,#912));
#1984=EDGE_LOOP('',(#913,#914,#915,#916));
#1985=EDGE_LOOP('',(#917,#918,#919,#920));
#1986=EDGE_LOOP('',(#921,#922,#923,#924));
#1987=EDGE_LOOP('',(#925,#926,#927,#928));
#1988=EDGE_LOOP('',(#929,#930,#931,#932));
#1989=EDGE_LOOP('',(#933,#934,#935,#936));
#1990=EDGE_LOOP('',(#937,#938,#939,#940));
#1991=EDGE_LOOP('',(#941,#942,#943,#944));
#1992=EDGE_LOOP('',(#945,#946,#947,#948));
#1993=EDGE_LOOP('',(#949,#950,#951,#952));
#1994=EDGE_LOOP('',(#953,#954,#955,#956));
#1995=EDGE_LOOP('',(#957,#958,#959,#960));
#1996=EDGE_LOOP('',(#961,#962,#963,#964));
#1997=EDGE_LOOP('',(#965,#966,#967,#968));
#1998=EDGE_LOOP('',(#969,#970,#971,#972));
#1999=EDGE_LOOP('',(#973,#974,#975,#976));
#2000=EDGE_LOOP('',(#977,#978,#979,#980));
#2001=EDGE_LOOP('',(#981,#982,#983,#984));
#2002=EDGE_LOOP('',(#985,#986,#987,#988));
#2003=EDGE_LOOP('',(#989,#990,#991,#992));
#2004=EDGE_LOOP('',(#993,#994,#995,#996));
#2005=EDGE_LOOP('',(#997,#998,#999,#1000));
#2006=EDGE_LOOP('',(#1001,#1002,#1003,#1004));
#2007=EDGE_LOOP('',(#1005,#1006,#1007,#1008));
#2008=EDGE_LOOP('',(#1009,#1010,#1011,#1012));
#2009=EDGE_LOOP('',(#1013,#1014,#1015,#1016));
#2010=EDGE_LOOP('',(#1017,#1018,#1019,#1020));
#2011=EDGE_LOOP('',(#1021,#1022,#1023,#1024));
#2012=EDGE_LOOP('',(#1025,#1026,#1027,#1028));
#2013=FACE_BOUND('',#1887,.T.);
#2014=FACE_BOUND('',#1888,.T.);
#2015=FACE_BOUND('',#1889,.T.);
#2016=FACE_BOUND('',#1890,.T.);
#2017=FACE_BOUND('',#1891,.T.);
#2018=FACE_BOUND('',#1892,.T.);
#2019=FACE_BOUND('',#1893,.T.);
#2020=FACE_BOUND('',#1894,.T.);
#2021=FACE_BOUND('',#1895,.T.);
#2022=FACE_BOUND('',#1896,.T.);
#2023=FACE_BOUND('',#1897,.T.);
#2024=FACE_BOUND('',#1898,.T.);
#2025=FACE_BOUND('',#1899,.T.);
#2026=FACE_BOUND('',#1900,.T.);
#2027=FACE_BOUND('',#1901,.T.);
#2028=FACE_BOUND('',#1902,.T.);
#2029=FACE_BOUND('',#1903,.T.);
#2030=FACE_BOUND('',#1904,.T.);
#2031=FACE_BOUND('',#1905,.T.);
#2032=FACE_BOUND('',#1906,.T.);
#2033=FACE_BOUND('',#1907,.T.);
#2034=FACE_BOUND('',#1908,.T.);
#2035=FACE_BOUND('',#1909,.T.);
#2036=FACE_BOUND('',#1910,.T.);
#2037=FACE_BOUND('',#1911,.T.);
#2038=FACE_BOUND('',#1912,.T.);
#2039=FACE_BOUND('',#1913,.T.);
#2040=FACE_BOUND('',#1914,.T.);
#2041=FACE_BOUND('',#1915,.T.);
#2042=FACE_BOUND('',#1916,.T.);
#2043=FACE_BOUND('',#1917,.T.);
#2044=FACE_BOUND('',#1918,.T.);
#2045=FACE_BOUND('',#1919,.T.);
#2046=FACE_BOUND('',#1920,.T.);
#2047=FACE_BOUND('',#1921,.T.);
#2048=FACE_BOUND('',#1922,.T.);
#2049=FACE_BOUND('',#1923,.T.);
#2050=FACE_BOUND('',#1924,.T.);
#2051=FACE_BOUND('',#1925,.T.);
#2052=FACE_BOUND('',#1926,.T.);
#2053=FACE_BOUND('',#1927,.T.);
#2054=FACE_BOUND('',#1928,.T.);
#2055=FACE_BOUND('',#1929,.T.);
#2056=FACE_BOUND('',#1930,.T.);
#2057=FACE_BOUND('',#1931,.T.);
#2058=FACE_BOUND('',#1932,.T.);
#2059=FACE_BOUND('',#1933,.T.);
#2060=FACE_BOUND('',#1934,.T.);
#2061=FACE_BOUND('',#1935,.T.);
#2062=FACE_BOUND('',#1936,.T.);
#2063=FACE_BOUND('',#1937,.T.);
#2064=FACE_BOUND('',#1938,.T.);
#2065=FACE_BOUND('',#1939,.T.);
#2066=FACE_BOUND('',#1940,.T.);
#2067=FACE_BOUND('',#1941,.T.);
#2068=FACE_BOUND('',#1942,.T.);
#2069=FACE_BOUND('',#1943,.T.);
#2070=FACE_BOUND('',#1944,.T.);
#2071=FACE_BOUND('',#1945,.T.);
#2072=FACE_BOUND('',#1946,.T.);
#2073=FACE_BOUND('',#1947,.T.);
#2074=FACE_BOUND('',#1948,.T.);
#2075=FACE_BOUND('',#1949,.T.);
#2076=FACE_BOUND('',#1950,.T.);
#2077=FACE_BOUND('',#1951,.T.);
#2078=FACE_BOUND('',#1952,.T.);
#2079=FACE_BOUND('',#1953,.T.);
#2080=FACE_BOUND('',#1954,.T.);
#2081=FACE_BOUND('',#1955,.T.);
#2082=FACE_BOUND('',#1956,.T.);
#2083=FACE_BOUND('',#1957,.T.);
#2084=FACE_BOUND('',#1958,.T.);
#2085=FACE_BOUND('',#1959,.T.);
#2086=FACE_BOUND('',#1960,.T.);
#2087=FACE_BOUND('',#1961,.T.);
#2088=FACE_BOUND('',#1962,.T.);
#2089=FACE_BOUND('',#1963,.T.);
#2090=FACE_BOUND('',#1964,.T.);
#2091=FACE_BOUND('',#1965,.T.);
#2092=FACE_BOUND('',#1966,.T.);
#2093=FACE_BOUND('',#1967,.T.);
#2094=FACE_BOUND('',#1968,.T.);
#2095=FACE_BOUND('',#1969,.T.);
#2096=FACE_BOUND('',#1970,.T.);
#2097=FACE_BOUND('',#1971,.T.);
#2098=FACE_BOUND('',#1972,.T.);
#2099=FACE_BOUND('',#1973,.T.);
#2100=FACE_BOUND('',#1974,.T.);
#2101=FACE_BOUND('',#1975,.T.);
#2102=FACE_BOUND('',#1976,.T.);
#2103=FACE_BOUND('',#1977,.T.);
#2104=FACE_BOUND('',#1978,.T.);
#2105=FACE_BOUND('',#1979,.T.);
#2106=FACE_BOUND('',#1980,.T.);
#2107=FACE_BOUND('',#1981,.T.);
#2108=FACE_BOUND('',#1982,.T.);
#2109=FACE_BOUND('',#1983,.T.);
#2110=FACE_BOUND('',#1984,.T.);
#2111=FACE_BOUND('',#1985,.T.);
#2112=FACE_BOUND('',#1986,.T.);
#2113=FACE_BOUND('',#1987,.T.);
#2114=FACE_BOUND('',#1988,.T.);
#2115=FACE_BOUND('',#1989,.T.);
#2116=FACE_BOUND('',#1990,.T.);
#2117=FACE_BOUND('',#1991,.T.);
#2118=FACE_BOUND('',#1992,.T.);
#2119=FACE_BOUND('',#1993,.T.);
#2120=FACE_BOUND('',#1994,.T.);
#2121=FACE_BOUND('',#1995,.T.);
#2122=FACE_BOUND('',#1996,.T.);
#2123=FACE_BOUND('',#1997,.T.);
#2124=FACE_BOUND('',#1998,.T.);
#2125=FACE_BOUND('',#1999,.T.);
#2126=FACE_BOUND('',#2000,.T.);
#2127=FACE_BOUND('',#2001,.T.);
#2128=FACE_BOUND('',#2002,.T.);
#2129=FACE_BOUND('',#2003,.T.);
#2130=FACE_BOUND('',#2004,.T.);
#2131=FACE_BOUND('',#2005,.T.);
#2132=FACE_BOUND('',#2006,.T.);
#2133=FACE_BOUND('',#2007,.T.);
#2134=FACE_BOUND('',#2008,.T.);
#2135=FACE_BOUND('',#2009,.T.);
#2136=FACE_BOUND('',#2010,.T.);
#2137=FACE_BOUND('',#2011,.T.);
#2138=FACE_BOUND('',#2012,.T.);
#2139=CYLINDRICAL_SURFACE('',#2357,0.019558);
#2140=CYLINDRICAL_SURFACE('',#2360,0.019558);
#2141=CYLINDRICAL_SURFACE('',#2363,0.019558);
#2142=CYLINDRICAL_SURFACE('',#2366,0.019558);
#2143=CYLINDRICAL_SURFACE('',#2369,0.019558);
#2144=CYLINDRICAL_SURFACE('',#2372,0.019558);
#2145=CYLINDRICAL_SURFACE('',#2375,0.019558);
#2146=CYLINDRICAL_SURFACE('',#2378,0.019558);
#2147=CYLINDRICAL_SURFACE('',#2381,0.019558);
#2148=CYLINDRICAL_SURFACE('',#2384,0.019558);
#2149=CYLINDRICAL_SURFACE('',#2387,0.019558);
#2150=CYLINDRICAL_SURFACE('',#2390,0.019558);
#2151=CYLINDRICAL_SURFACE('',#2393,0.019558);
#2152=CYLINDRICAL_SURFACE('',#2396,0.019558);
#2153=CYLINDRICAL_SURFACE('',#2399,0.019558);
#2154=CYLINDRICAL_SURFACE('',#2402,0.019558);
#2155=CYLINDRICAL_SURFACE('',#2405,0.019558);
#2156=CYLINDRICAL_SURFACE('',#2408,0.019558);
#2157=CYLINDRICAL_SURFACE('',#2411,0.019558);
#2158=CYLINDRICAL_SURFACE('',#2477,0.019558);
#2159=CYLINDRICAL_SURFACE('',#2541,0.0155574999999997);
#2160=CYLINDRICAL_SURFACE('',#2542,0.000704088586762645);
#2161=CYLINDRICAL_SURFACE('',#2543,0.000704088586762645);
#2162=CYLINDRICAL_SURFACE('',#2544,0.0155574999999997);
#2163=CYLINDRICAL_SURFACE('',#2545,0.000704088586762645);
#2164=CYLINDRICAL_SURFACE('',#2546,0.000704088586762645);
#2165=CYLINDRICAL_SURFACE('',#2547,0.0155574999999997);
#2166=CYLINDRICAL_SURFACE('',#2548,0.000704088586762645);
#2167=CYLINDRICAL_SURFACE('',#2549,0.000704088586762645);
#2168=CYLINDRICAL_SURFACE('',#2550,0.0155574999999997);
#2169=CYLINDRICAL_SURFACE('',#2551,0.000704088586762645);
#2170=CYLINDRICAL_SURFACE('',#2552,0.000704088586762645);
#2171=CYLINDRICAL_SURFACE('',#2553,0.0155574999999997);
#2172=CYLINDRICAL_SURFACE('',#2554,0.000704088586762645);
#2173=CYLINDRICAL_SURFACE('',#2555,0.000704088586762645);
#2174=CYLINDRICAL_SURFACE('',#2556,0.0155574999999997);
#2175=CYLINDRICAL_SURFACE('',#2557,0.000704088586762645);
#2176=CYLINDRICAL_SURFACE('',#2558,0.000704088586762645);
#2177=CYLINDRICAL_SURFACE('',#2559,0.0155574999999997);
#2178=CYLINDRICAL_SURFACE('',#2560,0.000704088586762645);
#2179=CYLINDRICAL_SURFACE('',#2561,0.000704088586762645);
#2180=CYLINDRICAL_SURFACE('',#2562,0.0155574999999997);
#2181=CYLINDRICAL_SURFACE('',#2563,0.000704088586762645);
#2182=CYLINDRICAL_SURFACE('',#2564,0.000704088586762645);
#2183=CYLINDRICAL_SURFACE('',#2565,0.0155574999999997);
#2184=CYLINDRICAL_SURFACE('',#2566,0.000704088586762645);
#2185=CYLINDRICAL_SURFACE('',#2567,0.000704088586762645);
#2186=CYLINDRICAL_SURFACE('',#2568,0.0155574999999997);
#2187=CYLINDRICAL_SURFACE('',#2569,0.000704088586762645);
#2188=CYLINDRICAL_SURFACE('',#2570,0.000704088586762645);
#2189=CYLINDRICAL_SURFACE('',#2571,0.0155574999999997);
#2190=CYLINDRICAL_SURFACE('',#2572,0.000704088586762645);
#2191=CYLINDRICAL_SURFACE('',#2573,0.000704088586762645);
#2192=CYLINDRICAL_SURFACE('',#2574,0.0155574999999997);
#2193=CYLINDRICAL_SURFACE('',#2575,0.000704088586762645);
#2194=CYLINDRICAL_SURFACE('',#2576,0.000704088586762645);
#2195=CYLINDRICAL_SURFACE('',#2577,0.0155574999999997);
#2196=CYLINDRICAL_SURFACE('',#2578,0.000704088586762645);
#2197=CYLINDRICAL_SURFACE('',#2579,0.000704088586762645);
#2198=CYLINDRICAL_SURFACE('',#2580,0.0155574999999997);
#2199=CYLINDRICAL_SURFACE('',#2581,0.000704088586762645);
#2200=CYLINDRICAL_SURFACE('',#2582,0.000704088586762645);
#2201=CYLINDRICAL_SURFACE('',#2583,0.0155574999999997);
#2202=CYLINDRICAL_SURFACE('',#2584,0.000704088586762645);
#2203=CYLINDRICAL_SURFACE('',#2585,0.000704088586762645);
#2204=CYLINDRICAL_SURFACE('',#2586,0.0155574999999997);
#2205=CYLINDRICAL_SURFACE('',#2587,0.000704088586762645);
#2206=CYLINDRICAL_SURFACE('',#2588,0.000704088586762645);
#2207=CYLINDRICAL_SURFACE('',#2589,0.0155574999999997);
#2208=CYLINDRICAL_SURFACE('',#2590,0.000704088586762645);
#2209=CYLINDRICAL_SURFACE('',#2591,0.000704088586762645);
#2210=CYLINDRICAL_SURFACE('',#2592,0.0155574999999997);
#2211=CYLINDRICAL_SURFACE('',#2593,0.000704088586762645);
#2212=CYLINDRICAL_SURFACE('',#2594,0.000704088586762645);
#2213=CYLINDRICAL_SURFACE('',#2595,0.0155574999999997);
#2214=CYLINDRICAL_SURFACE('',#2596,0.000704088586762645);
#2215=CYLINDRICAL_SURFACE('',#2597,0.000704088586762645);
#2216=CYLINDRICAL_SURFACE('',#2598,0.0155574999999997);
#2217=CYLINDRICAL_SURFACE('',#2599,0.000704088586762645);
#2218=CYLINDRICAL_SURFACE('',#2600,0.000704088586762645);
#2219=CYLINDRICAL_SURFACE('',#2601,0.0025);
#2220=ADVANCED_FACE('',(#2013),#2139,.T.);
#2221=ADVANCED_FACE('',(#2014),#2140,.T.);
#2222=ADVANCED_FACE('',(#2015),#2141,.T.);
#2223=ADVANCED_FACE('',(#2016),#2142,.T.);
#2224=ADVANCED_FACE('',(#2017),#2143,.T.);
#2225=ADVANCED_FACE('',(#2018),#2144,.T.);
#2226=ADVANCED_FACE('',(#2019),#2145,.T.);
#2227=ADVANCED_FACE('',(#2020),#2146,.T.);
#2228=ADVANCED_FACE('',(#2021),#2147,.T.);
#2229=ADVANCED_FACE('',(#2022),#2148,.T.);
#2230=ADVANCED_FACE('',(#2023),#2149,.T.);
#2231=ADVANCED_FACE('',(#2024),#2150,.T.);
#2232=ADVANCED_FACE('',(#2025),#2151,.T.);
#2233=ADVANCED_FACE('',(#2026),#2152,.T.);
#2234=ADVANCED_FACE('',(#2027),#2153,.T.);
#2235=ADVANCED_FACE('',(#2028),#2154,.T.);
#2236=ADVANCED_FACE('',(#2029),#2155,.T.);
#2237=ADVANCED_FACE('',(#2030),#2156,.T.);
#2238=ADVANCED_FACE('',(#2031),#2157,.T.);
#2239=ADVANCED_FACE('',(#2032,#2033),#132,.T.);
#2240=ADVANCED_FACE('',(#2034),#2158,.T.);
#2241=ADVANCED_FACE('',(#2035,#2036),#133,.F.);
#2242=ADVANCED_FACE('',(#2037),#12,.T.);
#2243=ADVANCED_FACE('',(#2038),#13,.F.);
#2244=ADVANCED_FACE('',(#2039),#2159,.T.);
#2245=ADVANCED_FACE('',(#2040),#2160,.F.);
#2246=ADVANCED_FACE('',(#2041),#2161,.F.);
#2247=ADVANCED_FACE('',(#2042),#14,.T.);
#2248=ADVANCED_FACE('',(#2043),#15,.F.);
#2249=ADVANCED_FACE('',(#2044),#2162,.T.);
#2250=ADVANCED_FACE('',(#2045),#2163,.F.);
#2251=ADVANCED_FACE('',(#2046),#2164,.F.);
#2252=ADVANCED_FACE('',(#2047),#16,.T.);
#2253=ADVANCED_FACE('',(#2048),#17,.F.);
#2254=ADVANCED_FACE('',(#2049),#2165,.T.);
#2255=ADVANCED_FACE('',(#2050),#2166,.F.);
#2256=ADVANCED_FACE('',(#2051),#2167,.F.);
#2257=ADVANCED_FACE('',(#2052),#18,.T.);
#2258=ADVANCED_FACE('',(#2053),#19,.F.);
#2259=ADVANCED_FACE('',(#2054),#2168,.T.);
#2260=ADVANCED_FACE('',(#2055),#2169,.F.);
#2261=ADVANCED_FACE('',(#2056),#2170,.F.);
#2262=ADVANCED_FACE('',(#2057),#20,.T.);
#2263=ADVANCED_FACE('',(#2058),#21,.F.);
#2264=ADVANCED_FACE('',(#2059),#2171,.T.);
#2265=ADVANCED_FACE('',(#2060),#2172,.F.);
#2266=ADVANCED_FACE('',(#2061),#2173,.F.);
#2267=ADVANCED_FACE('',(#2062),#22,.T.);
#2268=ADVANCED_FACE('',(#2063),#23,.F.);
#2269=ADVANCED_FACE('',(#2064),#2174,.T.);
#2270=ADVANCED_FACE('',(#2065),#2175,.F.);
#2271=ADVANCED_FACE('',(#2066),#2176,.F.);
#2272=ADVANCED_FACE('',(#2067),#24,.T.);
#2273=ADVANCED_FACE('',(#2068),#25,.F.);
#2274=ADVANCED_FACE('',(#2069),#2177,.T.);
#2275=ADVANCED_FACE('',(#2070),#2178,.F.);
#2276=ADVANCED_FACE('',(#2071),#2179,.F.);
#2277=ADVANCED_FACE('',(#2072),#26,.T.);
#2278=ADVANCED_FACE('',(#2073),#27,.F.);
#2279=ADVANCED_FACE('',(#2074),#2180,.T.);
#2280=ADVANCED_FACE('',(#2075),#2181,.F.);
#2281=ADVANCED_FACE('',(#2076),#2182,.F.);
#2282=ADVANCED_FACE('',(#2077),#28,.T.);
#2283=ADVANCED_FACE('',(#2078),#29,.F.);
#2284=ADVANCED_FACE('',(#2079),#2183,.T.);
#2285=ADVANCED_FACE('',(#2080),#2184,.F.);
#2286=ADVANCED_FACE('',(#2081),#2185,.F.);
#2287=ADVANCED_FACE('',(#2082),#30,.T.);
#2288=ADVANCED_FACE('',(#2083),#31,.F.);
#2289=ADVANCED_FACE('',(#2084),#2186,.T.);
#2290=ADVANCED_FACE('',(#2085),#2187,.F.);
#2291=ADVANCED_FACE('',(#2086),#2188,.F.);
#2292=ADVANCED_FACE('',(#2087),#32,.T.);
#2293=ADVANCED_FACE('',(#2088),#33,.F.);
#2294=ADVANCED_FACE('',(#2089),#2189,.T.);
#2295=ADVANCED_FACE('',(#2090),#2190,.F.);
#2296=ADVANCED_FACE('',(#2091),#2191,.F.);
#2297=ADVANCED_FACE('',(#2092),#34,.T.);
#2298=ADVANCED_FACE('',(#2093),#35,.F.);
#2299=ADVANCED_FACE('',(#2094),#2192,.T.);
#2300=ADVANCED_FACE('',(#2095),#2193,.F.);
#2301=ADVANCED_FACE('',(#2096),#2194,.F.);
#2302=ADVANCED_FACE('',(#2097),#36,.T.);
#2303=ADVANCED_FACE('',(#2098),#37,.F.);
#2304=ADVANCED_FACE('',(#2099),#2195,.T.);
#2305=ADVANCED_FACE('',(#2100),#2196,.F.);
#2306=ADVANCED_FACE('',(#2101),#2197,.F.);
#2307=ADVANCED_FACE('',(#2102),#38,.T.);
#2308=ADVANCED_FACE('',(#2103),#39,.F.);
#2309=ADVANCED_FACE('',(#2104),#2198,.T.);
#2310=ADVANCED_FACE('',(#2105),#2199,.F.);
#2311=ADVANCED_FACE('',(#2106),#2200,.F.);
#2312=ADVANCED_FACE('',(#2107),#40,.T.);
#2313=ADVANCED_FACE('',(#2108),#41,.F.);
#2314=ADVANCED_FACE('',(#2109),#2201,.T.);
#2315=ADVANCED_FACE('',(#2110),#2202,.F.);
#2316=ADVANCED_FACE('',(#2111),#2203,.F.);
#2317=ADVANCED_FACE('',(#2112),#42,.T.);
#2318=ADVANCED_FACE('',(#2113),#43,.F.);
#2319=ADVANCED_FACE('',(#2114),#2204,.T.);
#2320=ADVANCED_FACE('',(#2115),#2205,.F.);
#2321=ADVANCED_FACE('',(#2116),#2206,.F.);
#2322=ADVANCED_FACE('',(#2117),#44,.T.);
#2323=ADVANCED_FACE('',(#2118),#45,.F.);
#2324=ADVANCED_FACE('',(#2119),#2207,.T.);
#2325=ADVANCED_FACE('',(#2120),#2208,.F.);
#2326=ADVANCED_FACE('',(#2121),#2209,.F.);
#2327=ADVANCED_FACE('',(#2122),#46,.T.);
#2328=ADVANCED_FACE('',(#2123),#47,.F.);
#2329=ADVANCED_FACE('',(#2124),#2210,.T.);
#2330=ADVANCED_FACE('',(#2125),#2211,.F.);
#2331=ADVANCED_FACE('',(#2126),#2212,.F.);
#2332=ADVANCED_FACE('',(#2127),#48,.T.);
#2333=ADVANCED_FACE('',(#2128),#49,.F.);
#2334=ADVANCED_FACE('',(#2129),#2213,.T.);
#2335=ADVANCED_FACE('',(#2130),#2214,.F.);
#2336=ADVANCED_FACE('',(#2131),#2215,.F.);
#2337=ADVANCED_FACE('',(#2132),#50,.T.);
#2338=ADVANCED_FACE('',(#2133),#51,.F.);
#2339=ADVANCED_FACE('',(#2134),#2216,.T.);
#2340=ADVANCED_FACE('',(#2135),#2217,.F.);
#2341=ADVANCED_FACE('',(#2136),#2218,.F.);
#2342=ADVANCED_FACE('',(#2137),#2219,.F.);
#2343=ADVANCED_FACE('',(#2138),#134,.T.);
#2344=CLOSED_SHELL('',(#2220,#2221,#2222,#2223,#2224,#2225,#2226,#2227,
#2228,#2229,#2230,#2231,#2232,#2233,#2234,#2235,#2236,#2237,#2238,#2239,
#2240,#2241,#2242,#2243,#2244,#2245,#2246,#2247,#2248,#2249,#2250,#2251,
#2252,#2253,#2254,#2255,#2256,#2257,#2258,#2259,#2260,#2261,#2262,#2263,
#2264,#2265,#2266,#2267,#2268,#2269,#2270,#2271,#2272,#2273,#2274,#2275,
#2276,#2277,#2278,#2279,#2280,#2281,#2282,#2283,#2284,#2285,#2286,#2287,
#2288,#2289,#2290,#2291,#2292,#2293,#2294,#2295,#2296,#2297,#2298,#2299,
#2300,#2301,#2302,#2303,#2304,#2305,#2306,#2307,#2308,#2309,#2310,#2311,
#2312,#2313,#2314,#2315,#2316,#2317,#2318,#2319,#2320,#2321,#2322,#2323,
#2324,#2325,#2326,#2327,#2328,#2329,#2330,#2331,#2332,#2333,#2334,#2335,
#2336,#2337,#2338,#2339,#2340,#2341,#2342,#2343));
#2345=STYLED_ITEM('',(#2346),#2353);
#2346=PRESENTATION_STYLE_ASSIGNMENT((#2347));
#2347=SURFACE_STYLE_USAGE(.BOTH.,#2348);
#2348=SURFACE_SIDE_STYLE('',(#2349));
#2349=SURFACE_STYLE_FILL_AREA(#2350);
#2350=FILL_AREA_STYLE('',(#2351));
#2351=FILL_AREA_STYLE_COLOUR('',#2352);
#2352=COLOUR_RGB('',0.972549019607843,0.529411764705882,0.00392156862745098);
#2353=MANIFOLD_SOLID_BREP('PinionGear',#2344);
#2354=SHAPE_DEFINITION_REPRESENTATION(#7682,#2355);
#2355=SHAPE_REPRESENTATION('PinionGear',(#2356),#7677);
#2356=AXIS2_PLACEMENT_3D('',#3221,#2603,#2604);
#2357=AXIS2_PLACEMENT_3D('',#3222,#2605,#2606);
#2358=AXIS2_PLACEMENT_3D('',#3226,#2608,#2609);
#2359=AXIS2_PLACEMENT_3D('',#3230,#2611,#2612);
#2360=AXIS2_PLACEMENT_3D('',#3231,#2613,#2614);
#2361=AXIS2_PLACEMENT_3D('',#3232,#2615,#2616);
#2362=AXIS2_PLACEMENT_3D('',#3237,#2618,#2619);
#2363=AXIS2_PLACEMENT_3D('',#3240,#2621,#2622);
#2364=AXIS2_PLACEMENT_3D('',#3241,#2623,#2624);
#2365=AXIS2_PLACEMENT_3D('',#3246,#2626,#2627);
#2366=AXIS2_PLACEMENT_3D('',#3249,#2629,#2630);
#2367=AXIS2_PLACEMENT_3D('',#3250,#2631,#2632);
#2368=AXIS2_PLACEMENT_3D('',#3255,#2634,#2635);
#2369=AXIS2_PLACEMENT_3D('',#3258,#2637,#2638);
#2370=AXIS2_PLACEMENT_3D('',#3259,#2639,#2640);
#2371=AXIS2_PLACEMENT_3D('',#3264,#2642,#2643);
#2372=AXIS2_PLACEMENT_3D('',#3267,#2645,#2646);
#2373=AXIS2_PLACEMENT_3D('',#3268,#2647,#2648);
#2374=AXIS2_PLACEMENT_3D('',#3273,#2650,#2651);
#2375=AXIS2_PLACEMENT_3D('',#3276,#2653,#2654);
#2376=AXIS2_PLACEMENT_3D('',#3277,#2655,#2656);
#2377=AXIS2_PLACEMENT_3D('',#3282,#2658,#2659);
#2378=AXIS2_PLACEMENT_3D('',#3285,#2661,#2662);
#2379=AXIS2_PLACEMENT_3D('',#3286,#2663,#2664);
#2380=AXIS2_PLACEMENT_3D('',#3291,#2666,#2667);
#2381=AXIS2_PLACEMENT_3D('',#3294,#2669,#2670);
#2382=AXIS2_PLACEMENT_3D('',#3298,#2672,#2673);
#2383=AXIS2_PLACEMENT_3D('',#3302,#2675,#2676);
#2384=AXIS2_PLACEMENT_3D('',#3303,#2677,#2678);
#2385=AXIS2_PLACEMENT_3D('',#3304,#2679,#2680);
#2386=AXIS2_PLACEMENT_3D('',#3309,#2682,#2683);
#2387=AXIS2_PLACEMENT_3D('',#3312,#2685,#2686);
#2388=AXIS2_PLACEMENT_3D('',#3316,#2688,#2689);
#2389=AXIS2_PLACEMENT_3D('',#3320,#2691,#2692);
#2390=AXIS2_PLACEMENT_3D('',#3321,#2693,#2694);
#2391=AXIS2_PLACEMENT_3D('',#3325,#2696,#2697);
#2392=AXIS2_PLACEMENT_3D('',#3329,#2699,#2700);
#2393=AXIS2_PLACEMENT_3D('',#3330,#2701,#2702);
#2394=AXIS2_PLACEMENT_3D('',#3334,#2704,#2705);
#2395=AXIS2_PLACEMENT_3D('',#3338,#2707,#2708);
#2396=AXIS2_PLACEMENT_3D('',#3339,#2709,#2710);
#2397=AXIS2_PLACEMENT_3D('',#3340,#2711,#2712);
#2398=AXIS2_PLACEMENT_3D('',#3345,#2714,#2715);
#2399=AXIS2_PLACEMENT_3D('',#3348,#2717,#2718);
#2400=AXIS2_PLACEMENT_3D('',#3349,#2719,#2720);
#2401=AXIS2_PLACEMENT_3D('',#3354,#2722,#2723);
#2402=AXIS2_PLACEMENT_3D('',#3357,#2725,#2726);
#2403=AXIS2_PLACEMENT_3D('',#3358,#2727,#2728);
#2404=AXIS2_PLACEMENT_3D('',#3363,#2730,#2731);
#2405=AXIS2_PLACEMENT_3D('',#3366,#2733,#2734);
#2406=AXIS2_PLACEMENT_3D('',#3370,#2736,#2737);
#2407=AXIS2_PLACEMENT_3D('',#3374,#2739,#2740);
#2408=AXIS2_PLACEMENT_3D('',#3375,#2741,#2742);
#2409=AXIS2_PLACEMENT_3D('',#3376,#2743,#2744);
#2410=AXIS2_PLACEMENT_3D('',#3381,#2746,#2747);
#2411=AXIS2_PLACEMENT_3D('',#3384,#2749,#2750);
#2412=AXIS2_PLACEMENT_3D('',#3385,#2751,#2752);
#2413=AXIS2_PLACEMENT_3D('',#3390,#2754,#2755);
#2414=AXIS2_PLACEMENT_3D('',#3393,#2757,#2758);
#2415=AXIS2_PLACEMENT_3D('',#3394,#2759,#2760);
#2416=AXIS2_PLACEMENT_3D('',#3398,#2762,#2763);
#2417=AXIS2_PLACEMENT_3D('',#3470,#2764,#2765);
#2418=AXIS2_PLACEMENT_3D('',#3472,#2766,#2767);
#2419=AXIS2_PLACEMENT_3D('',#3474,#2768,#2769);
#2420=AXIS2_PLACEMENT_3D('',#3545,#2770,#2771);
#2421=AXIS2_PLACEMENT_3D('',#3547,#2772,#2773);
#2422=AXIS2_PLACEMENT_3D('',#3549,#2774,#2775);
#2423=AXIS2_PLACEMENT_3D('',#3620,#2776,#2777);
#2424=AXIS2_PLACEMENT_3D('',#3622,#2778,#2779);
#2425=AXIS2_PLACEMENT_3D('',#3624,#2780,#2781);
#2426=AXIS2_PLACEMENT_3D('',#3695,#2782,#2783);
#2427=AXIS2_PLACEMENT_3D('',#3697,#2784,#2785);
#2428=AXIS2_PLACEMENT_3D('',#3699,#2786,#2787);
#2429=AXIS2_PLACEMENT_3D('',#3770,#2788,#2789);
#2430=AXIS2_PLACEMENT_3D('',#3772,#2790,#2791);
#2431=AXIS2_PLACEMENT_3D('',#3774,#2792,#2793);
#2432=AXIS2_PLACEMENT_3D('',#3845,#2794,#2795);
#2433=AXIS2_PLACEMENT_3D('',#3847,#2796,#2797);
#2434=AXIS2_PLACEMENT_3D('',#3849,#2798,#2799);
#2435=AXIS2_PLACEMENT_3D('',#3920,#2800,#2801);
#2436=AXIS2_PLACEMENT_3D('',#3922,#2802,#2803);
#2437=AXIS2_PLACEMENT_3D('',#3924,#2804,#2805);
#2438=AXIS2_PLACEMENT_3D('',#3995,#2806,#2807);
#2439=AXIS2_PLACEMENT_3D('',#3997,#2808,#2809);
#2440=AXIS2_PLACEMENT_3D('',#3999,#2810,#2811);
#2441=AXIS2_PLACEMENT_3D('',#4070,#2812,#2813);
#2442=AXIS2_PLACEMENT_3D('',#4072,#2814,#2815);
#2443=AXIS2_PLACEMENT_3D('',#4074,#2816,#2817);
#2444=AXIS2_PLACEMENT_3D('',#4145,#2818,#2819);
#2445=AXIS2_PLACEMENT_3D('',#4147,#2820,#2821);
#2446=AXIS2_PLACEMENT_3D('',#4149,#2822,#2823);
#2447=AXIS2_PLACEMENT_3D('',#4186,#2824,#2825);
#2448=AXIS2_PLACEMENT_3D('',#4223,#2826,#2827);
#2449=AXIS2_PLACEMENT_3D('',#4225,#2828,#2829);
#2450=AXIS2_PLACEMENT_3D('',#4227,#2830,#2831);
#2451=AXIS2_PLACEMENT_3D('',#4298,#2832,#2833);
#2452=AXIS2_PLACEMENT_3D('',#4300,#2834,#2835);
#2453=AXIS2_PLACEMENT_3D('',#4302,#2836,#2837);
#2454=AXIS2_PLACEMENT_3D('',#4373,#2838,#2839);
#2455=AXIS2_PLACEMENT_3D('',#4375,#2840,#2841);
#2456=AXIS2_PLACEMENT_3D('',#4377,#2842,#2843);
#2457=AXIS2_PLACEMENT_3D('',#4448,#2844,#2845);
#2458=AXIS2_PLACEMENT_3D('',#4450,#2846,#2847);
#2459=AXIS2_PLACEMENT_3D('',#4452,#2848,#2849);
#2460=AXIS2_PLACEMENT_3D('',#4523,#2850,#2851);
#2461=AXIS2_PLACEMENT_3D('',#4525,#2852,#2853);
#2462=AXIS2_PLACEMENT_3D('',#4527,#2854,#2855);
#2463=AXIS2_PLACEMENT_3D('',#4598,#2856,#2857);
#2464=AXIS2_PLACEMENT_3D('',#4600,#2858,#2859);
#2465=AXIS2_PLACEMENT_3D('',#4602,#2860,#2861);
#2466=AXIS2_PLACEMENT_3D('',#4673,#2862,#2863);
#2467=AXIS2_PLACEMENT_3D('',#4675,#2864,#2865);
#2468=AXIS2_PLACEMENT_3D('',#4677,#2866,#2867);
#2469=AXIS2_PLACEMENT_3D('',#4748,#2868,#2869);
#2470=AXIS2_PLACEMENT_3D('',#4750,#2870,#2871);
#2471=AXIS2_PLACEMENT_3D('',#4752,#2872,#2873);
#2472=AXIS2_PLACEMENT_3D('',#4823,#2874,#2875);
#2473=AXIS2_PLACEMENT_3D('',#4825,#2876,#2877);
#2474=AXIS2_PLACEMENT_3D('',#4827,#2878,#2879);
#2475=AXIS2_PLACEMENT_3D('',#4898,#2880,#2881);
#2476=AXIS2_PLACEMENT_3D('',#4900,#2882,#2883);
#2477=AXIS2_PLACEMENT_3D('',#4901,#2884,#2885);
#2478=AXIS2_PLACEMENT_3D('',#4904,#2887,#2888);
#2479=AXIS2_PLACEMENT_3D('',#4907,#2890,#2891);
#2480=AXIS2_PLACEMENT_3D('',#4911,#2893,#2894);
#2481=AXIS2_PLACEMENT_3D('',#4912,#2895,#2896);
#2482=AXIS2_PLACEMENT_3D('',#4984,#2897,#2898);
#2483=AXIS2_PLACEMENT_3D('',#4986,#2899,#2900);
#2484=AXIS2_PLACEMENT_3D('',#4988,#2901,#2902);
#2485=AXIS2_PLACEMENT_3D('',#5059,#2903,#2904);
#2486=AXIS2_PLACEMENT_3D('',#5061,#2905,#2906);
#2487=AXIS2_PLACEMENT_3D('',#5063,#2907,#2908);
#2488=AXIS2_PLACEMENT_3D('',#5134,#2909,#2910);
#2489=AXIS2_PLACEMENT_3D('',#5136,#2911,#2912);
#2490=AXIS2_PLACEMENT_3D('',#5138,#2913,#2914);
#2491=AXIS2_PLACEMENT_3D('',#5209,#2915,#2916);
#2492=AXIS2_PLACEMENT_3D('',#5211,#2917,#2918);
#2493=AXIS2_PLACEMENT_3D('',#5213,#2919,#2920);
#2494=AXIS2_PLACEMENT_3D('',#5284,#2921,#2922);
#2495=AXIS2_PLACEMENT_3D('',#5286,#2923,#2924);
#2496=AXIS2_PLACEMENT_3D('',#5288,#2925,#2926);
#2497=AXIS2_PLACEMENT_3D('',#5359,#2927,#2928);
#2498=AXIS2_PLACEMENT_3D('',#5361,#2929,#2930);
#2499=AXIS2_PLACEMENT_3D('',#5363,#2931,#2932);
#2500=AXIS2_PLACEMENT_3D('',#5434,#2933,#2934);
#2501=AXIS2_PLACEMENT_3D('',#5436,#2935,#2936);
#2502=AXIS2_PLACEMENT_3D('',#5438,#2937,#2938);
#2503=AXIS2_PLACEMENT_3D('',#5509,#2939,#2940);
#2504=AXIS2_PLACEMENT_3D('',#5511,#2941,#2942);
#2505=AXIS2_PLACEMENT_3D('',#5513,#2943,#2944);
#2506=AXIS2_PLACEMENT_3D('',#5584,#2945,#2946);
#2507=AXIS2_PLACEMENT_3D('',#5586,#2947,#2948);
#2508=AXIS2_PLACEMENT_3D('',#5588,#2949,#2950);
#2509=AXIS2_PLACEMENT_3D('',#5659,#2951,#2952);
#2510=AXIS2_PLACEMENT_3D('',#5661,#2953,#2954);
#2511=AXIS2_PLACEMENT_3D('',#5663,#2955,#2956);
#2512=AXIS2_PLACEMENT_3D('',#5734,#2957,#2958);
#2513=AXIS2_PLACEMENT_3D('',#5736,#2959,#2960);
#2514=AXIS2_PLACEMENT_3D('',#5738,#2961,#2962);
#2515=AXIS2_PLACEMENT_3D('',#5809,#2963,#2964);
#2516=AXIS2_PLACEMENT_3D('',#5811,#2965,#2966);
#2517=AXIS2_PLACEMENT_3D('',#5813,#2967,#2968);
#2518=AXIS2_PLACEMENT_3D('',#5884,#2969,#2970);
#2519=AXIS2_PLACEMENT_3D('',#5886,#2971,#2972);
#2520=AXIS2_PLACEMENT_3D('',#5888,#2973,#2974);
#2521=AXIS2_PLACEMENT_3D('',#5959,#2975,#2976);
#2522=AXIS2_PLACEMENT_3D('',#5961,#2977,#2978);
#2523=AXIS2_PLACEMENT_3D('',#5963,#2979,#2980);
#2524=AXIS2_PLACEMENT_3D('',#6034,#2981,#2982);
#2525=AXIS2_PLACEMENT_3D('',#6036,#2983,#2984);
#2526=AXIS2_PLACEMENT_3D('',#6038,#2985,#2986);
#2527=AXIS2_PLACEMENT_3D('',#6109,#2987,#2988);
#2528=AXIS2_PLACEMENT_3D('',#6111,#2989,#2990);
#2529=AXIS2_PLACEMENT_3D('',#6113,#2991,#2992);
#2530=AXIS2_PLACEMENT_3D('',#6184,#2993,#2994);
#2531=AXIS2_PLACEMENT_3D('',#6186,#2995,#2996);
#2532=AXIS2_PLACEMENT_3D('',#6188,#2997,#2998);
#2533=AXIS2_PLACEMENT_3D('',#6259,#2999,#3000);
#2534=AXIS2_PLACEMENT_3D('',#6261,#3001,#3002);
#2535=AXIS2_PLACEMENT_3D('',#6263,#3003,#3004);
#2536=AXIS2_PLACEMENT_3D('',#6334,#3005,#3006);
#2537=AXIS2_PLACEMENT_3D('',#6336,#3007,#3008);
#2538=AXIS2_PLACEMENT_3D('',#6338,#3009,#3010);
#2539=AXIS2_PLACEMENT_3D('',#6409,#3011,#3012);
#2540=AXIS2_PLACEMENT_3D('',#6411,#3013,#3014);
#2541=AXIS2_PLACEMENT_3D('',#6470,#3017,#3018);
#2542=AXIS2_PLACEMENT_3D('',#6473,#3021,#3022);
#2543=AXIS2_PLACEMENT_3D('',#6474,#3023,#3024);
#2544=AXIS2_PLACEMENT_3D('',#6533,#3027,#3028);
#2545=AXIS2_PLACEMENT_3D('',#6536,#3031,#3032);
#2546=AXIS2_PLACEMENT_3D('',#6537,#3033,#3034);
#2547=AXIS2_PLACEMENT_3D('',#6596,#3037,#3038);
#2548=AXIS2_PLACEMENT_3D('',#6599,#3041,#3042);
#2549=AXIS2_PLACEMENT_3D('',#6600,#3043,#3044);
#2550=AXIS2_PLACEMENT_3D('',#6659,#3047,#3048);
#2551=AXIS2_PLACEMENT_3D('',#6662,#3051,#3052);
#2552=AXIS2_PLACEMENT_3D('',#6663,#3053,#3054);
#2553=AXIS2_PLACEMENT_3D('',#6722,#3057,#3058);
#2554=AXIS2_PLACEMENT_3D('',#6725,#3061,#3062);
#2555=AXIS2_PLACEMENT_3D('',#6726,#3063,#3064);
#2556=AXIS2_PLACEMENT_3D('',#6785,#3067,#3068);
#2557=AXIS2_PLACEMENT_3D('',#6788,#3071,#3072);
#2558=AXIS2_PLACEMENT_3D('',#6789,#3073,#3074);
#2559=AXIS2_PLACEMENT_3D('',#6848,#3077,#3078);
#2560=AXIS2_PLACEMENT_3D('',#6851,#3081,#3082);
#2561=AXIS2_PLACEMENT_3D('',#6852,#3083,#3084);
#2562=AXIS2_PLACEMENT_3D('',#6911,#3087,#3088);
#2563=AXIS2_PLACEMENT_3D('',#6914,#3091,#3092);
#2564=AXIS2_PLACEMENT_3D('',#6915,#3093,#3094);
#2565=AXIS2_PLACEMENT_3D('',#6974,#3097,#3098);
#2566=AXIS2_PLACEMENT_3D('',#6977,#3101,#3102);
#2567=AXIS2_PLACEMENT_3D('',#6978,#3103,#3104);
#2568=AXIS2_PLACEMENT_3D('',#7037,#3107,#3108);
#2569=AXIS2_PLACEMENT_3D('',#7040,#3111,#3112);
#2570=AXIS2_PLACEMENT_3D('',#7041,#3113,#3114);
#2571=AXIS2_PLACEMENT_3D('',#7100,#3117,#3118);
#2572=AXIS2_PLACEMENT_3D('',#7103,#3121,#3122);
#2573=AXIS2_PLACEMENT_3D('',#7104,#3123,#3124);
#2574=AXIS2_PLACEMENT_3D('',#7163,#3127,#3128);
#2575=AXIS2_PLACEMENT_3D('',#7166,#3131,#3132);
#2576=AXIS2_PLACEMENT_3D('',#7167,#3133,#3134);
#2577=AXIS2_PLACEMENT_3D('',#7226,#3137,#3138);
#2578=AXIS2_PLACEMENT_3D('',#7229,#3141,#3142);
#2579=AXIS2_PLACEMENT_3D('',#7230,#3143,#3144);
#2580=AXIS2_PLACEMENT_3D('',#7289,#3147,#3148);
#2581=AXIS2_PLACEMENT_3D('',#7292,#3151,#3152);
#2582=AXIS2_PLACEMENT_3D('',#7293,#3153,#3154);
#2583=AXIS2_PLACEMENT_3D('',#7352,#3157,#3158);
#2584=AXIS2_PLACEMENT_3D('',#7355,#3161,#3162);
#2585=AXIS2_PLACEMENT_3D('',#7356,#3163,#3164);
#2586=AXIS2_PLACEMENT_3D('',#7415,#3167,#3168);
#2587=AXIS2_PLACEMENT_3D('',#7418,#3171,#3172);
#2588=AXIS2_PLACEMENT_3D('',#7419,#3173,#3174);
#2589=AXIS2_PLACEMENT_3D('',#7478,#3177,#3178);
#2590=AXIS2_PLACEMENT_3D('',#7481,#3181,#3182);
#2591=AXIS2_PLACEMENT_3D('',#7482,#3183,#3184);
#2592=AXIS2_PLACEMENT_3D('',#7541,#3187,#3188);
#2593=AXIS2_PLACEMENT_3D('',#7544,#3191,#3192);
#2594=AXIS2_PLACEMENT_3D('',#7545,#3193,#3194);
#2595=AXIS2_PLACEMENT_3D('',#7604,#3197,#3198);
#2596=AXIS2_PLACEMENT_3D('',#7607,#3201,#3202);
#2597=AXIS2_PLACEMENT_3D('',#7608,#3203,#3204);
#2598=AXIS2_PLACEMENT_3D('',#7667,#3207,#3208);
#2599=AXIS2_PLACEMENT_3D('',#7670,#3211,#3212);
#2600=AXIS2_PLACEMENT_3D('',#7671,#3213,#3214);
#2601=AXIS2_PLACEMENT_3D('',#7672,#3215,#3216);
#2602=AXIS2_PLACEMENT_3D('',#7675,#3219,#3220);
#2603=DIRECTION('',(0.,0.,1.));
#2604=DIRECTION('',(1.,0.,0.));
#2605=DIRECTION('',(0.,0.,-1.));
#2606=DIRECTION('',(-0.987688340595138,-0.156434465040232,0.));
#2607=DIRECTION('',(0.,0.,-1.));
#2608=DIRECTION('',(0.,0.,1.));
#2609=DIRECTION('',(0.987688340595138,0.156434465040232,0.));
#2610=DIRECTION('',(0.,0.,-1.));
#2611=DIRECTION('',(0.,0.,1.));
#2612=DIRECTION('',(0.987688340595138,0.156434465040232,0.));
#2613=DIRECTION('',(0.,0.,-1.));
#2614=DIRECTION('',(-0.987688340595138,-0.156434465040232,0.));
#2615=DIRECTION('',(0.,0.,1.));
#2616=DIRECTION('',(0.987688340595138,0.156434465040232,0.));
#2617=DIRECTION('',(0.,0.,-1.));
#2618=DIRECTION('',(0.,0.,1.));
#2619=DIRECTION('',(0.987688340595138,0.156434465040232,0.));
#2620=DIRECTION('',(0.,0.,-1.));
#2621=DIRECTION('',(0.,0.,-1.));
#2622=DIRECTION('',(-0.987688340595138,-0.156434465040232,0.));
#2623=DIRECTION('',(0.,0.,1.));
#2624=DIRECTION('',(0.987688340595138,0.156434465040232,0.));
#2625=DIRECTION('',(0.,0.,-1.));
#2626=DIRECTION('',(0.,0.,1.));
#2627=DIRECTION('',(0.987688340595138,0.156434465040232,0.));
#2628=DIRECTION('',(0.,0.,-1.));
#2629=DIRECTION('',(0.,0.,-1.));
#2630=DIRECTION('',(-0.987688340595138,-0.156434465040232,0.));
#2631=DIRECTION('',(0.,0.,1.));
#2632=DIRECTION('',(0.987688340595138,0.156434465040232,0.));
#2633=DIRECTION('',(0.,0.,-1.));
#2634=DIRECTION('',(0.,0.,1.));
#2635=DIRECTION('',(0.987688340595138,0.156434465040232,0.));
#2636=DIRECTION('',(0.,0.,-1.));
#2637=DIRECTION('',(0.,0.,-1.));
#2638=DIRECTION('',(-0.987688340595138,-0.156434465040232,0.));
#2639=DIRECTION('',(0.,0.,1.));
#2640=DIRECTION('',(0.987688340595138,0.156434465040232,0.));
#2641=DIRECTION('',(0.,0.,-1.));
#2642=DIRECTION('',(0.,0.,1.));
#2643=DIRECTION('',(0.987688340595138,0.156434465040232,0.));
#2644=DIRECTION('',(0.,0.,-1.));
#2645=DIRECTION('',(0.,0.,-1.));
#2646=DIRECTION('',(-0.987688340595138,-0.156434465040232,0.));
#2647=DIRECTION('',(0.,0.,1.));
#2648=DIRECTION('',(0.987688340595138,0.156434465040232,0.));
#2649=DIRECTION('',(0.,0.,-1.));
#2650=DIRECTION('',(0.,0.,1.));
#2651=DIRECTION('',(0.987688340595138,0.156434465040232,0.));
#2652=DIRECTION('',(0.,0.,-1.));
#2653=DIRECTION('',(0.,0.,-1.));
#2654=DIRECTION('',(-0.987688340595138,-0.156434465040232,0.));
#2655=DIRECTION('',(0.,0.,1.));
#2656=DIRECTION('',(0.987688340595138,0.156434465040232,0.));
#2657=DIRECTION('',(0.,0.,-1.));
#2658=DIRECTION('',(0.,0.,1.));
#2659=DIRECTION('',(0.987688340595138,0.156434465040232,0.));
#2660=DIRECTION('',(0.,0.,-1.));
#2661=DIRECTION('',(0.,0.,-1.));
#2662=DIRECTION('',(-0.987688340595138,-0.156434465040232,0.));
#2663=DIRECTION('',(0.,0.,1.));
#2664=DIRECTION('',(0.987688340595138,0.156434465040232,0.));
#2665=DIRECTION('',(0.,0.,-1.));
#2666=DIRECTION('',(0.,0.,1.));
#2667=DIRECTION('',(0.987688340595138,0.156434465040232,0.));
#2668=DIRECTION('',(0.,0.,-1.));
#2669=DIRECTION('',(0.,0.,-1.));
#2670=DIRECTION('',(-0.987688340595138,-0.156434465040232,0.));
#2671=DIRECTION('',(0.,0.,-1.));
#2672=DIRECTION('',(0.,0.,1.));
#2673=DIRECTION('',(0.987688340595138,0.156434465040232,0.));
#2674=DIRECTION('',(0.,0.,-1.));
#2675=DIRECTION('',(0.,0.,1.));
#2676=DIRECTION('',(0.987688340595138,0.156434465040232,0.));
#2677=DIRECTION('',(0.,0.,-1.));
#2678=DIRECTION('',(-0.987688340595138,-0.156434465040232,0.));
#2679=DIRECTION('',(0.,0.,1.));
#2680=DIRECTION('',(0.987688340595138,0.156434465040232,0.));
#2681=DIRECTION('',(0.,0.,-1.));
#2682=DIRECTION('',(0.,0.,1.));
#2683=DIRECTION('',(0.987688340595138,0.156434465040232,0.));
#2684=DIRECTION('',(0.,0.,-1.));
#2685=DIRECTION('',(0.,0.,-1.));
#2686=DIRECTION('',(-0.987688340595138,-0.156434465040232,0.));
#2687=DIRECTION('',(0.,0.,-1.));
#2688=DIRECTION('',(0.,0.,1.));
#2689=DIRECTION('',(0.987688340595138,0.156434465040232,0.));
#2690=DIRECTION('',(0.,0.,-1.));
#2691=DIRECTION('',(0.,0.,1.));
#2692=DIRECTION('',(0.987688340595138,0.156434465040232,0.));
#2693=DIRECTION('',(0.,0.,-1.));
#2694=DIRECTION('',(-0.987688340595138,-0.156434465040232,0.));
#2695=DIRECTION('',(0.,0.,-1.));
#2696=DIRECTION('',(0.,0.,1.));
#2697=DIRECTION('',(0.987688340595138,0.156434465040232,0.));
#2698=DIRECTION('',(0.,0.,-1.));
#2699=DIRECTION('',(0.,0.,1.));
#2700=DIRECTION('',(0.987688340595138,0.156434465040232,0.));
#2701=DIRECTION('',(0.,0.,-1.));
#2702=DIRECTION('',(-0.987688340595138,-0.156434465040232,0.));
#2703=DIRECTION('',(0.,0.,-1.));
#2704=DIRECTION('',(0.,0.,1.));
#2705=DIRECTION('',(0.987688340595138,0.156434465040232,0.));
#2706=DIRECTION('',(0.,0.,-1.));
#2707=DIRECTION('',(0.,0.,1.));
#2708=DIRECTION('',(0.987688340595138,0.156434465040232,0.));
#2709=DIRECTION('',(0.,0.,-1.));
#2710=DIRECTION('',(-0.987688340595138,-0.156434465040232,0.));
#2711=DIRECTION('',(0.,0.,1.));
#2712=DIRECTION('',(0.987688340595138,0.156434465040232,0.));
#2713=DIRECTION('',(0.,0.,-1.));
#2714=DIRECTION('',(0.,0.,1.));
#2715=DIRECTION('',(0.987688340595138,0.156434465040232,0.));
#2716=DIRECTION('',(0.,0.,-1.));
#2717=DIRECTION('',(0.,0.,-1.));
#2718=DIRECTION('',(-0.987688340595138,-0.156434465040232,0.));
#2719=DIRECTION('',(0.,0.,1.));
#2720=DIRECTION('',(0.987688340595138,0.156434465040232,0.));
#2721=DIRECTION('',(0.,0.,-1.));
#2722=DIRECTION('',(0.,0.,1.));
#2723=DIRECTION('',(0.987688340595138,0.156434465040232,0.));
#2724=DIRECTION('',(0.,0.,-1.));
#2725=DIRECTION('',(0.,0.,-1.));
#2726=DIRECTION('',(-0.987688340595138,-0.156434465040232,0.));
#2727=DIRECTION('',(0.,0.,1.));
#2728=DIRECTION('',(0.987688340595138,0.156434465040232,0.));
#2729=DIRECTION('',(0.,0.,-1.));
#2730=DIRECTION('',(0.,0.,1.));
#2731=DIRECTION('',(0.987688340595138,0.156434465040232,0.));
#2732=DIRECTION('',(0.,0.,-1.));
#2733=DIRECTION('',(0.,0.,-1.));
#2734=DIRECTION('',(-0.987688340595138,-0.156434465040232,0.));
#2735=DIRECTION('',(0.,0.,-1.));
#2736=DIRECTION('',(0.,0.,1.));
#2737=DIRECTION('',(0.987688340595138,0.156434465040232,0.));
#2738=DIRECTION('',(0.,0.,-1.));
#2739=DIRECTION('',(0.,0.,1.));
#2740=DIRECTION('',(0.987688340595138,0.156434465040232,0.));
#2741=DIRECTION('',(0.,0.,-1.));
#2742=DIRECTION('',(-0.987688340595138,-0.156434465040232,0.));
#2743=DIRECTION('',(0.,0.,1.));
#2744=DIRECTION('',(0.987688340595138,0.156434465040232,0.));
#2745=DIRECTION('',(0.,0.,-1.));
#2746=DIRECTION('',(0.,0.,1.));
#2747=DIRECTION('',(0.987688340595138,0.156434465040232,0.));
#2748=DIRECTION('',(0.,0.,-1.));
#2749=DIRECTION('',(0.,0.,-1.));
#2750=DIRECTION('',(-0.987688340595138,-0.156434465040232,0.));
#2751=DIRECTION('',(0.,0.,1.));
#2752=DIRECTION('',(0.987688340595138,0.156434465040232,0.));
#2753=DIRECTION('',(0.,0.,-1.));
#2754=DIRECTION('',(0.,0.,1.));
#2755=DIRECTION('',(0.987688340595138,0.156434465040232,0.));
#2756=DIRECTION('',(0.,0.,-1.));
#2757=DIRECTION('',(0.,0.,1.));
#2758=DIRECTION('',(0.987688340595138,0.156434465040232,0.));
#2759=DIRECTION('',(0.,0.,1.));
#2760=DIRECTION('',(1.,0.,0.));
#2761=DIRECTION('',(1.,-6.12323399573677E-17,0.));
#2762=DIRECTION('',(0.,0.,1.));
#2763=DIRECTION('',(-0.987688340595138,0.15643446504023,0.));
#2764=DIRECTION('',(0.,0.,1.));
#2765=DIRECTION('',(-0.987688340595138,-0.156434465040232,0.));
#2766=DIRECTION('',(0.,0.,1.));
#2767=DIRECTION('',(-0.987688340595138,-0.156434465040232,0.));
#2768=DIRECTION('',(0.,0.,1.));
#2769=DIRECTION('',(-0.987688340595138,-0.156434465040232,0.));
#2770=DIRECTION('',(0.,0.,1.));
#2771=DIRECTION('',(-0.891006524188368,-0.453990499739547,0.));
#2772=DIRECTION('',(0.,0.,1.));
#2773=DIRECTION('',(-0.891006524188368,-0.453990499739547,0.));
#2774=DIRECTION('',(0.,0.,1.));
#2775=DIRECTION('',(-0.891006524188368,-0.453990499739547,0.));
#2776=DIRECTION('',(0.,0.,1.));
#2777=DIRECTION('',(-0.707106781186547,-0.707106781186548,0.));
#2778=DIRECTION('',(0.,0.,1.));
#2779=DIRECTION('',(-0.707106781186547,-0.707106781186548,0.));
#2780=DIRECTION('',(0.,0.,1.));
#2781=DIRECTION('',(-0.707106781186547,-0.707106781186548,0.));
#2782=DIRECTION('',(0.,0.,1.));
#2783=DIRECTION('',(-0.453990499739546,-0.891006524188368,0.));
#2784=DIRECTION('',(0.,0.,1.));
#2785=DIRECTION('',(-0.453990499739546,-0.891006524188368,0.));
#2786=DIRECTION('',(0.,0.,1.));
#2787=DIRECTION('',(-0.453990499739546,-0.891006524188368,0.));
#2788=DIRECTION('',(0.,0.,1.));
#2789=DIRECTION('',(-0.15643446504023,-0.987688340595138,0.));
#2790=DIRECTION('',(0.,0.,1.));
#2791=DIRECTION('',(-0.15643446504023,-0.987688340595138,0.));
#2792=DIRECTION('',(0.,0.,1.));
#2793=DIRECTION('',(-0.15643446504023,-0.987688340595138,0.));
#2794=DIRECTION('',(0.,0.,1.));
#2795=DIRECTION('',(0.156434465040232,-0.987688340595138,0.));
#2796=DIRECTION('',(0.,0.,1.));
#2797=DIRECTION('',(0.156434465040232,-0.987688340595138,0.));
#2798=DIRECTION('',(0.,0.,1.));
#2799=DIRECTION('',(0.156434465040232,-0.987688340595138,0.));
#2800=DIRECTION('',(0.,0.,1.));
#2801=DIRECTION('',(0.453990499739547,-0.891006524188368,0.));
#2802=DIRECTION('',(0.,0.,1.));
#2803=DIRECTION('',(0.453990499739547,-0.891006524188368,0.));
#2804=DIRECTION('',(0.,0.,1.));
#2805=DIRECTION('',(0.453990499739547,-0.891006524188368,0.));
#2806=DIRECTION('',(0.,0.,1.));
#2807=DIRECTION('',(0.707106781186548,-0.707106781186547,0.));
#2808=DIRECTION('',(0.,0.,1.));
#2809=DIRECTION('',(0.707106781186548,-0.707106781186547,0.));
#2810=DIRECTION('',(0.,0.,1.));
#2811=DIRECTION('',(0.707106781186548,-0.707106781186547,0.));
#2812=DIRECTION('',(0.,0.,1.));
#2813=DIRECTION('',(0.891006524188368,-0.453990499739546,0.));
#2814=DIRECTION('',(0.,0.,1.));
#2815=DIRECTION('',(0.891006524188368,-0.453990499739546,0.));
#2816=DIRECTION('',(0.,0.,1.));
#2817=DIRECTION('',(0.891006524188368,-0.453990499739546,0.));
#2818=DIRECTION('',(0.,0.,1.));
#2819=DIRECTION('',(0.987688340595138,-0.15643446504023,0.));
#2820=DIRECTION('',(0.,0.,1.));
#2821=DIRECTION('',(0.987688340595138,-0.15643446504023,0.));
#2822=DIRECTION('',(0.,0.,1.));
#2823=DIRECTION('',(0.987688340595138,-0.15643446504023,0.));
#2824=DIRECTION('',(0.,0.,1.));
#2825=DIRECTION('',(0.987688340595138,0.156434465040232,0.));
#2826=DIRECTION('',(0.,0.,1.));
#2827=DIRECTION('',(0.987688340595138,0.156434465040232,0.));
#2828=DIRECTION('',(0.,0.,1.));
#2829=DIRECTION('',(0.987688340595138,0.156434465040232,0.));
#2830=DIRECTION('',(0.,0.,1.));
#2831=DIRECTION('',(0.987688340595138,0.156434465040232,0.));
#2832=DIRECTION('',(0.,0.,1.));
#2833=DIRECTION('',(0.891006524188367,0.453990499739548,0.));
#2834=DIRECTION('',(0.,0.,1.));
#2835=DIRECTION('',(0.891006524188367,0.453990499739548,0.));
#2836=DIRECTION('',(0.,0.,1.));
#2837=DIRECTION('',(0.891006524188367,0.453990499739548,0.));
#2838=DIRECTION('',(0.,0.,1.));
#2839=DIRECTION('',(0.707106781186547,0.707106781186548,0.));
#2840=DIRECTION('',(0.,0.,1.));
#2841=DIRECTION('',(0.707106781186547,0.707106781186548,0.));
#2842=DIRECTION('',(0.,0.,1.));
#2843=DIRECTION('',(0.707106781186547,0.707106781186548,0.));
#2844=DIRECTION('',(0.,0.,1.));
#2845=DIRECTION('',(0.453990499739546,0.891006524188368,0.));
#2846=DIRECTION('',(0.,0.,1.));
#2847=DIRECTION('',(0.453990499739546,0.891006524188368,0.));
#2848=DIRECTION('',(0.,0.,1.));
#2849=DIRECTION('',(0.453990499739546,0.891006524188368,0.));
#2850=DIRECTION('',(0.,0.,1.));
#2851=DIRECTION('',(0.15643446504023,0.987688340595138,0.));
#2852=DIRECTION('',(0.,0.,1.));
#2853=DIRECTION('',(0.15643446504023,0.987688340595138,0.));
#2854=DIRECTION('',(0.,0.,1.));
#2855=DIRECTION('',(0.15643446504023,0.987688340595138,0.));
#2856=DIRECTION('',(0.,0.,1.));
#2857=DIRECTION('',(-0.156434465040232,0.987688340595138,0.));
#2858=DIRECTION('',(0.,0.,1.));
#2859=DIRECTION('',(-0.156434465040232,0.987688340595138,0.));
#2860=DIRECTION('',(0.,0.,1.));
#2861=DIRECTION('',(-0.156434465040232,0.987688340595138,0.));
#2862=DIRECTION('',(0.,0.,1.));
#2863=DIRECTION('',(-0.453990499739548,0.891006524188368,0.));
#2864=DIRECTION('',(0.,0.,1.));
#2865=DIRECTION('',(-0.453990499739548,0.891006524188368,0.));
#2866=DIRECTION('',(0.,0.,1.));
#2867=DIRECTION('',(-0.453990499739548,0.891006524188368,0.));
#2868=DIRECTION('',(0.,0.,1.));
#2869=DIRECTION('',(-0.707106781186548,0.707106781186547,0.));
#2870=DIRECTION('',(0.,0.,1.));
#2871=DIRECTION('',(-0.707106781186548,0.707106781186547,0.));
#2872=DIRECTION('',(0.,0.,1.));
#2873=DIRECTION('',(-0.707106781186548,0.707106781186547,0.));
#2874=DIRECTION('',(0.,0.,1.));
#2875=DIRECTION('',(-0.891006524188368,0.453990499739546,0.));
#2876=DIRECTION('',(0.,0.,1.));
#2877=DIRECTION('',(-0.891006524188368,0.453990499739546,0.));
#2878=DIRECTION('',(0.,0.,1.));
#2879=DIRECTION('',(-0.891006524188368,0.453990499739546,0.));
#2880=DIRECTION('',(0.,0.,1.));
#2881=DIRECTION('',(-0.987688340595138,0.15643446504023,0.));
#2882=DIRECTION('',(0.,0.,1.));
#2883=DIRECTION('',(-0.987688340595138,0.15643446504023,0.));
#2884=DIRECTION('',(0.,0.,-1.));
#2885=DIRECTION('',(-0.987688340595138,-0.156434465040232,0.));
#2886=DIRECTION('',(0.,0.,-1.));
#2887=DIRECTION('',(0.,0.,1.));
#2888=DIRECTION('',(0.987688340595138,0.156434465040232,0.));
#2889=DIRECTION('',(0.,0.,-1.));
#2890=DIRECTION('',(0.,0.,1.));
#2891=DIRECTION('',(0.987688340595138,0.156434465040232,0.));
#2892=DIRECTION('',(1.,-6.12323399573677E-17,0.));
#2893=DIRECTION('',(0.,0.,1.));
#2894=DIRECTION('',(1.,0.,0.));
#2895=DIRECTION('',(0.,0.,1.));
#2896=DIRECTION('',(-0.987688340595138,0.15643446504023,0.));
#2897=DIRECTION('',(0.,0.,1.));
#2898=DIRECTION('',(-0.891006524188368,0.453990499739546,0.));
#2899=DIRECTION('',(0.,0.,1.));
#2900=DIRECTION('',(-0.891006524188368,0.453990499739546,0.));
#2901=DIRECTION('',(0.,0.,1.));
#2902=DIRECTION('',(-0.891006524188368,0.453990499739546,0.));
#2903=DIRECTION('',(0.,0.,1.));
#2904=DIRECTION('',(-0.707106781186548,0.707106781186547,0.));
#2905=DIRECTION('',(0.,0.,1.));
#2906=DIRECTION('',(-0.707106781186548,0.707106781186547,0.));
#2907=DIRECTION('',(0.,0.,1.));
#2908=DIRECTION('',(-0.707106781186548,0.707106781186547,0.));
#2909=DIRECTION('',(0.,0.,1.));
#2910=DIRECTION('',(-0.453990499739548,0.891006524188368,0.));
#2911=DIRECTION('',(0.,0.,1.));
#2912=DIRECTION('',(-0.453990499739548,0.891006524188368,0.));
#2913=DIRECTION('',(0.,0.,1.));
#2914=DIRECTION('',(-0.453990499739548,0.891006524188368,0.));
#2915=DIRECTION('',(0.,0.,1.));
#2916=DIRECTION('',(-0.156434465040232,0.987688340595138,0.));
#2917=DIRECTION('',(0.,0.,1.));
#2918=DIRECTION('',(-0.156434465040232,0.987688340595138,0.));
#2919=DIRECTION('',(0.,0.,1.));
#2920=DIRECTION('',(-0.156434465040232,0.987688340595138,0.));
#2921=DIRECTION('',(0.,0.,1.));
#2922=DIRECTION('',(0.15643446504023,0.987688340595138,0.));
#2923=DIRECTION('',(0.,0.,1.));
#2924=DIRECTION('',(0.15643446504023,0.987688340595138,0.));
#2925=DIRECTION('',(0.,0.,1.));
#2926=DIRECTION('',(0.15643446504023,0.987688340595138,0.));
#2927=DIRECTION('',(0.,0.,1.));
#2928=DIRECTION('',(0.453990499739546,0.891006524188368,0.));
#2929=DIRECTION('',(0.,0.,1.));
#2930=DIRECTION('',(0.453990499739546,0.891006524188368,0.));
#2931=DIRECTION('',(0.,0.,1.));
#2932=DIRECTION('',(0.453990499739546,0.891006524188368,0.));
#2933=DIRECTION('',(0.,0.,1.));
#2934=DIRECTION('',(0.707106781186547,0.707106781186548,0.));
#2935=DIRECTION('',(0.,0.,1.));
#2936=DIRECTION('',(0.707106781186547,0.707106781186548,0.));
#2937=DIRECTION('',(0.,0.,1.));
#2938=DIRECTION('',(0.707106781186547,0.707106781186548,0.));
#2939=DIRECTION('',(0.,0.,1.));
#2940=DIRECTION('',(0.891006524188367,0.453990499739548,0.));
#2941=DIRECTION('',(0.,0.,1.));
#2942=DIRECTION('',(0.891006524188367,0.453990499739548,0.));
#2943=DIRECTION('',(0.,0.,1.));
#2944=DIRECTION('',(0.891006524188367,0.453990499739548,0.));
#2945=DIRECTION('',(0.,0.,1.));
#2946=DIRECTION('',(0.987688340595138,0.156434465040232,0.));
#2947=DIRECTION('',(0.,0.,1.));
#2948=DIRECTION('',(0.987688340595138,0.156434465040232,0.));
#2949=DIRECTION('',(0.,0.,1.));
#2950=DIRECTION('',(0.987688340595138,0.156434465040232,0.));
#2951=DIRECTION('',(0.,0.,1.));
#2952=DIRECTION('',(0.987688340595138,-0.15643446504023,0.));
#2953=DIRECTION('',(0.,0.,1.));
#2954=DIRECTION('',(0.987688340595138,-0.15643446504023,0.));
#2955=DIRECTION('',(0.,0.,1.));
#2956=DIRECTION('',(0.987688340595138,-0.15643446504023,0.));
#2957=DIRECTION('',(0.,0.,1.));
#2958=DIRECTION('',(0.891006524188368,-0.453990499739546,0.));
#2959=DIRECTION('',(0.,0.,1.));
#2960=DIRECTION('',(0.891006524188368,-0.453990499739546,0.));
#2961=DIRECTION('',(0.,0.,1.));
#2962=DIRECTION('',(0.891006524188368,-0.453990499739546,0.));
#2963=DIRECTION('',(0.,0.,1.));
#2964=DIRECTION('',(0.707106781186548,-0.707106781186547,0.));
#2965=DIRECTION('',(0.,0.,1.));
#2966=DIRECTION('',(0.707106781186548,-0.707106781186547,0.));
#2967=DIRECTION('',(0.,0.,1.));
#2968=DIRECTION('',(0.707106781186548,-0.707106781186547,0.));
#2969=DIRECTION('',(0.,0.,1.));
#2970=DIRECTION('',(0.453990499739547,-0.891006524188368,0.));
#2971=DIRECTION('',(0.,0.,1.));
#2972=DIRECTION('',(0.453990499739547,-0.891006524188368,0.));
#2973=DIRECTION('',(0.,0.,1.));
#2974=DIRECTION('',(0.453990499739547,-0.891006524188368,0.));
#2975=DIRECTION('',(0.,0.,1.));
#2976=DIRECTION('',(0.156434465040232,-0.987688340595138,0.));
#2977=DIRECTION('',(0.,0.,1.));
#2978=DIRECTION('',(0.156434465040232,-0.987688340595138,0.));
#2979=DIRECTION('',(0.,0.,1.));
#2980=DIRECTION('',(0.156434465040232,-0.987688340595138,0.));
#2981=DIRECTION('',(0.,0.,1.));
#2982=DIRECTION('',(-0.15643446504023,-0.987688340595138,0.));
#2983=DIRECTION('',(0.,0.,1.));
#2984=DIRECTION('',(-0.15643446504023,-0.987688340595138,0.));
#2985=DIRECTION('',(0.,0.,1.));
#2986=DIRECTION('',(-0.15643446504023,-0.987688340595138,0.));
#2987=DIRECTION('',(0.,0.,1.));
#2988=DIRECTION('',(-0.453990499739546,-0.891006524188368,0.));
#2989=DIRECTION('',(0.,0.,1.));
#2990=DIRECTION('',(-0.453990499739546,-0.891006524188368,0.));
#2991=DIRECTION('',(0.,0.,1.));
#2992=DIRECTION('',(-0.453990499739546,-0.891006524188368,0.));
#2993=DIRECTION('',(0.,0.,1.));
#2994=DIRECTION('',(-0.707106781186547,-0.707106781186548,0.));
#2995=DIRECTION('',(0.,0.,1.));
#2996=DIRECTION('',(-0.707106781186547,-0.707106781186548,0.));
#2997=DIRECTION('',(0.,0.,1.));
#2998=DIRECTION('',(-0.707106781186547,-0.707106781186548,0.));
#2999=DIRECTION('',(0.,0.,1.));
#3000=DIRECTION('',(-0.891006524188368,-0.453990499739547,0.));
#3001=DIRECTION('',(0.,0.,1.));
#3002=DIRECTION('',(-0.891006524188368,-0.453990499739547,0.));
#3003=DIRECTION('',(0.,0.,1.));
#3004=DIRECTION('',(-0.891006524188368,-0.453990499739547,0.));
#3005=DIRECTION('',(0.,0.,1.));
#3006=DIRECTION('',(-0.987688340595138,-0.156434465040232,0.));
#3007=DIRECTION('',(0.,0.,1.));
#3008=DIRECTION('',(-0.987688340595138,-0.156434465040232,0.));
#3009=DIRECTION('',(0.,0.,1.));
#3010=DIRECTION('',(-0.987688340595138,-0.156434465040232,0.));
#3011=DIRECTION('',(0.,0.,1.));
#3012=DIRECTION('',(-0.987688340595138,0.15643446504023,0.));
#3013=DIRECTION('',(0.,0.,1.));
#3014=DIRECTION('',(-0.987688340595138,0.15643446504023,0.));
#3015=DIRECTION('',(0.,0.,-1.));
#3016=DIRECTION('',(0.,0.,-1.));
#3017=DIRECTION('',(0.,0.,-1.));
#3018=DIRECTION('',(-0.987688340595138,-0.156434465040232,0.));
#3019=DIRECTION('',(0.,0.,-1.));
#3020=DIRECTION('',(0.,0.,-1.));
#3021=DIRECTION('',(0.,0.,-1.));
#3022=DIRECTION('',(-0.987688340595138,-0.156434465040232,0.));
#3023=DIRECTION('',(0.,0.,-1.));
#3024=DIRECTION('',(-0.987688340595138,-0.156434465040232,0.));
#3025=DIRECTION('',(0.,0.,-1.));
#3026=DIRECTION('',(0.,0.,-1.));
#3027=DIRECTION('',(0.,0.,-1.));
#3028=DIRECTION('',(-0.987688340595138,0.15643446504023,0.));
#3029=DIRECTION('',(0.,0.,-1.));
#3030=DIRECTION('',(0.,0.,-1.));
#3031=DIRECTION('',(0.,0.,-1.));
#3032=DIRECTION('',(-0.987688340595138,0.15643446504023,0.));
#3033=DIRECTION('',(0.,0.,-1.));
#3034=DIRECTION('',(-0.987688340595138,0.15643446504023,0.));
#3035=DIRECTION('',(0.,0.,-1.));
#3036=DIRECTION('',(0.,0.,-1.));
#3037=DIRECTION('',(0.,0.,-1.));
#3038=DIRECTION('',(-0.707106781186548,0.707106781186547,0.));
#3039=DIRECTION('',(0.,0.,-1.));
#3040=DIRECTION('',(0.,0.,-1.));
#3041=DIRECTION('',(0.,0.,-1.));
#3042=DIRECTION('',(-0.707106781186548,0.707106781186547,0.));
#3043=DIRECTION('',(0.,0.,-1.));
#3044=DIRECTION('',(-0.707106781186548,0.707106781186547,0.));
#3045=DIRECTION('',(0.,0.,-1.));
#3046=DIRECTION('',(0.,0.,-1.));
#3047=DIRECTION('',(0.,0.,-1.));
#3048=DIRECTION('',(-0.891006524188368,0.453990499739546,0.));
#3049=DIRECTION('',(0.,0.,-1.));
#3050=DIRECTION('',(0.,0.,-1.));
#3051=DIRECTION('',(0.,0.,-1.));
#3052=DIRECTION('',(-0.891006524188368,0.453990499739546,0.));
#3053=DIRECTION('',(0.,0.,-1.));
#3054=DIRECTION('',(-0.891006524188368,0.453990499739546,0.));
#3055=DIRECTION('',(0.,0.,-1.));
#3056=DIRECTION('',(0.,0.,-1.));
#3057=DIRECTION('',(0.,0.,-1.));
#3058=DIRECTION('',(-0.15643446504023,-0.987688340595138,0.));
#3059=DIRECTION('',(0.,0.,-1.));
#3060=DIRECTION('',(0.,0.,-1.));
#3061=DIRECTION('',(0.,0.,-1.));
#3062=DIRECTION('',(-0.15643446504023,-0.987688340595138,0.));
#3063=DIRECTION('',(0.,0.,-1.));
#3064=DIRECTION('',(-0.15643446504023,-0.987688340595138,0.));
#3065=DIRECTION('',(0.,0.,-1.));
#3066=DIRECTION('',(0.,0.,-1.));
#3067=DIRECTION('',(0.,0.,-1.));
#3068=DIRECTION('',(-0.453990499739546,-0.891006524188368,0.));
#3069=DIRECTION('',(0.,0.,-1.));
#3070=DIRECTION('',(0.,0.,-1.));
#3071=DIRECTION('',(0.,0.,-1.));
#3072=DIRECTION('',(-0.453990499739546,-0.891006524188368,0.));
#3073=DIRECTION('',(0.,0.,-1.));
#3074=DIRECTION('',(-0.453990499739546,-0.891006524188368,0.));
#3075=DIRECTION('',(0.,0.,-1.));
#3076=DIRECTION('',(0.,0.,-1.));
#3077=DIRECTION('',(0.,0.,-1.));
#3078=DIRECTION('',(-0.707106781186547,-0.707106781186548,0.));
#3079=DIRECTION('',(0.,0.,-1.));
#3080=DIRECTION('',(0.,0.,-1.));
#3081=DIRECTION('',(0.,0.,-1.));
#3082=DIRECTION('',(-0.707106781186547,-0.707106781186548,0.));
#3083=DIRECTION('',(0.,0.,-1.));
#3084=DIRECTION('',(-0.707106781186547,-0.707106781186548,0.));
#3085=DIRECTION('',(0.,0.,-1.));
#3086=DIRECTION('',(0.,0.,-1.));
#3087=DIRECTION('',(0.,0.,-1.));
#3088=DIRECTION('',(-0.891006524188367,-0.453990499739548,0.));
#3089=DIRECTION('',(0.,0.,-1.));
#3090=DIRECTION('',(0.,0.,-1.));
#3091=DIRECTION('',(0.,0.,-1.));
#3092=DIRECTION('',(-0.891006524188367,-0.453990499739548,0.));
#3093=DIRECTION('',(0.,0.,-1.));
#3094=DIRECTION('',(-0.891006524188367,-0.453990499739548,0.));
#3095=DIRECTION('',(0.,0.,-1.));
#3096=DIRECTION('',(0.,0.,-1.));
#3097=DIRECTION('',(0.,0.,-1.));
#3098=DIRECTION('',(0.156434465040232,-0.987688340595138,0.));
#3099=DIRECTION('',(0.,0.,-1.));
#3100=DIRECTION('',(0.,0.,-1.));
#3101=DIRECTION('',(0.,0.,-1.));
#3102=DIRECTION('',(0.156434465040232,-0.987688340595138,0.));
#3103=DIRECTION('',(0.,0.,-1.));
#3104=DIRECTION('',(0.156434465040232,-0.987688340595138,0.));
#3105=DIRECTION('',(0.,0.,-1.));
#3106=DIRECTION('',(0.,0.,-1.));
#3107=DIRECTION('',(0.,0.,-1.));
#3108=DIRECTION('',(0.453990499739548,-0.891006524188368,0.));
#3109=DIRECTION('',(0.,0.,-1.));
#3110=DIRECTION('',(0.,0.,-1.));
#3111=DIRECTION('',(0.,0.,-1.));
#3112=DIRECTION('',(0.453990499739548,-0.891006524188368,0.));
#3113=DIRECTION('',(0.,0.,-1.));
#3114=DIRECTION('',(0.453990499739548,-0.891006524188368,0.));
#3115=DIRECTION('',(0.,0.,-1.));
#3116=DIRECTION('',(0.,0.,-1.));
#3117=DIRECTION('',(0.,0.,-1.));
#3118=DIRECTION('',(0.891006524188368,-0.453990499739546,0.));
#3119=DIRECTION('',(0.,0.,-1.));
#3120=DIRECTION('',(0.,0.,-1.));
#3121=DIRECTION('',(0.,0.,-1.));
#3122=DIRECTION('',(0.891006524188368,-0.453990499739546,0.));
#3123=DIRECTION('',(0.,0.,-1.));
#3124=DIRECTION('',(0.891006524188368,-0.453990499739546,0.));
#3125=DIRECTION('',(0.,0.,-1.));
#3126=DIRECTION('',(0.,0.,-1.));
#3127=DIRECTION('',(0.,0.,-1.));
#3128=DIRECTION('',(0.707106781186548,-0.707106781186547,0.));
#3129=DIRECTION('',(0.,0.,-1.));
#3130=DIRECTION('',(0.,0.,-1.));
#3131=DIRECTION('',(0.,0.,-1.));
#3132=DIRECTION('',(0.707106781186548,-0.707106781186547,0.));
#3133=DIRECTION('',(0.,0.,-1.));
#3134=DIRECTION('',(0.707106781186548,-0.707106781186547,0.));
#3135=DIRECTION('',(0.,0.,-1.));
#3136=DIRECTION('',(0.,0.,-1.));
#3137=DIRECTION('',(0.,0.,-1.));
#3138=DIRECTION('',(-0.453990499739547,0.891006524188368,0.));
#3139=DIRECTION('',(0.,0.,-1.));
#3140=DIRECTION('',(0.,0.,-1.));
#3141=DIRECTION('',(0.,0.,-1.));
#3142=DIRECTION('',(-0.453990499739547,0.891006524188368,0.));
#3143=DIRECTION('',(0.,0.,-1.));
#3144=DIRECTION('',(-0.453990499739547,0.891006524188368,0.));
#3145=DIRECTION('',(0.,0.,-1.));
#3146=DIRECTION('',(0.,0.,-1.));
#3147=DIRECTION('',(0.,0.,-1.));
#3148=DIRECTION('',(-0.156434465040232,0.987688340595138,0.));
#3149=DIRECTION('',(0.,0.,-1.));
#3150=DIRECTION('',(0.,0.,-1.));
#3151=DIRECTION('',(0.,0.,-1.));
#3152=DIRECTION('',(-0.156434465040232,0.987688340595138,0.));
#3153=DIRECTION('',(0.,0.,-1.));
#3154=DIRECTION('',(-0.156434465040232,0.987688340595138,0.));
#3155=DIRECTION('',(0.,0.,-1.));
#3156=DIRECTION('',(0.,0.,-1.));
#3157=DIRECTION('',(0.,0.,-1.));
#3158=DIRECTION('',(0.15643446504023,0.987688340595138,0.));
#3159=DIRECTION('',(0.,0.,-1.));
#3160=DIRECTION('',(0.,0.,-1.));
#3161=DIRECTION('',(0.,0.,-1.));
#3162=DIRECTION('',(0.15643446504023,0.987688340595138,0.));
#3163=DIRECTION('',(0.,0.,-1.));
#3164=DIRECTION('',(0.15643446504023,0.987688340595138,0.));
#3165=DIRECTION('',(0.,0.,-1.));
#3166=DIRECTION('',(0.,0.,-1.));
#3167=DIRECTION('',(0.,0.,-1.));
#3168=DIRECTION('',(0.453990499739546,0.891006524188368,0.));
#3169=DIRECTION('',(0.,0.,-1.));
#3170=DIRECTION('',(0.,0.,-1.));
#3171=DIRECTION('',(0.,0.,-1.));
#3172=DIRECTION('',(0.453990499739546,0.891006524188368,0.));
#3173=DIRECTION('',(0.,0.,-1.));
#3174=DIRECTION('',(0.453990499739546,0.891006524188368,0.));
#3175=DIRECTION('',(0.,0.,-1.));
#3176=DIRECTION('',(0.,0.,-1.));
#3177=DIRECTION('',(0.,0.,-1.));
#3178=DIRECTION('',(0.707106781186547,0.707106781186548,0.));
#3179=DIRECTION('',(0.,0.,-1.));
#3180=DIRECTION('',(0.,0.,-1.));
#3181=DIRECTION('',(0.,0.,-1.));
#3182=DIRECTION('',(0.707106781186547,0.707106781186548,0.));
#3183=DIRECTION('',(0.,0.,-1.));
#3184=DIRECTION('',(0.707106781186547,0.707106781186548,0.));
#3185=DIRECTION('',(0.,0.,-1.));
#3186=DIRECTION('',(0.,0.,-1.));
#3187=DIRECTION('',(0.,0.,-1.));
#3188=DIRECTION('',(0.891006524188368,0.453990499739547,0.));
#3189=DIRECTION('',(0.,0.,-1.));
#3190=DIRECTION('',(0.,0.,-1.));
#3191=DIRECTION('',(0.,0.,-1.));
#3192=DIRECTION('',(0.891006524188368,0.453990499739547,0.));
#3193=DIRECTION('',(0.,0.,-1.));
#3194=DIRECTION('',(0.891006524188368,0.453990499739547,0.));
#3195=DIRECTION('',(0.,0.,-1.));
#3196=DIRECTION('',(0.,0.,-1.));
#3197=DIRECTION('',(0.,0.,-1.));
#3198=DIRECTION('',(0.987688340595138,0.156434465040232,0.));
#3199=DIRECTION('',(0.,0.,-1.));
#3200=DIRECTION('',(0.,0.,-1.));
#3201=DIRECTION('',(0.,0.,-1.));
#3202=DIRECTION('',(0.987688340595138,0.156434465040232,0.));
#3203=DIRECTION('',(0.,0.,-1.));
#3204=DIRECTION('',(0.987688340595138,0.156434465040232,0.));
#3205=DIRECTION('',(0.,0.,-1.));
#3206=DIRECTION('',(0.,0.,-1.));
#3207=DIRECTION('',(0.,0.,-1.));
#3208=DIRECTION('',(0.987688340595138,-0.15643446504023,0.));
#3209=DIRECTION('',(0.,0.,-1.));
#3210=DIRECTION('',(0.,0.,-1.));
#3211=DIRECTION('',(0.,0.,-1.));
#3212=DIRECTION('',(0.987688340595138,-0.15643446504023,0.));
#3213=DIRECTION('',(0.,0.,-1.));
#3214=DIRECTION('',(0.987688340595138,-0.15643446504023,0.));
#3215=DIRECTION('',(0.,0.,-1.));
#3216=DIRECTION('',(-6.12323399573677E-17,-1.,0.));
#3217=DIRECTION('',(0.,0.,-1.));
#3218=DIRECTION('',(0.,0.,1.));
#3219=DIRECTION('',(-6.12323399573677E-17,-1.,0.));
#3220=DIRECTION('',(0.,0.,1.));
#3221=CARTESIAN_POINT('',(0.,0.,0.));
#3222=CARTESIAN_POINT('',(7.89634043221743E-9,-0.106883246202632,-0.0886968));
#3223=CARTESIAN_POINT('',(-0.0187822862194476,-0.101429734329716,-0.0886968));
#3224=CARTESIAN_POINT('',(-0.0187822862194476,-0.101429734329716,-0.0886968));
#3225=CARTESIAN_POINT('',(-0.0187822862194476,-0.101429734329716,-0.0937768));
#3226=CARTESIAN_POINT('',(7.89634043221743E-9,-0.106883246202632,-0.0886968));
#3227=CARTESIAN_POINT('',(-0.0184006810887825,-0.100255274501367,-0.0886968));
#3228=CARTESIAN_POINT('',(-0.0184006810887825,-0.100255274501367,-0.0886968));
#3229=CARTESIAN_POINT('',(-0.0184006810887825,-0.100255274501367,-0.0937768));
#3230=CARTESIAN_POINT('',(7.89634043221743E-9,-0.106883246202632,-0.0937768));
#3231=CARTESIAN_POINT('',(7.89634043221743E-9,-0.106883246202632,-0.0886968));
#3232=CARTESIAN_POINT('',(7.89634043221743E-9,-0.106883246202632,-0.0886968));
#3233=CARTESIAN_POINT('',(-0.0195482431612084,-0.106265796130935,-0.0886968));
#3234=CARTESIAN_POINT('',(-0.0195482431612084,-0.107500696274329,-0.0886968));
#3235=CARTESIAN_POINT('',(-0.0195482431612084,-0.106265796130935,-0.0886968));
#3236=CARTESIAN_POINT('',(-0.0195482431612084,-0.106265796130935,-0.0937768));
#3237=CARTESIAN_POINT('',(7.89634043221743E-9,-0.106883246202632,-0.0937768));
#3238=CARTESIAN_POINT('',(-0.0195482431612084,-0.107500696274329,-0.0937768));
#3239=CARTESIAN_POINT('',(-0.0195482431612084,-0.107500696274329,-0.0886968));
#3240=CARTESIAN_POINT('',(7.89634043221743E-9,-0.106883246202632,-0.0886968));
#3241=CARTESIAN_POINT('',(7.89634043221743E-9,-0.106883246202632,-0.0886968));
#3242=CARTESIAN_POINT('',(-0.0187822862194476,-0.112336758075548,-0.0886968));
#3243=CARTESIAN_POINT('',(-0.0184006810887825,-0.113511217903897,-0.0886968));
#3244=CARTESIAN_POINT('',(-0.0187822862194476,-0.112336758075548,-0.0886968));
#3245=CARTESIAN_POINT('',(-0.0187822862194476,-0.112336758075548,-0.0937768));
#3246=CARTESIAN_POINT('',(7.89634043221743E-9,-0.106883246202632,-0.0937768));
#3247=CARTESIAN_POINT('',(-0.0184006810887825,-0.113511217903897,-0.0937768));
#3248=CARTESIAN_POINT('',(-0.0184006810887825,-0.113511217903897,-0.0886968));
#3249=CARTESIAN_POINT('',(7.89634043221743E-9,-0.106883246202632,-0.0886968));
#3250=CARTESIAN_POINT('',(7.89634043221743E-9,-0.106883246202632,-0.0886968));
#3251=CARTESIAN_POINT('',(-0.0161777874656953,-0.117873892281189,-0.0886968));
#3252=CARTESIAN_POINT('',(-0.015451931373354,-0.118872947483551,-0.0886968));
#3253=CARTESIAN_POINT('',(-0.0161777874656953,-0.117873892281189,-0.0886968));
#3254=CARTESIAN_POINT('',(-0.0161777874656953,-0.117873892281189,-0.0937768));
#3255=CARTESIAN_POINT('',(7.89634043221743E-9,-0.106883246202632,-0.0937768));
#3256=CARTESIAN_POINT('',(-0.015451931373354,-0.118872947483551,-0.0937768));
#3257=CARTESIAN_POINT('',(-0.015451931373354,-0.118872947483551,-0.0886968));
#3258=CARTESIAN_POINT('',(7.89634043221743E-9,-0.106883246202632,-0.0886968));
#3259=CARTESIAN_POINT('',(7.89634043221743E-9,-0.106883246202632,-0.0886968));
#3260=CARTESIAN_POINT('',(-0.0119896933845788,-0.122335185472326,-0.0886968));
#3261=CARTESIAN_POINT('',(-0.0109906381822163,-0.123061041564668,-0.0886968));
#3262=CARTESIAN_POINT('',(-0.0119896933845788,-0.122335185472326,-0.0886968));
#3263=CARTESIAN_POINT('',(-0.0119896933845788,-0.122335185472326,-0.0937768));
#3264=CARTESIAN_POINT('',(7.89634043221743E-9,-0.106883246202632,-0.0937768));
#3265=CARTESIAN_POINT('',(-0.0109906381822163,-0.123061041564668,-0.0937768));
#3266=CARTESIAN_POINT('',(-0.0109906381822163,-0.123061041564668,-0.0886968));
#3267=CARTESIAN_POINT('',(7.89634043221743E-9,-0.106883246202632,-0.0886968));
#3268=CARTESIAN_POINT('',(7.89634043221743E-9,-0.106883246202632,-0.0886968));
#3269=CARTESIAN_POINT('',(-0.00662796380492497,-0.125283935187755,-0.0886968));
#3270=CARTESIAN_POINT('',(-0.00545350397657545,-0.12566554031842,-0.0886968));
#3271=CARTESIAN_POINT('',(-0.00662796380492497,-0.125283935187755,-0.0886968));
#3272=CARTESIAN_POINT('',(-0.00662796380492497,-0.125283935187755,-0.0937768));
#3273=CARTESIAN_POINT('',(7.89634043221743E-9,-0.106883246202632,-0.0937768));
#3274=CARTESIAN_POINT('',(-0.00545350397657545,-0.12566554031842,-0.0937768));
#3275=CARTESIAN_POINT('',(-0.00545350397657545,-0.12566554031842,-0.0886968));
#3276=CARTESIAN_POINT('',(7.89634043221743E-9,-0.106883246202632,-0.0886968));
#3277=CARTESIAN_POINT('',(7.89634043221743E-9,-0.106883246202632,-0.0886968));
#3278=CARTESIAN_POINT('',(-0.000617442175357006,-0.126431497260181,-0.0886968));
#3279=CARTESIAN_POINT('',(0.000617457968037884,-0.126431497260181,-0.0886968));
#3280=CARTESIAN_POINT('',(-0.000617442175357006,-0.126431497260181,-0.0886968));
#3281=CARTESIAN_POINT('',(-0.000617442175357006,-0.126431497260181,-0.0937768));
#3282=CARTESIAN_POINT('',(7.89634043221743E-9,-0.106883246202632,-0.0937768));
#3283=CARTESIAN_POINT('',(0.000617457968037884,-0.126431497260181,-0.0937768));
#3284=CARTESIAN_POINT('',(0.000617457968037884,-0.126431497260181,-0.0886968));
#3285=CARTESIAN_POINT('',(7.89634043221743E-9,-0.106883246202632,-0.0886968));
#3286=CARTESIAN_POINT('',(7.89634043221743E-9,-0.106883246202632,-0.0886968));
#3287=CARTESIAN_POINT('',(0.00545351976925633,-0.12566554031842,-0.0886968));
#3288=CARTESIAN_POINT('',(0.00662797959760583,-0.125283935187755,-0.0886968));
#3289=CARTESIAN_POINT('',(0.00545351976925633,-0.12566554031842,-0.0886968));
#3290=CARTESIAN_POINT('',(0.00545351976925633,-0.12566554031842,-0.0937768));
#3291=CARTESIAN_POINT('',(7.89634043221743E-9,-0.106883246202632,-0.0937768));
#3292=CARTESIAN_POINT('',(0.00662797959760583,-0.125283935187755,-0.0937768));
#3293=CARTESIAN_POINT('',(0.00662797959760583,-0.125283935187755,-0.0886968));
#3294=CARTESIAN_POINT('',(7.89634043221743E-9,-0.106883246202632,-0.0886968));
#3295=CARTESIAN_POINT('',(-0.0119896933845788,-0.0914313069329377,-0.0886968));
#3296=CARTESIAN_POINT('',(-0.0119896933845788,-0.0914313069329377,-0.0886968));
#3297=CARTESIAN_POINT('',(-0.0119896933845788,-0.0914313069329377,-0.0937768));
#3298=CARTESIAN_POINT('',(7.89634043221743E-9,-0.106883246202632,-0.0886968));
#3299=CARTESIAN_POINT('',(-0.0109906381822163,-0.0907054508405963,-0.0886968));
#3300=CARTESIAN_POINT('',(-0.0109906381822163,-0.0907054508405963,-0.0886968));
#3301=CARTESIAN_POINT('',(-0.0109906381822163,-0.0907054508405963,-0.0937768));
#3302=CARTESIAN_POINT('',(7.89634043221743E-9,-0.106883246202632,-0.0937768));
#3303=CARTESIAN_POINT('',(7.89634043221743E-9,-0.106883246202632,-0.0886968));
#3304=CARTESIAN_POINT('',(7.89634043221743E-9,-0.106883246202632,-0.0886968));
#3305=CARTESIAN_POINT('',(-0.015451931373354,-0.0948935449217129,-0.0886968));
#3306=CARTESIAN_POINT('',(-0.0161777874656953,-0.0958926001240754,-0.0886968));
#3307=CARTESIAN_POINT('',(-0.015451931373354,-0.0948935449217129,-0.0886968));
#3308=CARTESIAN_POINT('',(-0.015451931373354,-0.0948935449217129,-0.0937768));
#3309=CARTESIAN_POINT('',(7.89634043221743E-9,-0.106883246202632,-0.0937768));
#3310=CARTESIAN_POINT('',(-0.0161777874656953,-0.0958926001240754,-0.0937768));
#3311=CARTESIAN_POINT('',(-0.0161777874656953,-0.0958926001240754,-0.0886968));
#3312=CARTESIAN_POINT('',(7.89634043221743E-9,-0.106883246202632,-0.0886968));
#3313=CARTESIAN_POINT('',(-0.00662796380492499,-0.0884825572175091,-0.0886968));
#3314=CARTESIAN_POINT('',(-0.00662796380492499,-0.0884825572175091,-0.0886968));
#3315=CARTESIAN_POINT('',(-0.00662796380492499,-0.0884825572175091,-0.0937768));
#3316=CARTESIAN_POINT('',(7.89634043221743E-9,-0.106883246202632,-0.0886968));
#3317=CARTESIAN_POINT('',(-0.00545350397657547,-0.0881009520868441,-0.0886968));
#3318=CARTESIAN_POINT('',(-0.00545350397657547,-0.0881009520868441,-0.0886968));
#3319=CARTESIAN_POINT('',(-0.00545350397657547,-0.0881009520868441,-0.0937768));
#3320=CARTESIAN_POINT('',(7.89634043221743E-9,-0.106883246202632,-0.0937768));
#3321=CARTESIAN_POINT('',(7.89634043221743E-9,-0.106883246202632,-0.0886968));
#3322=CARTESIAN_POINT('',(-0.000617442175357027,-0.0873349951450832,-0.0886968));
#3323=CARTESIAN_POINT('',(-0.000617442175357027,-0.0873349951450832,-0.0886968));
#3324=CARTESIAN_POINT('',(-0.000617442175357027,-0.0873349951450832,-0.0937768));
#3325=CARTESIAN_POINT('',(7.89634043221743E-9,-0.106883246202632,-0.0886968));
#3326=CARTESIAN_POINT('',(0.000617457968037864,-0.0873349951450832,-0.0886968));
#3327=CARTESIAN_POINT('',(0.000617457968037864,-0.0873349951450832,-0.0886968));
#3328=CARTESIAN_POINT('',(0.000617457968037864,-0.0873349951450832,-0.0937768));
#3329=CARTESIAN_POINT('',(7.89634043221743E-9,-0.106883246202632,-0.0937768));
#3330=CARTESIAN_POINT('',(7.89634043221743E-9,-0.106883246202632,-0.0886968));
#3331=CARTESIAN_POINT('',(0.0184006968814634,-0.100255274501367,-0.0886968));
#3332=CARTESIAN_POINT('',(0.0184006968814634,-0.100255274501367,-0.0886968));
#3333=CARTESIAN_POINT('',(0.0184006968814634,-0.100255274501367,-0.0937768));
#3334=CARTESIAN_POINT('',(7.89634043221743E-9,-0.106883246202632,-0.0886968));
#3335=CARTESIAN_POINT('',(0.0187823020121285,-0.101429734329716,-0.0886968));
#3336=CARTESIAN_POINT('',(0.0187823020121285,-0.101429734329716,-0.0886968));
#3337=CARTESIAN_POINT('',(0.0187823020121285,-0.101429734329716,-0.0937768));
#3338=CARTESIAN_POINT('',(7.89634043221743E-9,-0.106883246202632,-0.0937768));
#3339=CARTESIAN_POINT('',(7.89634043221743E-9,-0.106883246202632,-0.0886968));
#3340=CARTESIAN_POINT('',(7.89634043221743E-9,-0.106883246202632,-0.0886968));
#3341=CARTESIAN_POINT('',(0.0161778032583762,-0.0958926001240754,-0.0886968));
#3342=CARTESIAN_POINT('',(0.0154519471660348,-0.0948935449217128,-0.0886968));
#3343=CARTESIAN_POINT('',(0.0161778032583762,-0.0958926001240754,-0.0886968));
#3344=CARTESIAN_POINT('',(0.0161778032583762,-0.0958926001240754,-0.0937768));
#3345=CARTESIAN_POINT('',(7.89634043221743E-9,-0.106883246202632,-0.0937768));
#3346=CARTESIAN_POINT('',(0.0154519471660348,-0.0948935449217128,-0.0937768));
#3347=CARTESIAN_POINT('',(0.0154519471660348,-0.0948935449217128,-0.0886968));
#3348=CARTESIAN_POINT('',(7.89634043221743E-9,-0.106883246202632,-0.0886968));
#3349=CARTESIAN_POINT('',(7.89634043221743E-9,-0.106883246202632,-0.0886968));
#3350=CARTESIAN_POINT('',(0.0119897091772596,-0.0914313069329377,-0.0886968));
#3351=CARTESIAN_POINT('',(0.0109906539748971,-0.0907054508405963,-0.0886968));
#3352=CARTESIAN_POINT('',(0.0119897091772596,-0.0914313069329377,-0.0886968));
#3353=CARTESIAN_POINT('',(0.0119897091772596,-0.0914313069329377,-0.0937768));
#3354=CARTESIAN_POINT('',(7.89634043221743E-9,-0.106883246202632,-0.0937768));
#3355=CARTESIAN_POINT('',(0.0109906539748971,-0.0907054508405963,-0.0937768));
#3356=CARTESIAN_POINT('',(0.0109906539748971,-0.0907054508405963,-0.0886968));
#3357=CARTESIAN_POINT('',(7.89634043221743E-9,-0.106883246202632,-0.0886968));
#3358=CARTESIAN_POINT('',(7.89634043221743E-9,-0.106883246202632,-0.0886968));
#3359=CARTESIAN_POINT('',(0.00662797959760581,-0.0884825572175091,-0.0886968));
#3360=CARTESIAN_POINT('',(0.00545351976925631,-0.0881009520868441,-0.0886968));
#3361=CARTESIAN_POINT('',(0.00662797959760581,-0.0884825572175091,-0.0886968));
#3362=CARTESIAN_POINT('',(0.00662797959760581,-0.0884825572175091,-0.0937768));
#3363=CARTESIAN_POINT('',(7.89634043221743E-9,-0.106883246202632,-0.0937768));
#3364=CARTESIAN_POINT('',(0.00545351976925631,-0.0881009520868441,-0.0937768));
#3365=CARTESIAN_POINT('',(0.00545351976925631,-0.0881009520868441,-0.0886968));
#3366=CARTESIAN_POINT('',(7.89634043221743E-9,-0.106883246202632,-0.0886968));
#3367=CARTESIAN_POINT('',(0.0161778032583762,-0.117873892281189,-0.0886968));
#3368=CARTESIAN_POINT('',(0.0161778032583762,-0.117873892281189,-0.0886968));
#3369=CARTESIAN_POINT('',(0.0161778032583762,-0.117873892281189,-0.0937768));
#3370=CARTESIAN_POINT('',(7.89634043221743E-9,-0.106883246202632,-0.0886968));
#3371=CARTESIAN_POINT('',(0.0154519471660348,-0.118872947483551,-0.0886968));
#3372=CARTESIAN_POINT('',(0.0154519471660348,-0.118872947483551,-0.0886968));
#3373=CARTESIAN_POINT('',(0.0154519471660348,-0.118872947483551,-0.0937768));
#3374=CARTESIAN_POINT('',(7.89634043221743E-9,-0.106883246202632,-0.0937768));
#3375=CARTESIAN_POINT('',(7.89634043221743E-9,-0.106883246202632,-0.0886968));
#3376=CARTESIAN_POINT('',(7.89634043221743E-9,-0.106883246202632,-0.0886968));
#3377=CARTESIAN_POINT('',(0.0109906539748971,-0.123061041564668,-0.0886968));
#3378=CARTESIAN_POINT('',(0.0119897091772597,-0.122335185472326,-0.0886968));
#3379=CARTESIAN_POINT('',(0.0109906539748971,-0.123061041564668,-0.0886968));
#3380=CARTESIAN_POINT('',(0.0109906539748971,-0.123061041564668,-0.0937768));
#3381=CARTESIAN_POINT('',(7.89634043221743E-9,-0.106883246202632,-0.0937768));
#3382=CARTESIAN_POINT('',(0.0119897091772597,-0.122335185472326,-0.0937768));
#3383=CARTESIAN_POINT('',(0.0119897091772597,-0.122335185472326,-0.0886968));
#3384=CARTESIAN_POINT('',(7.89634043221743E-9,-0.106883246202632,-0.0886968));
#3385=CARTESIAN_POINT('',(7.89634043221743E-9,-0.106883246202632,-0.0886968));
#3386=CARTESIAN_POINT('',(0.0184006968814634,-0.113511217903897,-0.0886968));
#3387=CARTESIAN_POINT('',(0.0187823020121285,-0.112336758075548,-0.0886968));
#3388=CARTESIAN_POINT('',(0.0184006968814634,-0.113511217903897,-0.0886968));
#3389=CARTESIAN_POINT('',(0.0184006968814634,-0.113511217903897,-0.0937768));
#3390=CARTESIAN_POINT('',(7.89634043221743E-9,-0.106883246202632,-0.0937768));
#3391=CARTESIAN_POINT('',(0.0187823020121285,-0.112336758075548,-0.0937768));
#3392=CARTESIAN_POINT('',(0.0187823020121285,-0.112336758075548,-0.0886968));
#3393=CARTESIAN_POINT('',(7.89634043221743E-9,-0.106883246202632,-0.0886968));
#3394=CARTESIAN_POINT('',(7.89634012343665E-9,-0.106883246202632,-0.0886968));
#3395=CARTESIAN_POINT('',(-0.00149999210365988,-0.104883246202632,-0.0886968));
#3396=CARTESIAN_POINT('',(0.00150000789634012,-0.104883246202632,-0.0886968));
#3397=CARTESIAN_POINT('',(7.89634043233989E-9,-0.104883246202632,-0.0886968));
#3398=CARTESIAN_POINT('',(-0.0161096983600426,-0.104665899207193,-0.0886968));
#3399=CARTESIAN_POINT('',(-0.0161756268615359,-0.105366894336063,-0.0886968));
#3400=CARTESIAN_POINT('',(-0.0154121859214084,-0.104761905123469,-0.0886968));
#3401=CARTESIAN_POINT('',(-0.0154896188797217,-0.105431602793148,-0.0886968));
#3402=CARTESIAN_POINT('',(-0.0160337566181535,-0.105380214581934,-0.0886968));
#3403=CARTESIAN_POINT('',(-0.0166286187270511,-0.105324035975791,-0.0886968));
#3404=CARTESIAN_POINT('',(-0.0166470238000623,-0.105323458217178,-0.0886968));
#3405=CARTESIAN_POINT('',(-0.016666060066841,-0.105322531027691,-0.0886968));
#3406=CARTESIAN_POINT('',(-0.0166886117871883,-0.105322053813778,-0.0886968));
#3407=CARTESIAN_POINT('',(-0.0167189505826733,-0.105321927423548,-0.0886968));
#3408=CARTESIAN_POINT('',(-0.0167556183720756,-0.105322543197462,-0.0886968));
#3409=CARTESIAN_POINT('',(-0.0167990556281842,-0.105324128748296,-0.0886968));
#3410=CARTESIAN_POINT('',(-0.0168490926562418,-0.105326962788456,-0.0886968));
#3411=CARTESIAN_POINT('',(-0.0169057369937736,-0.105331307410905,-0.0886968));
#3412=CARTESIAN_POINT('',(-0.016968932703063,-0.105337428509536,-0.0886968));
#3413=CARTESIAN_POINT('',(-0.0170386324025645,-0.105345589392548,-0.0886968));
#3414=CARTESIAN_POINT('',(-0.0171147760048309,-0.105356052395189,-0.0886968));
#3415=CARTESIAN_POINT('',(-0.0171972969506131,-0.10536907813694,-0.0886968));
#3416=CARTESIAN_POINT('',(-0.0172861204477452,-0.105384925465613,-0.0886968));
#3417=CARTESIAN_POINT('',(-0.0173811640306672,-0.105403851204097,-0.0886968));
#3418=CARTESIAN_POINT('',(-0.0174823374629503,-0.105426109955061,-0.0886968));
#3419=CARTESIAN_POINT('',(-0.017589542835049,-0.105451953890725,-0.0886968));
#3420=CARTESIAN_POINT('',(-0.0177026746138845,-0.105481632548532,-0.0886968));
#3421=CARTESIAN_POINT('',(-0.0178216197130502,-0.105515392627372,-0.0886968));
#3422=CARTESIAN_POINT('',(-0.0179462575637907,-0.10555347778457,-0.0886968));
#3423=CARTESIAN_POINT('',(-0.0180764601930825,-0.105596128439434,-0.0886968));
#3424=CARTESIAN_POINT('',(-0.0182120923035512,-0.105643581559777,-0.0886968));
#3425=CARTESIAN_POINT('',(-0.0183530113697138,-0.105696070523753,-0.0886968));
#3426=CARTESIAN_POINT('',(-0.0184990676958029,-0.105753824700811,-0.0886968));
#3427=CARTESIAN_POINT('',(-0.0186501046455952,-0.105817070126178,-0.0886968));
#3428=CARTESIAN_POINT('',(-0.0188059582335857,-0.105886025975629,-0.0886968));
#3429=CARTESIAN_POINT('',(-0.0189664591956405,-0.105960917203252,-0.0886968));
#3430=CARTESIAN_POINT('',(-0.0191314255580581,-0.106041925103199,-0.0886968));
#3431=CARTESIAN_POINT('',(-0.0193006916894618,-0.106129376086349,-0.0886968));
#3432=CARTESIAN_POINT('',(-0.0194401449793777,-0.106204725964299,-0.0886968));
#3433=CARTESIAN_POINT('',(-0.0195232098366184,-0.106251574929327,-0.0886968));
#3434=CARTESIAN_POINT('',(-0.0195482431612084,-0.106265796130935,-0.0886968));
#3435=CARTESIAN_POINT('',(-0.0154896188797217,-0.108334889612116,-0.0886968));
#3436=CARTESIAN_POINT('',(-0.0160337566181535,-0.10838627782333,-0.0886968));
#3437=CARTESIAN_POINT('',(-0.0166286187270511,-0.108442456429474,-0.0886968));
#3438=CARTESIAN_POINT('',(-0.0166470238000623,-0.108443034188086,-0.0886968));
#3439=CARTESIAN_POINT('',(-0.016666060066841,-0.108443961377573,-0.0886968));
#3440=CARTESIAN_POINT('',(-0.0166886117871883,-0.108444438591486,-0.0886968));
#3441=CARTESIAN_POINT('',(-0.0167189505826733,-0.108444564981716,-0.0886968));
#3442=CARTESIAN_POINT('',(-0.0167556183720756,-0.108443949207802,-0.0886968));
#3443=CARTESIAN_POINT('',(-0.0167990556281842,-0.108442363656969,-0.0886968));
#3444=CARTESIAN_POINT('',(-0.0168490926562418,-0.108439529616808,-0.0886968));
#3445=CARTESIAN_POINT('',(-0.0169057369937736,-0.108435184994359,-0.0886968));
#3446=CARTESIAN_POINT('',(-0.016968932703063,-0.108429063895728,-0.0886968));
#3447=CARTESIAN_POINT('',(-0.0170386324025645,-0.108420903012716,-0.0886968));
#3448=CARTESIAN_POINT('',(-0.0171147760048309,-0.108410440010075,-0.0886968));
#3449=CARTESIAN_POINT('',(-0.0171972969506131,-0.108397414268324,-0.0886968));
#3450=CARTESIAN_POINT('',(-0.0172861204477452,-0.108381566939651,-0.0886968));
#3451=CARTESIAN_POINT('',(-0.0173811640306672,-0.108362641201167,-0.0886968));
#3452=CARTESIAN_POINT('',(-0.0174823374629503,-0.108340382450203,-0.0886968));
#3453=CARTESIAN_POINT('',(-0.017589542835049,-0.108314538514539,-0.0886968));
#3454=CARTESIAN_POINT('',(-0.0177026746138845,-0.108284859856733,-0.0886968));
#3455=CARTESIAN_POINT('',(-0.0178216197130502,-0.108251099777893,-0.0886968));
#3456=CARTESIAN_POINT('',(-0.0179462575637907,-0.108213014620694,-0.0886968));
#3457=CARTESIAN_POINT('',(-0.0180764601930825,-0.10817036396583,-0.0886968));
#3458=CARTESIAN_POINT('',(-0.0182120923035512,-0.108122910845487,-0.0886968));
#3459=CARTESIAN_POINT('',(-0.0183530113697138,-0.108070421881511,-0.0886968));
#3460=CARTESIAN_POINT('',(-0.0184990676958029,-0.108012667704453,-0.0886968));
#3461=CARTESIAN_POINT('',(-0.0186501046455952,-0.107949422279086,-0.0886968));
#3462=CARTESIAN_POINT('',(-0.0188059582335857,-0.107880466429635,-0.0886968));
#3463=CARTESIAN_POINT('',(-0.0189664591956405,-0.107805575202012,-0.0886968));
#3464=CARTESIAN_POINT('',(-0.0191314255580581,-0.107724567302065,-0.0886968));
#3465=CARTESIAN_POINT('',(-0.0193006916894618,-0.107637116318915,-0.0886968));
#3466=CARTESIAN_POINT('',(-0.0194401449793777,-0.107561766440965,-0.0886968));
#3467=CARTESIAN_POINT('',(-0.0195232098366184,-0.107514917475937,-0.0886968));
#3468=CARTESIAN_POINT('',(-0.0195482431612084,-0.107500696274329,-0.0886968));
#3469=CARTESIAN_POINT('',(-0.0161756268615358,-0.108399598069201,-0.0886968));
#3470=CARTESIAN_POINT('',(-0.0161096983600426,-0.109100593198071,-0.0886968));
#3471=CARTESIAN_POINT('',(-0.0154121859214084,-0.109004587281795,-0.0886968));
#3472=CARTESIAN_POINT('',(7.8963401199672E-9,-0.106883246202632,-0.0886968));
#3473=CARTESIAN_POINT('',(-0.0153133899087605,-0.109628360756295,-0.0886968));
#3474=CARTESIAN_POINT('',(-0.0160064311184103,-0.109752596901343,-0.0886968));
#3475=CARTESIAN_POINT('',(-0.01585251344157,-0.110439655913921,-0.0886968));
#3476=CARTESIAN_POINT('',(-0.0151800850673163,-0.110289209189034,-0.0886968));
#3477=CARTESIAN_POINT('',(-0.0157134706397896,-0.110408483904354,-0.0886968));
#3478=CARTESIAN_POINT('',(-0.0162965782687724,-0.110538877375864,-0.0886968));
#3479=CARTESIAN_POINT('',(-0.0163142610706224,-0.110544015375114,-0.0886968));
#3480=CARTESIAN_POINT('',(-0.0163326521534967,-0.110549016095455,-0.0886968));
#3481=CARTESIAN_POINT('',(-0.0163542475812959,-0.110555531102893,-0.0886968));
#3482=CARTESIAN_POINT('',(-0.0163831405471672,-0.110564786102035,-0.0886968));
#3483=CARTESIAN_POINT('',(-0.0164178234026125,-0.110576702707899,-0.0886968));
#3484=CARTESIAN_POINT('',(-0.0164586447259315,-0.110591633506678,-0.0886968));
#3485=CARTESIAN_POINT('',(-0.0165053570009494,-0.110609791131058,-0.0886968));
#3486=CARTESIAN_POINT('',(-0.0165578864050994,-0.110631427175481,-0.0886968));
#3487=CARTESIAN_POINT('',(-0.0166160975727198,-0.110656777234363,-0.0886968));
#3488=CARTESIAN_POINT('',(-0.0166798640745747,-0.11068607708698,-0.0886968));
#3489=CARTESIAN_POINT('',(-0.0167490476980559,-0.110719557660935,-0.0886968));
#3490=CARTESIAN_POINT('',(-0.0168235046057078,-0.110757446252145,-0.0886968));
#3491=CARTESIAN_POINT('',(-0.0169030836775797,-0.110799965927459,-0.0886968));
#3492=CARTESIAN_POINT('',(-0.0169876271216273,-0.110847335456699,-0.0886968));
#3493=CARTESIAN_POINT('',(-0.0170769704413544,-0.110899769096803,-0.0886968));
#3494=CARTESIAN_POINT('',(-0.017170942593749,-0.11095747642209,-0.0886968));
#3495=CARTESIAN_POINT('',(-0.0172693660995782,-0.111020662145255,-0.0886968));
#3496=CARTESIAN_POINT('',(-0.0173720571731282,-0.111089525945266,-0.0886968));
#3497=CARTESIAN_POINT('',(-0.0174788258524441,-0.111164262296216,-0.0886968));
#3498=CARTESIAN_POINT('',(-0.0175894761342968,-0.111245060304611,-0.0886968));
#3499=CARTESIAN_POINT('',(-0.0177038061161548,-0.11133210353105,-0.0886968));
#3500=CARTESIAN_POINT('',(-0.0178216081304131,-0.111425569888549,-0.0886968));
#3501=CARTESIAN_POINT('',(-0.0179426689288794,-0.11152563126188,-0.0886968));
#3502=CARTESIAN_POINT('',(-0.0180667696929258,-0.111632454220066,-0.0886968));
#3503=CARTESIAN_POINT('',(-0.0181936867340301,-0.111746196537346,-0.0886968));
#3504=CARTESIAN_POINT('',(-0.0183231895577988,-0.111867019852279,-0.0886968));
#3505=CARTESIAN_POINT('',(-0.0184550490739833,-0.111995040352882,-0.0886968));
#3506=CARTESIAN_POINT('',(-0.0185890068912748,-0.11213051729144,-0.0886968));
#3507=CARTESIAN_POINT('',(-0.0186983504585574,-0.112245272720371,-0.0886968));
#3508=CARTESIAN_POINT('',(-0.0187628727059487,-0.112315497186366,-0.0886968));
#3509=CARTESIAN_POINT('',(-0.0187822862194476,-0.112336758075548,-0.0886968));
#3510=CARTESIAN_POINT('',(-0.0142829201007104,-0.113050399036887,-0.0886968));
#3511=CARTESIAN_POINT('',(-0.0147845460120324,-0.113267419938479,-0.0886968));
#3512=CARTESIAN_POINT('',(-0.0153329333529779,-0.113504671468887,-0.0886968));
#3513=CARTESIAN_POINT('',(-0.0153502590803683,-0.113510908430324,-0.0886968));
#3514=CARTESIAN_POINT('',(-0.0153680771286256,-0.113517672769871,-0.0886968));
#3515=CARTESIAN_POINT('',(-0.0153893776220064,-0.113525095492113,-0.0886968));
#3516=CARTESIAN_POINT('',(-0.0154181924744201,-0.113534590899758,-0.0886968));
#3517=CARTESIAN_POINT('',(-0.0154532558990732,-0.113545336234037,-0.0886968));
#3518=CARTESIAN_POINT('',(-0.0154950571466985,-0.113557251135911,-0.0886968));
#3519=CARTESIAN_POINT('',(-0.015543520954861,-0.113570018095566,-0.0886968));
#3520=CARTESIAN_POINT('',(-0.0155987354833527,-0.113583390177008,-0.0886968));
#3521=CARTESIAN_POINT('',(-0.0156607296979753,-0.11359709721441,-0.0886968));
#3522=CARTESIAN_POINT('',(-0.0157295399029101,-0.113610874145091,-0.0886968));
#3523=CARTESIAN_POINT('',(-0.015805190017648,-0.113624452905363,-0.0886968));
#3524=CARTESIAN_POINT('',(-0.0158876972764302,-0.11363756506343,-0.0886968));
#3525=CARTESIAN_POINT('',(-0.0159770705360535,-0.113649941328343,-0.0886968));
#3526=CARTESIAN_POINT('',(-0.0160733107297459,-0.113661311963762,-0.0886968));
#3527=CARTESIAN_POINT('',(-0.0161764107141163,-0.113671406943567,-0.0886968));
#3528=CARTESIAN_POINT('',(-0.0162863552971543,-0.113679956182014,-0.0886968));
#3529=CARTESIAN_POINT('',(-0.0164031212222483,-0.113686689743376,-0.0886968));
#3530=CARTESIAN_POINT('',(-0.0165266771719841,-0.113691338057445,-0.0886968));
#3531=CARTESIAN_POINT('',(-0.0166569837729157,-0.113693632134538,-0.0886968));
#3532=CARTESIAN_POINT('',(-0.0167939936091165,-0.113693303776469,-0.0886968));
#3533=CARTESIAN_POINT('',(-0.0169376512322188,-0.113690085804266,-0.0886968));
#3534=CARTESIAN_POINT('',(-0.0170878932102487,-0.113683712219319,-0.0886968));
#3535=CARTESIAN_POINT('',(-0.0172446480531288,-0.113673918619782,-0.0886968));
#3536=CARTESIAN_POINT('',(-0.017407836639685,-0.113660441630125,-0.0886968));
#3537=CARTESIAN_POINT('',(-0.0175773707394734,-0.113643022127491,-0.0886968));
#3538=CARTESIAN_POINT('',(-0.0177531588873724,-0.113621393862336,-0.0886968));
#3539=CARTESIAN_POINT('',(-0.0179350840390815,-0.113595328180707,-0.0886968));
#3540=CARTESIAN_POINT('',(-0.0181230895363092,-0.113564463464501,-0.0886968));
#3541=CARTESIAN_POINT('',(-0.018279001889213,-0.113535894908581,-0.0886968));
#3542=CARTESIAN_POINT('',(-0.0183724783893295,-0.113517007347632,-0.0886968));
#3543=CARTESIAN_POINT('',(-0.0184006810887825,-0.113511217903897,-0.0886968));
#3544=CARTESIAN_POINT('',(-0.0149153564491262,-0.113323928561314,-0.0886968));
#3545=CARTESIAN_POINT('',(-0.0146360353103764,-0.113970241519143,-0.0886968));
#3546=CARTESIAN_POINT('',(-0.0140023290201065,-0.113663391269539,-0.0886968));
#3547=CARTESIAN_POINT('',(7.89634015466167E-9,-0.106883246202632,-0.0886968));
#3548=CARTESIAN_POINT('',(-0.013715611824233,-0.11422610545027,-0.0886968));
#3549=CARTESIAN_POINT('',(-0.014336342102596,-0.114558422557161,-0.0886968));
#3550=CARTESIAN_POINT('',(-0.0139776447820388,-0.115164291330275,-0.0886968));
#3551=CARTESIAN_POINT('',(-0.0133846179897013,-0.114813416197071,-0.0886968));
#3552=CARTESIAN_POINT('',(-0.0138550399000666,-0.115091678398754,-0.0886968));
#3553=CARTESIAN_POINT('',(-0.01436931441166,-0.115395880126422,-0.0886968));
#3554=CARTESIAN_POINT('',(-0.0143845440265005,-0.115406230940369,-0.0886968));
#3555=CARTESIAN_POINT('',(-0.0144004896781404,-0.115416670065188,-0.0886968));
#3556=CARTESIAN_POINT('',(-0.0144190149024542,-0.115429539559656,-0.0886968));
#3557=CARTESIAN_POINT('',(-0.0144436337939034,-0.115447270004371,-0.0886968));
#3558=CARTESIAN_POINT('',(-0.014472936715851,-0.115469320961776,-0.0886968));
#3559=CARTESIAN_POINT('',(-0.0145071462308351,-0.115496135477887,-0.0886968));
#3560=CARTESIAN_POINT('',(-0.0145459612298709,-0.115527839291701,-0.0886968));
#3561=CARTESIAN_POINT('',(-0.014589233756567,-0.115564648871323,-0.0886968));
#3562=CARTESIAN_POINT('',(-0.0146367622678507,-0.115606746450068,-0.0886968));
#3563=CARTESIAN_POINT('',(-0.0146883536625699,-0.11565431719857,-0.0886968));
#3564=CARTESIAN_POINT('',(-0.0147438051321691,-0.115707538031988,-0.0886968));
#3565=CARTESIAN_POINT('',(-0.0148029096407978,-0.115766580673364,-0.0886968));
#3566=CARTESIAN_POINT('',(-0.0148654545333948,-0.115831610573248,-0.0886968));
#3567=CARTESIAN_POINT('',(-0.0149312221372158,-0.115902787033679,-0.0886968));
#3568=CARTESIAN_POINT('',(-0.0149999897977606,-0.115980262992903,-0.0886968));
#3569=CARTESIAN_POINT('',(-0.0150715300814322,-0.116064184912742,-0.0886968));
#3570=CARTESIAN_POINT('',(-0.0151456109357477,-0.116154692642443,-0.0886968));
#3571=CARTESIAN_POINT('',(-0.0152219958659121,-0.116251919295078,-0.0886968));
#3572=CARTESIAN_POINT('',(-0.0153004441115708,-0.116355991125028,-0.0886968));
#3573=CARTESIAN_POINT('',(-0.0153807108254509,-0.116467027414941,-0.0886968));
#3574=CARTESIAN_POINT('',(-0.0154625472634899,-0.116585140350006,-0.0886968));
#3575=CARTESIAN_POINT('',(-0.0155457009439136,-0.116710434962737,-0.0886968));
#3576=CARTESIAN_POINT('',(-0.0156299159403228,-0.116843008827952,-0.0886968));
#3577=CARTESIAN_POINT('',(-0.0157149326711777,-0.116982952743529,-0.0886968));
#3578=CARTESIAN_POINT('',(-0.0158004896411296,-0.117130347638135,-0.0886968));
#3579=CARTESIAN_POINT('',(-0.0158863176879225,-0.117285276012486,-0.0886968));
#3580=CARTESIAN_POINT('',(-0.0159721630297104,-0.117447777575175,-0.0886968));
#3581=CARTESIAN_POINT('',(-0.0160576998083941,-0.11761801904247,-0.0886968));
#3582=CARTESIAN_POINT('',(-0.0161262303428365,-0.117760946961452,-0.0886968));
#3583=CARTESIAN_POINT('',(-0.016165894093251,-0.117847672868398,-0.0886968));
#3584=CARTESIAN_POINT('',(-0.0161777874656953,-0.117873892281189,-0.0886968));
#3585=CARTESIAN_POINT('',(-0.0116781088143369,-0.117162224573161,-0.0886968));
#3586=CARTESIAN_POINT('',(-0.0120881202593157,-0.11752363464721,-0.0886968));
#3587=CARTESIAN_POINT('',(-0.012536352858538,-0.117918735269058,-0.0886968));
#3588=CARTESIAN_POINT('',(-0.012550903277395,-0.117930020916077,-0.0886968));
#3589=CARTESIAN_POINT('',(-0.0125657589524219,-0.117941960265,-0.0886968));
#3590=CARTESIAN_POINT('',(-0.0125837231781349,-0.1179556019078,-0.0886968));
#3591=CARTESIAN_POINT('',(-0.0126081934889582,-0.117973536856202,-0.0886968));
#3592=CARTESIAN_POINT('',(-0.0126382202965557,-0.117994591470486,-0.0886968));
#3593=CARTESIAN_POINT('',(-0.0126742937383336,-0.118018840511457,-0.0886968));
#3594=CARTESIAN_POINT('',(-0.0127164403513909,-0.118045958751965,-0.0886968));
#3595=CARTESIAN_POINT('',(-0.0127648202880915,-0.118075738584797,-0.0886968));
#3596=CARTESIAN_POINT('',(-0.0128195445823812,-0.118107932017909,-0.0886968));
#3597=CARTESIAN_POINT('',(-0.0128807296704612,-0.118142298180319,-0.0886968));
#3598=CARTESIAN_POINT('',(-0.0129484811373547,-0.118178589519839,-0.0886968));
#3599=CARTESIAN_POINT('',(-0.0130228983237855,-0.118216556068334,-0.0886968));
#3600=CARTESIAN_POINT('',(-0.0131040728685478,-0.118255944451793,-0.0886968));
#3601=CARTESIAN_POINT('',(-0.0131920890123072,-0.118296498424095,-0.0886968));
#3602=CARTESIAN_POINT('',(-0.013287023403955,-0.118337958967711,-0.0886968));
#3603=CARTESIAN_POINT('',(-0.0133889450561156,-0.118380064521244,-0.0886968));
#3604=CARTESIAN_POINT('',(-0.0134979152651637,-0.118422551173873,-0.0886968));
#3605=CARTESIAN_POINT('',(-0.0136139875482447,-0.118465152871483,-0.0886968));
#3606=CARTESIAN_POINT('',(-0.0137372075813687,-0.118507601622618,-0.0886968));
#3607=CARTESIAN_POINT('',(-0.0138676131471074,-0.11854962770332,-0.0886968));
#3608=CARTESIAN_POINT('',(-0.0140052340737727,-0.118590959876797,-0.0886968));
#3609=CARTESIAN_POINT('',(-0.014150092232063,-0.11863132556178,-0.0886968));
#3610=CARTESIAN_POINT('',(-0.0143022013355377,-0.118670451205523,-0.0886968));
#3611=CARTESIAN_POINT('',(-0.0144615675230039,-0.118708061873224,-0.0886968));
#3612=CARTESIAN_POINT('',(-0.0146281869556894,-0.118743883859694,-0.0886968));
#3613=CARTESIAN_POINT('',(-0.0148020549207282,-0.118777635682292,-0.0886968));
#3614=CARTESIAN_POINT('',(-0.0149831307603323,-0.11880906370951,-0.0886968));
#3615=CARTESIAN_POINT('',(-0.0151714723354041,-0.118837806513718,-0.0886968));
#3616=CARTESIAN_POINT('',(-0.0153285819638885,-0.118858815769129,-0.0886968));
#3617=CARTESIAN_POINT('',(-0.0154233199757601,-0.118869738458322,-0.0886968));
#3618=CARTESIAN_POINT('',(-0.015451931373354,-0.118872947483551,-0.0886968));
#3619=CARTESIAN_POINT('',(-0.0121950662531283,-0.117617800189287,-0.0886968));
#3620=CARTESIAN_POINT('',(-0.0117296943763276,-0.118146165360634,-0.0886968));
#3621=CARTESIAN_POINT('',(-0.0112218258214048,-0.117658507418087,-0.0886968));
#3622=CARTESIAN_POINT('',(7.89634019976448E-9,-0.106883246202632,-0.0886968));
#3623=CARTESIAN_POINT('',(-0.010775253319114,-0.118105079920377,-0.0886968));
#3624=CARTESIAN_POINT('',(-0.0112629112616618,-0.1186129484753,-0.0886968));
#3625=CARTESIAN_POINT('',(-0.010734546090315,-0.119078320352101,-0.0886968));
#3626=CARTESIAN_POINT('',(-0.0102789704741884,-0.118561362913309,-0.0886968));
#3627=CARTESIAN_POINT('',(-0.010640380548237,-0.118971374358288,-0.0886968));
#3628=CARTESIAN_POINT('',(-0.0110354811700851,-0.11941960695751,-0.0886968));
#3629=CARTESIAN_POINT('',(-0.0110467668171044,-0.119434157376368,-0.0886968));
#3630=CARTESIAN_POINT('',(-0.0110587061660275,-0.119449013051394,-0.0886968));
#3631=CARTESIAN_POINT('',(-0.0110723478088273,-0.119466977277107,-0.0886968));
#3632=CARTESIAN_POINT('',(-0.0110902827572294,-0.119491447587931,-0.0886968));
#3633=CARTESIAN_POINT('',(-0.0111113373715137,-0.119521474395528,-0.0886968));
#3634=CARTESIAN_POINT('',(-0.0111355864124844,-0.119557547837306,-0.0886968));
#3635=CARTESIAN_POINT('',(-0.0111627046529926,-0.119599694450363,-0.0886968));
#3636=CARTESIAN_POINT('',(-0.0111924844858244,-0.119648074387064,-0.0886968));
#3637=CARTESIAN_POINT('',(-0.0112246779189363,-0.119702798681354,-0.0886968));
#3638=CARTESIAN_POINT('',(-0.0112590440813463,-0.119763983769434,-0.0886968));
#3639=CARTESIAN_POINT('',(-0.011295335420866,-0.119831735236327,-0.0886968));
#3640=CARTESIAN_POINT('',(-0.0113333019693616,-0.119906152422758,-0.0886968));
#3641=CARTESIAN_POINT('',(-0.0113726903528204,-0.11998732696752,-0.0886968));
#3642=CARTESIAN_POINT('',(-0.0114132443251229,-0.12007534311128,-0.0886968));
#3643=CARTESIAN_POINT('',(-0.0114547048687388,-0.120170277502927,-0.0886968));
#3644=CARTESIAN_POINT('',(-0.0114968104222712,-0.120272199155088,-0.0886968));
#3645=CARTESIAN_POINT('',(-0.0115392970749009,-0.120381169364136,-0.0886968));
#3646=CARTESIAN_POINT('',(-0.0115818987725101,-0.120497241647217,-0.0886968));
#3647=CARTESIAN_POINT('',(-0.0116243475236455,-0.120620461680341,-0.0886968));
#3648=CARTESIAN_POINT('',(-0.0116663736043473,-0.12075086724608,-0.0886968));
#3649=CARTESIAN_POINT('',(-0.0117077057778242,-0.120888488172745,-0.0886968));
#3650=CARTESIAN_POINT('',(-0.0117480714628075,-0.121033346331035,-0.0886968));
#3651=CARTESIAN_POINT('',(-0.011787197106551,-0.12118545543451,-0.0886968));
#3652=CARTESIAN_POINT('',(-0.0118248077742518,-0.121344821621976,-0.0886968));
#3653=CARTESIAN_POINT('',(-0.0118606297607217,-0.121511441054662,-0.0886968));
#3654=CARTESIAN_POINT('',(-0.0118943815833196,-0.121685309019701,-0.0886968));
#3655=CARTESIAN_POINT('',(-0.0119258096105372,-0.121866384859305,-0.0886968));
#3656=CARTESIAN_POINT('',(-0.0119545524147457,-0.122054726434377,-0.0886968));
#3657=CARTESIAN_POINT('',(-0.0119755616701564,-0.122211836062861,-0.0886968));
#3658=CARTESIAN_POINT('',(-0.0119864843593497,-0.122306574074733,-0.0886968));
#3659=CARTESIAN_POINT('',(-0.0119896933845788,-0.122335185472326,-0.0886968));
#3660=CARTESIAN_POINT('',(-0.00793016209809859,-0.120267872088674,-0.0886968));
#3661=CARTESIAN_POINT('',(-0.00820842429978195,-0.120738293999039,-0.0886968));
#3662=CARTESIAN_POINT('',(-0.00851262602744911,-0.121252568510633,-0.0886968));
#3663=CARTESIAN_POINT('',(-0.00852297684139644,-0.121267798125473,-0.0886968));
#3664=CARTESIAN_POINT('',(-0.00853341596621573,-0.121283743777113,-0.0886968));
#3665=CARTESIAN_POINT('',(-0.00854628546068391,-0.121302269001427,-0.0886968));
#3666=CARTESIAN_POINT('',(-0.00856401590539867,-0.121326887892876,-0.0886968));
#3667=CARTESIAN_POINT('',(-0.00858606686280399,-0.121356190814824,-0.0886968));
#3668=CARTESIAN_POINT('',(-0.00861288137891479,-0.121390400329808,-0.0886968));
#3669=CARTESIAN_POINT('',(-0.00864458519272815,-0.121429215328843,-0.0886968));
#3670=CARTESIAN_POINT('',(-0.00868139477235052,-0.12147248785554,-0.0886968));
#3671=CARTESIAN_POINT('',(-0.00872349235109551,-0.121520016366823,-0.0886968));
#3672=CARTESIAN_POINT('',(-0.00877106309959795,-0.121571607761542,-0.0886968));
#3673=CARTESIAN_POINT('',(-0.00882428393301539,-0.121627059231142,-0.0886968));
#3674=CARTESIAN_POINT('',(-0.00888332657439182,-0.12168616373977,-0.0886968));
#3675=CARTESIAN_POINT('',(-0.0089483564742756,-0.121748708632367,-0.0886968));
#3676=CARTESIAN_POINT('',(-0.00901953293470627,-0.121814476236188,-0.0886968));
#3677=CARTESIAN_POINT('',(-0.00909700889393002,-0.121883243896733,-0.0886968));
#3678=CARTESIAN_POINT('',(-0.00918093081376989,-0.121954784180405,-0.0886968));
#3679=CARTESIAN_POINT('',(-0.00927143854347043,-0.12202886503472,-0.0886968));
#3680=CARTESIAN_POINT('',(-0.00936866519610543,-0.122105249964885,-0.0886968));
#3681=CARTESIAN_POINT('',(-0.00947273702605531,-0.122183698210543,-0.0886968));
#3682=CARTESIAN_POINT('',(-0.00958377331596846,-0.122263964924423,-0.0886968));
#3683=CARTESIAN_POINT('',(-0.00970188625103316,-0.122345801362462,-0.0886968));
#3684=CARTESIAN_POINT('',(-0.00982718086376424,-0.122428955042886,-0.0886968));
#3685=CARTESIAN_POINT('',(-0.00995975472897914,-0.122513170039295,-0.0886968));
#3686=CARTESIAN_POINT('',(-0.0100996986445566,-0.12259818677015,-0.0886968));
#3687=CARTESIAN_POINT('',(-0.0102470935391621,-0.122683743740102,-0.0886968));
#3688=CARTESIAN_POINT('',(-0.0104020219135133,-0.122769571786895,-0.0886968));
#3689=CARTESIAN_POINT('',(-0.0105645234762025,-0.122855417128683,-0.0886968));
#3690=CARTESIAN_POINT('',(-0.0107347649434974,-0.122940953907367,-0.0886968));
#3691=CARTESIAN_POINT('',(-0.0108776928624791,-0.123009484441809,-0.0886968));
#3692=CARTESIAN_POINT('',(-0.0109644187694255,-0.123049148192223,-0.0886968));
#3693=CARTESIAN_POINT('',(-0.0109906381822163,-0.123061041564668,-0.0886968));
#3694=CARTESIAN_POINT('',(-0.00828103723130253,-0.120860898881011,-0.0886968));
#3695=CARTESIAN_POINT('',(-0.00767516845818872,-0.121219596201568,-0.0886968));
#3696=CARTESIAN_POINT('',(-0.00734285135129713,-0.120598865923206,-0.0886968));
#3697=CARTESIAN_POINT('',(7.89634027956176E-9,-0.106883246202632,-0.0886968));
#3698=CARTESIAN_POINT('',(-0.00678013717056691,-0.120885583119079,-0.0886968));
#3699=CARTESIAN_POINT('',(-0.00708698742017028,-0.121519289409349,-0.0886968));
#3700=CARTESIAN_POINT('',(-0.00644067446234184,-0.121798610548099,-0.0886968));
#3701=CARTESIAN_POINT('',(-0.00616714493791461,-0.121166174199683,-0.0886968));
#3702=CARTESIAN_POINT('',(-0.00638416583950657,-0.121667800111005,-0.0886968));
#3703=CARTESIAN_POINT('',(-0.00662141736991488,-0.12221618745195,-0.0886968));
#3704=CARTESIAN_POINT('',(-0.00662765433135113,-0.122233513179341,-0.0886968));
#3705=CARTESIAN_POINT('',(-0.00663441867089857,-0.122251331227598,-0.0886968));
#3706=CARTESIAN_POINT('',(-0.0066418413931402,-0.122272631720979,-0.0886968));
#3707=CARTESIAN_POINT('',(-0.00665133680078535,-0.122301446573393,-0.0886968));
#3708=CARTESIAN_POINT('',(-0.00666208213506407,-0.122336509998046,-0.0886968));
#3709=CARTESIAN_POINT('',(-0.00667399703693819,-0.122378311245671,-0.0886968));
#3710=CARTESIAN_POINT('',(-0.00668676399659388,-0.122426775053833,-0.0886968));
#3711=CARTESIAN_POINT('',(-0.00670013607803549,-0.122481989582325,-0.0886968));
#3712=CARTESIAN_POINT('',(-0.00671384311543783,-0.122543983796948,-0.0886968));
#3713=CARTESIAN_POINT('',(-0.00672762004611889,-0.122612794001883,-0.0886968));
#3714=CARTESIAN_POINT('',(-0.00674119880639021,-0.12268844411662,-0.0886968));
#3715=CARTESIAN_POINT('',(-0.00675431096445756,-0.122770951375403,-0.0886968));
#3716=CARTESIAN_POINT('',(-0.00676668722937015,-0.122860324635026,-0.0886968));
#3717=CARTESIAN_POINT('',(-0.00677805786478909,-0.122956564828718,-0.0886968));
#3718=CARTESIAN_POINT('',(-0.00678815284459434,-0.123059664813089,-0.0886968));
#3719=CARTESIAN_POINT('',(-0.00679670208304115,-0.123169609396127,-0.0886968));
#3720=CARTESIAN_POINT('',(-0.00680343564440374,-0.123286375321221,-0.0886968));
#3721=CARTESIAN_POINT('',(-0.00680808395847218,-0.123409931270957,-0.0886968));
#3722=CARTESIAN_POINT('',(-0.00681037803556542,-0.123540237871888,-0.0886968));
#3723=CARTESIAN_POINT('',(-0.00681004967749677,-0.123677247708089,-0.0886968));
#3724=CARTESIAN_POINT('',(-0.00680683170529348,-0.123820905331191,-0.0886968));
#3725=CARTESIAN_POINT('',(-0.00680045812034602,-0.123971147309221,-0.0886968));
#3726=CARTESIAN_POINT('',(-0.00679066452080964,-0.124127902152101,-0.0886968));
#3727=CARTESIAN_POINT('',(-0.00677718753115292,-0.124291090738657,-0.0886968));
#3728=CARTESIAN_POINT('',(-0.00675976802851888,-0.124460624838446,-0.0886968));
#3729=CARTESIAN_POINT('',(-0.00673813976336307,-0.124636412986345,-0.0886968));
#3730=CARTESIAN_POINT('',(-0.00671207408173422,-0.124818338138054,-0.0886968));
#3731=CARTESIAN_POINT('',(-0.00668120936552884,-0.125006343635282,-0.0886968));
#3732=CARTESIAN_POINT('',(-0.00665264080960808,-0.125162255988185,-0.0886968));
#3733=CARTESIAN_POINT('',(-0.00663375324865916,-0.125255732488302,-0.0886968));
#3734=CARTESIAN_POINT('',(-0.00662796380492497,-0.125283935187755,-0.0886968));
#3735=CARTESIAN_POINT('',(-0.00340595509006139,-0.122063339166289,-0.0886968));
#3736=CARTESIAN_POINT('',(-0.00352522980538176,-0.122596724738762,-0.0886968));
#3737=CARTESIAN_POINT('',(-0.00365562327689161,-0.123179832367745,-0.0886968));
#3738=CARTESIAN_POINT('',(-0.00366076127614168,-0.123197515169595,-0.0886968));
#3739=CARTESIAN_POINT('',(-0.00366576199648238,-0.123215906252469,-0.0886968));
#3740=CARTESIAN_POINT('',(-0.00367227700392018,-0.123237501680268,-0.0886968));
#3741=CARTESIAN_POINT('',(-0.00368153200306251,-0.12326639464614,-0.0886968));
#3742=CARTESIAN_POINT('',(-0.00369344860892671,-0.123301077501585,-0.0886968));
#3743=CARTESIAN_POINT('',(-0.0037083794077058,-0.123341898824904,-0.0886968));
#3744=CARTESIAN_POINT('',(-0.00372653703208569,-0.123388611099922,-0.0886968));
#3745=CARTESIAN_POINT('',(-0.00374817307650898,-0.123441140504072,-0.0886968));
#3746=CARTESIAN_POINT('',(-0.00377352313539064,-0.123499351671692,-0.0886968));
#3747=CARTESIAN_POINT('',(-0.00380282298800719,-0.123563118173547,-0.0886968));
#3748=CARTESIAN_POINT('',(-0.00383630356196229,-0.123632301797028,-0.0886968));
#3749=CARTESIAN_POINT('',(-0.00387419215317218,-0.12370675870468,-0.0886968));
#3750=CARTESIAN_POINT('',(-0.00391671182848683,-0.123786337776552,-0.0886968));
#3751=CARTESIAN_POINT('',(-0.00396408135772627,-0.1238708812206,-0.0886968));
#3752=CARTESIAN_POINT('',(-0.00401651499783046,-0.123960224540327,-0.0886968));
#3753=CARTESIAN_POINT('',(-0.00407422232311723,-0.124054196692722,-0.0886968));
#3754=CARTESIAN_POINT('',(-0.00413740804628271,-0.124152620198551,-0.0886968));
#3755=CARTESIAN_POINT('',(-0.00420627184629388,-0.124255311272101,-0.0886968));
#3756=CARTESIAN_POINT('',(-0.00428100819724301,-0.124362079951417,-0.0886968));
#3757=CARTESIAN_POINT('',(-0.00436180620563858,-0.124472730233269,-0.0886968));
#3758=CARTESIAN_POINT('',(-0.00444884943207743,-0.124587060215127,-0.0886968));
#3759=CARTESIAN_POINT('',(-0.00454231578957627,-0.124704862229386,-0.0886968));
#3760=CARTESIAN_POINT('',(-0.00464237716290764,-0.124825923027852,-0.0886968));
#3761=CARTESIAN_POINT('',(-0.00474920012109311,-0.124950023791898,-0.0886968));
#3762=CARTESIAN_POINT('',(-0.00486294243837395,-0.125076940833003,-0.0886968));
#3763=CARTESIAN_POINT('',(-0.00498376575330664,-0.125206443656771,-0.0886968));
#3764=CARTESIAN_POINT('',(-0.00511178625391001,-0.125338303172956,-0.0886968));
#3765=CARTESIAN_POINT('',(-0.00524726319246708,-0.125472260990247,-0.0886968));
#3766=CARTESIAN_POINT('',(-0.0053620186213988,-0.12558160455753,-0.0886968));
#3767=CARTESIAN_POINT('',(-0.00543224308739314,-0.125646126804921,-0.0886968));
#3768=CARTESIAN_POINT('',(-0.00545350397657545,-0.12566554031842,-0.0886968));
#3769=CARTESIAN_POINT('',(-0.003556401814949,-0.122735767540543,-0.0886968));
#3770=CARTESIAN_POINT('',(-0.00286934280237038,-0.122889685217383,-0.0886968));
#3771=CARTESIAN_POINT('',(-0.00274510665732204,-0.122196644007733,-0.0886968));
#3772=CARTESIAN_POINT('',(7.89634038017573E-9,-0.106883246202632,-0.0886968));
#3773=CARTESIAN_POINT('',(-0.00212133318282245,-0.122295440020381,-0.0886968));
#3774=CARTESIAN_POINT('',(-0.00221733909909879,-0.122992952459015,-0.0886968));
#3775=CARTESIAN_POINT('',(-0.00151634397022822,-0.123058880960508,-0.0886968));
#3776=CARTESIAN_POINT('',(-0.00145163551314351,-0.122372872978694,-0.0886968));
#3777=CARTESIAN_POINT('',(-0.00150302372435747,-0.122917010717126,-0.0886968));
#3778=CARTESIAN_POINT('',(-0.00155920233050104,-0.123511872826024,-0.0886968));
#3779=CARTESIAN_POINT('',(-0.00155978008911337,-0.123530277899035,-0.0886968));
#3780=CARTESIAN_POINT('',(-0.00156070727860029,-0.123549314165813,-0.0886968));
#3781=CARTESIAN_POINT('',(-0.00156118449251358,-0.123571865886161,-0.0886968));
#3782=CARTESIAN_POINT('',(-0.00156131088274316,-0.123602204681646,-0.0886968));
#3783=CARTESIAN_POINT('',(-0.0015606951088299,-0.123638872471048,-0.0886968));
#3784=CARTESIAN_POINT('',(-0.00155910955799603,-0.123682309727157,-0.0886968));
#3785=CARTESIAN_POINT('',(-0.0015562755178355,-0.123732346755214,-0.0886968));
#3786=CARTESIAN_POINT('',(-0.00155193089538664,-0.123788991092746,-0.0886968));
#3787=CARTESIAN_POINT('',(-0.00154580979675588,-0.123852186802036,-0.0886968));
#3788=CARTESIAN_POINT('',(-0.00153764891374339,-0.123921886501537,-0.0886968));
#3789=CARTESIAN_POINT('',(-0.00152718591110223,-0.123998030103803,-0.0886968));
#3790=CARTESIAN_POINT('',(-0.00151416016935187,-0.124080551049586,-0.0886968));
#3791=CARTESIAN_POINT('',(-0.00149831284067813,-0.124169374546718,-0.0886968));
#3792=CARTESIAN_POINT('',(-0.00147938710219483,-0.12426441812964,-0.0886968));
#3793=CARTESIAN_POINT('',(-0.00145712835123022,-0.124365591561923,-0.0886968));
#3794=CARTESIAN_POINT('',(-0.00143128441556618,-0.124472796934021,-0.0886968));
#3795=CARTESIAN_POINT('',(-0.00140160575776004,-0.124585928712857,-0.0886968));
#3796=CARTESIAN_POINT('',(-0.0013678456789201,-0.124704873812023,-0.0886968));
#3797=CARTESIAN_POINT('',(-0.0013297605217214,-0.124829511662763,-0.0886968));
#3798=CARTESIAN_POINT('',(-0.00128710986685799,-0.124959714292055,-0.0886968));
#3799=CARTESIAN_POINT('',(-0.00123965674651464,-0.125095346402524,-0.0886968));
#3800=CARTESIAN_POINT('',(-0.00118716778253843,-0.125236265468686,-0.0886968));
#3801=CARTESIAN_POINT('',(-0.00112941360548087,-0.125382321794775,-0.0886968));
#3802=CARTESIAN_POINT('',(-0.0010661681801139,-0.125533358744568,-0.0886968));
#3803=CARTESIAN_POINT('',(-0.000997212330662498,-0.125689212332558,-0.0886968));
#3804=CARTESIAN_POINT('',(-0.000922321103039438,-0.125849713294613,-0.0886968));
#3805=CARTESIAN_POINT('',(-0.00084131320309231,-0.126014679657031,-0.0886968));
#3806=CARTESIAN_POINT('',(-0.000753862219942298,-0.126183945788434,-0.0886968));
#3807=CARTESIAN_POINT('',(-0.000678512341992465,-0.12632339907835,-0.0886968));
#3808=CARTESIAN_POINT('',(-0.000631663376964388,-0.126406463935591,-0.0886968));
#3809=CARTESIAN_POINT('',(-0.000617442175357006,-0.126431497260181,-0.0886968));
#3810=CARTESIAN_POINT('',(0.00145165130582439,-0.122372872978694,-0.0886968));
#3811=CARTESIAN_POINT('',(0.00150303951703835,-0.122917010717126,-0.0886968));
#3812=CARTESIAN_POINT('',(0.00155921812318193,-0.123511872826024,-0.0886968));
#3813=CARTESIAN_POINT('',(0.00155979588179424,-0.123530277899035,-0.0886968));
#3814=CARTESIAN_POINT('',(0.00156072307128116,-0.123549314165813,-0.0886968));
#3815=CARTESIAN_POINT('',(0.00156120028519445,-0.123571865886161,-0.0886968));
#3816=CARTESIAN_POINT('',(0.00156132667542403,-0.123602204681646,-0.0886968));
#3817=CARTESIAN_POINT('',(0.00156071090151078,-0.123638872471048,-0.0886968));
#3818=CARTESIAN_POINT('',(0.0015591253506769,-0.123682309727157,-0.0886968));
#3819=CARTESIAN_POINT('',(0.00155629131051638,-0.123732346755214,-0.0886968));
#3820=CARTESIAN_POINT('',(0.00155194668806751,-0.123788991092746,-0.0886968));
#3821=CARTESIAN_POINT('',(0.00154582558943676,-0.123852186802035,-0.0886968));
#3822=CARTESIAN_POINT('',(0.00153766470642427,-0.123921886501537,-0.0886968));
#3823=CARTESIAN_POINT('',(0.00152720170378312,-0.123998030103803,-0.0886968));
#3824=CARTESIAN_POINT('',(0.00151417596203275,-0.124080551049586,-0.0886968));
#3825=CARTESIAN_POINT('',(0.00149832863335901,-0.124169374546718,-0.0886968));
#3826=CARTESIAN_POINT('',(0.00147940289487571,-0.12426441812964,-0.0886968));
#3827=CARTESIAN_POINT('',(0.0014571441439111,-0.124365591561923,-0.0886968));
#3828=CARTESIAN_POINT('',(0.00143130020824707,-0.124472796934021,-0.0886968));
#3829=CARTESIAN_POINT('',(0.00140162155044092,-0.124585928712857,-0.0886968));
#3830=CARTESIAN_POINT('',(0.00136786147160098,-0.124704873812023,-0.0886968));
#3831=CARTESIAN_POINT('',(0.00132977631440228,-0.124829511662763,-0.0886968));
#3832=CARTESIAN_POINT('',(0.00128712565953887,-0.124959714292055,-0.0886968));
#3833=CARTESIAN_POINT('',(0.00123967253919553,-0.125095346402524,-0.0886968));
#3834=CARTESIAN_POINT('',(0.00118718357521931,-0.125236265468686,-0.0886968));
#3835=CARTESIAN_POINT('',(0.00112942939816175,-0.125382321794775,-0.0886968));
#3836=CARTESIAN_POINT('',(0.00106618397279479,-0.125533358744568,-0.0886968));
#3837=CARTESIAN_POINT('',(0.00099722812334337,-0.125689212332558,-0.0886968));
#3838=CARTESIAN_POINT('',(0.000922336895720317,-0.125849713294613,-0.0886968));
#3839=CARTESIAN_POINT('',(0.000841328995773185,-0.126014679657031,-0.0886968));
#3840=CARTESIAN_POINT('',(0.000753878012623183,-0.126183945788434,-0.0886968));
#3841=CARTESIAN_POINT('',(0.000678528134673364,-0.12632339907835,-0.0886968));
#3842=CARTESIAN_POINT('',(0.000631679169645284,-0.126406463935591,-0.0886968));
#3843=CARTESIAN_POINT('',(0.000617457968037884,-0.126431497260181,-0.0886968));
#3844=CARTESIAN_POINT('',(0.00151635976290908,-0.123058880960508,-0.0886968));
#3845=CARTESIAN_POINT('',(0.00221735489177965,-0.122992952459015,-0.0886968));
#3846=CARTESIAN_POINT('',(0.0021213489755033,-0.122295440020381,-0.0886968));
#3847=CARTESIAN_POINT('',(7.89634047732024E-9,-0.106883246202632,-0.0886968));
#3848=CARTESIAN_POINT('',(0.00274512245000289,-0.122196644007733,-0.0886968));
#3849=CARTESIAN_POINT('',(0.00286935859505125,-0.122889685217383,-0.0886968));
#3850=CARTESIAN_POINT('',(0.00355641760762987,-0.122735767540543,-0.0886968));
#3851=CARTESIAN_POINT('',(0.00340597088274226,-0.122063339166289,-0.0886968));
#3852=CARTESIAN_POINT('',(0.00352524559806264,-0.122596724738762,-0.0886968));
#3853=CARTESIAN_POINT('',(0.00365563906957248,-0.123179832367745,-0.0886968));
#3854=CARTESIAN_POINT('',(0.00366077706882256,-0.123197515169595,-0.0886968));
#3855=CARTESIAN_POINT('',(0.00366577778916325,-0.123215906252469,-0.0886968));
#3856=CARTESIAN_POINT('',(0.00367229279660107,-0.123237501680268,-0.0886968));
#3857=CARTESIAN_POINT('',(0.00368154779574337,-0.12326639464614,-0.0886968));
#3858=CARTESIAN_POINT('',(0.00369346440160759,-0.123301077501585,-0.0886968));
#3859=CARTESIAN_POINT('',(0.00370839520038667,-0.123341898824904,-0.0886968));
#3860=CARTESIAN_POINT('',(0.00372655282476657,-0.123388611099922,-0.0886968));
#3861=CARTESIAN_POINT('',(0.00374818886918986,-0.123441140504072,-0.0886968));
#3862=CARTESIAN_POINT('',(0.00377353892807152,-0.123499351671692,-0.0886968));
#3863=CARTESIAN_POINT('',(0.00380283878068808,-0.123563118173547,-0.0886968));
#3864=CARTESIAN_POINT('',(0.00383631935464317,-0.123632301797028,-0.0886968));
#3865=CARTESIAN_POINT('',(0.00387420794585305,-0.12370675870468,-0.0886968));
#3866=CARTESIAN_POINT('',(0.00391672762116771,-0.123786337776552,-0.0886968));
#3867=CARTESIAN_POINT('',(0.00396409715040714,-0.1238708812206,-0.0886968));
#3868=CARTESIAN_POINT('',(0.00401653079051134,-0.123960224540327,-0.0886968));
#3869=CARTESIAN_POINT('',(0.00407423811579811,-0.124054196692722,-0.0886968));
#3870=CARTESIAN_POINT('',(0.00413742383896358,-0.124152620198551,-0.0886968));
#3871=CARTESIAN_POINT('',(0.00420628763897476,-0.124255311272101,-0.0886968));
#3872=CARTESIAN_POINT('',(0.00428102398992388,-0.124362079951417,-0.0886968));
#3873=CARTESIAN_POINT('',(0.00436182199831945,-0.124472730233269,-0.0886968));
#3874=CARTESIAN_POINT('',(0.00444886522475832,-0.124587060215127,-0.0886968));
#3875=CARTESIAN_POINT('',(0.00454233158225715,-0.124704862229386,-0.0886968));
#3876=CARTESIAN_POINT('',(0.00464239295558851,-0.124825923027852,-0.0886968));
#3877=CARTESIAN_POINT('',(0.00474921591377399,-0.124950023791898,-0.0886968));
#3878=CARTESIAN_POINT('',(0.00486295823105483,-0.125076940833003,-0.0886968));
#3879=CARTESIAN_POINT('',(0.00498378154598753,-0.125206443656771,-0.0886968));
#3880=CARTESIAN_POINT('',(0.00511180204659088,-0.125338303172956,-0.0886968));
#3881=CARTESIAN_POINT('',(0.00524727898514797,-0.125472260990247,-0.0886968));
#3882=CARTESIAN_POINT('',(0.00536203441407969,-0.12558160455753,-0.0886968));
#3883=CARTESIAN_POINT('',(0.00543225888007403,-0.125646126804921,-0.0886968));
#3884=CARTESIAN_POINT('',(0.00545351976925633,-0.12566554031842,-0.0886968));
#3885=CARTESIAN_POINT('',(0.00616716073059549,-0.121166174199683,-0.0886968));
#3886=CARTESIAN_POINT('',(0.00638418163218745,-0.121667800111005,-0.0886968));
#3887=CARTESIAN_POINT('',(0.00662143316259576,-0.12221618745195,-0.0886968));
#3888=CARTESIAN_POINT('',(0.00662767012403201,-0.122233513179341,-0.0886968));
#3889=CARTESIAN_POINT('',(0.00663443446357945,-0.122251331227598,-0.0886968));
#3890=CARTESIAN_POINT('',(0.00664185718582108,-0.122272631720979,-0.0886968));
#3891=CARTESIAN_POINT('',(0.00665135259346623,-0.122301446573393,-0.0886968));
#3892=CARTESIAN_POINT('',(0.00666209792774494,-0.122336509998046,-0.0886968));
#3893=CARTESIAN_POINT('',(0.00667401282961907,-0.122378311245671,-0.0886968));
#3894=CARTESIAN_POINT('',(0.00668677978927476,-0.122426775053833,-0.0886968));
#3895=CARTESIAN_POINT('',(0.00670015187071637,-0.122481989582325,-0.0886968));
#3896=CARTESIAN_POINT('',(0.00671385890811869,-0.122543983796948,-0.0886968));
#3897=CARTESIAN_POINT('',(0.00672763583879977,-0.122612794001883,-0.0886968));
#3898=CARTESIAN_POINT('',(0.0067412145990711,-0.12268844411662,-0.0886968));
#3899=CARTESIAN_POINT('',(0.00675432675713844,-0.122770951375403,-0.0886968));
#3900=CARTESIAN_POINT('',(0.00676670302205103,-0.122860324635026,-0.0886968));
#3901=CARTESIAN_POINT('',(0.00677807365746996,-0.122956564828718,-0.0886968));
#3902=CARTESIAN_POINT('',(0.00678816863727522,-0.123059664813089,-0.0886968));
#3903=CARTESIAN_POINT('',(0.00679671787572202,-0.123169609396127,-0.0886968));
#3904=CARTESIAN_POINT('',(0.00680345143708462,-0.123286375321221,-0.0886968));
#3905=CARTESIAN_POINT('',(0.00680809975115306,-0.123409931270957,-0.0886968));
#3906=CARTESIAN_POINT('',(0.00681039382824629,-0.123540237871888,-0.0886968));
#3907=CARTESIAN_POINT('',(0.00681006547017765,-0.123677247708089,-0.0886968));
#3908=CARTESIAN_POINT('',(0.00680684749797435,-0.123820905331191,-0.0886968));
#3909=CARTESIAN_POINT('',(0.0068004739130269,-0.123971147309221,-0.0886968));
#3910=CARTESIAN_POINT('',(0.00679068031349051,-0.124127902152101,-0.0886968));
#3911=CARTESIAN_POINT('',(0.0067772033238338,-0.124291090738657,-0.0886968));
#3912=CARTESIAN_POINT('',(0.00675978382119975,-0.124460624838446,-0.0886968));
#3913=CARTESIAN_POINT('',(0.00673815555604395,-0.124636412986345,-0.0886968));
#3914=CARTESIAN_POINT('',(0.0067120898744151,-0.124818338138054,-0.0886968));
#3915=CARTESIAN_POINT('',(0.00668122515820973,-0.125006343635282,-0.0886968));
#3916=CARTESIAN_POINT('',(0.00665265660228898,-0.125162255988185,-0.0886968));
#3917=CARTESIAN_POINT('',(0.00663376904134004,-0.125255732488302,-0.0886968));
#3918=CARTESIAN_POINT('',(0.00662797959760583,-0.125283935187755,-0.0886968));
#3919=CARTESIAN_POINT('',(0.00644069025502269,-0.121798610548099,-0.0886968));
#3920=CARTESIAN_POINT('',(0.00708700321285112,-0.121519289409349,-0.0886968));
#3921=CARTESIAN_POINT('',(0.00678015296324776,-0.120885583119079,-0.0886968));
#3922=CARTESIAN_POINT('',(7.89634057099531E-9,-0.106883246202632,-0.0886968));
#3923=CARTESIAN_POINT('',(0.00734286714397798,-0.120598865923206,-0.0886968));
#3924=CARTESIAN_POINT('',(0.00767518425086957,-0.121219596201569,-0.0886968));
#3925=CARTESIAN_POINT('',(0.00828105302398342,-0.120860898881011,-0.0886968));
#3926=CARTESIAN_POINT('',(0.00793017789077947,-0.120267872088674,-0.0886968));
#3927=CARTESIAN_POINT('',(0.00820844009246282,-0.120738293999039,-0.0886968));
#3928=CARTESIAN_POINT('',(0.00851264182012999,-0.121252568510633,-0.0886968));
#3929=CARTESIAN_POINT('',(0.00852299263407732,-0.121267798125473,-0.0886968));
#3930=CARTESIAN_POINT('',(0.0085334317588966,-0.121283743777113,-0.0886968));
#3931=CARTESIAN_POINT('',(0.00854630125336478,-0.121302269001427,-0.0886968));
#3932=CARTESIAN_POINT('',(0.00856403169807954,-0.121326887892876,-0.0886968));
#3933=CARTESIAN_POINT('',(0.00858608265548487,-0.121356190814824,-0.0886968));
#3934=CARTESIAN_POINT('',(0.00861289717159568,-0.121390400329808,-0.0886968));
#3935=CARTESIAN_POINT('',(0.00864460098540903,-0.121429215328843,-0.0886968));
#3936=CARTESIAN_POINT('',(0.0086814105650314,-0.12147248785554,-0.0886968));
#3937=CARTESIAN_POINT('',(0.00872350814377638,-0.121520016366823,-0.0886968));
#3938=CARTESIAN_POINT('',(0.00877107889227883,-0.121571607761542,-0.0886968));
#3939=CARTESIAN_POINT('',(0.00882429972569627,-0.121627059231142,-0.0886968));
#3940=CARTESIAN_POINT('',(0.00888334236707269,-0.12168616373977,-0.0886968));
#3941=CARTESIAN_POINT('',(0.00894837226695647,-0.121748708632367,-0.0886968));
#3942=CARTESIAN_POINT('',(0.00901954872738714,-0.121814476236188,-0.0886968));
#3943=CARTESIAN_POINT('',(0.00909702468661091,-0.121883243896733,-0.0886968));
#3944=CARTESIAN_POINT('',(0.00918094660645077,-0.121954784180405,-0.0886968));
#3945=CARTESIAN_POINT('',(0.0092714543361513,-0.12202886503472,-0.0886968));
#3946=CARTESIAN_POINT('',(0.0093686809887863,-0.122105249964884,-0.0886968));
#3947=CARTESIAN_POINT('',(0.00947275281873618,-0.122183698210543,-0.0886968));
#3948=CARTESIAN_POINT('',(0.00958378910864933,-0.122263964924423,-0.0886968));
#3949=CARTESIAN_POINT('',(0.00970190204371403,-0.122345801362462,-0.0886968));
#3950=CARTESIAN_POINT('',(0.00982719665644511,-0.122428955042886,-0.0886968));
#3951=CARTESIAN_POINT('',(0.00995977052166002,-0.122513170039295,-0.0886968));
#3952=CARTESIAN_POINT('',(0.0100997144372375,-0.12259818677015,-0.0886968));
#3953=CARTESIAN_POINT('',(0.010247109331843,-0.122683743740102,-0.0886968));
#3954=CARTESIAN_POINT('',(0.0104020377061942,-0.122769571786895,-0.0886968));
#3955=CARTESIAN_POINT('',(0.0105645392688834,-0.122855417128683,-0.0886968));
#3956=CARTESIAN_POINT('',(0.0107347807361783,-0.122940953907367,-0.0886968));
#3957=CARTESIAN_POINT('',(0.01087770865516,-0.123009484441809,-0.0886968));
#3958=CARTESIAN_POINT('',(0.0109644345621064,-0.123049148192223,-0.0886968));
#3959=CARTESIAN_POINT('',(0.0109906539748971,-0.123061041564668,-0.0886968));
#3960=CARTESIAN_POINT('',(0.0102789862668693,-0.118561362913309,-0.0886968));
#3961=CARTESIAN_POINT('',(0.0106403963409179,-0.118971374358288,-0.0886968));
#3962=CARTESIAN_POINT('',(0.0110354969627659,-0.11941960695751,-0.0886968));
#3963=CARTESIAN_POINT('',(0.0110467826097853,-0.119434157376368,-0.0886968));
#3964=CARTESIAN_POINT('',(0.0110587219587084,-0.119449013051394,-0.0886968));
#3965=CARTESIAN_POINT('',(0.0110723636015082,-0.119466977277107,-0.0886968));
#3966=CARTESIAN_POINT('',(0.0110902985499103,-0.119491447587931,-0.0886968));
#3967=CARTESIAN_POINT('',(0.0111113531641946,-0.119521474395528,-0.0886968));
#3968=CARTESIAN_POINT('',(0.0111356022051653,-0.119557547837306,-0.0886968));
#3969=CARTESIAN_POINT('',(0.0111627204456734,-0.119599694450363,-0.0886968));
#3970=CARTESIAN_POINT('',(0.0111925002785052,-0.119648074387064,-0.0886968));
#3971=CARTESIAN_POINT('',(0.0112246937116172,-0.119702798681354,-0.0886968));
#3972=CARTESIAN_POINT('',(0.0112590598740272,-0.119763983769434,-0.0886968));
#3973=CARTESIAN_POINT('',(0.0112953512135469,-0.119831735236327,-0.0886968));
#3974=CARTESIAN_POINT('',(0.0113333177620425,-0.119906152422758,-0.0886968));
#3975=CARTESIAN_POINT('',(0.0113727061455013,-0.11998732696752,-0.0886968));
#3976=CARTESIAN_POINT('',(0.0114132601178038,-0.12007534311128,-0.0886968));
#3977=CARTESIAN_POINT('',(0.0114547206614197,-0.120170277502927,-0.0886968));
#3978=CARTESIAN_POINT('',(0.0114968262149521,-0.120272199155088,-0.0886968));
#3979=CARTESIAN_POINT('',(0.0115393128675818,-0.120381169364136,-0.0886968));
#3980=CARTESIAN_POINT('',(0.0115819145651909,-0.120497241647217,-0.0886968));
#3981=CARTESIAN_POINT('',(0.0116243633163264,-0.120620461680341,-0.0886968));
#3982=CARTESIAN_POINT('',(0.0116663893970281,-0.12075086724608,-0.0886968));
#3983=CARTESIAN_POINT('',(0.011707721570505,-0.120888488172745,-0.0886968));
#3984=CARTESIAN_POINT('',(0.0117480872554884,-0.121033346331035,-0.0886968));
#3985=CARTESIAN_POINT('',(0.0117872128992318,-0.12118545543451,-0.0886968));
#3986=CARTESIAN_POINT('',(0.0118248235669326,-0.121344821621976,-0.0886968));
#3987=CARTESIAN_POINT('',(0.0118606455534026,-0.121511441054662,-0.0886968));
#3988=CARTESIAN_POINT('',(0.0118943973760005,-0.121685309019701,-0.0886968));
#3989=CARTESIAN_POINT('',(0.011925825403218,-0.121866384859305,-0.0886968));
#3990=CARTESIAN_POINT('',(0.0119545682074266,-0.122054726434377,-0.0886968));
#3991=CARTESIAN_POINT('',(0.0119755774628373,-0.122211836062861,-0.0886968));
#3992=CARTESIAN_POINT('',(0.0119865001520306,-0.122306574074733,-0.0886968));
#3993=CARTESIAN_POINT('',(0.0119897091772597,-0.122335185472326,-0.0886968));
#3994=CARTESIAN_POINT('',(0.0107345618829958,-0.119078320352101,-0.0886968));
#3995=CARTESIAN_POINT('',(0.0112629270543427,-0.1186129484753,-0.0886968));
#3996=CARTESIAN_POINT('',(0.0107752691117949,-0.118105079920377,-0.0886968));
#3997=CARTESIAN_POINT('',(7.89634066120093E-9,-0.106883246202632,-0.0886968));
#3998=CARTESIAN_POINT('',(0.0112218416140856,-0.117658507418087,-0.0886968));
#3999=CARTESIAN_POINT('',(0.0117297101690085,-0.118146165360634,-0.0886968));
#4000=CARTESIAN_POINT('',(0.0121950820458092,-0.117617800189287,-0.0886968));
#4001=CARTESIAN_POINT('',(0.0116781246070177,-0.117162224573161,-0.0886968));
#4002=CARTESIAN_POINT('',(0.0120881360519965,-0.117523634647209,-0.0886968));
#4003=CARTESIAN_POINT('',(0.0125363686512189,-0.117918735269058,-0.0886968));
#4004=CARTESIAN_POINT('',(0.0125509190700759,-0.117930020916077,-0.0886968));
#4005=CARTESIAN_POINT('',(0.0125657747451028,-0.117941960265,-0.0886968));
#4006=CARTESIAN_POINT('',(0.0125837389708158,-0.1179556019078,-0.0886968));
#4007=CARTESIAN_POINT('',(0.0126082092816391,-0.117973536856202,-0.0886968));
#4008=CARTESIAN_POINT('',(0.0126382360892366,-0.117994591470486,-0.0886968));
#4009=CARTESIAN_POINT('',(0.0126743095310145,-0.118018840511457,-0.0886968));
#4010=CARTESIAN_POINT('',(0.0127164561440718,-0.118045958751965,-0.0886968));
#4011=CARTESIAN_POINT('',(0.0127648360807724,-0.118075738584797,-0.0886968));
#4012=CARTESIAN_POINT('',(0.012819560375062,-0.118107932017909,-0.0886968));
#4013=CARTESIAN_POINT('',(0.0128807454631421,-0.118142298180319,-0.0886968));
#4014=CARTESIAN_POINT('',(0.0129484969300356,-0.118178589519838,-0.0886968));
#4015=CARTESIAN_POINT('',(0.0130229141164664,-0.118216556068334,-0.0886968));
#4016=CARTESIAN_POINT('',(0.0131040886612287,-0.118255944451793,-0.0886968));
#4017=CARTESIAN_POINT('',(0.0131921048049881,-0.118296498424095,-0.0886968));
#4018=CARTESIAN_POINT('',(0.0132870391966358,-0.118337958967711,-0.0886968));
#4019=CARTESIAN_POINT('',(0.0133889608487965,-0.118380064521244,-0.0886968));
#4020=CARTESIAN_POINT('',(0.0134979310578445,-0.118422551173873,-0.0886968));
#4021=CARTESIAN_POINT('',(0.0136140033409256,-0.118465152871483,-0.0886968));
#4022=CARTESIAN_POINT('',(0.0137372233740496,-0.118507601622618,-0.0886968));
#4023=CARTESIAN_POINT('',(0.0138676289397883,-0.11854962770332,-0.0886968));
#4024=CARTESIAN_POINT('',(0.0140052498664535,-0.118590959876797,-0.0886968));
#4025=CARTESIAN_POINT('',(0.0141501080247438,-0.11863132556178,-0.0886968));
#4026=CARTESIAN_POINT('',(0.0143022171282186,-0.118670451205523,-0.0886968));
#4027=CARTESIAN_POINT('',(0.0144615833156848,-0.118708061873224,-0.0886968));
#4028=CARTESIAN_POINT('',(0.0146282027483703,-0.118743883859694,-0.0886968));
#4029=CARTESIAN_POINT('',(0.014802070713409,-0.118777635682292,-0.0886968));
#4030=CARTESIAN_POINT('',(0.0149831465530132,-0.11880906370951,-0.0886968));
#4031=CARTESIAN_POINT('',(0.0151714881280849,-0.118837806513718,-0.0886968));
#4032=CARTESIAN_POINT('',(0.0153285977565693,-0.118858815769129,-0.0886968));
#4033=CARTESIAN_POINT('',(0.0154233357684411,-0.118869738458322,-0.0886968));
#4034=CARTESIAN_POINT('',(0.0154519471660348,-0.118872947483551,-0.0886968));
#4035=CARTESIAN_POINT('',(0.0133846337823822,-0.114813416197071,-0.0886968));
#4036=CARTESIAN_POINT('',(0.0138550556927475,-0.115091678398754,-0.0886968));
#4037=CARTESIAN_POINT('',(0.0143693302043409,-0.115395880126422,-0.0886968));
#4038=CARTESIAN_POINT('',(0.0143845598191814,-0.115406230940369,-0.0886968));
#4039=CARTESIAN_POINT('',(0.0144005054708213,-0.115416670065188,-0.0886968));
#4040=CARTESIAN_POINT('',(0.0144190306951351,-0.115429539559656,-0.0886968));
#4041=CARTESIAN_POINT('',(0.0144436495865843,-0.115447270004371,-0.0886968));
#4042=CARTESIAN_POINT('',(0.0144729525085319,-0.115469320961776,-0.0886968));
#4043=CARTESIAN_POINT('',(0.014507162023516,-0.115496135477887,-0.0886968));
#4044=CARTESIAN_POINT('',(0.0145459770225518,-0.115527839291701,-0.0886968));
#4045=CARTESIAN_POINT('',(0.0145892495492479,-0.115564648871323,-0.0886968));
#4046=CARTESIAN_POINT('',(0.0146367780605316,-0.115606746450068,-0.0886968));
#4047=CARTESIAN_POINT('',(0.0146883694552508,-0.11565431719857,-0.0886968));
#4048=CARTESIAN_POINT('',(0.01474382092485,-0.115707538031988,-0.0886968));
#4049=CARTESIAN_POINT('',(0.0148029254334787,-0.115766580673364,-0.0886968));
#4050=CARTESIAN_POINT('',(0.0148654703260757,-0.115831610573248,-0.0886968));
#4051=CARTESIAN_POINT('',(0.0149312379298966,-0.115902787033679,-0.0886968));
#4052=CARTESIAN_POINT('',(0.0150000055904415,-0.115980262992902,-0.0886968));
#4053=CARTESIAN_POINT('',(0.0150715458741131,-0.116064184912742,-0.0886968));
#4054=CARTESIAN_POINT('',(0.0151456267284286,-0.116154692642443,-0.0886968));
#4055=CARTESIAN_POINT('',(0.0152220116585929,-0.116251919295078,-0.0886968));
#4056=CARTESIAN_POINT('',(0.0153004599042517,-0.116355991125028,-0.0886968));
#4057=CARTESIAN_POINT('',(0.0153807266181317,-0.116467027414941,-0.0886968));
#4058=CARTESIAN_POINT('',(0.0154625630561708,-0.116585140350006,-0.0886968));
#4059=CARTESIAN_POINT('',(0.0155457167365945,-0.116710434962737,-0.0886968));
#4060=CARTESIAN_POINT('',(0.0156299317330038,-0.116843008827952,-0.0886968));
#4061=CARTESIAN_POINT('',(0.0157149484638586,-0.116982952743529,-0.0886968));
#4062=CARTESIAN_POINT('',(0.0158005054338104,-0.117130347638135,-0.0886968));
#4063=CARTESIAN_POINT('',(0.0158863334806034,-0.117285276012486,-0.0886968));
#4064=CARTESIAN_POINT('',(0.0159721788223913,-0.117447777575175,-0.0886968));
#4065=CARTESIAN_POINT('',(0.016057715601075,-0.11761801904247,-0.0886968));
#4066=CARTESIAN_POINT('',(0.0161262461355174,-0.117760946961452,-0.0886968));
#4067=CARTESIAN_POINT('',(0.0161659098859318,-0.117847672868398,-0.0886968));
#4068=CARTESIAN_POINT('',(0.0161778032583762,-0.117873892281189,-0.0886968));
#4069=CARTESIAN_POINT('',(0.0139776605747196,-0.115164291330275,-0.0886968));
#4070=CARTESIAN_POINT('',(0.0143363578952769,-0.114558422557161,-0.0886968));
#4071=CARTESIAN_POINT('',(0.0137156276169139,-0.11422610545027,-0.0886968));
#4072=CARTESIAN_POINT('',(7.89634072018153E-9,-0.106883246202632,-0.0886968));
#4073=CARTESIAN_POINT('',(0.0140023448127874,-0.113663391269539,-0.0886968));
#4074=CARTESIAN_POINT('',(0.0146360511030573,-0.113970241519143,-0.0886968));
#4075=CARTESIAN_POINT('',(0.0149153722418072,-0.113323928561314,-0.0886968));
#4076=CARTESIAN_POINT('',(0.0142829358933913,-0.113050399036887,-0.0886968));
#4077=CARTESIAN_POINT('',(0.0147845618047133,-0.113267419938479,-0.0886968));
#4078=CARTESIAN_POINT('',(0.0153329491456588,-0.113504671468887,-0.0886968));
#4079=CARTESIAN_POINT('',(0.0153502748730491,-0.113510908430324,-0.0886968));
#4080=CARTESIAN_POINT('',(0.0153680929213064,-0.113517672769871,-0.0886968));
#4081=CARTESIAN_POINT('',(0.0153893934146873,-0.113525095492113,-0.0886968));
#4082=CARTESIAN_POINT('',(0.015418208267101,-0.113534590899758,-0.0886968));
#4083=CARTESIAN_POINT('',(0.015453271691754,-0.113545336234037,-0.0886968));
#4084=CARTESIAN_POINT('',(0.0154950729393793,-0.113557251135911,-0.0886968));
#4085=CARTESIAN_POINT('',(0.0155435367475418,-0.113570018095566,-0.0886968));
#4086=CARTESIAN_POINT('',(0.0155987512760335,-0.113583390177008,-0.0886968));
#4087=CARTESIAN_POINT('',(0.0156607454906562,-0.11359709721441,-0.0886968));
#4088=CARTESIAN_POINT('',(0.015729555695591,-0.113610874145091,-0.0886968));
#4089=CARTESIAN_POINT('',(0.0158052058103289,-0.113624452905363,-0.0886968));
#4090=CARTESIAN_POINT('',(0.0158877130691111,-0.11363756506343,-0.0886968));
#4091=CARTESIAN_POINT('',(0.0159770863287343,-0.113649941328343,-0.0886968));
#4092=CARTESIAN_POINT('',(0.0160733265224268,-0.113661311963762,-0.0886968));
#4093=CARTESIAN_POINT('',(0.0161764265067972,-0.113671406943567,-0.0886968));
#4094=CARTESIAN_POINT('',(0.0162863710898352,-0.113679956182014,-0.0886968));
#4095=CARTESIAN_POINT('',(0.0164031370149291,-0.113686689743376,-0.0886968));
#4096=CARTESIAN_POINT('',(0.016526692964665,-0.113691338057445,-0.0886968));
#4097=CARTESIAN_POINT('',(0.0166569995655966,-0.113693632134538,-0.0886968));
#4098=CARTESIAN_POINT('',(0.0167940094017973,-0.113693303776469,-0.0886968));
#4099=CARTESIAN_POINT('',(0.0169376670248997,-0.113690085804266,-0.0886968));
#4100=CARTESIAN_POINT('',(0.0170879090029296,-0.113683712219318,-0.0886968));
#4101=CARTESIAN_POINT('',(0.0172446638458097,-0.113673918619782,-0.0886968));
#4102=CARTESIAN_POINT('',(0.0174078524323658,-0.113660441630125,-0.0886968));
#4103=CARTESIAN_POINT('',(0.0175773865321543,-0.113643022127491,-0.0886968));
#4104=CARTESIAN_POINT('',(0.0177531746800533,-0.113621393862336,-0.0886968));
#4105=CARTESIAN_POINT('',(0.0179350998317623,-0.113595328180707,-0.0886968));
#4106=CARTESIAN_POINT('',(0.01812310532899,-0.113564463464501,-0.0886968));
#4107=CARTESIAN_POINT('',(0.0182790176818938,-0.113535894908581,-0.0886968));
#4108=CARTESIAN_POINT('',(0.0183724941820103,-0.113517007347632,-0.0886968));
#4109=CARTESIAN_POINT('',(0.0184006968814634,-0.113511217903897,-0.0886968));
#4110=CARTESIAN_POINT('',(0.0151801008599972,-0.110289209189034,-0.0886968));
#4111=CARTESIAN_POINT('',(0.0157134864324705,-0.110408483904354,-0.0886968));
#4112=CARTESIAN_POINT('',(0.0162965940614532,-0.110538877375864,-0.0886968));
#4113=CARTESIAN_POINT('',(0.0163142768633033,-0.110544015375114,-0.0886968));
#4114=CARTESIAN_POINT('',(0.0163326679461776,-0.110549016095455,-0.0886968));
#4115=CARTESIAN_POINT('',(0.0163542633739767,-0.110555531102893,-0.0886968));
#4116=CARTESIAN_POINT('',(0.0163831563398481,-0.110564786102035,-0.0886968));
#4117=CARTESIAN_POINT('',(0.0164178391952934,-0.110576702707899,-0.0886968));
#4118=CARTESIAN_POINT('',(0.0164586605186125,-0.110591633506678,-0.0886968));
#4119=CARTESIAN_POINT('',(0.0165053727936302,-0.110609791131058,-0.0886968));
#4120=CARTESIAN_POINT('',(0.0165579021977803,-0.110631427175481,-0.0886968));
#4121=CARTESIAN_POINT('',(0.0166161133654007,-0.110656777234363,-0.0886968));
#4122=CARTESIAN_POINT('',(0.0166798798672555,-0.11068607708698,-0.0886968));
#4123=CARTESIAN_POINT('',(0.0167490634907368,-0.110719557660935,-0.0886968));
#4124=CARTESIAN_POINT('',(0.0168235203983886,-0.110757446252145,-0.0886968));
#4125=CARTESIAN_POINT('',(0.0169030994702606,-0.110799965927459,-0.0886968));
#4126=CARTESIAN_POINT('',(0.0169876429143082,-0.110847335456699,-0.0886968));
#4127=CARTESIAN_POINT('',(0.0170769862340353,-0.110899769096803,-0.0886968));
#4128=CARTESIAN_POINT('',(0.0171709583864299,-0.11095747642209,-0.0886968));
#4129=CARTESIAN_POINT('',(0.0172693818922592,-0.111020662145255,-0.0886968));
#4130=CARTESIAN_POINT('',(0.017372072965809,-0.111089525945266,-0.0886968));
#4131=CARTESIAN_POINT('',(0.017478841645125,-0.111164262296215,-0.0886968));
#4132=CARTESIAN_POINT('',(0.0175894919269777,-0.111245060304611,-0.0886968));
#4133=CARTESIAN_POINT('',(0.0177038219088356,-0.11133210353105,-0.0886968));
#4134=CARTESIAN_POINT('',(0.017821623923094,-0.111425569888549,-0.0886968));
#4135=CARTESIAN_POINT('',(0.0179426847215602,-0.11152563126188,-0.0886968));
#4136=CARTESIAN_POINT('',(0.0180667854856067,-0.111632454220066,-0.0886968));
#4137=CARTESIAN_POINT('',(0.018193702526711,-0.111746196537346,-0.0886968));
#4138=CARTESIAN_POINT('',(0.0183232053504797,-0.111867019852279,-0.0886968));
#4139=CARTESIAN_POINT('',(0.0184550648666642,-0.111995040352882,-0.0886968));
#4140=CARTESIAN_POINT('',(0.0185890226839556,-0.11213051729144,-0.0886968));
#4141=CARTESIAN_POINT('',(0.0186983662512383,-0.112245272720371,-0.0886968));
#4142=CARTESIAN_POINT('',(0.0187628884986296,-0.112315497186366,-0.0886968));
#4143=CARTESIAN_POINT('',(0.0187823020121285,-0.112336758075548,-0.0886968));
#4144=CARTESIAN_POINT('',(0.0158525292342509,-0.110439655913921,-0.0886968));
#4145=CARTESIAN_POINT('',(0.0160064469110912,-0.109752596901343,-0.0886968));
#4146=CARTESIAN_POINT('',(0.0153134057014414,-0.109628360756295,-0.0886968));
#4147=CARTESIAN_POINT('',(7.89634074446766E-9,-0.106883246202632,-0.0886968));
#4148=CARTESIAN_POINT('',(0.0154122017140893,-0.109004587281795,-0.0886968));
#4149=CARTESIAN_POINT('',(0.0161097141527234,-0.109100593198071,-0.0886968));
#4150=CARTESIAN_POINT('',(0.0161756426542167,-0.108399598069201,-0.0886968));
#4151=CARTESIAN_POINT('',(0.0154896346724026,-0.108334889612116,-0.0886968));
#4152=CARTESIAN_POINT('',(0.0160337724108344,-0.10838627782333,-0.0886968));
#4153=CARTESIAN_POINT('',(0.016628634519732,-0.108442456429474,-0.0886968));
#4154=CARTESIAN_POINT('',(0.0166470395927431,-0.108443034188086,-0.0886968));
#4155=CARTESIAN_POINT('',(0.0166660758595218,-0.108443961377573,-0.0886968));
#4156=CARTESIAN_POINT('',(0.0166886275798692,-0.108444438591486,-0.0886968));
#4157=CARTESIAN_POINT('',(0.0167189663753542,-0.108444564981716,-0.0886968));
#4158=CARTESIAN_POINT('',(0.0167556341647564,-0.108443949207802,-0.0886968));
#4159=CARTESIAN_POINT('',(0.0167990714208651,-0.108442363656969,-0.0886968));
#4160=CARTESIAN_POINT('',(0.0168491084489227,-0.108439529616808,-0.0886968));
#4161=CARTESIAN_POINT('',(0.0169057527864545,-0.108435184994359,-0.0886968));
#4162=CARTESIAN_POINT('',(0.0169689484957438,-0.108429063895728,-0.0886968));
#4163=CARTESIAN_POINT('',(0.0170386481952454,-0.108420903012716,-0.0886968));
#4164=CARTESIAN_POINT('',(0.0171147917975118,-0.108410440010075,-0.0886968));
#4165=CARTESIAN_POINT('',(0.017197312743294,-0.108397414268324,-0.0886968));
#4166=CARTESIAN_POINT('',(0.0172861362404261,-0.108381566939651,-0.0886968));
#4167=CARTESIAN_POINT('',(0.0173811798233481,-0.108362641201167,-0.0886968));
#4168=CARTESIAN_POINT('',(0.0174823532556312,-0.108340382450203,-0.0886968));
#4169=CARTESIAN_POINT('',(0.0175895586277299,-0.108314538514539,-0.0886968));
#4170=CARTESIAN_POINT('',(0.0177026904065654,-0.108284859856733,-0.0886968));
#4171=CARTESIAN_POINT('',(0.017821635505731,-0.108251099777893,-0.0886968));
#4172=CARTESIAN_POINT('',(0.0179462733564715,-0.108213014620694,-0.0886968));
#4173=CARTESIAN_POINT('',(0.0180764759857634,-0.10817036396583,-0.0886968));
#4174=CARTESIAN_POINT('',(0.0182121080962321,-0.108122910845487,-0.0886968));
#4175=CARTESIAN_POINT('',(0.0183530271623947,-0.108070421881511,-0.0886968));
#4176=CARTESIAN_POINT('',(0.0184990834884837,-0.108012667704453,-0.0886968));
#4177=CARTESIAN_POINT('',(0.018650120438276,-0.107949422279086,-0.0886968));
#4178=CARTESIAN_POINT('',(0.0188059740262666,-0.107880466429635,-0.0886968));
#4179=CARTESIAN_POINT('',(0.0189664749883214,-0.107805575202012,-0.0886968));
#4180=CARTESIAN_POINT('',(0.019131441350739,-0.107724567302065,-0.0886968));
#4181=CARTESIAN_POINT('',(0.0193007074821427,-0.107637116318915,-0.0886968));
#4182=CARTESIAN_POINT('',(0.0194401607720585,-0.107561766440965,-0.0886968));
#4183=CARTESIAN_POINT('',(0.0195232256292992,-0.107514917475937,-0.0886968));
#4184=CARTESIAN_POINT('',(0.0195482589538893,-0.107500696274329,-0.0886968));
#4185=CARTESIAN_POINT('',(0.0195482589538893,-0.107500696274329,-0.0886968));
#4186=CARTESIAN_POINT('',(7.89634043221743E-9,-0.106883246202632,-0.0886968));
#4187=CARTESIAN_POINT('',(0.0195482589538893,-0.106265796130935,-0.0886968));
#4188=CARTESIAN_POINT('',(0.0154896346724026,-0.105431602793148,-0.0886968));
#4189=CARTESIAN_POINT('',(0.0160337724108344,-0.105380214581934,-0.0886968));
#4190=CARTESIAN_POINT('',(0.016628634519732,-0.105324035975791,-0.0886968));
#4191=CARTESIAN_POINT('',(0.0166470395927431,-0.105323458217178,-0.0886968));
#4192=CARTESIAN_POINT('',(0.0166660758595218,-0.105322531027691,-0.0886968));
#4193=CARTESIAN_POINT('',(0.0166886275798692,-0.105322053813778,-0.0886968));
#4194=CARTESIAN_POINT('',(0.0167189663753542,-0.105321927423548,-0.0886968));
#4195=CARTESIAN_POINT('',(0.0167556341647564,-0.105322543197462,-0.0886968));
#4196=CARTESIAN_POINT('',(0.0167990714208651,-0.105324128748296,-0.0886968));
#4197=CARTESIAN_POINT('',(0.0168491084489227,-0.105326962788456,-0.0886968));
#4198=CARTESIAN_POINT('',(0.0169057527864545,-0.105331307410905,-0.0886968));
#4199=CARTESIAN_POINT('',(0.0169689484957438,-0.105337428509536,-0.0886968));
#4200=CARTESIAN_POINT('',(0.0170386481952454,-0.105345589392548,-0.0886968));
#4201=CARTESIAN_POINT('',(0.0171147917975118,-0.105356052395189,-0.0886968));
#4202=CARTESIAN_POINT('',(0.017197312743294,-0.10536907813694,-0.0886968));
#4203=CARTESIAN_POINT('',(0.0172861362404261,-0.105384925465613,-0.0886968));
#4204=CARTESIAN_POINT('',(0.017381179823348,-0.105403851204097,-0.0886968));
#4205=CARTESIAN_POINT('',(0.0174823532556312,-0.105426109955061,-0.0886968));
#4206=CARTESIAN_POINT('',(0.0175895586277299,-0.105451953890725,-0.0886968));
#4207=CARTESIAN_POINT('',(0.0177026904065654,-0.105481632548532,-0.0886968));
#4208=CARTESIAN_POINT('',(0.017821635505731,-0.105515392627371,-0.0886968));
#4209=CARTESIAN_POINT('',(0.0179462733564715,-0.10555347778457,-0.0886968));
#4210=CARTESIAN_POINT('',(0.0180764759857634,-0.105596128439434,-0.0886968));
#4211=CARTESIAN_POINT('',(0.0182121080962321,-0.105643581559777,-0.0886968));
#4212=CARTESIAN_POINT('',(0.0183530271623947,-0.105696070523753,-0.0886968));
#4213=CARTESIAN_POINT('',(0.0184990834884837,-0.105753824700811,-0.0886968));
#4214=CARTESIAN_POINT('',(0.018650120438276,-0.105817070126178,-0.0886968));
#4215=CARTESIAN_POINT('',(0.0188059740262666,-0.105886025975629,-0.0886968));
#4216=CARTESIAN_POINT('',(0.0189664749883213,-0.105960917203252,-0.0886968));
#4217=CARTESIAN_POINT('',(0.019131441350739,-0.106041925103199,-0.0886968));
#4218=CARTESIAN_POINT('',(0.0193007074821427,-0.106129376086349,-0.0886968));
#4219=CARTESIAN_POINT('',(0.0194401607720585,-0.106204725964299,-0.0886968));
#4220=CARTESIAN_POINT('',(0.0195232256292992,-0.106251574929327,-0.0886968));
#4221=CARTESIAN_POINT('',(0.0195482589538893,-0.106265796130935,-0.0886968));
#4222=CARTESIAN_POINT('',(0.0161756426542167,-0.105366894336063,-0.0886968));
#4223=CARTESIAN_POINT('',(0.0161097141527234,-0.104665899207193,-0.0886968));
#4224=CARTESIAN_POINT('',(0.0154122017140893,-0.104761905123469,-0.0886968));
#4225=CARTESIAN_POINT('',(7.89634074446766E-9,-0.106883246202632,-0.0886968));
#4226=CARTESIAN_POINT('',(0.0153134057014414,-0.10413813164897,-0.0886968));
#4227=CARTESIAN_POINT('',(0.0160064469110912,-0.104013895503921,-0.0886968));
#4228=CARTESIAN_POINT('',(0.0158525292342509,-0.103326836491343,-0.0886968));
#4229=CARTESIAN_POINT('',(0.0151801008599972,-0.10347728321623,-0.0886968));
#4230=CARTESIAN_POINT('',(0.0157134864324705,-0.10335800850091,-0.0886968));
#4231=CARTESIAN_POINT('',(0.0162965940614532,-0.1032276150294,-0.0886968));
#4232=CARTESIAN_POINT('',(0.0163142768633033,-0.10322247703015,-0.0886968));
#4233=CARTESIAN_POINT('',(0.0163326679461776,-0.103217476309809,-0.0886968));
#4234=CARTESIAN_POINT('',(0.0163542633739767,-0.103210961302371,-0.0886968));
#4235=CARTESIAN_POINT('',(0.0163831563398481,-0.103201706303229,-0.0886968));
#4236=CARTESIAN_POINT('',(0.0164178391952934,-0.103189789697365,-0.0886968));
#4237=CARTESIAN_POINT('',(0.0164586605186125,-0.103174858898586,-0.0886968));
#4238=CARTESIAN_POINT('',(0.0165053727936302,-0.103156701274206,-0.0886968));
#4239=CARTESIAN_POINT('',(0.0165579021977803,-0.103135065229783,-0.0886968));
#4240=CARTESIAN_POINT('',(0.0166161133654007,-0.103109715170901,-0.0886968));
#4241=CARTESIAN_POINT('',(0.0166798798672555,-0.103080415318284,-0.0886968));
#4242=CARTESIAN_POINT('',(0.0167490634907368,-0.103046934744329,-0.0886968));
#4243=CARTESIAN_POINT('',(0.0168235203983886,-0.103009046153119,-0.0886968));
#4244=CARTESIAN_POINT('',(0.0169030994702606,-0.102966526477805,-0.0886968));
#4245=CARTESIAN_POINT('',(0.0169876429143082,-0.102919156948565,-0.0886968));
#4246=CARTESIAN_POINT('',(0.0170769862340353,-0.102866723308461,-0.0886968));
#4247=CARTESIAN_POINT('',(0.0171709583864299,-0.102809015983174,-0.0886968));
#4248=CARTESIAN_POINT('',(0.0172693818922592,-0.102745830260009,-0.0886968));
#4249=CARTESIAN_POINT('',(0.017372072965809,-0.102676966459998,-0.0886968));
#4250=CARTESIAN_POINT('',(0.0174788416451249,-0.102602230109049,-0.0886968));
#4251=CARTESIAN_POINT('',(0.0175894919269777,-0.102521432100653,-0.0886968));
#4252=CARTESIAN_POINT('',(0.0177038219088356,-0.102434388874214,-0.0886968));
#4253=CARTESIAN_POINT('',(0.017821623923094,-0.102340922516715,-0.0886968));
#4254=CARTESIAN_POINT('',(0.0179426847215602,-0.102240861143384,-0.0886968));
#4255=CARTESIAN_POINT('',(0.0180667854856067,-0.102134038185198,-0.0886968));
#4256=CARTESIAN_POINT('',(0.018193702526711,-0.102020295867918,-0.0886968));
#4257=CARTESIAN_POINT('',(0.0183232053504797,-0.101899472552985,-0.0886968));
#4258=CARTESIAN_POINT('',(0.0184550648666642,-0.101771452052382,-0.0886968));
#4259=CARTESIAN_POINT('',(0.0185890226839556,-0.101635975113825,-0.0886968));
#4260=CARTESIAN_POINT('',(0.0186983662512382,-0.101521219684893,-0.0886968));
#4261=CARTESIAN_POINT('',(0.0187628884986296,-0.101450995218898,-0.0886968));
#4262=CARTESIAN_POINT('',(0.0187823020121285,-0.101429734329716,-0.0886968));
#4263=CARTESIAN_POINT('',(0.0142829358933913,-0.100716093368377,-0.0886968));
#4264=CARTESIAN_POINT('',(0.0147845618047133,-0.100499072466785,-0.0886968));
#4265=CARTESIAN_POINT('',(0.0153329491456588,-0.100261820936377,-0.0886968));
#4266=CARTESIAN_POINT('',(0.0153502748730491,-0.10025558397494,-0.0886968));
#4267=CARTESIAN_POINT('',(0.0153680929213064,-0.100248819635393,-0.0886968));
#4268=CARTESIAN_POINT('',(0.0153893934146873,-0.100241396913151,-0.0886968));
#4269=CARTESIAN_POINT('',(0.0154182082671009,-0.100231901505506,-0.0886968));
#4270=CARTESIAN_POINT('',(0.015453271691754,-0.100221156171228,-0.0886968));
#4271=CARTESIAN_POINT('',(0.0154950729393793,-0.100209241269353,-0.0886968));
#4272=CARTESIAN_POINT('',(0.0155435367475418,-0.100196474309698,-0.0886968));
#4273=CARTESIAN_POINT('',(0.0155987512760335,-0.100183102228256,-0.0886968));
#4274=CARTESIAN_POINT('',(0.0156607454906562,-0.100169395190854,-0.0886968));
#4275=CARTESIAN_POINT('',(0.015729555695591,-0.100155618260173,-0.0886968));
#4276=CARTESIAN_POINT('',(0.0158052058103288,-0.100142039499901,-0.0886968));
#4277=CARTESIAN_POINT('',(0.0158877130691111,-0.100128927341834,-0.0886968));
#4278=CARTESIAN_POINT('',(0.0159770863287343,-0.100116551076921,-0.0886968));
#4279=CARTESIAN_POINT('',(0.0160733265224268,-0.100105180441503,-0.0886968));
#4280=CARTESIAN_POINT('',(0.0161764265067972,-0.100095085461697,-0.0886968));
#4281=CARTESIAN_POINT('',(0.0162863710898352,-0.10008653622325,-0.0886968));
#4282=CARTESIAN_POINT('',(0.0164031370149291,-0.100079802661888,-0.0886968));
#4283=CARTESIAN_POINT('',(0.0165266929646649,-0.100075154347819,-0.0886968));
#4284=CARTESIAN_POINT('',(0.0166569995655966,-0.100072860270726,-0.0886968));
#4285=CARTESIAN_POINT('',(0.0167940094017973,-0.100073188628795,-0.0886968));
#4286=CARTESIAN_POINT('',(0.0169376670248997,-0.100076406600998,-0.0886968));
#4287=CARTESIAN_POINT('',(0.0170879090029296,-0.100082780185946,-0.0886968));
#4288=CARTESIAN_POINT('',(0.0172446638458097,-0.100092573785482,-0.0886968));
#4289=CARTESIAN_POINT('',(0.0174078524323658,-0.100106050775139,-0.0886968));
#4290=CARTESIAN_POINT('',(0.0175773865321543,-0.100123470277773,-0.0886968));
#4291=CARTESIAN_POINT('',(0.0177531746800533,-0.100145098542929,-0.0886968));
#4292=CARTESIAN_POINT('',(0.0179350998317623,-0.100171164224557,-0.0886968));
#4293=CARTESIAN_POINT('',(0.01812310532899,-0.100202028940763,-0.0886968));
#4294=CARTESIAN_POINT('',(0.0182790176818938,-0.100230597496684,-0.0886968));
#4295=CARTESIAN_POINT('',(0.0183724941820103,-0.100249485057632,-0.0886968));
#4296=CARTESIAN_POINT('',(0.0184006968814634,-0.100255274501367,-0.0886968));
#4297=CARTESIAN_POINT('',(0.0149153722418071,-0.10044256384395,-0.0886968));
#4298=CARTESIAN_POINT('',(0.0146360511030573,-0.0997962508861214,-0.0886968));
#4299=CARTESIAN_POINT('',(0.0140023448127873,-0.100103101135725,-0.0886968));
#4300=CARTESIAN_POINT('',(7.89634071324263E-9,-0.106883246202632,-0.0886968));
#4301=CARTESIAN_POINT('',(0.0137156276169139,-0.0995403869549945,-0.0886968));
#4302=CARTESIAN_POINT('',(0.0143363578952769,-0.0992080698481029,-0.0886968));
#4303=CARTESIAN_POINT('',(0.0139776605747196,-0.0986022010749891,-0.0886968));
#4304=CARTESIAN_POINT('',(0.0133846337823822,-0.098953076208193,-0.0886968));
#4305=CARTESIAN_POINT('',(0.0138550556927475,-0.0986748140065097,-0.0886968));
#4306=CARTESIAN_POINT('',(0.0143693302043409,-0.0983706122788425,-0.0886968));
#4307=CARTESIAN_POINT('',(0.0143845598191814,-0.0983602614648952,-0.0886968));
#4308=CARTESIAN_POINT('',(0.0144005054708213,-0.0983498223400759,-0.0886968));
#4309=CARTESIAN_POINT('',(0.0144190306951351,-0.0983369528456077,-0.0886968));
#4310=CARTESIAN_POINT('',(0.0144436495865843,-0.098319222400893,-0.0886968));
#4311=CARTESIAN_POINT('',(0.0144729525085319,-0.0982971714434876,-0.0886968));
#4312=CARTESIAN_POINT('',(0.0145071620235159,-0.0982703569273768,-0.0886968));
#4313=CARTESIAN_POINT('',(0.0145459770225518,-0.0982386531135635,-0.0886968));
#4314=CARTESIAN_POINT('',(0.0145892495492479,-0.0982018435339411,-0.0886968));
#4315=CARTESIAN_POINT('',(0.0146367780605316,-0.0981597459551961,-0.0886968));
#4316=CARTESIAN_POINT('',(0.0146883694552508,-0.0981121752066937,-0.0886968));
#4317=CARTESIAN_POINT('',(0.01474382092485,-0.0980589543732762,-0.0886968));
#4318=CARTESIAN_POINT('',(0.0148029254334787,-0.0979999117318998,-0.0886968));
#4319=CARTESIAN_POINT('',(0.0148654703260757,-0.097934881832016,-0.0886968));
#4320=CARTESIAN_POINT('',(0.0149312379298966,-0.0978637053715854,-0.0886968));
#4321=CARTESIAN_POINT('',(0.0150000055904415,-0.0977862294123616,-0.0886968));
#4322=CARTESIAN_POINT('',(0.0150715458741131,-0.0977023074925217,-0.0886968));
#4323=CARTESIAN_POINT('',(0.0151456267284286,-0.0976117997628212,-0.0886968));
#4324=CARTESIAN_POINT('',(0.0152220116585929,-0.0975145731101862,-0.0886968));
#4325=CARTESIAN_POINT('',(0.0153004599042517,-0.0974105012802363,-0.0886968));
#4326=CARTESIAN_POINT('',(0.0153807266181317,-0.0972994649903232,-0.0886968));
#4327=CARTESIAN_POINT('',(0.0154625630561707,-0.0971813520552585,-0.0886968));
#4328=CARTESIAN_POINT('',(0.0155457167365945,-0.0970560574425274,-0.0886968));
#4329=CARTESIAN_POINT('',(0.0156299317330038,-0.0969234835773125,-0.0886968));
#4330=CARTESIAN_POINT('',(0.0157149484638586,-0.096783539661735,-0.0886968));
#4331=CARTESIAN_POINT('',(0.0158005054338104,-0.0966361447671295,-0.0886968));
#4332=CARTESIAN_POINT('',(0.0158863334806034,-0.0964812163927783,-0.0886968));
#4333=CARTESIAN_POINT('',(0.0159721788223913,-0.0963187148300891,-0.0886968));
#4334=CARTESIAN_POINT('',(0.016057715601075,-0.0961484733627942,-0.0886968));
#4335=CARTESIAN_POINT('',(0.0161262461355174,-0.0960055454438126,-0.0886968));
#4336=CARTESIAN_POINT('',(0.0161659098859318,-0.0959188195368661,-0.0886968));
#4337=CARTESIAN_POINT('',(0.0161778032583762,-0.0958926001240754,-0.0886968));
#4338=CARTESIAN_POINT('',(0.0116781246070177,-0.0966042678321032,-0.0886968));
#4339=CARTESIAN_POINT('',(0.0120881360519965,-0.0962428577580546,-0.0886968));
#4340=CARTESIAN_POINT('',(0.0125363686512188,-0.0958477571362066,-0.0886968));
#4341=CARTESIAN_POINT('',(0.0125509190700759,-0.0958364714891872,-0.0886968));
#4342=CARTESIAN_POINT('',(0.0125657747451028,-0.0958245321402641,-0.0886968));
#4343=CARTESIAN_POINT('',(0.0125837389708158,-0.0958108904974643,-0.0886968));
#4344=CARTESIAN_POINT('',(0.012608209281639,-0.0957929555490622,-0.0886968));
#4345=CARTESIAN_POINT('',(0.0126382360892366,-0.0957719009347779,-0.0886968));
#4346=CARTESIAN_POINT('',(0.0126743095310145,-0.0957476518938073,-0.0886968));
#4347=CARTESIAN_POINT('',(0.0127164561440718,-0.0957205336532991,-0.0886968));
#4348=CARTESIAN_POINT('',(0.0127648360807723,-0.0956907538204673,-0.0886968));
#4349=CARTESIAN_POINT('',(0.012819560375062,-0.0956585603873553,-0.0886968));
#4350=CARTESIAN_POINT('',(0.012880745463142,-0.0956241942249453,-0.0886968));
#4351=CARTESIAN_POINT('',(0.0129484969300356,-0.0955879028854256,-0.0886968));
#4352=CARTESIAN_POINT('',(0.0130229141164664,-0.09554993633693,-0.0886968));
#4353=CARTESIAN_POINT('',(0.0131040886612287,-0.0955105479534712,-0.0886968));
#4354=CARTESIAN_POINT('',(0.0131921048049881,-0.0954699939811687,-0.0886968));
#4355=CARTESIAN_POINT('',(0.0132870391966358,-0.0954285334375528,-0.0886968));
#4356=CARTESIAN_POINT('',(0.0133889608487965,-0.0953864278840204,-0.0886968));
#4357=CARTESIAN_POINT('',(0.0134979310578445,-0.0953439412313907,-0.0886968));
#4358=CARTESIAN_POINT('',(0.0136140033409255,-0.0953013395337816,-0.0886968));
#4359=CARTESIAN_POINT('',(0.0137372233740496,-0.0952588907826461,-0.0886968));
#4360=CARTESIAN_POINT('',(0.0138676289397883,-0.0952168647019444,-0.0886968));
#4361=CARTESIAN_POINT('',(0.0140052498664535,-0.0951755325284674,-0.0886968));
#4362=CARTESIAN_POINT('',(0.0141501080247438,-0.0951351668434841,-0.0886968));
#4363=CARTESIAN_POINT('',(0.0143022171282186,-0.0950960411997407,-0.0886968));
#4364=CARTESIAN_POINT('',(0.0144615833156847,-0.0950584305320399,-0.0886968));
#4365=CARTESIAN_POINT('',(0.0146282027483703,-0.0950226085455699,-0.0886968));
#4366=CARTESIAN_POINT('',(0.014802070713409,-0.094988856722972,-0.0886968));
#4367=CARTESIAN_POINT('',(0.0149831465530132,-0.0949574286957545,-0.0886968));
#4368=CARTESIAN_POINT('',(0.0151714881280849,-0.0949286858915459,-0.0886968));
#4369=CARTESIAN_POINT('',(0.0153285977565693,-0.0949076766361352,-0.0886968));
#4370=CARTESIAN_POINT('',(0.015423335768441,-0.0948967539469419,-0.0886968));
#4371=CARTESIAN_POINT('',(0.0154519471660348,-0.0948935449217128,-0.0886968));
#4372=CARTESIAN_POINT('',(0.0121950820458092,-0.0961486922159767,-0.0886968));
#4373=CARTESIAN_POINT('',(0.0117297101690085,-0.0956203270446298,-0.0886968));
#4374=CARTESIAN_POINT('',(0.0112218416140856,-0.0961079849871776,-0.0886968));
#4375=CARTESIAN_POINT('',(7.89634065773148E-9,-0.106883246202632,-0.0886968));
#4376=CARTESIAN_POINT('',(0.0107752691117949,-0.0956614124848869,-0.0886968));
#4377=CARTESIAN_POINT('',(0.0112629270543427,-0.095153543929964,-0.0886968));
#4378=CARTESIAN_POINT('',(0.0107345618829958,-0.0946881720531633,-0.0886968));
#4379=CARTESIAN_POINT('',(0.0102789862668693,-0.0952051294919548,-0.0886968));
#4380=CARTESIAN_POINT('',(0.0106403963409179,-0.094795118046976,-0.0886968));
#4381=CARTESIAN_POINT('',(0.0110354969627659,-0.0943468854477536,-0.0886968));
#4382=CARTESIAN_POINT('',(0.0110467826097853,-0.0943323350288966,-0.0886968));
#4383=CARTESIAN_POINT('',(0.0110587219587084,-0.0943174793538697,-0.0886968));
#4384=CARTESIAN_POINT('',(0.0110723636015082,-0.0942995151281567,-0.0886968));
#4385=CARTESIAN_POINT('',(0.0110902985499103,-0.0942750448173335,-0.0886968));
#4386=CARTESIAN_POINT('',(0.0111113531641945,-0.0942450180097359,-0.0886968));
#4387=CARTESIAN_POINT('',(0.0111356022051652,-0.094208944567958,-0.0886968));
#4388=CARTESIAN_POINT('',(0.0111627204456734,-0.0941667979549007,-0.0886968));
#4389=CARTESIAN_POINT('',(0.0111925002785052,-0.0941184180182001,-0.0886968));
#4390=CARTESIAN_POINT('',(0.0112246937116172,-0.0940636937239105,-0.0886968));
#4391=CARTESIAN_POINT('',(0.0112590598740272,-0.0940025086358305,-0.0886968));
#4392=CARTESIAN_POINT('',(0.0112953512135469,-0.0939347571689369,-0.0886968));
#4393=CARTESIAN_POINT('',(0.0113333177620425,-0.0938603399825061,-0.0886968));
#4394=CARTESIAN_POINT('',(0.0113727061455013,-0.0937791654377438,-0.0886968));
#4395=CARTESIAN_POINT('',(0.0114132601178038,-0.0936911492939844,-0.0886968));
#4396=CARTESIAN_POINT('',(0.0114547206614197,-0.0935962149023367,-0.0886968));
#4397=CARTESIAN_POINT('',(0.0114968262149521,-0.093494293250176,-0.0886968));
#4398=CARTESIAN_POINT('',(0.0115393128675818,-0.093385323041128,-0.0886968));
#4399=CARTESIAN_POINT('',(0.0115819145651909,-0.093269250758047,-0.0886968));
#4400=CARTESIAN_POINT('',(0.0116243633163264,-0.0931460307249229,-0.0886968));
#4401=CARTESIAN_POINT('',(0.0116663893970281,-0.0930156251591842,-0.0886968));
#4402=CARTESIAN_POINT('',(0.011707721570505,-0.092878004232519,-0.0886968));
#4403=CARTESIAN_POINT('',(0.0117480872554883,-0.0927331460742287,-0.0886968));
#4404=CARTESIAN_POINT('',(0.0117872128992318,-0.0925810369707539,-0.0886968));
#4405=CARTESIAN_POINT('',(0.0118248235669326,-0.0924216707832877,-0.0886968));
#4406=CARTESIAN_POINT('',(0.0118606455534026,-0.0922550513506022,-0.0886968));
#4407=CARTESIAN_POINT('',(0.0118943973760005,-0.0920811833855635,-0.0886968));
#4408=CARTESIAN_POINT('',(0.011925825403218,-0.0919001075459593,-0.0886968));
#4409=CARTESIAN_POINT('',(0.0119545682074266,-0.0917117659708876,-0.0886968));
#4410=CARTESIAN_POINT('',(0.0119755774628373,-0.0915546563424032,-0.0886968));
#4411=CARTESIAN_POINT('',(0.0119865001520306,-0.0914599183305315,-0.0886968));
#4412=CARTESIAN_POINT('',(0.0119897091772596,-0.0914313069329377,-0.0886968));
#4413=CARTESIAN_POINT('',(0.00793017789077945,-0.0934986203165904,-0.0886968));
#4414=CARTESIAN_POINT('',(0.0082084400924628,-0.093028198406225,-0.0886968));
#4415=CARTESIAN_POINT('',(0.00851264182012996,-0.0925139238946316,-0.0886968));
#4416=CARTESIAN_POINT('',(0.00852299263407729,-0.0924986942797911,-0.0886968));
#4417=CARTESIAN_POINT('',(0.00853343175889658,-0.0924827486281513,-0.0886968));
#4418=CARTESIAN_POINT('',(0.00854630125336476,-0.0924642234038374,-0.0886968));
#4419=CARTESIAN_POINT('',(0.00856403169807952,-0.0924396045123882,-0.0886968));
#4420=CARTESIAN_POINT('',(0.00858608265548485,-0.0924103015904406,-0.0886968));
#4421=CARTESIAN_POINT('',(0.00861289717159565,-0.0923760920754566,-0.0886968));
#4422=CARTESIAN_POINT('',(0.00864460098540901,-0.0923372770764208,-0.0886968));
#4423=CARTESIAN_POINT('',(0.00868141056503138,-0.0922940045497246,-0.0886968));
#4424=CARTESIAN_POINT('',(0.00872350814377635,-0.0922464760384409,-0.0886968));
#4425=CARTESIAN_POINT('',(0.00877107889227881,-0.0921948846437217,-0.0886968));
#4426=CARTESIAN_POINT('',(0.00882429972569624,-0.0921394331741226,-0.0886968));
#4427=CARTESIAN_POINT('',(0.00888334236707267,-0.0920803286654938,-0.0886968));
#4428=CARTESIAN_POINT('',(0.00894837226695644,-0.0920177837728968,-0.0886968));
#4429=CARTESIAN_POINT('',(0.00901954872738713,-0.0919520161690759,-0.0886968));
#4430=CARTESIAN_POINT('',(0.00909702468661087,-0.0918832485085311,-0.0886968));
#4431=CARTESIAN_POINT('',(0.00918094660645075,-0.0918117082248594,-0.0886968));
#4432=CARTESIAN_POINT('',(0.00927145433615127,-0.0917376273705439,-0.0886968));
#4433=CARTESIAN_POINT('',(0.00936868098878628,-0.0916612424403796,-0.0886968));
#4434=CARTESIAN_POINT('',(0.00947275281873616,-0.0915827941947208,-0.0886968));
#4435=CARTESIAN_POINT('',(0.0095837891086493,-0.0915025274808408,-0.0886968));
#4436=CARTESIAN_POINT('',(0.00970190204371402,-0.0914206910428017,-0.0886968));
#4437=CARTESIAN_POINT('',(0.0098271966564451,-0.0913375373623781,-0.0886968));
#4438=CARTESIAN_POINT('',(0.00995977052165999,-0.0912533223659688,-0.0886968));
#4439=CARTESIAN_POINT('',(0.0100997144372375,-0.0911683056351139,-0.0886968));
#4440=CARTESIAN_POINT('',(0.010247109331843,-0.0910827486651621,-0.0886968));
#4441=CARTESIAN_POINT('',(0.0104020377061942,-0.0909969206183692,-0.0886968));
#4442=CARTESIAN_POINT('',(0.0105645392688834,-0.0909110752765812,-0.0886968));
#4443=CARTESIAN_POINT('',(0.0107347807361783,-0.0908255384978976,-0.0886968));
#4444=CARTESIAN_POINT('',(0.0108777086551599,-0.0907570079634551,-0.0886968));
#4445=CARTESIAN_POINT('',(0.0109644345621064,-0.0907173442130407,-0.0886968));
#4446=CARTESIAN_POINT('',(0.0109906539748971,-0.0907054508405963,-0.0886968));
#4447=CARTESIAN_POINT('',(0.00828105302398339,-0.0929055935242529,-0.0886968));
#4448=CARTESIAN_POINT('',(0.00767518425086955,-0.0925468962036957,-0.0886968));
#4449=CARTESIAN_POINT('',(0.00734286714397798,-0.0931676264820586,-0.0886968));
#4450=CARTESIAN_POINT('',(7.8963405779342E-9,-0.106883246202632,-0.0886968));
#4451=CARTESIAN_POINT('',(0.00678015296324777,-0.0928809092861852,-0.0886968));
#4452=CARTESIAN_POINT('',(0.00708700321285113,-0.0922472029959152,-0.0886968));
#4453=CARTESIAN_POINT('',(0.00644069025502269,-0.0919678818571654,-0.0886968));
#4454=CARTESIAN_POINT('',(0.00616716073059547,-0.0926003182055812,-0.0886968));
#4455=CARTESIAN_POINT('',(0.00638418163218743,-0.0920986922942592,-0.0886968));
#4456=CARTESIAN_POINT('',(0.00662143316259573,-0.0915503049533137,-0.0886968));
#4457=CARTESIAN_POINT('',(0.00662767012403199,-0.0915329792259234,-0.0886968));
#4458=CARTESIAN_POINT('',(0.00663443446357943,-0.0915151611776661,-0.0886968));
#4459=CARTESIAN_POINT('',(0.00664185718582106,-0.0914938606842852,-0.0886968));
#4460=CARTESIAN_POINT('',(0.00665135259346621,-0.0914650458318715,-0.0886968));
#4461=CARTESIAN_POINT('',(0.00666209792774491,-0.0914299824072185,-0.0886968));
#4462=CARTESIAN_POINT('',(0.00667401282961904,-0.0913881811595932,-0.0886968));
#4463=CARTESIAN_POINT('',(0.00668677978927474,-0.0913397173514307,-0.0886968));
#4464=CARTESIAN_POINT('',(0.00670015187071634,-0.091284502822939,-0.0886968));
#4465=CARTESIAN_POINT('',(0.00671385890811867,-0.0912225086083163,-0.0886968));
#4466=CARTESIAN_POINT('',(0.00672763583879973,-0.0911536984033816,-0.0886968));
#4467=CARTESIAN_POINT('',(0.00674121459907107,-0.0910780482886437,-0.0886968));
#4468=CARTESIAN_POINT('',(0.00675432675713842,-0.0909955410298614,-0.0886968));
#4469=CARTESIAN_POINT('',(0.00676670302205101,-0.0909061677702382,-0.0886968));
#4470=CARTESIAN_POINT('',(0.00677807365746995,-0.0908099275765458,-0.0886968));
#4471=CARTESIAN_POINT('',(0.00678816863727519,-0.0907068275921754,-0.0886968));
#4472=CARTESIAN_POINT('',(0.006796717875722,-0.0905968830091373,-0.0886968));
#4473=CARTESIAN_POINT('',(0.0068034514370846,-0.0904801170840434,-0.0886968));
#4474=CARTESIAN_POINT('',(0.00680809975115304,-0.0903565611343075,-0.0886968));
#4475=CARTESIAN_POINT('',(0.00681039382824628,-0.0902262545333759,-0.0886968));
#4476=CARTESIAN_POINT('',(0.00681006547017763,-0.0900892446971752,-0.0886968));
#4477=CARTESIAN_POINT('',(0.00680684749797433,-0.0899455870740728,-0.0886968));
#4478=CARTESIAN_POINT('',(0.00680047391302687,-0.0897953450960429,-0.0886968));
#4479=CARTESIAN_POINT('',(0.00679068031349049,-0.0896385902531628,-0.0886968));
#4480=CARTESIAN_POINT('',(0.00677720332383376,-0.0894754016666067,-0.0886968));
#4481=CARTESIAN_POINT('',(0.00675978382119972,-0.0893058675668182,-0.0886968));
#4482=CARTESIAN_POINT('',(0.00673815555604392,-0.0891300794189192,-0.0886968));
#4483=CARTESIAN_POINT('',(0.00671208987441508,-0.0889481542672102,-0.0886968));
#4484=CARTESIAN_POINT('',(0.0066812251582097,-0.0887601487699825,-0.0886968));
#4485=CARTESIAN_POINT('',(0.00665265660228894,-0.0886042364170787,-0.0886968));
#4486=CARTESIAN_POINT('',(0.00663376904134001,-0.0885107599169622,-0.0886968));
#4487=CARTESIAN_POINT('',(0.00662797959760581,-0.0884825572175091,-0.0886968));
#4488=CARTESIAN_POINT('',(0.00340597088274224,-0.0917031532389753,-0.0886968));
#4489=CARTESIAN_POINT('',(0.00352524559806262,-0.091169767666502,-0.0886968));
#4490=CARTESIAN_POINT('',(0.00365563906957247,-0.0905866600375193,-0.0886968));
#4491=CARTESIAN_POINT('',(0.00366077706882254,-0.0905689772356692,-0.0886968));
#4492=CARTESIAN_POINT('',(0.00366577778916324,-0.090550586152795,-0.0886968));
#4493=CARTESIAN_POINT('',(0.00367229279660104,-0.0905289907249958,-0.0886968));
#4494=CARTESIAN_POINT('',(0.00368154779574335,-0.0905000977591244,-0.0886968));
#4495=CARTESIAN_POINT('',(0.00369346440160758,-0.0904654149036791,-0.0886968));
#4496=CARTESIAN_POINT('',(0.00370839520038665,-0.0904245935803601,-0.0886968));
#4497=CARTESIAN_POINT('',(0.00372655282476654,-0.0903778813053423,-0.0886968));
#4498=CARTESIAN_POINT('',(0.00374818886918984,-0.0903253519011922,-0.0886968));
#4499=CARTESIAN_POINT('',(0.0037735389280715,-0.0902671407335718,-0.0886968));
#4500=CARTESIAN_POINT('',(0.00380283878068805,-0.090203374231717,-0.0886968));
#4501=CARTESIAN_POINT('',(0.00383631935464314,-0.0901341906082358,-0.0886968));
#4502=CARTESIAN_POINT('',(0.00387420794585303,-0.0900597337005839,-0.0886968));
#4503=CARTESIAN_POINT('',(0.00391672762116769,-0.0899801546287119,-0.0886968));
#4504=CARTESIAN_POINT('',(0.00396409715040712,-0.0898956111846644,-0.0886968));
#4505=CARTESIAN_POINT('',(0.00401653079051132,-0.0898062678649372,-0.0886968));
#4506=CARTESIAN_POINT('',(0.00407423811579809,-0.0897122957125426,-0.0886968));
#4507=CARTESIAN_POINT('',(0.00413742383896356,-0.0896138722067134,-0.0886968));
#4508=CARTESIAN_POINT('',(0.00420628763897474,-0.0895111811331635,-0.0886968));
#4509=CARTESIAN_POINT('',(0.00428102398992386,-0.0894044124538476,-0.0886968));
#4510=CARTESIAN_POINT('',(0.00436182199831944,-0.0892937621719948,-0.0886968));
#4511=CARTESIAN_POINT('',(0.0044488652247583,-0.0891794321901369,-0.0886968));
#4512=CARTESIAN_POINT('',(0.00454233158225713,-0.0890616301758786,-0.0886968));
#4513=CARTESIAN_POINT('',(0.0046423929555885,-0.0889405693774123,-0.0886968));
#4514=CARTESIAN_POINT('',(0.00474921591377397,-0.0888164686133659,-0.0886968));
#4515=CARTESIAN_POINT('',(0.00486295823105481,-0.0886895515722615,-0.0886968));
#4516=CARTESIAN_POINT('',(0.0049837815459875,-0.0885600487484928,-0.0886968));
#4517=CARTESIAN_POINT('',(0.00511180204659085,-0.0884281892323083,-0.0886968));
#4518=CARTESIAN_POINT('',(0.00524727898514794,-0.0882942314150169,-0.0886968));
#4519=CARTESIAN_POINT('',(0.00536203441407964,-0.0881848878477343,-0.0886968));
#4520=CARTESIAN_POINT('',(0.005432258880074,-0.0881203656003429,-0.0886968));
#4521=CARTESIAN_POINT('',(0.00545351976925631,-0.0881009520868441,-0.0886968));
#4522=CARTESIAN_POINT('',(0.00355641760762985,-0.0910307248647216,-0.0886968));
#4523=CARTESIAN_POINT('',(0.00286935859505124,-0.0908768071878813,-0.0886968));
#4524=CARTESIAN_POINT('',(0.00274512245000289,-0.0915698483975311,-0.0886968));
#4525=CARTESIAN_POINT('',(7.89634047732024E-9,-0.106883246202632,-0.0886968));
#4526=CARTESIAN_POINT('',(0.0021213489755033,-0.0914710523848832,-0.0886968));
#4527=CARTESIAN_POINT('',(0.00221735489177964,-0.0907735399462491,-0.0886968));
#4528=CARTESIAN_POINT('',(0.00151635976290907,-0.0907076114447558,-0.0886968));
#4529=CARTESIAN_POINT('',(0.00145165130582438,-0.0913936194265699,-0.0886968));
#4530=CARTESIAN_POINT('',(0.00150303951703833,-0.0908494816881382,-0.0886968));
#4531=CARTESIAN_POINT('',(0.0015592181231819,-0.0902546195792406,-0.0886968));
#4532=CARTESIAN_POINT('',(0.00155979588179422,-0.0902362145062294,-0.0886968));
#4533=CARTESIAN_POINT('',(0.00156072307128114,-0.0902171782394507,-0.0886968));
#4534=CARTESIAN_POINT('',(0.00156120028519443,-0.0901946265191034,-0.0886968));
#4535=CARTESIAN_POINT('',(0.00156132667542401,-0.0901642877236184,-0.0886968));
#4536=CARTESIAN_POINT('',(0.00156071090151076,-0.0901276199342161,-0.0886968));
#4537=CARTESIAN_POINT('',(0.00155912535067689,-0.0900841826781074,-0.0886968));
#4538=CARTESIAN_POINT('',(0.00155629131051636,-0.0900341456500499,-0.0886968));
#4539=CARTESIAN_POINT('',(0.0015519466880675,-0.089977501312518,-0.0886968));
#4540=CARTESIAN_POINT('',(0.00154582558943674,-0.0899143056032287,-0.0886968));
#4541=CARTESIAN_POINT('',(0.00153766470642426,-0.0898446059037271,-0.0886968));
#4542=CARTESIAN_POINT('',(0.00152720170378309,-0.0897684623014608,-0.0886968));
#4543=CARTESIAN_POINT('',(0.00151417596203272,-0.0896859413556785,-0.0886968));
#4544=CARTESIAN_POINT('',(0.00149832863335899,-0.0895971178585464,-0.0886968));
#4545=CARTESIAN_POINT('',(0.00147940289487569,-0.0895020742756245,-0.0886968));
#4546=CARTESIAN_POINT('',(0.00145714414391108,-0.0894009008433413,-0.0886968));
#4547=CARTESIAN_POINT('',(0.00143130020824704,-0.0892936954712427,-0.0886968));
#4548=CARTESIAN_POINT('',(0.0014016215504409,-0.0891805636924071,-0.0886968));
#4549=CARTESIAN_POINT('',(0.00136786147160095,-0.0890616185932415,-0.0886968));
#4550=CARTESIAN_POINT('',(0.00132977631440226,-0.088936980742501,-0.0886968));
#4551=CARTESIAN_POINT('',(0.00128712565953884,-0.0888067781132092,-0.0886968));
#4552=CARTESIAN_POINT('',(0.0012396725391955,-0.0886711460027405,-0.0886968));
#4553=CARTESIAN_POINT('',(0.00118718357521929,-0.0885302269365779,-0.0886968));
#4554=CARTESIAN_POINT('',(0.00112942939816172,-0.0883841706104888,-0.0886968));
#4555=CARTESIAN_POINT('',(0.00106618397279476,-0.0882331336606965,-0.0886968));
#4556=CARTESIAN_POINT('',(0.000997228123343345,-0.0880772800727059,-0.0886968));
#4557=CARTESIAN_POINT('',(0.000922336895720289,-0.0879167791106511,-0.0886968));
#4558=CARTESIAN_POINT('',(0.000841328995773157,-0.0877518127482336,-0.0886968));
#4559=CARTESIAN_POINT('',(0.000753878012623156,-0.0875825466168299,-0.0886968));
#4560=CARTESIAN_POINT('',(0.000678528134673312,-0.087443093326914,-0.0886968));
#4561=CARTESIAN_POINT('',(0.000631679169645249,-0.0873600284696733,-0.0886968));
#4562=CARTESIAN_POINT('',(0.000617457968037864,-0.0873349951450832,-0.0886968));
#4563=CARTESIAN_POINT('',(-0.00145163551314353,-0.0913936194265699,-0.0886968));
#4564=CARTESIAN_POINT('',(-0.0015030237243575,-0.0908494816881382,-0.0886968));
#4565=CARTESIAN_POINT('',(-0.00155920233050107,-0.0902546195792406,-0.0886968));
#4566=CARTESIAN_POINT('',(-0.00155978008911339,-0.0902362145062294,-0.0886968));
#4567=CARTESIAN_POINT('',(-0.0015607072786003,-0.0902171782394507,-0.0886968));
#4568=CARTESIAN_POINT('',(-0.0015611844925136,-0.0901946265191034,-0.0886968));
#4569=CARTESIAN_POINT('',(-0.00156131088274317,-0.0901642877236184,-0.0886968));
#4570=CARTESIAN_POINT('',(-0.00156069510882993,-0.0901276199342161,-0.0886968));
#4571=CARTESIAN_POINT('',(-0.00155910955799604,-0.0900841826781074,-0.0886968));
#4572=CARTESIAN_POINT('',(-0.00155627551783553,-0.0900341456500499,-0.0886968));
#4573=CARTESIAN_POINT('',(-0.00155193089538665,-0.089977501312518,-0.0886968));
#4574=CARTESIAN_POINT('',(-0.0015458097967559,-0.0899143056032287,-0.0886968));
#4575=CARTESIAN_POINT('',(-0.00153764891374342,-0.0898446059037271,-0.0886968));
#4576=CARTESIAN_POINT('',(-0.00152718591110226,-0.0897684623014608,-0.0886968));
#4577=CARTESIAN_POINT('',(-0.00151416016935189,-0.0896859413556785,-0.0886968));
#4578=CARTESIAN_POINT('',(-0.00149831284067815,-0.0895971178585465,-0.0886968));
#4579=CARTESIAN_POINT('',(-0.00147938710219484,-0.0895020742756245,-0.0886968));
#4580=CARTESIAN_POINT('',(-0.00145712835123024,-0.0894009008433413,-0.0886968));
#4581=CARTESIAN_POINT('',(-0.00143128441556622,-0.0892936954712426,-0.0886968));
#4582=CARTESIAN_POINT('',(-0.00140160575776007,-0.0891805636924071,-0.0886968));
#4583=CARTESIAN_POINT('',(-0.00136784567892012,-0.0890616185932415,-0.0886968));
#4584=CARTESIAN_POINT('',(-0.00132976052172143,-0.088936980742501,-0.0886968));
#4585=CARTESIAN_POINT('',(-0.00128710986685801,-0.0888067781132092,-0.0886968));
#4586=CARTESIAN_POINT('',(-0.00123965674651466,-0.0886711460027405,-0.0886968));
#4587=CARTESIAN_POINT('',(-0.00118716778253846,-0.0885302269365779,-0.0886968));
#4588=CARTESIAN_POINT('',(-0.00112941360548089,-0.0883841706104888,-0.0886968));
#4589=CARTESIAN_POINT('',(-0.00106616818011393,-0.0882331336606965,-0.0886968));
#4590=CARTESIAN_POINT('',(-0.000997212330662512,-0.0880772800727059,-0.0886968));
#4591=CARTESIAN_POINT('',(-0.000922321103039459,-0.0879167791106511,-0.0886968));
#4592=CARTESIAN_POINT('',(-0.000841313203092331,-0.0877518127482336,-0.0886968));
#4593=CARTESIAN_POINT('',(-0.000753862219942326,-0.0875825466168299,-0.0886968));
#4594=CARTESIAN_POINT('',(-0.000678512341992506,-0.087443093326914,-0.0886968));
#4595=CARTESIAN_POINT('',(-0.00063166337696443,-0.0873600284696733,-0.0886968));
#4596=CARTESIAN_POINT('',(-0.000617442175357027,-0.0873349951450832,-0.0886968));
#4597=CARTESIAN_POINT('',(-0.00151634397022822,-0.0907076114447559,-0.0886968));
#4598=CARTESIAN_POINT('',(-0.00221733909909879,-0.0907735399462491,-0.0886968));
#4599=CARTESIAN_POINT('',(-0.00212133318282245,-0.0914710523848832,-0.0886968));
#4600=CARTESIAN_POINT('',(7.89634037670628E-9,-0.106883246202632,-0.0886968));
#4601=CARTESIAN_POINT('',(-0.00274510665732204,-0.0915698483975311,-0.0886968));
#4602=CARTESIAN_POINT('',(-0.00286934280237039,-0.0908768071878813,-0.0886968));
#4603=CARTESIAN_POINT('',(-0.00355640181494902,-0.0910307248647216,-0.0886968));
#4604=CARTESIAN_POINT('',(-0.0034059550900614,-0.0917031532389753,-0.0886968));
#4605=CARTESIAN_POINT('',(-0.00352522980538177,-0.0911697676665021,-0.0886968));
#4606=CARTESIAN_POINT('',(-0.00365562327689163,-0.0905866600375193,-0.0886968));
#4607=CARTESIAN_POINT('',(-0.00366076127614171,-0.0905689772356692,-0.0886968));
#4608=CARTESIAN_POINT('',(-0.00366576199648239,-0.090550586152795,-0.0886968));
#4609=CARTESIAN_POINT('',(-0.00367227700392021,-0.0905289907249958,-0.0886968));
#4610=CARTESIAN_POINT('',(-0.00368153200306252,-0.0905000977591244,-0.0886968));
#4611=CARTESIAN_POINT('',(-0.00369344860892673,-0.0904654149036791,-0.0886968));
#4612=CARTESIAN_POINT('',(-0.00370837940770582,-0.0904245935803601,-0.0886968));
#4613=CARTESIAN_POINT('',(-0.00372653703208571,-0.0903778813053423,-0.0886968));
#4614=CARTESIAN_POINT('',(-0.00374817307650901,-0.0903253519011922,-0.0886968));
#4615=CARTESIAN_POINT('',(-0.00377352313539066,-0.0902671407335718,-0.0886968));
#4616=CARTESIAN_POINT('',(-0.00380282298800722,-0.090203374231717,-0.0886968));
#4617=CARTESIAN_POINT('',(-0.00383630356196232,-0.0901341906082358,-0.0886968));
#4618=CARTESIAN_POINT('',(-0.0038741921531722,-0.0900597337005839,-0.0886968));
#4619=CARTESIAN_POINT('',(-0.00391671182848686,-0.089980154628712,-0.0886968));
#4620=CARTESIAN_POINT('',(-0.00396408135772628,-0.0898956111846644,-0.0886968));
#4621=CARTESIAN_POINT('',(-0.00401651499783049,-0.0898062678649372,-0.0886968));
#4622=CARTESIAN_POINT('',(-0.00407422232311726,-0.0897122957125426,-0.0886968));
#4623=CARTESIAN_POINT('',(-0.00413740804628273,-0.0896138722067134,-0.0886968));
#4624=CARTESIAN_POINT('',(-0.0042062718462939,-0.0895111811331635,-0.0886968));
#4625=CARTESIAN_POINT('',(-0.00428100819724303,-0.0894044124538476,-0.0886968));
#4626=CARTESIAN_POINT('',(-0.0043618062056386,-0.0892937621719949,-0.0886968));
#4627=CARTESIAN_POINT('',(-0.00444884943207746,-0.0891794321901369,-0.0886968));
#4628=CARTESIAN_POINT('',(-0.00454231578957629,-0.0890616301758786,-0.0886968));
#4629=CARTESIAN_POINT('',(-0.00464237716290766,-0.0889405693774123,-0.0886968));
#4630=CARTESIAN_POINT('',(-0.00474920012109313,-0.0888164686133659,-0.0886968));
#4631=CARTESIAN_POINT('',(-0.00486294243837398,-0.0886895515722615,-0.0886968));
#4632=CARTESIAN_POINT('',(-0.00498376575330667,-0.0885600487484928,-0.0886968));
#4633=CARTESIAN_POINT('',(-0.00511178625391003,-0.0884281892323083,-0.0886968));
#4634=CARTESIAN_POINT('',(-0.00524726319246711,-0.0882942314150169,-0.0886968));
#4635=CARTESIAN_POINT('',(-0.00536201862139883,-0.0881848878477343,-0.0886968));
#4636=CARTESIAN_POINT('',(-0.00543224308739317,-0.0881203656003429,-0.0886968));
#4637=CARTESIAN_POINT('',(-0.00545350397657547,-0.0881009520868441,-0.0886968));
#4638=CARTESIAN_POINT('',(-0.00616714493791463,-0.0926003182055812,-0.0886968));
#4639=CARTESIAN_POINT('',(-0.0063841658395066,-0.0920986922942592,-0.0886968));
#4640=CARTESIAN_POINT('',(-0.00662141736991491,-0.0915503049533137,-0.0886968));
#4641=CARTESIAN_POINT('',(-0.00662765433135116,-0.0915329792259234,-0.0886968));
#4642=CARTESIAN_POINT('',(-0.0066344186708986,-0.0915151611776661,-0.0886968));
#4643=CARTESIAN_POINT('',(-0.00664184139314022,-0.0914938606842852,-0.0886968));
#4644=CARTESIAN_POINT('',(-0.00665133680078538,-0.0914650458318715,-0.0886968));
#4645=CARTESIAN_POINT('',(-0.00666208213506409,-0.0914299824072185,-0.0886968));
#4646=CARTESIAN_POINT('',(-0.00667399703693822,-0.0913881811595932,-0.0886968));
#4647=CARTESIAN_POINT('',(-0.00668676399659391,-0.0913397173514307,-0.0886968));
#4648=CARTESIAN_POINT('',(-0.00670013607803551,-0.091284502822939,-0.0886968));
#4649=CARTESIAN_POINT('',(-0.00671384311543783,-0.0912225086083163,-0.0886968));
#4650=CARTESIAN_POINT('',(-0.00672762004611891,-0.0911536984033816,-0.0886968));
#4651=CARTESIAN_POINT('',(-0.00674119880639024,-0.0910780482886437,-0.0886968));
#4652=CARTESIAN_POINT('',(-0.00675431096445758,-0.0909955410298614,-0.0886968));
#4653=CARTESIAN_POINT('',(-0.00676668722937019,-0.0909061677702382,-0.0886968));
#4654=CARTESIAN_POINT('',(-0.0067780578647891,-0.0908099275765458,-0.0886968));
#4655=CARTESIAN_POINT('',(-0.00678815284459437,-0.0907068275921754,-0.0886968));
#4656=CARTESIAN_POINT('',(-0.00679670208304117,-0.0905968830091373,-0.0886968));
#4657=CARTESIAN_POINT('',(-0.00680343564440378,-0.0904801170840434,-0.0886968));
#4658=CARTESIAN_POINT('',(-0.00680808395847221,-0.0903565611343076,-0.0886968));
#4659=CARTESIAN_POINT('',(-0.00681037803556544,-0.0902262545333759,-0.0886968));
#4660=CARTESIAN_POINT('',(-0.0068100496774968,-0.0900892446971752,-0.0886968));
#4661=CARTESIAN_POINT('',(-0.00680683170529351,-0.0899455870740728,-0.0886968));
#4662=CARTESIAN_POINT('',(-0.00680045812034604,-0.0897953450960429,-0.0886968));
#4663=CARTESIAN_POINT('',(-0.00679066452080967,-0.0896385902531628,-0.0886968));
#4664=CARTESIAN_POINT('',(-0.00677718753115294,-0.0894754016666067,-0.0886968));
#4665=CARTESIAN_POINT('',(-0.0067597680285189,-0.0893058675668182,-0.0886968));
#4666=CARTESIAN_POINT('',(-0.00673813976336309,-0.0891300794189193,-0.0886968));
#4667=CARTESIAN_POINT('',(-0.00671207408173424,-0.0889481542672102,-0.0886968));
#4668=CARTESIAN_POINT('',(-0.00668120936552887,-0.0887601487699825,-0.0886968));
#4669=CARTESIAN_POINT('',(-0.00665264080960812,-0.0886042364170787,-0.0886968));
#4670=CARTESIAN_POINT('',(-0.00663375324865921,-0.0885107599169622,-0.0886968));
#4671=CARTESIAN_POINT('',(-0.00662796380492499,-0.0884825572175091,-0.0886968));
#4672=CARTESIAN_POINT('',(-0.00644067446234183,-0.0919678818571654,-0.0886968));
#4673=CARTESIAN_POINT('',(-0.00708698742017027,-0.0922472029959152,-0.0886968));
#4674=CARTESIAN_POINT('',(-0.0067801371705669,-0.0928809092861852,-0.0886968));
#4675=CARTESIAN_POINT('',(7.89634028303121E-9,-0.106883246202632,-0.0886968));
#4676=CARTESIAN_POINT('',(-0.00734285135129712,-0.0931676264820586,-0.0886968));
#4677=CARTESIAN_POINT('',(-0.00767516845818872,-0.0925468962036956,-0.0886968));
#4678=CARTESIAN_POINT('',(-0.00828103723130257,-0.0929055935242529,-0.0886968));
#4679=CARTESIAN_POINT('',(-0.00793016209809861,-0.0934986203165904,-0.0886968));
#4680=CARTESIAN_POINT('',(-0.00820842429978197,-0.093028198406225,-0.0886968));
#4681=CARTESIAN_POINT('',(-0.00851262602744913,-0.0925139238946316,-0.0886968));
#4682=CARTESIAN_POINT('',(-0.00852297684139646,-0.0924986942797912,-0.0886968));
#4683=CARTESIAN_POINT('',(-0.00853341596621574,-0.0924827486281513,-0.0886968));
#4684=CARTESIAN_POINT('',(-0.00854628546068392,-0.0924642234038374,-0.0886968));
#4685=CARTESIAN_POINT('',(-0.00856401590539868,-0.0924396045123882,-0.0886968));
#4686=CARTESIAN_POINT('',(-0.00858606686280401,-0.0924103015904406,-0.0886968));
#4687=CARTESIAN_POINT('',(-0.00861288137891482,-0.0923760920754566,-0.0886968));
#4688=CARTESIAN_POINT('',(-0.00864458519272818,-0.0923372770764208,-0.0886968));
#4689=CARTESIAN_POINT('',(-0.00868139477235055,-0.0922940045497246,-0.0886968));
#4690=CARTESIAN_POINT('',(-0.00872349235109552,-0.0922464760384409,-0.0886968));
#4691=CARTESIAN_POINT('',(-0.00877106309959797,-0.0921948846437217,-0.0886968));
#4692=CARTESIAN_POINT('',(-0.00882428393301541,-0.0921394331741226,-0.0886968));
#4693=CARTESIAN_POINT('',(-0.00888332657439184,-0.0920803286654938,-0.0886968));
#4694=CARTESIAN_POINT('',(-0.00894835647427563,-0.0920177837728968,-0.0886968));
#4695=CARTESIAN_POINT('',(-0.00901953293470628,-0.0919520161690759,-0.0886968));
#4696=CARTESIAN_POINT('',(-0.00909700889393005,-0.0918832485085311,-0.0886968));
#4697=CARTESIAN_POINT('',(-0.00918093081376992,-0.0918117082248594,-0.0886968));
#4698=CARTESIAN_POINT('',(-0.00927143854347046,-0.0917376273705439,-0.0886968));
#4699=CARTESIAN_POINT('',(-0.00936866519610545,-0.0916612424403796,-0.0886968));
#4700=CARTESIAN_POINT('',(-0.00947273702605533,-0.0915827941947208,-0.0886968));
#4701=CARTESIAN_POINT('',(-0.00958377331596848,-0.0915025274808408,-0.0886968));
#4702=CARTESIAN_POINT('',(-0.00970188625103319,-0.0914206910428017,-0.0886968));
#4703=CARTESIAN_POINT('',(-0.00982718086376426,-0.0913375373623781,-0.0886968));
#4704=CARTESIAN_POINT('',(-0.00995975472897917,-0.0912533223659688,-0.0886968));
#4705=CARTESIAN_POINT('',(-0.0100996986445566,-0.091168305635114,-0.0886968));
#4706=CARTESIAN_POINT('',(-0.0102470935391621,-0.0910827486651621,-0.0886968));
#4707=CARTESIAN_POINT('',(-0.0104020219135133,-0.0909969206183692,-0.0886968));
#4708=CARTESIAN_POINT('',(-0.0105645234762026,-0.0909110752765812,-0.0886968));
#4709=CARTESIAN_POINT('',(-0.0107347649434974,-0.0908255384978976,-0.0886968));
#4710=CARTESIAN_POINT('',(-0.0108776928624791,-0.0907570079634551,-0.0886968));
#4711=CARTESIAN_POINT('',(-0.0109644187694256,-0.0907173442130407,-0.0886968));
#4712=CARTESIAN_POINT('',(-0.0109906381822163,-0.0907054508405963,-0.0886968));
#4713=CARTESIAN_POINT('',(-0.0102789704741884,-0.0952051294919548,-0.0886968));
#4714=CARTESIAN_POINT('',(-0.010640380548237,-0.094795118046976,-0.0886968));
#4715=CARTESIAN_POINT('',(-0.0110354811700851,-0.0943468854477537,-0.0886968));
#4716=CARTESIAN_POINT('',(-0.0110467668171044,-0.0943323350288966,-0.0886968));
#4717=CARTESIAN_POINT('',(-0.0110587061660276,-0.0943174793538697,-0.0886968));
#4718=CARTESIAN_POINT('',(-0.0110723478088274,-0.0942995151281567,-0.0886968));
#4719=CARTESIAN_POINT('',(-0.0110902827572294,-0.0942750448173335,-0.0886968));
#4720=CARTESIAN_POINT('',(-0.0111113373715137,-0.094245018009736,-0.0886968));
#4721=CARTESIAN_POINT('',(-0.0111355864124844,-0.0942089445679581,-0.0886968));
#4722=CARTESIAN_POINT('',(-0.0111627046529926,-0.0941667979549008,-0.0886968));
#4723=CARTESIAN_POINT('',(-0.0111924844858244,-0.0941184180182002,-0.0886968));
#4724=CARTESIAN_POINT('',(-0.0112246779189363,-0.0940636937239105,-0.0886968));
#4725=CARTESIAN_POINT('',(-0.0112590440813463,-0.0940025086358305,-0.0886968));
#4726=CARTESIAN_POINT('',(-0.011295335420866,-0.093934757168937,-0.0886968));
#4727=CARTESIAN_POINT('',(-0.0113333019693617,-0.0938603399825062,-0.0886968));
#4728=CARTESIAN_POINT('',(-0.0113726903528205,-0.0937791654377439,-0.0886968));
#4729=CARTESIAN_POINT('',(-0.011413244325123,-0.0936911492939844,-0.0886968));
#4730=CARTESIAN_POINT('',(-0.0114547048687389,-0.0935962149023367,-0.0886968));
#4731=CARTESIAN_POINT('',(-0.0114968104222713,-0.0934942932501761,-0.0886968));
#4732=CARTESIAN_POINT('',(-0.011539297074901,-0.093385323041128,-0.0886968));
#4733=CARTESIAN_POINT('',(-0.0115818987725101,-0.093269250758047,-0.0886968));
#4734=CARTESIAN_POINT('',(-0.0116243475236456,-0.0931460307249229,-0.0886968));
#4735=CARTESIAN_POINT('',(-0.0116663736043473,-0.0930156251591842,-0.0886968));
#4736=CARTESIAN_POINT('',(-0.0117077057778242,-0.092878004232519,-0.0886968));
#4737=CARTESIAN_POINT('',(-0.0117480714628075,-0.0927331460742287,-0.0886968));
#4738=CARTESIAN_POINT('',(-0.011787197106551,-0.092581036970754,-0.0886968));
#4739=CARTESIAN_POINT('',(-0.0118248077742518,-0.0924216707832878,-0.0886968));
#4740=CARTESIAN_POINT('',(-0.0118606297607218,-0.0922550513506022,-0.0886968));
#4741=CARTESIAN_POINT('',(-0.0118943815833197,-0.0920811833855635,-0.0886968));
#4742=CARTESIAN_POINT('',(-0.0119258096105372,-0.0919001075459593,-0.0886968));
#4743=CARTESIAN_POINT('',(-0.0119545524147458,-0.0917117659708876,-0.0886968));
#4744=CARTESIAN_POINT('',(-0.0119755616701564,-0.0915546563424032,-0.0886968));
#4745=CARTESIAN_POINT('',(-0.0119864843593497,-0.0914599183305315,-0.0886968));
#4746=CARTESIAN_POINT('',(-0.0119896933845788,-0.0914313069329377,-0.0886968));
#4747=CARTESIAN_POINT('',(-0.010734546090315,-0.0946881720531634,-0.0886968));
#4748=CARTESIAN_POINT('',(-0.0112629112616618,-0.0951535439299641,-0.0886968));
#4749=CARTESIAN_POINT('',(-0.010775253319114,-0.0956614124848869,-0.0886968));
#4750=CARTESIAN_POINT('',(7.89634019976448E-9,-0.106883246202632,-0.0886968));
#4751=CARTESIAN_POINT('',(-0.0112218258214048,-0.0961079849871776,-0.0886968));
#4752=CARTESIAN_POINT('',(-0.0117296943763276,-0.0956203270446298,-0.0886968));
#4753=CARTESIAN_POINT('',(-0.0121950662531284,-0.0961486922159767,-0.0886968));
#4754=CARTESIAN_POINT('',(-0.0116781088143369,-0.0966042678321033,-0.0886968));
#4755=CARTESIAN_POINT('',(-0.0120881202593157,-0.0962428577580546,-0.0886968));
#4756=CARTESIAN_POINT('',(-0.012536352858538,-0.0958477571362066,-0.0886968));
#4757=CARTESIAN_POINT('',(-0.0125509032773951,-0.0958364714891873,-0.0886968));
#4758=CARTESIAN_POINT('',(-0.012565758952422,-0.0958245321402641,-0.0886968));
#4759=CARTESIAN_POINT('',(-0.0125837231781349,-0.0958108904974643,-0.0886968));
#4760=CARTESIAN_POINT('',(-0.0126081934889582,-0.0957929555490623,-0.0886968));
#4761=CARTESIAN_POINT('',(-0.0126382202965557,-0.095771900934778,-0.0886968));
#4762=CARTESIAN_POINT('',(-0.0126742937383336,-0.0957476518938073,-0.0886968));
#4763=CARTESIAN_POINT('',(-0.0127164403513909,-0.0957205336532991,-0.0886968));
#4764=CARTESIAN_POINT('',(-0.0127648202880915,-0.0956907538204673,-0.0886968));
#4765=CARTESIAN_POINT('',(-0.0128195445823812,-0.0956585603873554,-0.0886968));
#4766=CARTESIAN_POINT('',(-0.0128807296704612,-0.0956241942249453,-0.0886968));
#4767=CARTESIAN_POINT('',(-0.0129484811373547,-0.0955879028854257,-0.0886968));
#4768=CARTESIAN_POINT('',(-0.0130228983237855,-0.09554993633693,-0.0886968));
#4769=CARTESIAN_POINT('',(-0.0131040728685478,-0.0955105479534712,-0.0886968));
#4770=CARTESIAN_POINT('',(-0.0131920890123073,-0.0954699939811687,-0.0886968));
#4771=CARTESIAN_POINT('',(-0.013287023403955,-0.0954285334375529,-0.0886968));
#4772=CARTESIAN_POINT('',(-0.0133889450561156,-0.0953864278840204,-0.0886968));
#4773=CARTESIAN_POINT('',(-0.0134979152651637,-0.0953439412313907,-0.0886968));
#4774=CARTESIAN_POINT('',(-0.0136139875482447,-0.0953013395337816,-0.0886968));
#4775=CARTESIAN_POINT('',(-0.0137372075813688,-0.0952588907826461,-0.0886968));
#4776=CARTESIAN_POINT('',(-0.0138676131471074,-0.0952168647019444,-0.0886968));
#4777=CARTESIAN_POINT('',(-0.0140052340737727,-0.0951755325284675,-0.0886968));
#4778=CARTESIAN_POINT('',(-0.014150092232063,-0.0951351668434842,-0.0886968));
#4779=CARTESIAN_POINT('',(-0.0143022013355377,-0.0950960411997407,-0.0886968));
#4780=CARTESIAN_POINT('',(-0.0144615675230039,-0.0950584305320399,-0.0886968));
#4781=CARTESIAN_POINT('',(-0.0146281869556895,-0.0950226085455699,-0.0886968));
#4782=CARTESIAN_POINT('',(-0.0148020549207282,-0.0949888567229721,-0.0886968));
#4783=CARTESIAN_POINT('',(-0.0149831307603323,-0.0949574286957545,-0.0886968));
#4784=CARTESIAN_POINT('',(-0.0151714723354041,-0.0949286858915459,-0.0886968));
#4785=CARTESIAN_POINT('',(-0.0153285819638885,-0.0949076766361353,-0.0886968));
#4786=CARTESIAN_POINT('',(-0.0154233199757602,-0.094896753946942,-0.0886968));
#4787=CARTESIAN_POINT('',(-0.015451931373354,-0.0948935449217129,-0.0886968));
#4788=CARTESIAN_POINT('',(-0.0133846179897013,-0.0989530762081931,-0.0886968));
#4789=CARTESIAN_POINT('',(-0.0138550399000666,-0.0986748140065097,-0.0886968));
#4790=CARTESIAN_POINT('',(-0.0143693144116601,-0.0983706122788426,-0.0886968));
#4791=CARTESIAN_POINT('',(-0.0143845440265005,-0.0983602614648952,-0.0886968));
#4792=CARTESIAN_POINT('',(-0.0144004896781404,-0.0983498223400759,-0.0886968));
#4793=CARTESIAN_POINT('',(-0.0144190149024542,-0.0983369528456078,-0.0886968));
#4794=CARTESIAN_POINT('',(-0.0144436337939034,-0.098319222400893,-0.0886968));
#4795=CARTESIAN_POINT('',(-0.0144729367158511,-0.0982971714434877,-0.0886968));
#4796=CARTESIAN_POINT('',(-0.0145071462308351,-0.0982703569273769,-0.0886968));
#4797=CARTESIAN_POINT('',(-0.0145459612298709,-0.0982386531135635,-0.0886968));
#4798=CARTESIAN_POINT('',(-0.014589233756567,-0.0982018435339411,-0.0886968));
#4799=CARTESIAN_POINT('',(-0.0146367622678507,-0.0981597459551962,-0.0886968));
#4800=CARTESIAN_POINT('',(-0.0146883536625699,-0.0981121752066937,-0.0886968));
#4801=CARTESIAN_POINT('',(-0.0147438051321691,-0.0980589543732763,-0.0886968));
#4802=CARTESIAN_POINT('',(-0.0148029096407978,-0.0979999117318998,-0.0886968));
#4803=CARTESIAN_POINT('',(-0.0148654545333948,-0.0979348818320161,-0.0886968));
#4804=CARTESIAN_POINT('',(-0.0149312221372158,-0.0978637053715854,-0.0886968));
#4805=CARTESIAN_POINT('',(-0.0149999897977606,-0.0977862294123616,-0.0886968));
#4806=CARTESIAN_POINT('',(-0.0150715300814322,-0.0977023074925218,-0.0886968));
#4807=CARTESIAN_POINT('',(-0.0151456109357477,-0.0976117997628212,-0.0886968));
#4808=CARTESIAN_POINT('',(-0.0152219958659121,-0.0975145731101862,-0.0886968));
#4809=CARTESIAN_POINT('',(-0.0153004441115708,-0.0974105012802364,-0.0886968));
#4810=CARTESIAN_POINT('',(-0.0153807108254509,-0.0972994649903232,-0.0886968));
#4811=CARTESIAN_POINT('',(-0.01546254726349,-0.0971813520552585,-0.0886968));
#4812=CARTESIAN_POINT('',(-0.0155457009439136,-0.0970560574425274,-0.0886968));
#4813=CARTESIAN_POINT('',(-0.0156299159403229,-0.0969234835773125,-0.0886968));
#4814=CARTESIAN_POINT('',(-0.0157149326711777,-0.096783539661735,-0.0886968));
#4815=CARTESIAN_POINT('',(-0.0158004896411296,-0.0966361447671295,-0.0886968));
#4816=CARTESIAN_POINT('',(-0.0158863176879225,-0.0964812163927784,-0.0886968));
#4817=CARTESIAN_POINT('',(-0.0159721630297105,-0.0963187148300891,-0.0886968));
#4818=CARTESIAN_POINT('',(-0.0160576998083941,-0.0961484733627943,-0.0886968));
#4819=CARTESIAN_POINT('',(-0.0161262303428365,-0.0960055454438126,-0.0886968));
#4820=CARTESIAN_POINT('',(-0.016165894093251,-0.0959188195368661,-0.0886968));
#4821=CARTESIAN_POINT('',(-0.0161777874656953,-0.0958926001240754,-0.0886968));
#4822=CARTESIAN_POINT('',(-0.0139776447820387,-0.0986022010749891,-0.0886968));
#4823=CARTESIAN_POINT('',(-0.014336342102596,-0.0992080698481029,-0.0886968));
#4824=CARTESIAN_POINT('',(-0.013715611824233,-0.0995403869549945,-0.0886968));
#4825=CARTESIAN_POINT('',(7.89634013731444E-9,-0.106883246202632,-0.0886968));
#4826=CARTESIAN_POINT('',(-0.0140023290201065,-0.100103101135725,-0.0886968));
#4827=CARTESIAN_POINT('',(-0.0146360353103765,-0.0997962508861214,-0.0886968));
#4828=CARTESIAN_POINT('',(-0.0149153564491263,-0.10044256384395,-0.0886968));
#4829=CARTESIAN_POINT('',(-0.0142829201007104,-0.100716093368377,-0.0886968));
#4830=CARTESIAN_POINT('',(-0.0147845460120325,-0.100499072466785,-0.0886968));
#4831=CARTESIAN_POINT('',(-0.0153329333529779,-0.100261820936377,-0.0886968));
#4832=CARTESIAN_POINT('',(-0.0153502590803683,-0.10025558397494,-0.0886968));
#4833=CARTESIAN_POINT('',(-0.0153680771286256,-0.100248819635393,-0.0886968));
#4834=CARTESIAN_POINT('',(-0.0153893776220064,-0.100241396913151,-0.0886968));
#4835=CARTESIAN_POINT('',(-0.0154181924744201,-0.100231901505506,-0.0886968));
#4836=CARTESIAN_POINT('',(-0.0154532558990732,-0.100221156171228,-0.0886968));
#4837=CARTESIAN_POINT('',(-0.0154950571466985,-0.100209241269353,-0.0886968));
#4838=CARTESIAN_POINT('',(-0.015543520954861,-0.100196474309698,-0.0886968));
#4839=CARTESIAN_POINT('',(-0.0155987354833527,-0.100183102228256,-0.0886968));
#4840=CARTESIAN_POINT('',(-0.0156607296979753,-0.100169395190854,-0.0886968));
#4841=CARTESIAN_POINT('',(-0.0157295399029101,-0.100155618260173,-0.0886968));
#4842=CARTESIAN_POINT('',(-0.015805190017648,-0.100142039499901,-0.0886968));
#4843=CARTESIAN_POINT('',(-0.0158876972764302,-0.100128927341834,-0.0886968));
#4844=CARTESIAN_POINT('',(-0.0159770705360535,-0.100116551076921,-0.0886968));
#4845=CARTESIAN_POINT('',(-0.0160733107297459,-0.100105180441503,-0.0886968));
#4846=CARTESIAN_POINT('',(-0.0161764107141163,-0.100095085461697,-0.0886968));
#4847=CARTESIAN_POINT('',(-0.0162863552971543,-0.10008653622325,-0.0886968));
#4848=CARTESIAN_POINT('',(-0.0164031212222483,-0.100079802661888,-0.0886968));
#4849=CARTESIAN_POINT('',(-0.0165266771719841,-0.100075154347819,-0.0886968));
#4850=CARTESIAN_POINT('',(-0.0166569837729157,-0.100072860270726,-0.0886968));
#4851=CARTESIAN_POINT('',(-0.0167939936091165,-0.100073188628795,-0.0886968));
#4852=CARTESIAN_POINT('',(-0.0169376512322188,-0.100076406600998,-0.0886968));
#4853=CARTESIAN_POINT('',(-0.0170878932102487,-0.100082780185946,-0.0886968));
#4854=CARTESIAN_POINT('',(-0.0172446480531288,-0.100092573785482,-0.0886968));
#4855=CARTESIAN_POINT('',(-0.017407836639685,-0.100106050775139,-0.0886968));
#4856=CARTESIAN_POINT('',(-0.0175773707394735,-0.100123470277773,-0.0886968));
#4857=CARTESIAN_POINT('',(-0.0177531588873724,-0.100145098542929,-0.0886968));
#4858=CARTESIAN_POINT('',(-0.0179350840390815,-0.100171164224557,-0.0886968));
#4859=CARTESIAN_POINT('',(-0.0181230895363092,-0.100202028940763,-0.0886968));
#4860=CARTESIAN_POINT('',(-0.018279001889213,-0.100230597496684,-0.0886968));
#4861=CARTESIAN_POINT('',(-0.0183724783893295,-0.100249485057632,-0.0886968));
#4862=CARTESIAN_POINT('',(-0.0184006810887825,-0.100255274501367,-0.0886968));
#4863=CARTESIAN_POINT('',(-0.0151800850673163,-0.10347728321623,-0.0886968));
#4864=CARTESIAN_POINT('',(-0.0157134706397896,-0.10335800850091,-0.0886968));
#4865=CARTESIAN_POINT('',(-0.0162965782687724,-0.1032276150294,-0.0886968));
#4866=CARTESIAN_POINT('',(-0.0163142610706224,-0.10322247703015,-0.0886968));
#4867=CARTESIAN_POINT('',(-0.0163326521534967,-0.103217476309809,-0.0886968));
#4868=CARTESIAN_POINT('',(-0.0163542475812959,-0.103210961302371,-0.0886968));
#4869=CARTESIAN_POINT('',(-0.0163831405471672,-0.103201706303229,-0.0886968));
#4870=CARTESIAN_POINT('',(-0.0164178234026125,-0.103189789697365,-0.0886968));
#4871=CARTESIAN_POINT('',(-0.0164586447259315,-0.103174858898586,-0.0886968));
#4872=CARTESIAN_POINT('',(-0.0165053570009494,-0.103156701274206,-0.0886968));
#4873=CARTESIAN_POINT('',(-0.0165578864050994,-0.103135065229783,-0.0886968));
#4874=CARTESIAN_POINT('',(-0.0166160975727198,-0.103109715170901,-0.0886968));
#4875=CARTESIAN_POINT('',(-0.0166798640745747,-0.103080415318284,-0.0886968));
#4876=CARTESIAN_POINT('',(-0.0167490476980559,-0.103046934744329,-0.0886968));
#4877=CARTESIAN_POINT('',(-0.0168235046057078,-0.103009046153119,-0.0886968));
#4878=CARTESIAN_POINT('',(-0.0169030836775797,-0.102966526477805,-0.0886968));
#4879=CARTESIAN_POINT('',(-0.0169876271216273,-0.102919156948565,-0.0886968));
#4880=CARTESIAN_POINT('',(-0.0170769704413544,-0.102866723308461,-0.0886968));
#4881=CARTESIAN_POINT('',(-0.017170942593749,-0.102809015983174,-0.0886968));
#4882=CARTESIAN_POINT('',(-0.0172693660995782,-0.102745830260009,-0.0886968));
#4883=CARTESIAN_POINT('',(-0.0173720571731282,-0.102676966459998,-0.0886968));
#4884=CARTESIAN_POINT('',(-0.0174788258524441,-0.102602230109049,-0.0886968));
#4885=CARTESIAN_POINT('',(-0.0175894761342968,-0.102521432100653,-0.0886968));
#4886=CARTESIAN_POINT('',(-0.0177038061161548,-0.102434388874214,-0.0886968));
#4887=CARTESIAN_POINT('',(-0.0178216081304131,-0.102340922516715,-0.0886968));
#4888=CARTESIAN_POINT('',(-0.0179426689288794,-0.102240861143384,-0.0886968));
#4889=CARTESIAN_POINT('',(-0.0180667696929258,-0.102134038185199,-0.0886968));
#4890=CARTESIAN_POINT('',(-0.0181936867340301,-0.102020295867918,-0.0886968));
#4891=CARTESIAN_POINT('',(-0.0183231895577988,-0.101899472552985,-0.0886968));
#4892=CARTESIAN_POINT('',(-0.0184550490739833,-0.101771452052382,-0.0886968));
#4893=CARTESIAN_POINT('',(-0.0185890068912748,-0.101635975113825,-0.0886968));
#4894=CARTESIAN_POINT('',(-0.0186983504585574,-0.101521219684893,-0.0886968));
#4895=CARTESIAN_POINT('',(-0.0187628727059487,-0.101450995218898,-0.0886968));
#4896=CARTESIAN_POINT('',(-0.0187822862194476,-0.101429734329716,-0.0886968));
#4897=CARTESIAN_POINT('',(-0.01585251344157,-0.103326836491343,-0.0886968));
#4898=CARTESIAN_POINT('',(-0.0160064311184103,-0.104013895503921,-0.0886968));
#4899=CARTESIAN_POINT('',(-0.0153133899087605,-0.10413813164897,-0.0886968));
#4900=CARTESIAN_POINT('',(7.89634012343665E-9,-0.106883246202632,-0.0886968));
#4901=CARTESIAN_POINT('',(7.89634043221743E-9,-0.106883246202632,-0.0886968));
#4902=CARTESIAN_POINT('',(0.0195482589538893,-0.107500696274329,-0.0886968));
#4903=CARTESIAN_POINT('',(0.0195482589538893,-0.107500696274329,-0.0937768));
#4904=CARTESIAN_POINT('',(7.89634043221743E-9,-0.106883246202632,-0.0937768));
#4905=CARTESIAN_POINT('',(0.0195482589538893,-0.106265796130935,-0.0937768));
#4906=CARTESIAN_POINT('',(0.0195482589538893,-0.106265796130935,-0.0886968));
#4907=CARTESIAN_POINT('',(7.89634043221743E-9,-0.106883246202632,-0.0937768));
#4908=CARTESIAN_POINT('',(7.89634043233989E-9,-0.104883246202632,-0.0937768));
#4909=CARTESIAN_POINT('',(-0.00149999210365988,-0.104883246202632,-0.0937768));
#4910=CARTESIAN_POINT('',(0.00150000789634012,-0.104883246202632,-0.0937768));
#4911=CARTESIAN_POINT('',(7.89634012343665E-9,-0.106883246202632,-0.0937768));
#4912=CARTESIAN_POINT('',(-0.0160064311184103,-0.104013895503921,-0.0937768));
#4913=CARTESIAN_POINT('',(-0.01585251344157,-0.103326836491343,-0.0937768));
#4914=CARTESIAN_POINT('',(-0.0153133899087605,-0.10413813164897,-0.0937768));
#4915=CARTESIAN_POINT('',(-0.0151800850673163,-0.10347728321623,-0.0937768));
#4916=CARTESIAN_POINT('',(-0.0157134706397896,-0.10335800850091,-0.0937768));
#4917=CARTESIAN_POINT('',(-0.0162965782687724,-0.1032276150294,-0.0937768));
#4918=CARTESIAN_POINT('',(-0.0163142610706224,-0.10322247703015,-0.0937768));
#4919=CARTESIAN_POINT('',(-0.0163326521534967,-0.103217476309809,-0.0937768));
#4920=CARTESIAN_POINT('',(-0.0163542475812959,-0.103210961302371,-0.0937768));
#4921=CARTESIAN_POINT('',(-0.0163831405471672,-0.103201706303229,-0.0937768));
#4922=CARTESIAN_POINT('',(-0.0164178234026125,-0.103189789697365,-0.0937768));
#4923=CARTESIAN_POINT('',(-0.0164586447259315,-0.103174858898586,-0.0937768));
#4924=CARTESIAN_POINT('',(-0.0165053570009494,-0.103156701274206,-0.0937768));
#4925=CARTESIAN_POINT('',(-0.0165578864050994,-0.103135065229783,-0.0937768));
#4926=CARTESIAN_POINT('',(-0.0166160975727198,-0.103109715170901,-0.0937768));
#4927=CARTESIAN_POINT('',(-0.0166798640745747,-0.103080415318284,-0.0937768));
#4928=CARTESIAN_POINT('',(-0.0167490476980559,-0.103046934744329,-0.0937768));
#4929=CARTESIAN_POINT('',(-0.0168235046057078,-0.103009046153119,-0.0937768));
#4930=CARTESIAN_POINT('',(-0.0169030836775797,-0.102966526477805,-0.0937768));
#4931=CARTESIAN_POINT('',(-0.0169876271216273,-0.102919156948565,-0.0937768));
#4932=CARTESIAN_POINT('',(-0.0170769704413544,-0.102866723308461,-0.0937768));
#4933=CARTESIAN_POINT('',(-0.017170942593749,-0.102809015983174,-0.0937768));
#4934=CARTESIAN_POINT('',(-0.0172693660995782,-0.102745830260009,-0.0937768));
#4935=CARTESIAN_POINT('',(-0.0173720571731282,-0.102676966459998,-0.0937768));
#4936=CARTESIAN_POINT('',(-0.0174788258524441,-0.102602230109049,-0.0937768));
#4937=CARTESIAN_POINT('',(-0.0175894761342968,-0.102521432100653,-0.0937768));
#4938=CARTESIAN_POINT('',(-0.0177038061161548,-0.102434388874214,-0.0937768));
#4939=CARTESIAN_POINT('',(-0.0178216081304131,-0.102340922516715,-0.0937768));
#4940=CARTESIAN_POINT('',(-0.0179426689288794,-0.102240861143384,-0.0937768));
#4941=CARTESIAN_POINT('',(-0.0180667696929258,-0.102134038185199,-0.0937768));
#4942=CARTESIAN_POINT('',(-0.0181936867340301,-0.102020295867918,-0.0937768));
#4943=CARTESIAN_POINT('',(-0.0183231895577988,-0.101899472552985,-0.0937768));
#4944=CARTESIAN_POINT('',(-0.0184550490739833,-0.101771452052382,-0.0937768));
#4945=CARTESIAN_POINT('',(-0.0185890068912748,-0.101635975113825,-0.0937768));
#4946=CARTESIAN_POINT('',(-0.0186983504585574,-0.101521219684893,-0.0937768));
#4947=CARTESIAN_POINT('',(-0.0187628727059487,-0.101450995218898,-0.0937768));
#4948=CARTESIAN_POINT('',(-0.0187822862194476,-0.101429734329716,-0.0937768));
#4949=CARTESIAN_POINT('',(-0.0142829201007104,-0.100716093368377,-0.0937768));
#4950=CARTESIAN_POINT('',(-0.0147845460120325,-0.100499072466785,-0.0937768));
#4951=CARTESIAN_POINT('',(-0.0153329333529779,-0.100261820936377,-0.0937768));
#4952=CARTESIAN_POINT('',(-0.0153502590803683,-0.10025558397494,-0.0937768));
#4953=CARTESIAN_POINT('',(-0.0153680771286256,-0.100248819635393,-0.0937768));
#4954=CARTESIAN_POINT('',(-0.0153893776220064,-0.100241396913151,-0.0937768));
#4955=CARTESIAN_POINT('',(-0.0154181924744201,-0.100231901505506,-0.0937768));
#4956=CARTESIAN_POINT('',(-0.0154532558990732,-0.100221156171228,-0.0937768));
#4957=CARTESIAN_POINT('',(-0.0154950571466985,-0.100209241269353,-0.0937768));
#4958=CARTESIAN_POINT('',(-0.015543520954861,-0.100196474309698,-0.0937768));
#4959=CARTESIAN_POINT('',(-0.0155987354833527,-0.100183102228256,-0.0937768));
#4960=CARTESIAN_POINT('',(-0.0156607296979753,-0.100169395190854,-0.0937768));
#4961=CARTESIAN_POINT('',(-0.0157295399029101,-0.100155618260173,-0.0937768));
#4962=CARTESIAN_POINT('',(-0.015805190017648,-0.100142039499901,-0.0937768));
#4963=CARTESIAN_POINT('',(-0.0158876972764302,-0.100128927341834,-0.0937768));
#4964=CARTESIAN_POINT('',(-0.0159770705360535,-0.100116551076921,-0.0937768));
#4965=CARTESIAN_POINT('',(-0.0160733107297459,-0.100105180441503,-0.0937768));
#4966=CARTESIAN_POINT('',(-0.0161764107141163,-0.100095085461697,-0.0937768));
#4967=CARTESIAN_POINT('',(-0.0162863552971543,-0.10008653622325,-0.0937768));
#4968=CARTESIAN_POINT('',(-0.0164031212222483,-0.100079802661888,-0.0937768));
#4969=CARTESIAN_POINT('',(-0.0165266771719841,-0.100075154347819,-0.0937768));
#4970=CARTESIAN_POINT('',(-0.0166569837729157,-0.100072860270726,-0.0937768));
#4971=CARTESIAN_POINT('',(-0.0167939936091165,-0.100073188628795,-0.0937768));
#4972=CARTESIAN_POINT('',(-0.0169376512322188,-0.100076406600998,-0.0937768));
#4973=CARTESIAN_POINT('',(-0.0170878932102487,-0.100082780185946,-0.0937768));
#4974=CARTESIAN_POINT('',(-0.0172446480531288,-0.100092573785482,-0.0937768));
#4975=CARTESIAN_POINT('',(-0.017407836639685,-0.100106050775139,-0.0937768));
#4976=CARTESIAN_POINT('',(-0.0175773707394735,-0.100123470277773,-0.0937768));
#4977=CARTESIAN_POINT('',(-0.0177531588873724,-0.100145098542929,-0.0937768));
#4978=CARTESIAN_POINT('',(-0.0179350840390815,-0.100171164224557,-0.0937768));
#4979=CARTESIAN_POINT('',(-0.0181230895363092,-0.100202028940763,-0.0937768));
#4980=CARTESIAN_POINT('',(-0.018279001889213,-0.100230597496684,-0.0937768));
#4981=CARTESIAN_POINT('',(-0.0183724783893295,-0.100249485057632,-0.0937768));
#4982=CARTESIAN_POINT('',(-0.0184006810887825,-0.100255274501367,-0.0937768));
#4983=CARTESIAN_POINT('',(-0.0149153564491263,-0.10044256384395,-0.0937768));
#4984=CARTESIAN_POINT('',(-0.0146360353103765,-0.0997962508861214,-0.0937768));
#4985=CARTESIAN_POINT('',(-0.0140023290201065,-0.100103101135725,-0.0937768));
#4986=CARTESIAN_POINT('',(7.89634013731444E-9,-0.106883246202632,-0.0937768));
#4987=CARTESIAN_POINT('',(-0.013715611824233,-0.0995403869549945,-0.0937768));
#4988=CARTESIAN_POINT('',(-0.014336342102596,-0.0992080698481029,-0.0937768));
#4989=CARTESIAN_POINT('',(-0.0139776447820387,-0.0986022010749891,-0.0937768));
#4990=CARTESIAN_POINT('',(-0.0133846179897013,-0.0989530762081931,-0.0937768));
#4991=CARTESIAN_POINT('',(-0.0138550399000666,-0.0986748140065097,-0.0937768));
#4992=CARTESIAN_POINT('',(-0.0143693144116601,-0.0983706122788426,-0.0937768));
#4993=CARTESIAN_POINT('',(-0.0143845440265005,-0.0983602614648952,-0.0937768));
#4994=CARTESIAN_POINT('',(-0.0144004896781404,-0.0983498223400759,-0.0937768));
#4995=CARTESIAN_POINT('',(-0.0144190149024542,-0.0983369528456078,-0.0937768));
#4996=CARTESIAN_POINT('',(-0.0144436337939034,-0.098319222400893,-0.0937768));
#4997=CARTESIAN_POINT('',(-0.0144729367158511,-0.0982971714434877,-0.0937768));
#4998=CARTESIAN_POINT('',(-0.0145071462308351,-0.0982703569273769,-0.0937768));
#4999=CARTESIAN_POINT('',(-0.0145459612298709,-0.0982386531135635,-0.0937768));
#5000=CARTESIAN_POINT('',(-0.014589233756567,-0.0982018435339411,-0.0937768));
#5001=CARTESIAN_POINT('',(-0.0146367622678507,-0.0981597459551962,-0.0937768));
#5002=CARTESIAN_POINT('',(-0.0146883536625699,-0.0981121752066937,-0.0937768));
#5003=CARTESIAN_POINT('',(-0.0147438051321691,-0.0980589543732763,-0.0937768));
#5004=CARTESIAN_POINT('',(-0.0148029096407978,-0.0979999117318998,-0.0937768));
#5005=CARTESIAN_POINT('',(-0.0148654545333948,-0.0979348818320161,-0.0937768));
#5006=CARTESIAN_POINT('',(-0.0149312221372158,-0.0978637053715854,-0.0937768));
#5007=CARTESIAN_POINT('',(-0.0149999897977606,-0.0977862294123616,-0.0937768));
#5008=CARTESIAN_POINT('',(-0.0150715300814322,-0.0977023074925218,-0.0937768));
#5009=CARTESIAN_POINT('',(-0.0151456109357477,-0.0976117997628212,-0.0937768));
#5010=CARTESIAN_POINT('',(-0.0152219958659121,-0.0975145731101862,-0.0937768));
#5011=CARTESIAN_POINT('',(-0.0153004441115708,-0.0974105012802364,-0.0937768));
#5012=CARTESIAN_POINT('',(-0.0153807108254509,-0.0972994649903232,-0.0937768));
#5013=CARTESIAN_POINT('',(-0.01546254726349,-0.0971813520552585,-0.0937768));
#5014=CARTESIAN_POINT('',(-0.0155457009439136,-0.0970560574425274,-0.0937768));
#5015=CARTESIAN_POINT('',(-0.0156299159403229,-0.0969234835773125,-0.0937768));
#5016=CARTESIAN_POINT('',(-0.0157149326711777,-0.096783539661735,-0.0937768));
#5017=CARTESIAN_POINT('',(-0.0158004896411296,-0.0966361447671295,-0.0937768));
#5018=CARTESIAN_POINT('',(-0.0158863176879225,-0.0964812163927784,-0.0937768));
#5019=CARTESIAN_POINT('',(-0.0159721630297105,-0.0963187148300891,-0.0937768));
#5020=CARTESIAN_POINT('',(-0.0160576998083941,-0.0961484733627943,-0.0937768));
#5021=CARTESIAN_POINT('',(-0.0161262303428365,-0.0960055454438126,-0.0937768));
#5022=CARTESIAN_POINT('',(-0.016165894093251,-0.0959188195368661,-0.0937768));
#5023=CARTESIAN_POINT('',(-0.0161777874656953,-0.0958926001240754,-0.0937768));
#5024=CARTESIAN_POINT('',(-0.0116781088143369,-0.0966042678321033,-0.0937768));
#5025=CARTESIAN_POINT('',(-0.0120881202593157,-0.0962428577580546,-0.0937768));
#5026=CARTESIAN_POINT('',(-0.012536352858538,-0.0958477571362066,-0.0937768));
#5027=CARTESIAN_POINT('',(-0.0125509032773951,-0.0958364714891873,-0.0937768));
#5028=CARTESIAN_POINT('',(-0.012565758952422,-0.0958245321402641,-0.0937768));
#5029=CARTESIAN_POINT('',(-0.0125837231781349,-0.0958108904974643,-0.0937768));
#5030=CARTESIAN_POINT('',(-0.0126081934889582,-0.0957929555490623,-0.0937768));
#5031=CARTESIAN_POINT('',(-0.0126382202965557,-0.095771900934778,-0.0937768));
#5032=CARTESIAN_POINT('',(-0.0126742937383336,-0.0957476518938073,-0.0937768));
#5033=CARTESIAN_POINT('',(-0.0127164403513909,-0.0957205336532991,-0.0937768));
#5034=CARTESIAN_POINT('',(-0.0127648202880915,-0.0956907538204673,-0.0937768));
#5035=CARTESIAN_POINT('',(-0.0128195445823812,-0.0956585603873554,-0.0937768));
#5036=CARTESIAN_POINT('',(-0.0128807296704612,-0.0956241942249453,-0.0937768));
#5037=CARTESIAN_POINT('',(-0.0129484811373547,-0.0955879028854257,-0.0937768));
#5038=CARTESIAN_POINT('',(-0.0130228983237855,-0.09554993633693,-0.0937768));
#5039=CARTESIAN_POINT('',(-0.0131040728685478,-0.0955105479534712,-0.0937768));
#5040=CARTESIAN_POINT('',(-0.0131920890123073,-0.0954699939811687,-0.0937768));
#5041=CARTESIAN_POINT('',(-0.013287023403955,-0.0954285334375529,-0.0937768));
#5042=CARTESIAN_POINT('',(-0.0133889450561156,-0.0953864278840204,-0.0937768));
#5043=CARTESIAN_POINT('',(-0.0134979152651637,-0.0953439412313907,-0.0937768));
#5044=CARTESIAN_POINT('',(-0.0136139875482447,-0.0953013395337816,-0.0937768));
#5045=CARTESIAN_POINT('',(-0.0137372075813688,-0.0952588907826461,-0.0937768));
#5046=CARTESIAN_POINT('',(-0.0138676131471074,-0.0952168647019444,-0.0937768));
#5047=CARTESIAN_POINT('',(-0.0140052340737727,-0.0951755325284675,-0.0937768));
#5048=CARTESIAN_POINT('',(-0.014150092232063,-0.0951351668434842,-0.0937768));
#5049=CARTESIAN_POINT('',(-0.0143022013355377,-0.0950960411997407,-0.0937768));
#5050=CARTESIAN_POINT('',(-0.0144615675230039,-0.0950584305320399,-0.0937768));
#5051=CARTESIAN_POINT('',(-0.0146281869556895,-0.0950226085455699,-0.0937768));
#5052=CARTESIAN_POINT('',(-0.0148020549207282,-0.0949888567229721,-0.0937768));
#5053=CARTESIAN_POINT('',(-0.0149831307603323,-0.0949574286957545,-0.0937768));
#5054=CARTESIAN_POINT('',(-0.0151714723354041,-0.0949286858915459,-0.0937768));
#5055=CARTESIAN_POINT('',(-0.0153285819638885,-0.0949076766361353,-0.0937768));
#5056=CARTESIAN_POINT('',(-0.0154233199757602,-0.094896753946942,-0.0937768));
#5057=CARTESIAN_POINT('',(-0.015451931373354,-0.0948935449217129,-0.0937768));
#5058=CARTESIAN_POINT('',(-0.0121950662531284,-0.0961486922159767,-0.0937768));
#5059=CARTESIAN_POINT('',(-0.0117296943763276,-0.0956203270446298,-0.0937768));
#5060=CARTESIAN_POINT('',(-0.0112218258214047,-0.0961079849871777,-0.0937768));
#5061=CARTESIAN_POINT('',(7.89634019976448E-9,-0.106883246202632,-0.0937768));
#5062=CARTESIAN_POINT('',(-0.010775253319114,-0.0956614124848869,-0.0937768));
#5063=CARTESIAN_POINT('',(-0.0112629112616618,-0.0951535439299641,-0.0937768));
#5064=CARTESIAN_POINT('',(-0.010734546090315,-0.0946881720531634,-0.0937768));
#5065=CARTESIAN_POINT('',(-0.0102789704741884,-0.0952051294919548,-0.0937768));
#5066=CARTESIAN_POINT('',(-0.010640380548237,-0.094795118046976,-0.0937768));
#5067=CARTESIAN_POINT('',(-0.0110354811700851,-0.0943468854477537,-0.0937768));
#5068=CARTESIAN_POINT('',(-0.0110467668171044,-0.0943323350288966,-0.0937768));
#5069=CARTESIAN_POINT('',(-0.0110587061660276,-0.0943174793538697,-0.0937768));
#5070=CARTESIAN_POINT('',(-0.0110723478088274,-0.0942995151281567,-0.0937768));
#5071=CARTESIAN_POINT('',(-0.0110902827572294,-0.0942750448173335,-0.0937768));
#5072=CARTESIAN_POINT('',(-0.0111113373715137,-0.094245018009736,-0.0937768));
#5073=CARTESIAN_POINT('',(-0.0111355864124844,-0.0942089445679581,-0.0937768));
#5074=CARTESIAN_POINT('',(-0.0111627046529926,-0.0941667979549008,-0.0937768));
#5075=CARTESIAN_POINT('',(-0.0111924844858244,-0.0941184180182002,-0.0937768));
#5076=CARTESIAN_POINT('',(-0.0112246779189363,-0.0940636937239105,-0.0937768));
#5077=CARTESIAN_POINT('',(-0.0112590440813463,-0.0940025086358305,-0.0937768));
#5078=CARTESIAN_POINT('',(-0.011295335420866,-0.093934757168937,-0.0937768));
#5079=CARTESIAN_POINT('',(-0.0113333019693617,-0.0938603399825062,-0.0937768));
#5080=CARTESIAN_POINT('',(-0.0113726903528205,-0.0937791654377439,-0.0937768));
#5081=CARTESIAN_POINT('',(-0.011413244325123,-0.0936911492939844,-0.0937768));
#5082=CARTESIAN_POINT('',(-0.0114547048687389,-0.0935962149023367,-0.0937768));
#5083=CARTESIAN_POINT('',(-0.0114968104222713,-0.0934942932501761,-0.0937768));
#5084=CARTESIAN_POINT('',(-0.011539297074901,-0.093385323041128,-0.0937768));
#5085=CARTESIAN_POINT('',(-0.0115818987725101,-0.093269250758047,-0.0937768));
#5086=CARTESIAN_POINT('',(-0.0116243475236456,-0.0931460307249229,-0.0937768));
#5087=CARTESIAN_POINT('',(-0.0116663736043473,-0.0930156251591842,-0.0937768));
#5088=CARTESIAN_POINT('',(-0.0117077057778242,-0.092878004232519,-0.0937768));
#5089=CARTESIAN_POINT('',(-0.0117480714628075,-0.0927331460742287,-0.0937768));
#5090=CARTESIAN_POINT('',(-0.011787197106551,-0.092581036970754,-0.0937768));
#5091=CARTESIAN_POINT('',(-0.0118248077742518,-0.0924216707832878,-0.0937768));
#5092=CARTESIAN_POINT('',(-0.0118606297607218,-0.0922550513506022,-0.0937768));
#5093=CARTESIAN_POINT('',(-0.0118943815833197,-0.0920811833855635,-0.0937768));
#5094=CARTESIAN_POINT('',(-0.0119258096105372,-0.0919001075459593,-0.0937768));
#5095=CARTESIAN_POINT('',(-0.0119545524147458,-0.0917117659708876,-0.0937768));
#5096=CARTESIAN_POINT('',(-0.0119755616701564,-0.0915546563424032,-0.0937768));
#5097=CARTESIAN_POINT('',(-0.0119864843593497,-0.0914599183305315,-0.0937768));
#5098=CARTESIAN_POINT('',(-0.0119896933845788,-0.0914313069329377,-0.0937768));
#5099=CARTESIAN_POINT('',(-0.00793016209809861,-0.0934986203165904,-0.0937768));
#5100=CARTESIAN_POINT('',(-0.00820842429978197,-0.093028198406225,-0.0937768));
#5101=CARTESIAN_POINT('',(-0.00851262602744913,-0.0925139238946316,-0.0937768));
#5102=CARTESIAN_POINT('',(-0.00852297684139646,-0.0924986942797912,-0.0937768));
#5103=CARTESIAN_POINT('',(-0.00853341596621574,-0.0924827486281513,-0.0937768));
#5104=CARTESIAN_POINT('',(-0.00854628546068392,-0.0924642234038374,-0.0937768));
#5105=CARTESIAN_POINT('',(-0.00856401590539868,-0.0924396045123882,-0.0937768));
#5106=CARTESIAN_POINT('',(-0.00858606686280401,-0.0924103015904406,-0.0937768));
#5107=CARTESIAN_POINT('',(-0.00861288137891482,-0.0923760920754566,-0.0937768));
#5108=CARTESIAN_POINT('',(-0.00864458519272818,-0.0923372770764208,-0.0937768));
#5109=CARTESIAN_POINT('',(-0.00868139477235055,-0.0922940045497246,-0.0937768));
#5110=CARTESIAN_POINT('',(-0.00872349235109552,-0.0922464760384409,-0.0937768));
#5111=CARTESIAN_POINT('',(-0.00877106309959797,-0.0921948846437217,-0.0937768));
#5112=CARTESIAN_POINT('',(-0.00882428393301541,-0.0921394331741226,-0.0937768));
#5113=CARTESIAN_POINT('',(-0.00888332657439184,-0.0920803286654938,-0.0937768));
#5114=CARTESIAN_POINT('',(-0.00894835647427563,-0.0920177837728968,-0.0937768));
#5115=CARTESIAN_POINT('',(-0.00901953293470628,-0.0919520161690759,-0.0937768));
#5116=CARTESIAN_POINT('',(-0.00909700889393005,-0.0918832485085311,-0.0937768));
#5117=CARTESIAN_POINT('',(-0.00918093081376992,-0.0918117082248594,-0.0937768));
#5118=CARTESIAN_POINT('',(-0.00927143854347046,-0.0917376273705439,-0.0937768));
#5119=CARTESIAN_POINT('',(-0.00936866519610545,-0.0916612424403796,-0.0937768));
#5120=CARTESIAN_POINT('',(-0.00947273702605533,-0.0915827941947208,-0.0937768));
#5121=CARTESIAN_POINT('',(-0.00958377331596848,-0.0915025274808408,-0.0937768));
#5122=CARTESIAN_POINT('',(-0.00970188625103319,-0.0914206910428017,-0.0937768));
#5123=CARTESIAN_POINT('',(-0.00982718086376426,-0.0913375373623781,-0.0937768));
#5124=CARTESIAN_POINT('',(-0.00995975472897917,-0.0912533223659688,-0.0937768));
#5125=CARTESIAN_POINT('',(-0.0100996986445566,-0.091168305635114,-0.0937768));
#5126=CARTESIAN_POINT('',(-0.0102470935391621,-0.0910827486651621,-0.0937768));
#5127=CARTESIAN_POINT('',(-0.0104020219135133,-0.0909969206183692,-0.0937768));
#5128=CARTESIAN_POINT('',(-0.0105645234762026,-0.0909110752765812,-0.0937768));
#5129=CARTESIAN_POINT('',(-0.0107347649434974,-0.0908255384978976,-0.0937768));
#5130=CARTESIAN_POINT('',(-0.0108776928624791,-0.0907570079634551,-0.0937768));
#5131=CARTESIAN_POINT('',(-0.0109644187694256,-0.0907173442130407,-0.0937768));
#5132=CARTESIAN_POINT('',(-0.0109906381822163,-0.0907054508405963,-0.0937768));
#5133=CARTESIAN_POINT('',(-0.00828103723130257,-0.0929055935242529,-0.0937768));
#5134=CARTESIAN_POINT('',(-0.00767516845818872,-0.0925468962036956,-0.0937768));
#5135=CARTESIAN_POINT('',(-0.00734285135129711,-0.0931676264820586,-0.0937768));
#5136=CARTESIAN_POINT('',(7.89634028303121E-9,-0.106883246202632,-0.0937768));
#5137=CARTESIAN_POINT('',(-0.0067801371705669,-0.0928809092861852,-0.0937768));
#5138=CARTESIAN_POINT('',(-0.00708698742017027,-0.0922472029959152,-0.0937768));
#5139=CARTESIAN_POINT('',(-0.00644067446234183,-0.0919678818571654,-0.0937768));
#5140=CARTESIAN_POINT('',(-0.00616714493791463,-0.0926003182055812,-0.0937768));
#5141=CARTESIAN_POINT('',(-0.0063841658395066,-0.0920986922942592,-0.0937768));
#5142=CARTESIAN_POINT('',(-0.00662141736991491,-0.0915503049533137,-0.0937768));
#5143=CARTESIAN_POINT('',(-0.00662765433135116,-0.0915329792259234,-0.0937768));
#5144=CARTESIAN_POINT('',(-0.0066344186708986,-0.0915151611776661,-0.0937768));
#5145=CARTESIAN_POINT('',(-0.00664184139314022,-0.0914938606842852,-0.0937768));
#5146=CARTESIAN_POINT('',(-0.00665133680078538,-0.0914650458318715,-0.0937768));
#5147=CARTESIAN_POINT('',(-0.00666208213506409,-0.0914299824072185,-0.0937768));
#5148=CARTESIAN_POINT('',(-0.00667399703693822,-0.0913881811595932,-0.0937768));
#5149=CARTESIAN_POINT('',(-0.00668676399659391,-0.0913397173514307,-0.0937768));
#5150=CARTESIAN_POINT('',(-0.00670013607803551,-0.091284502822939,-0.0937768));
#5151=CARTESIAN_POINT('',(-0.00671384311543783,-0.0912225086083163,-0.0937768));
#5152=CARTESIAN_POINT('',(-0.00672762004611891,-0.0911536984033816,-0.0937768));
#5153=CARTESIAN_POINT('',(-0.00674119880639024,-0.0910780482886437,-0.0937768));
#5154=CARTESIAN_POINT('',(-0.00675431096445758,-0.0909955410298614,-0.0937768));
#5155=CARTESIAN_POINT('',(-0.00676668722937019,-0.0909061677702382,-0.0937768));
#5156=CARTESIAN_POINT('',(-0.0067780578647891,-0.0908099275765458,-0.0937768));
#5157=CARTESIAN_POINT('',(-0.00678815284459437,-0.0907068275921754,-0.0937768));
#5158=CARTESIAN_POINT('',(-0.00679670208304117,-0.0905968830091373,-0.0937768));
#5159=CARTESIAN_POINT('',(-0.00680343564440378,-0.0904801170840434,-0.0937768));
#5160=CARTESIAN_POINT('',(-0.00680808395847221,-0.0903565611343076,-0.0937768));
#5161=CARTESIAN_POINT('',(-0.00681037803556544,-0.0902262545333759,-0.0937768));
#5162=CARTESIAN_POINT('',(-0.0068100496774968,-0.0900892446971752,-0.0937768));
#5163=CARTESIAN_POINT('',(-0.00680683170529351,-0.0899455870740728,-0.0937768));
#5164=CARTESIAN_POINT('',(-0.00680045812034604,-0.0897953450960429,-0.0937768));
#5165=CARTESIAN_POINT('',(-0.00679066452080967,-0.0896385902531628,-0.0937768));
#5166=CARTESIAN_POINT('',(-0.00677718753115294,-0.0894754016666067,-0.0937768));
#5167=CARTESIAN_POINT('',(-0.0067597680285189,-0.0893058675668182,-0.0937768));
#5168=CARTESIAN_POINT('',(-0.00673813976336309,-0.0891300794189193,-0.0937768));
#5169=CARTESIAN_POINT('',(-0.00671207408173424,-0.0889481542672102,-0.0937768));
#5170=CARTESIAN_POINT('',(-0.00668120936552887,-0.0887601487699825,-0.0937768));
#5171=CARTESIAN_POINT('',(-0.00665264080960812,-0.0886042364170787,-0.0937768));
#5172=CARTESIAN_POINT('',(-0.00663375324865921,-0.0885107599169622,-0.0937768));
#5173=CARTESIAN_POINT('',(-0.00662796380492499,-0.0884825572175091,-0.0937768));
#5174=CARTESIAN_POINT('',(-0.0034059550900614,-0.0917031532389753,-0.0937768));
#5175=CARTESIAN_POINT('',(-0.00352522980538177,-0.0911697676665021,-0.0937768));
#5176=CARTESIAN_POINT('',(-0.00365562327689163,-0.0905866600375193,-0.0937768));
#5177=CARTESIAN_POINT('',(-0.00366076127614171,-0.0905689772356692,-0.0937768));
#5178=CARTESIAN_POINT('',(-0.00366576199648239,-0.090550586152795,-0.0937768));
#5179=CARTESIAN_POINT('',(-0.00367227700392021,-0.0905289907249958,-0.0937768));
#5180=CARTESIAN_POINT('',(-0.00368153200306252,-0.0905000977591244,-0.0937768));
#5181=CARTESIAN_POINT('',(-0.00369344860892673,-0.0904654149036791,-0.0937768));
#5182=CARTESIAN_POINT('',(-0.00370837940770582,-0.0904245935803601,-0.0937768));
#5183=CARTESIAN_POINT('',(-0.00372653703208571,-0.0903778813053423,-0.0937768));
#5184=CARTESIAN_POINT('',(-0.00374817307650901,-0.0903253519011922,-0.0937768));
#5185=CARTESIAN_POINT('',(-0.00377352313539066,-0.0902671407335718,-0.0937768));
#5186=CARTESIAN_POINT('',(-0.00380282298800722,-0.090203374231717,-0.0937768));
#5187=CARTESIAN_POINT('',(-0.00383630356196232,-0.0901341906082358,-0.0937768));
#5188=CARTESIAN_POINT('',(-0.0038741921531722,-0.0900597337005839,-0.0937768));
#5189=CARTESIAN_POINT('',(-0.00391671182848686,-0.089980154628712,-0.0937768));
#5190=CARTESIAN_POINT('',(-0.00396408135772628,-0.0898956111846644,-0.0937768));
#5191=CARTESIAN_POINT('',(-0.00401651499783049,-0.0898062678649372,-0.0937768));
#5192=CARTESIAN_POINT('',(-0.00407422232311726,-0.0897122957125426,-0.0937768));
#5193=CARTESIAN_POINT('',(-0.00413740804628273,-0.0896138722067134,-0.0937768));
#5194=CARTESIAN_POINT('',(-0.0042062718462939,-0.0895111811331635,-0.0937768));
#5195=CARTESIAN_POINT('',(-0.00428100819724303,-0.0894044124538476,-0.0937768));
#5196=CARTESIAN_POINT('',(-0.0043618062056386,-0.0892937621719949,-0.0937768));
#5197=CARTESIAN_POINT('',(-0.00444884943207746,-0.0891794321901369,-0.0937768));
#5198=CARTESIAN_POINT('',(-0.00454231578957629,-0.0890616301758786,-0.0937768));
#5199=CARTESIAN_POINT('',(-0.00464237716290766,-0.0889405693774123,-0.0937768));
#5200=CARTESIAN_POINT('',(-0.00474920012109313,-0.0888164686133659,-0.0937768));
#5201=CARTESIAN_POINT('',(-0.00486294243837398,-0.0886895515722615,-0.0937768));
#5202=CARTESIAN_POINT('',(-0.00498376575330667,-0.0885600487484928,-0.0937768));
#5203=CARTESIAN_POINT('',(-0.00511178625391003,-0.0884281892323083,-0.0937768));
#5204=CARTESIAN_POINT('',(-0.00524726319246711,-0.0882942314150169,-0.0937768));
#5205=CARTESIAN_POINT('',(-0.00536201862139883,-0.0881848878477343,-0.0937768));
#5206=CARTESIAN_POINT('',(-0.00543224308739317,-0.0881203656003429,-0.0937768));
#5207=CARTESIAN_POINT('',(-0.00545350397657547,-0.0881009520868441,-0.0937768));
#5208=CARTESIAN_POINT('',(-0.00355640181494902,-0.0910307248647216,-0.0937768));
#5209=CARTESIAN_POINT('',(-0.00286934280237039,-0.0908768071878813,-0.0937768));
#5210=CARTESIAN_POINT('',(-0.00274510665732204,-0.0915698483975311,-0.0937768));
#5211=CARTESIAN_POINT('',(7.89634037670628E-9,-0.106883246202632,-0.0937768));
#5212=CARTESIAN_POINT('',(-0.00212133318282245,-0.0914710523848832,-0.0937768));
#5213=CARTESIAN_POINT('',(-0.00221733909909879,-0.0907735399462491,-0.0937768));
#5214=CARTESIAN_POINT('',(-0.00151634397022822,-0.0907076114447559,-0.0937768));
#5215=CARTESIAN_POINT('',(-0.00145163551314353,-0.0913936194265699,-0.0937768));
#5216=CARTESIAN_POINT('',(-0.0015030237243575,-0.0908494816881382,-0.0937768));
#5217=CARTESIAN_POINT('',(-0.00155920233050107,-0.0902546195792406,-0.0937768));
#5218=CARTESIAN_POINT('',(-0.00155978008911339,-0.0902362145062294,-0.0937768));
#5219=CARTESIAN_POINT('',(-0.0015607072786003,-0.0902171782394507,-0.0937768));
#5220=CARTESIAN_POINT('',(-0.0015611844925136,-0.0901946265191034,-0.0937768));
#5221=CARTESIAN_POINT('',(-0.00156131088274317,-0.0901642877236184,-0.0937768));
#5222=CARTESIAN_POINT('',(-0.00156069510882993,-0.0901276199342161,-0.0937768));
#5223=CARTESIAN_POINT('',(-0.00155910955799604,-0.0900841826781074,-0.0937768));
#5224=CARTESIAN_POINT('',(-0.00155627551783553,-0.0900341456500499,-0.0937768));
#5225=CARTESIAN_POINT('',(-0.00155193089538665,-0.089977501312518,-0.0937768));
#5226=CARTESIAN_POINT('',(-0.0015458097967559,-0.0899143056032287,-0.0937768));
#5227=CARTESIAN_POINT('',(-0.00153764891374342,-0.0898446059037271,-0.0937768));
#5228=CARTESIAN_POINT('',(-0.00152718591110226,-0.0897684623014608,-0.0937768));
#5229=CARTESIAN_POINT('',(-0.00151416016935189,-0.0896859413556785,-0.0937768));
#5230=CARTESIAN_POINT('',(-0.00149831284067815,-0.0895971178585465,-0.0937768));
#5231=CARTESIAN_POINT('',(-0.00147938710219484,-0.0895020742756245,-0.0937768));
#5232=CARTESIAN_POINT('',(-0.00145712835123024,-0.0894009008433413,-0.0937768));
#5233=CARTESIAN_POINT('',(-0.00143128441556622,-0.0892936954712426,-0.0937768));
#5234=CARTESIAN_POINT('',(-0.00140160575776007,-0.0891805636924071,-0.0937768));
#5235=CARTESIAN_POINT('',(-0.00136784567892012,-0.0890616185932415,-0.0937768));
#5236=CARTESIAN_POINT('',(-0.00132976052172143,-0.088936980742501,-0.0937768));
#5237=CARTESIAN_POINT('',(-0.00128710986685801,-0.0888067781132092,-0.0937768));
#5238=CARTESIAN_POINT('',(-0.00123965674651466,-0.0886711460027405,-0.0937768));
#5239=CARTESIAN_POINT('',(-0.00118716778253846,-0.0885302269365779,-0.0937768));
#5240=CARTESIAN_POINT('',(-0.00112941360548089,-0.0883841706104888,-0.0937768));
#5241=CARTESIAN_POINT('',(-0.00106616818011393,-0.0882331336606965,-0.0937768));
#5242=CARTESIAN_POINT('',(-0.000997212330662512,-0.0880772800727059,-0.0937768));
#5243=CARTESIAN_POINT('',(-0.000922321103039459,-0.0879167791106511,-0.0937768));
#5244=CARTESIAN_POINT('',(-0.000841313203092331,-0.0877518127482336,-0.0937768));
#5245=CARTESIAN_POINT('',(-0.000753862219942326,-0.0875825466168299,-0.0937768));
#5246=CARTESIAN_POINT('',(-0.000678512341992506,-0.087443093326914,-0.0937768));
#5247=CARTESIAN_POINT('',(-0.00063166337696443,-0.0873600284696733,-0.0937768));
#5248=CARTESIAN_POINT('',(-0.000617442175357027,-0.0873349951450832,-0.0937768));
#5249=CARTESIAN_POINT('',(0.00145165130582438,-0.0913936194265699,-0.0937768));
#5250=CARTESIAN_POINT('',(0.00150303951703833,-0.0908494816881382,-0.0937768));
#5251=CARTESIAN_POINT('',(0.0015592181231819,-0.0902546195792406,-0.0937768));
#5252=CARTESIAN_POINT('',(0.00155979588179422,-0.0902362145062294,-0.0937768));
#5253=CARTESIAN_POINT('',(0.00156072307128114,-0.0902171782394507,-0.0937768));
#5254=CARTESIAN_POINT('',(0.00156120028519443,-0.0901946265191034,-0.0937768));
#5255=CARTESIAN_POINT('',(0.00156132667542401,-0.0901642877236184,-0.0937768));
#5256=CARTESIAN_POINT('',(0.00156071090151076,-0.0901276199342161,-0.0937768));
#5257=CARTESIAN_POINT('',(0.00155912535067689,-0.0900841826781074,-0.0937768));
#5258=CARTESIAN_POINT('',(0.00155629131051636,-0.0900341456500499,-0.0937768));
#5259=CARTESIAN_POINT('',(0.0015519466880675,-0.089977501312518,-0.0937768));
#5260=CARTESIAN_POINT('',(0.00154582558943674,-0.0899143056032287,-0.0937768));
#5261=CARTESIAN_POINT('',(0.00153766470642426,-0.0898446059037271,-0.0937768));
#5262=CARTESIAN_POINT('',(0.00152720170378309,-0.0897684623014608,-0.0937768));
#5263=CARTESIAN_POINT('',(0.00151417596203272,-0.0896859413556785,-0.0937768));
#5264=CARTESIAN_POINT('',(0.00149832863335899,-0.0895971178585464,-0.0937768));
#5265=CARTESIAN_POINT('',(0.00147940289487569,-0.0895020742756245,-0.0937768));
#5266=CARTESIAN_POINT('',(0.00145714414391108,-0.0894009008433413,-0.0937768));
#5267=CARTESIAN_POINT('',(0.00143130020824704,-0.0892936954712427,-0.0937768));
#5268=CARTESIAN_POINT('',(0.0014016215504409,-0.0891805636924071,-0.0937768));
#5269=CARTESIAN_POINT('',(0.00136786147160095,-0.0890616185932415,-0.0937768));
#5270=CARTESIAN_POINT('',(0.00132977631440226,-0.088936980742501,-0.0937768));
#5271=CARTESIAN_POINT('',(0.00128712565953884,-0.0888067781132092,-0.0937768));
#5272=CARTESIAN_POINT('',(0.0012396725391955,-0.0886711460027405,-0.0937768));
#5273=CARTESIAN_POINT('',(0.00118718357521929,-0.0885302269365779,-0.0937768));
#5274=CARTESIAN_POINT('',(0.00112942939816172,-0.0883841706104888,-0.0937768));
#5275=CARTESIAN_POINT('',(0.00106618397279476,-0.0882331336606965,-0.0937768));
#5276=CARTESIAN_POINT('',(0.000997228123343345,-0.0880772800727059,-0.0937768));
#5277=CARTESIAN_POINT('',(0.000922336895720289,-0.0879167791106511,-0.0937768));
#5278=CARTESIAN_POINT('',(0.000841328995773157,-0.0877518127482336,-0.0937768));
#5279=CARTESIAN_POINT('',(0.000753878012623156,-0.0875825466168299,-0.0937768));
#5280=CARTESIAN_POINT('',(0.000678528134673312,-0.087443093326914,-0.0937768));
#5281=CARTESIAN_POINT('',(0.000631679169645249,-0.0873600284696733,-0.0937768));
#5282=CARTESIAN_POINT('',(0.000617457968037864,-0.0873349951450832,-0.0937768));
#5283=CARTESIAN_POINT('',(0.00151635976290907,-0.0907076114447558,-0.0937768));
#5284=CARTESIAN_POINT('',(0.00221735489177964,-0.0907735399462491,-0.0937768));
#5285=CARTESIAN_POINT('',(0.0021213489755033,-0.0914710523848832,-0.0937768));
#5286=CARTESIAN_POINT('',(7.89634047732024E-9,-0.106883246202632,-0.0937768));
#5287=CARTESIAN_POINT('',(0.00274512245000289,-0.0915698483975311,-0.0937768));
#5288=CARTESIAN_POINT('',(0.00286935859505124,-0.0908768071878813,-0.0937768));
#5289=CARTESIAN_POINT('',(0.00355641760762985,-0.0910307248647216,-0.0937768));
#5290=CARTESIAN_POINT('',(0.00340597088274224,-0.0917031532389753,-0.0937768));
#5291=CARTESIAN_POINT('',(0.00352524559806262,-0.091169767666502,-0.0937768));
#5292=CARTESIAN_POINT('',(0.00365563906957247,-0.0905866600375193,-0.0937768));
#5293=CARTESIAN_POINT('',(0.00366077706882254,-0.0905689772356692,-0.0937768));
#5294=CARTESIAN_POINT('',(0.00366577778916324,-0.090550586152795,-0.0937768));
#5295=CARTESIAN_POINT('',(0.00367229279660104,-0.0905289907249958,-0.0937768));
#5296=CARTESIAN_POINT('',(0.00368154779574335,-0.0905000977591244,-0.0937768));
#5297=CARTESIAN_POINT('',(0.00369346440160758,-0.0904654149036791,-0.0937768));
#5298=CARTESIAN_POINT('',(0.00370839520038665,-0.0904245935803601,-0.0937768));
#5299=CARTESIAN_POINT('',(0.00372655282476654,-0.0903778813053423,-0.0937768));
#5300=CARTESIAN_POINT('',(0.00374818886918984,-0.0903253519011922,-0.0937768));
#5301=CARTESIAN_POINT('',(0.0037735389280715,-0.0902671407335718,-0.0937768));
#5302=CARTESIAN_POINT('',(0.00380283878068805,-0.090203374231717,-0.0937768));
#5303=CARTESIAN_POINT('',(0.00383631935464314,-0.0901341906082358,-0.0937768));
#5304=CARTESIAN_POINT('',(0.00387420794585303,-0.0900597337005839,-0.0937768));
#5305=CARTESIAN_POINT('',(0.00391672762116769,-0.0899801546287119,-0.0937768));
#5306=CARTESIAN_POINT('',(0.00396409715040712,-0.0898956111846644,-0.0937768));
#5307=CARTESIAN_POINT('',(0.00401653079051132,-0.0898062678649372,-0.0937768));
#5308=CARTESIAN_POINT('',(0.00407423811579809,-0.0897122957125426,-0.0937768));
#5309=CARTESIAN_POINT('',(0.00413742383896356,-0.0896138722067134,-0.0937768));
#5310=CARTESIAN_POINT('',(0.00420628763897474,-0.0895111811331635,-0.0937768));
#5311=CARTESIAN_POINT('',(0.00428102398992386,-0.0894044124538476,-0.0937768));
#5312=CARTESIAN_POINT('',(0.00436182199831944,-0.0892937621719948,-0.0937768));
#5313=CARTESIAN_POINT('',(0.0044488652247583,-0.0891794321901369,-0.0937768));
#5314=CARTESIAN_POINT('',(0.00454233158225713,-0.0890616301758786,-0.0937768));
#5315=CARTESIAN_POINT('',(0.0046423929555885,-0.0889405693774123,-0.0937768));
#5316=CARTESIAN_POINT('',(0.00474921591377397,-0.0888164686133659,-0.0937768));
#5317=CARTESIAN_POINT('',(0.00486295823105481,-0.0886895515722615,-0.0937768));
#5318=CARTESIAN_POINT('',(0.0049837815459875,-0.0885600487484928,-0.0937768));
#5319=CARTESIAN_POINT('',(0.00511180204659085,-0.0884281892323083,-0.0937768));
#5320=CARTESIAN_POINT('',(0.00524727898514794,-0.0882942314150169,-0.0937768));
#5321=CARTESIAN_POINT('',(0.00536203441407964,-0.0881848878477343,-0.0937768));
#5322=CARTESIAN_POINT('',(0.005432258880074,-0.0881203656003429,-0.0937768));
#5323=CARTESIAN_POINT('',(0.00545351976925631,-0.0881009520868441,-0.0937768));
#5324=CARTESIAN_POINT('',(0.00616716073059547,-0.0926003182055812,-0.0937768));
#5325=CARTESIAN_POINT('',(0.00638418163218743,-0.0920986922942592,-0.0937768));
#5326=CARTESIAN_POINT('',(0.00662143316259573,-0.0915503049533137,-0.0937768));
#5327=CARTESIAN_POINT('',(0.00662767012403199,-0.0915329792259234,-0.0937768));
#5328=CARTESIAN_POINT('',(0.00663443446357943,-0.0915151611776661,-0.0937768));
#5329=CARTESIAN_POINT('',(0.00664185718582106,-0.0914938606842852,-0.0937768));
#5330=CARTESIAN_POINT('',(0.00665135259346621,-0.0914650458318715,-0.0937768));
#5331=CARTESIAN_POINT('',(0.00666209792774491,-0.0914299824072185,-0.0937768));
#5332=CARTESIAN_POINT('',(0.00667401282961904,-0.0913881811595932,-0.0937768));
#5333=CARTESIAN_POINT('',(0.00668677978927474,-0.0913397173514307,-0.0937768));
#5334=CARTESIAN_POINT('',(0.00670015187071634,-0.091284502822939,-0.0937768));
#5335=CARTESIAN_POINT('',(0.00671385890811867,-0.0912225086083163,-0.0937768));
#5336=CARTESIAN_POINT('',(0.00672763583879973,-0.0911536984033816,-0.0937768));
#5337=CARTESIAN_POINT('',(0.00674121459907107,-0.0910780482886437,-0.0937768));
#5338=CARTESIAN_POINT('',(0.00675432675713842,-0.0909955410298614,-0.0937768));
#5339=CARTESIAN_POINT('',(0.00676670302205101,-0.0909061677702382,-0.0937768));
#5340=CARTESIAN_POINT('',(0.00677807365746995,-0.0908099275765458,-0.0937768));
#5341=CARTESIAN_POINT('',(0.00678816863727519,-0.0907068275921754,-0.0937768));
#5342=CARTESIAN_POINT('',(0.006796717875722,-0.0905968830091373,-0.0937768));
#5343=CARTESIAN_POINT('',(0.0068034514370846,-0.0904801170840434,-0.0937768));
#5344=CARTESIAN_POINT('',(0.00680809975115304,-0.0903565611343075,-0.0937768));
#5345=CARTESIAN_POINT('',(0.00681039382824628,-0.0902262545333759,-0.0937768));
#5346=CARTESIAN_POINT('',(0.00681006547017763,-0.0900892446971752,-0.0937768));
#5347=CARTESIAN_POINT('',(0.00680684749797433,-0.0899455870740728,-0.0937768));
#5348=CARTESIAN_POINT('',(0.00680047391302687,-0.0897953450960429,-0.0937768));
#5349=CARTESIAN_POINT('',(0.00679068031349049,-0.0896385902531628,-0.0937768));
#5350=CARTESIAN_POINT('',(0.00677720332383376,-0.0894754016666067,-0.0937768));
#5351=CARTESIAN_POINT('',(0.00675978382119972,-0.0893058675668182,-0.0937768));
#5352=CARTESIAN_POINT('',(0.00673815555604392,-0.0891300794189192,-0.0937768));
#5353=CARTESIAN_POINT('',(0.00671208987441508,-0.0889481542672102,-0.0937768));
#5354=CARTESIAN_POINT('',(0.0066812251582097,-0.0887601487699825,-0.0937768));
#5355=CARTESIAN_POINT('',(0.00665265660228894,-0.0886042364170787,-0.0937768));
#5356=CARTESIAN_POINT('',(0.00663376904134001,-0.0885107599169622,-0.0937768));
#5357=CARTESIAN_POINT('',(0.00662797959760581,-0.0884825572175091,-0.0937768));
#5358=CARTESIAN_POINT('',(0.00644069025502269,-0.0919678818571654,-0.0937768));
#5359=CARTESIAN_POINT('',(0.00708700321285113,-0.0922472029959152,-0.0937768));
#5360=CARTESIAN_POINT('',(0.00678015296324776,-0.0928809092861852,-0.0937768));
#5361=CARTESIAN_POINT('',(7.8963405779342E-9,-0.106883246202632,-0.0937768));
#5362=CARTESIAN_POINT('',(0.00734286714397798,-0.0931676264820586,-0.0937768));
#5363=CARTESIAN_POINT('',(0.00767518425086955,-0.0925468962036957,-0.0937768));
#5364=CARTESIAN_POINT('',(0.00828105302398339,-0.0929055935242529,-0.0937768));
#5365=CARTESIAN_POINT('',(0.00793017789077945,-0.0934986203165904,-0.0937768));
#5366=CARTESIAN_POINT('',(0.0082084400924628,-0.093028198406225,-0.0937768));
#5367=CARTESIAN_POINT('',(0.00851264182012996,-0.0925139238946316,-0.0937768));
#5368=CARTESIAN_POINT('',(0.00852299263407729,-0.0924986942797911,-0.0937768));
#5369=CARTESIAN_POINT('',(0.00853343175889658,-0.0924827486281513,-0.0937768));
#5370=CARTESIAN_POINT('',(0.00854630125336476,-0.0924642234038374,-0.0937768));
#5371=CARTESIAN_POINT('',(0.00856403169807952,-0.0924396045123882,-0.0937768));
#5372=CARTESIAN_POINT('',(0.00858608265548485,-0.0924103015904406,-0.0937768));
#5373=CARTESIAN_POINT('',(0.00861289717159565,-0.0923760920754566,-0.0937768));
#5374=CARTESIAN_POINT('',(0.00864460098540901,-0.0923372770764208,-0.0937768));
#5375=CARTESIAN_POINT('',(0.00868141056503138,-0.0922940045497246,-0.0937768));
#5376=CARTESIAN_POINT('',(0.00872350814377635,-0.0922464760384409,-0.0937768));
#5377=CARTESIAN_POINT('',(0.00877107889227881,-0.0921948846437217,-0.0937768));
#5378=CARTESIAN_POINT('',(0.00882429972569624,-0.0921394331741226,-0.0937768));
#5379=CARTESIAN_POINT('',(0.00888334236707267,-0.0920803286654938,-0.0937768));
#5380=CARTESIAN_POINT('',(0.00894837226695644,-0.0920177837728968,-0.0937768));
#5381=CARTESIAN_POINT('',(0.00901954872738713,-0.0919520161690759,-0.0937768));
#5382=CARTESIAN_POINT('',(0.00909702468661087,-0.0918832485085311,-0.0937768));
#5383=CARTESIAN_POINT('',(0.00918094660645075,-0.0918117082248594,-0.0937768));
#5384=CARTESIAN_POINT('',(0.00927145433615127,-0.0917376273705439,-0.0937768));
#5385=CARTESIAN_POINT('',(0.00936868098878628,-0.0916612424403796,-0.0937768));
#5386=CARTESIAN_POINT('',(0.00947275281873616,-0.0915827941947208,-0.0937768));
#5387=CARTESIAN_POINT('',(0.0095837891086493,-0.0915025274808408,-0.0937768));
#5388=CARTESIAN_POINT('',(0.00970190204371402,-0.0914206910428017,-0.0937768));
#5389=CARTESIAN_POINT('',(0.0098271966564451,-0.0913375373623781,-0.0937768));
#5390=CARTESIAN_POINT('',(0.00995977052165999,-0.0912533223659688,-0.0937768));
#5391=CARTESIAN_POINT('',(0.0100997144372375,-0.0911683056351139,-0.0937768));
#5392=CARTESIAN_POINT('',(0.010247109331843,-0.0910827486651621,-0.0937768));
#5393=CARTESIAN_POINT('',(0.0104020377061942,-0.0909969206183692,-0.0937768));
#5394=CARTESIAN_POINT('',(0.0105645392688834,-0.0909110752765812,-0.0937768));
#5395=CARTESIAN_POINT('',(0.0107347807361783,-0.0908255384978976,-0.0937768));
#5396=CARTESIAN_POINT('',(0.0108777086551599,-0.0907570079634551,-0.0937768));
#5397=CARTESIAN_POINT('',(0.0109644345621064,-0.0907173442130407,-0.0937768));
#5398=CARTESIAN_POINT('',(0.0109906539748971,-0.0907054508405963,-0.0937768));
#5399=CARTESIAN_POINT('',(0.0102789862668693,-0.0952051294919548,-0.0937768));
#5400=CARTESIAN_POINT('',(0.0106403963409179,-0.094795118046976,-0.0937768));
#5401=CARTESIAN_POINT('',(0.0110354969627659,-0.0943468854477536,-0.0937768));
#5402=CARTESIAN_POINT('',(0.0110467826097853,-0.0943323350288966,-0.0937768));
#5403=CARTESIAN_POINT('',(0.0110587219587084,-0.0943174793538697,-0.0937768));
#5404=CARTESIAN_POINT('',(0.0110723636015082,-0.0942995151281567,-0.0937768));
#5405=CARTESIAN_POINT('',(0.0110902985499103,-0.0942750448173335,-0.0937768));
#5406=CARTESIAN_POINT('',(0.0111113531641945,-0.0942450180097359,-0.0937768));
#5407=CARTESIAN_POINT('',(0.0111356022051652,-0.094208944567958,-0.0937768));
#5408=CARTESIAN_POINT('',(0.0111627204456734,-0.0941667979549007,-0.0937768));
#5409=CARTESIAN_POINT('',(0.0111925002785052,-0.0941184180182001,-0.0937768));
#5410=CARTESIAN_POINT('',(0.0112246937116172,-0.0940636937239105,-0.0937768));
#5411=CARTESIAN_POINT('',(0.0112590598740272,-0.0940025086358305,-0.0937768));
#5412=CARTESIAN_POINT('',(0.0112953512135469,-0.0939347571689369,-0.0937768));
#5413=CARTESIAN_POINT('',(0.0113333177620425,-0.0938603399825061,-0.0937768));
#5414=CARTESIAN_POINT('',(0.0113727061455013,-0.0937791654377438,-0.0937768));
#5415=CARTESIAN_POINT('',(0.0114132601178038,-0.0936911492939844,-0.0937768));
#5416=CARTESIAN_POINT('',(0.0114547206614197,-0.0935962149023367,-0.0937768));
#5417=CARTESIAN_POINT('',(0.0114968262149521,-0.093494293250176,-0.0937768));
#5418=CARTESIAN_POINT('',(0.0115393128675818,-0.093385323041128,-0.0937768));
#5419=CARTESIAN_POINT('',(0.0115819145651909,-0.093269250758047,-0.0937768));
#5420=CARTESIAN_POINT('',(0.0116243633163264,-0.0931460307249229,-0.0937768));
#5421=CARTESIAN_POINT('',(0.0116663893970281,-0.0930156251591842,-0.0937768));
#5422=CARTESIAN_POINT('',(0.011707721570505,-0.092878004232519,-0.0937768));
#5423=CARTESIAN_POINT('',(0.0117480872554883,-0.0927331460742287,-0.0937768));
#5424=CARTESIAN_POINT('',(0.0117872128992318,-0.0925810369707539,-0.0937768));
#5425=CARTESIAN_POINT('',(0.0118248235669326,-0.0924216707832877,-0.0937768));
#5426=CARTESIAN_POINT('',(0.0118606455534026,-0.0922550513506022,-0.0937768));
#5427=CARTESIAN_POINT('',(0.0118943973760005,-0.0920811833855635,-0.0937768));
#5428=CARTESIAN_POINT('',(0.011925825403218,-0.0919001075459593,-0.0937768));
#5429=CARTESIAN_POINT('',(0.0119545682074266,-0.0917117659708876,-0.0937768));
#5430=CARTESIAN_POINT('',(0.0119755774628373,-0.0915546563424032,-0.0937768));
#5431=CARTESIAN_POINT('',(0.0119865001520306,-0.0914599183305315,-0.0937768));
#5432=CARTESIAN_POINT('',(0.0119897091772596,-0.0914313069329377,-0.0937768));
#5433=CARTESIAN_POINT('',(0.0107345618829958,-0.0946881720531633,-0.0937768));
#5434=CARTESIAN_POINT('',(0.0112629270543427,-0.095153543929964,-0.0937768));
#5435=CARTESIAN_POINT('',(0.0107752691117949,-0.0956614124848869,-0.0937768));
#5436=CARTESIAN_POINT('',(7.89634065773148E-9,-0.106883246202632,-0.0937768));
#5437=CARTESIAN_POINT('',(0.0112218416140856,-0.0961079849871776,-0.0937768));
#5438=CARTESIAN_POINT('',(0.0117297101690085,-0.0956203270446298,-0.0937768));
#5439=CARTESIAN_POINT('',(0.0121950820458092,-0.0961486922159767,-0.0937768));
#5440=CARTESIAN_POINT('',(0.0116781246070177,-0.0966042678321032,-0.0937768));
#5441=CARTESIAN_POINT('',(0.0120881360519965,-0.0962428577580546,-0.0937768));
#5442=CARTESIAN_POINT('',(0.0125363686512188,-0.0958477571362066,-0.0937768));
#5443=CARTESIAN_POINT('',(0.0125509190700759,-0.0958364714891872,-0.0937768));
#5444=CARTESIAN_POINT('',(0.0125657747451028,-0.0958245321402641,-0.0937768));
#5445=CARTESIAN_POINT('',(0.0125837389708158,-0.0958108904974643,-0.0937768));
#5446=CARTESIAN_POINT('',(0.012608209281639,-0.0957929555490622,-0.0937768));
#5447=CARTESIAN_POINT('',(0.0126382360892366,-0.0957719009347779,-0.0937768));
#5448=CARTESIAN_POINT('',(0.0126743095310145,-0.0957476518938073,-0.0937768));
#5449=CARTESIAN_POINT('',(0.0127164561440718,-0.0957205336532991,-0.0937768));
#5450=CARTESIAN_POINT('',(0.0127648360807723,-0.0956907538204673,-0.0937768));
#5451=CARTESIAN_POINT('',(0.012819560375062,-0.0956585603873553,-0.0937768));
#5452=CARTESIAN_POINT('',(0.012880745463142,-0.0956241942249453,-0.0937768));
#5453=CARTESIAN_POINT('',(0.0129484969300356,-0.0955879028854256,-0.0937768));
#5454=CARTESIAN_POINT('',(0.0130229141164664,-0.09554993633693,-0.0937768));
#5455=CARTESIAN_POINT('',(0.0131040886612287,-0.0955105479534712,-0.0937768));
#5456=CARTESIAN_POINT('',(0.0131921048049881,-0.0954699939811687,-0.0937768));
#5457=CARTESIAN_POINT('',(0.0132870391966358,-0.0954285334375528,-0.0937768));
#5458=CARTESIAN_POINT('',(0.0133889608487965,-0.0953864278840204,-0.0937768));
#5459=CARTESIAN_POINT('',(0.0134979310578445,-0.0953439412313907,-0.0937768));
#5460=CARTESIAN_POINT('',(0.0136140033409255,-0.0953013395337816,-0.0937768));
#5461=CARTESIAN_POINT('',(0.0137372233740496,-0.0952588907826461,-0.0937768));
#5462=CARTESIAN_POINT('',(0.0138676289397883,-0.0952168647019444,-0.0937768));
#5463=CARTESIAN_POINT('',(0.0140052498664535,-0.0951755325284674,-0.0937768));
#5464=CARTESIAN_POINT('',(0.0141501080247438,-0.0951351668434841,-0.0937768));
#5465=CARTESIAN_POINT('',(0.0143022171282186,-0.0950960411997407,-0.0937768));
#5466=CARTESIAN_POINT('',(0.0144615833156847,-0.0950584305320399,-0.0937768));
#5467=CARTESIAN_POINT('',(0.0146282027483703,-0.0950226085455699,-0.0937768));
#5468=CARTESIAN_POINT('',(0.014802070713409,-0.094988856722972,-0.0937768));
#5469=CARTESIAN_POINT('',(0.0149831465530132,-0.0949574286957545,-0.0937768));
#5470=CARTESIAN_POINT('',(0.0151714881280849,-0.0949286858915459,-0.0937768));
#5471=CARTESIAN_POINT('',(0.0153285977565693,-0.0949076766361352,-0.0937768));
#5472=CARTESIAN_POINT('',(0.015423335768441,-0.0948967539469419,-0.0937768));
#5473=CARTESIAN_POINT('',(0.0154519471660348,-0.0948935449217128,-0.0937768));
#5474=CARTESIAN_POINT('',(0.0133846337823822,-0.098953076208193,-0.0937768));
#5475=CARTESIAN_POINT('',(0.0138550556927475,-0.0986748140065097,-0.0937768));
#5476=CARTESIAN_POINT('',(0.0143693302043409,-0.0983706122788425,-0.0937768));
#5477=CARTESIAN_POINT('',(0.0143845598191814,-0.0983602614648952,-0.0937768));
#5478=CARTESIAN_POINT('',(0.0144005054708213,-0.0983498223400759,-0.0937768));
#5479=CARTESIAN_POINT('',(0.0144190306951351,-0.0983369528456077,-0.0937768));
#5480=CARTESIAN_POINT('',(0.0144436495865843,-0.098319222400893,-0.0937768));
#5481=CARTESIAN_POINT('',(0.0144729525085319,-0.0982971714434876,-0.0937768));
#5482=CARTESIAN_POINT('',(0.0145071620235159,-0.0982703569273768,-0.0937768));
#5483=CARTESIAN_POINT('',(0.0145459770225518,-0.0982386531135635,-0.0937768));
#5484=CARTESIAN_POINT('',(0.0145892495492479,-0.0982018435339411,-0.0937768));
#5485=CARTESIAN_POINT('',(0.0146367780605316,-0.0981597459551961,-0.0937768));
#5486=CARTESIAN_POINT('',(0.0146883694552508,-0.0981121752066937,-0.0937768));
#5487=CARTESIAN_POINT('',(0.01474382092485,-0.0980589543732762,-0.0937768));
#5488=CARTESIAN_POINT('',(0.0148029254334787,-0.0979999117318998,-0.0937768));
#5489=CARTESIAN_POINT('',(0.0148654703260757,-0.097934881832016,-0.0937768));
#5490=CARTESIAN_POINT('',(0.0149312379298966,-0.0978637053715854,-0.0937768));
#5491=CARTESIAN_POINT('',(0.0150000055904415,-0.0977862294123616,-0.0937768));
#5492=CARTESIAN_POINT('',(0.0150715458741131,-0.0977023074925217,-0.0937768));
#5493=CARTESIAN_POINT('',(0.0151456267284286,-0.0976117997628212,-0.0937768));
#5494=CARTESIAN_POINT('',(0.0152220116585929,-0.0975145731101862,-0.0937768));
#5495=CARTESIAN_POINT('',(0.0153004599042517,-0.0974105012802363,-0.0937768));
#5496=CARTESIAN_POINT('',(0.0153807266181317,-0.0972994649903232,-0.0937768));
#5497=CARTESIAN_POINT('',(0.0154625630561707,-0.0971813520552585,-0.0937768));
#5498=CARTESIAN_POINT('',(0.0155457167365945,-0.0970560574425274,-0.0937768));
#5499=CARTESIAN_POINT('',(0.0156299317330038,-0.0969234835773125,-0.0937768));
#5500=CARTESIAN_POINT('',(0.0157149484638586,-0.096783539661735,-0.0937768));
#5501=CARTESIAN_POINT('',(0.0158005054338104,-0.0966361447671295,-0.0937768));
#5502=CARTESIAN_POINT('',(0.0158863334806034,-0.0964812163927783,-0.0937768));
#5503=CARTESIAN_POINT('',(0.0159721788223913,-0.0963187148300891,-0.0937768));
#5504=CARTESIAN_POINT('',(0.016057715601075,-0.0961484733627942,-0.0937768));
#5505=CARTESIAN_POINT('',(0.0161262461355174,-0.0960055454438126,-0.0937768));
#5506=CARTESIAN_POINT('',(0.0161659098859318,-0.0959188195368661,-0.0937768));
#5507=CARTESIAN_POINT('',(0.0161778032583762,-0.0958926001240754,-0.0937768));
#5508=CARTESIAN_POINT('',(0.0139776605747196,-0.0986022010749891,-0.0937768));
#5509=CARTESIAN_POINT('',(0.0143363578952769,-0.0992080698481029,-0.0937768));
#5510=CARTESIAN_POINT('',(0.0137156276169139,-0.0995403869549945,-0.0937768));
#5511=CARTESIAN_POINT('',(7.89634071324263E-9,-0.106883246202632,-0.0937768));
#5512=CARTESIAN_POINT('',(0.0140023448127873,-0.100103101135725,-0.0937768));
#5513=CARTESIAN_POINT('',(0.0146360511030573,-0.0997962508861214,-0.0937768));
#5514=CARTESIAN_POINT('',(0.0149153722418071,-0.10044256384395,-0.0937768));
#5515=CARTESIAN_POINT('',(0.0142829358933913,-0.100716093368377,-0.0937768));
#5516=CARTESIAN_POINT('',(0.0147845618047133,-0.100499072466785,-0.0937768));
#5517=CARTESIAN_POINT('',(0.0153329491456588,-0.100261820936377,-0.0937768));
#5518=CARTESIAN_POINT('',(0.0153502748730491,-0.10025558397494,-0.0937768));
#5519=CARTESIAN_POINT('',(0.0153680929213064,-0.100248819635393,-0.0937768));
#5520=CARTESIAN_POINT('',(0.0153893934146873,-0.100241396913151,-0.0937768));
#5521=CARTESIAN_POINT('',(0.0154182082671009,-0.100231901505506,-0.0937768));
#5522=CARTESIAN_POINT('',(0.015453271691754,-0.100221156171228,-0.0937768));
#5523=CARTESIAN_POINT('',(0.0154950729393793,-0.100209241269353,-0.0937768));
#5524=CARTESIAN_POINT('',(0.0155435367475418,-0.100196474309698,-0.0937768));
#5525=CARTESIAN_POINT('',(0.0155987512760335,-0.100183102228256,-0.0937768));
#5526=CARTESIAN_POINT('',(0.0156607454906562,-0.100169395190854,-0.0937768));
#5527=CARTESIAN_POINT('',(0.015729555695591,-0.100155618260173,-0.0937768));
#5528=CARTESIAN_POINT('',(0.0158052058103288,-0.100142039499901,-0.0937768));
#5529=CARTESIAN_POINT('',(0.0158877130691111,-0.100128927341834,-0.0937768));
#5530=CARTESIAN_POINT('',(0.0159770863287343,-0.100116551076921,-0.0937768));
#5531=CARTESIAN_POINT('',(0.0160733265224268,-0.100105180441503,-0.0937768));
#5532=CARTESIAN_POINT('',(0.0161764265067972,-0.100095085461697,-0.0937768));
#5533=CARTESIAN_POINT('',(0.0162863710898352,-0.10008653622325,-0.0937768));
#5534=CARTESIAN_POINT('',(0.0164031370149291,-0.100079802661888,-0.0937768));
#5535=CARTESIAN_POINT('',(0.0165266929646649,-0.100075154347819,-0.0937768));
#5536=CARTESIAN_POINT('',(0.0166569995655966,-0.100072860270726,-0.0937768));
#5537=CARTESIAN_POINT('',(0.0167940094017973,-0.100073188628795,-0.0937768));
#5538=CARTESIAN_POINT('',(0.0169376670248997,-0.100076406600998,-0.0937768));
#5539=CARTESIAN_POINT('',(0.0170879090029296,-0.100082780185946,-0.0937768));
#5540=CARTESIAN_POINT('',(0.0172446638458097,-0.100092573785482,-0.0937768));
#5541=CARTESIAN_POINT('',(0.0174078524323658,-0.100106050775139,-0.0937768));
#5542=CARTESIAN_POINT('',(0.0175773865321543,-0.100123470277773,-0.0937768));
#5543=CARTESIAN_POINT('',(0.0177531746800533,-0.100145098542929,-0.0937768));
#5544=CARTESIAN_POINT('',(0.0179350998317623,-0.100171164224557,-0.0937768));
#5545=CARTESIAN_POINT('',(0.01812310532899,-0.100202028940763,-0.0937768));
#5546=CARTESIAN_POINT('',(0.0182790176818938,-0.100230597496684,-0.0937768));
#5547=CARTESIAN_POINT('',(0.0183724941820103,-0.100249485057632,-0.0937768));
#5548=CARTESIAN_POINT('',(0.0184006968814634,-0.100255274501367,-0.0937768));
#5549=CARTESIAN_POINT('',(0.0151801008599972,-0.10347728321623,-0.0937768));
#5550=CARTESIAN_POINT('',(0.0157134864324705,-0.10335800850091,-0.0937768));
#5551=CARTESIAN_POINT('',(0.0162965940614532,-0.1032276150294,-0.0937768));
#5552=CARTESIAN_POINT('',(0.0163142768633033,-0.10322247703015,-0.0937768));
#5553=CARTESIAN_POINT('',(0.0163326679461776,-0.103217476309809,-0.0937768));
#5554=CARTESIAN_POINT('',(0.0163542633739767,-0.103210961302371,-0.0937768));
#5555=CARTESIAN_POINT('',(0.0163831563398481,-0.103201706303229,-0.0937768));
#5556=CARTESIAN_POINT('',(0.0164178391952934,-0.103189789697365,-0.0937768));
#5557=CARTESIAN_POINT('',(0.0164586605186125,-0.103174858898586,-0.0937768));
#5558=CARTESIAN_POINT('',(0.0165053727936302,-0.103156701274206,-0.0937768));
#5559=CARTESIAN_POINT('',(0.0165579021977803,-0.103135065229783,-0.0937768));
#5560=CARTESIAN_POINT('',(0.0166161133654007,-0.103109715170901,-0.0937768));
#5561=CARTESIAN_POINT('',(0.0166798798672555,-0.103080415318284,-0.0937768));
#5562=CARTESIAN_POINT('',(0.0167490634907368,-0.103046934744329,-0.0937768));
#5563=CARTESIAN_POINT('',(0.0168235203983886,-0.103009046153119,-0.0937768));
#5564=CARTESIAN_POINT('',(0.0169030994702606,-0.102966526477805,-0.0937768));
#5565=CARTESIAN_POINT('',(0.0169876429143082,-0.102919156948565,-0.0937768));
#5566=CARTESIAN_POINT('',(0.0170769862340353,-0.102866723308461,-0.0937768));
#5567=CARTESIAN_POINT('',(0.0171709583864299,-0.102809015983174,-0.0937768));
#5568=CARTESIAN_POINT('',(0.0172693818922592,-0.102745830260009,-0.0937768));
#5569=CARTESIAN_POINT('',(0.017372072965809,-0.102676966459998,-0.0937768));
#5570=CARTESIAN_POINT('',(0.0174788416451249,-0.102602230109049,-0.0937768));
#5571=CARTESIAN_POINT('',(0.0175894919269777,-0.102521432100653,-0.0937768));
#5572=CARTESIAN_POINT('',(0.0177038219088356,-0.102434388874214,-0.0937768));
#5573=CARTESIAN_POINT('',(0.017821623923094,-0.102340922516715,-0.0937768));
#5574=CARTESIAN_POINT('',(0.0179426847215602,-0.102240861143384,-0.0937768));
#5575=CARTESIAN_POINT('',(0.0180667854856067,-0.102134038185198,-0.0937768));
#5576=CARTESIAN_POINT('',(0.018193702526711,-0.102020295867918,-0.0937768));
#5577=CARTESIAN_POINT('',(0.0183232053504797,-0.101899472552985,-0.0937768));
#5578=CARTESIAN_POINT('',(0.0184550648666642,-0.101771452052382,-0.0937768));
#5579=CARTESIAN_POINT('',(0.0185890226839556,-0.101635975113825,-0.0937768));
#5580=CARTESIAN_POINT('',(0.0186983662512382,-0.101521219684893,-0.0937768));
#5581=CARTESIAN_POINT('',(0.0187628884986296,-0.101450995218898,-0.0937768));
#5582=CARTESIAN_POINT('',(0.0187823020121285,-0.101429734329716,-0.0937768));
#5583=CARTESIAN_POINT('',(0.0158525292342509,-0.103326836491343,-0.0937768));
#5584=CARTESIAN_POINT('',(0.0160064469110912,-0.104013895503921,-0.0937768));
#5585=CARTESIAN_POINT('',(0.0153134057014413,-0.10413813164897,-0.0937768));
#5586=CARTESIAN_POINT('',(7.89634074446766E-9,-0.106883246202632,-0.0937768));
#5587=CARTESIAN_POINT('',(0.0154122017140893,-0.104761905123469,-0.0937768));
#5588=CARTESIAN_POINT('',(0.0161097141527234,-0.104665899207193,-0.0937768));
#5589=CARTESIAN_POINT('',(0.0161756426542167,-0.105366894336063,-0.0937768));
#5590=CARTESIAN_POINT('',(0.0154896346724026,-0.105431602793148,-0.0937768));
#5591=CARTESIAN_POINT('',(0.0160337724108344,-0.105380214581934,-0.0937768));
#5592=CARTESIAN_POINT('',(0.016628634519732,-0.105324035975791,-0.0937768));
#5593=CARTESIAN_POINT('',(0.0166470395927431,-0.105323458217178,-0.0937768));
#5594=CARTESIAN_POINT('',(0.0166660758595218,-0.105322531027691,-0.0937768));
#5595=CARTESIAN_POINT('',(0.0166886275798692,-0.105322053813778,-0.0937768));
#5596=CARTESIAN_POINT('',(0.0167189663753542,-0.105321927423548,-0.0937768));
#5597=CARTESIAN_POINT('',(0.0167556341647564,-0.105322543197462,-0.0937768));
#5598=CARTESIAN_POINT('',(0.0167990714208651,-0.105324128748296,-0.0937768));
#5599=CARTESIAN_POINT('',(0.0168491084489227,-0.105326962788456,-0.0937768));
#5600=CARTESIAN_POINT('',(0.0169057527864545,-0.105331307410905,-0.0937768));
#5601=CARTESIAN_POINT('',(0.0169689484957438,-0.105337428509536,-0.0937768));
#5602=CARTESIAN_POINT('',(0.0170386481952454,-0.105345589392548,-0.0937768));
#5603=CARTESIAN_POINT('',(0.0171147917975118,-0.105356052395189,-0.0937768));
#5604=CARTESIAN_POINT('',(0.017197312743294,-0.10536907813694,-0.0937768));
#5605=CARTESIAN_POINT('',(0.0172861362404261,-0.105384925465613,-0.0937768));
#5606=CARTESIAN_POINT('',(0.017381179823348,-0.105403851204097,-0.0937768));
#5607=CARTESIAN_POINT('',(0.0174823532556312,-0.105426109955061,-0.0937768));
#5608=CARTESIAN_POINT('',(0.0175895586277299,-0.105451953890725,-0.0937768));
#5609=CARTESIAN_POINT('',(0.0177026904065654,-0.105481632548532,-0.0937768));
#5610=CARTESIAN_POINT('',(0.017821635505731,-0.105515392627371,-0.0937768));
#5611=CARTESIAN_POINT('',(0.0179462733564715,-0.10555347778457,-0.0937768));
#5612=CARTESIAN_POINT('',(0.0180764759857634,-0.105596128439434,-0.0937768));
#5613=CARTESIAN_POINT('',(0.0182121080962321,-0.105643581559777,-0.0937768));
#5614=CARTESIAN_POINT('',(0.0183530271623947,-0.105696070523753,-0.0937768));
#5615=CARTESIAN_POINT('',(0.0184990834884837,-0.105753824700811,-0.0937768));
#5616=CARTESIAN_POINT('',(0.018650120438276,-0.105817070126178,-0.0937768));
#5617=CARTESIAN_POINT('',(0.0188059740262666,-0.105886025975629,-0.0937768));
#5618=CARTESIAN_POINT('',(0.0189664749883213,-0.105960917203252,-0.0937768));
#5619=CARTESIAN_POINT('',(0.019131441350739,-0.106041925103199,-0.0937768));
#5620=CARTESIAN_POINT('',(0.0193007074821427,-0.106129376086349,-0.0937768));
#5621=CARTESIAN_POINT('',(0.0194401607720585,-0.106204725964299,-0.0937768));
#5622=CARTESIAN_POINT('',(0.0195232256292992,-0.106251574929327,-0.0937768));
#5623=CARTESIAN_POINT('',(0.0195482589538893,-0.106265796130935,-0.0937768));
#5624=CARTESIAN_POINT('',(0.0154896346724026,-0.108334889612116,-0.0937768));
#5625=CARTESIAN_POINT('',(0.0160337724108344,-0.10838627782333,-0.0937768));
#5626=CARTESIAN_POINT('',(0.016628634519732,-0.108442456429474,-0.0937768));
#5627=CARTESIAN_POINT('',(0.0166470395927431,-0.108443034188086,-0.0937768));
#5628=CARTESIAN_POINT('',(0.0166660758595218,-0.108443961377573,-0.0937768));
#5629=CARTESIAN_POINT('',(0.0166886275798692,-0.108444438591486,-0.0937768));
#5630=CARTESIAN_POINT('',(0.0167189663753542,-0.108444564981716,-0.0937768));
#5631=CARTESIAN_POINT('',(0.0167556341647564,-0.108443949207802,-0.0937768));
#5632=CARTESIAN_POINT('',(0.0167990714208651,-0.108442363656969,-0.0937768));
#5633=CARTESIAN_POINT('',(0.0168491084489227,-0.108439529616808,-0.0937768));
#5634=CARTESIAN_POINT('',(0.0169057527864545,-0.108435184994359,-0.0937768));
#5635=CARTESIAN_POINT('',(0.0169689484957438,-0.108429063895728,-0.0937768));
#5636=CARTESIAN_POINT('',(0.0170386481952454,-0.108420903012716,-0.0937768));
#5637=CARTESIAN_POINT('',(0.0171147917975118,-0.108410440010075,-0.0937768));
#5638=CARTESIAN_POINT('',(0.017197312743294,-0.108397414268324,-0.0937768));
#5639=CARTESIAN_POINT('',(0.0172861362404261,-0.108381566939651,-0.0937768));
#5640=CARTESIAN_POINT('',(0.0173811798233481,-0.108362641201167,-0.0937768));
#5641=CARTESIAN_POINT('',(0.0174823532556312,-0.108340382450203,-0.0937768));
#5642=CARTESIAN_POINT('',(0.0175895586277299,-0.108314538514539,-0.0937768));
#5643=CARTESIAN_POINT('',(0.0177026904065654,-0.108284859856733,-0.0937768));
#5644=CARTESIAN_POINT('',(0.017821635505731,-0.108251099777893,-0.0937768));
#5645=CARTESIAN_POINT('',(0.0179462733564715,-0.108213014620694,-0.0937768));
#5646=CARTESIAN_POINT('',(0.0180764759857634,-0.10817036396583,-0.0937768));
#5647=CARTESIAN_POINT('',(0.0182121080962321,-0.108122910845487,-0.0937768));
#5648=CARTESIAN_POINT('',(0.0183530271623947,-0.108070421881511,-0.0937768));
#5649=CARTESIAN_POINT('',(0.0184990834884837,-0.108012667704453,-0.0937768));
#5650=CARTESIAN_POINT('',(0.018650120438276,-0.107949422279086,-0.0937768));
#5651=CARTESIAN_POINT('',(0.0188059740262666,-0.107880466429635,-0.0937768));
#5652=CARTESIAN_POINT('',(0.0189664749883214,-0.107805575202012,-0.0937768));
#5653=CARTESIAN_POINT('',(0.019131441350739,-0.107724567302065,-0.0937768));
#5654=CARTESIAN_POINT('',(0.0193007074821427,-0.107637116318915,-0.0937768));
#5655=CARTESIAN_POINT('',(0.0194401607720585,-0.107561766440965,-0.0937768));
#5656=CARTESIAN_POINT('',(0.0195232256292992,-0.107514917475937,-0.0937768));
#5657=CARTESIAN_POINT('',(0.0195482589538893,-0.107500696274329,-0.0937768));
#5658=CARTESIAN_POINT('',(0.0161756426542167,-0.108399598069201,-0.0937768));
#5659=CARTESIAN_POINT('',(0.0161097141527234,-0.109100593198071,-0.0937768));
#5660=CARTESIAN_POINT('',(0.0154122017140893,-0.109004587281795,-0.0937768));
#5661=CARTESIAN_POINT('',(7.89634074446766E-9,-0.106883246202632,-0.0937768));
#5662=CARTESIAN_POINT('',(0.0153134057014414,-0.109628360756295,-0.0937768));
#5663=CARTESIAN_POINT('',(0.0160064469110912,-0.109752596901343,-0.0937768));
#5664=CARTESIAN_POINT('',(0.0158525292342509,-0.110439655913921,-0.0937768));
#5665=CARTESIAN_POINT('',(0.0151801008599972,-0.110289209189034,-0.0937768));
#5666=CARTESIAN_POINT('',(0.0157134864324705,-0.110408483904354,-0.0937768));
#5667=CARTESIAN_POINT('',(0.0162965940614532,-0.110538877375864,-0.0937768));
#5668=CARTESIAN_POINT('',(0.0163142768633033,-0.110544015375114,-0.0937768));
#5669=CARTESIAN_POINT('',(0.0163326679461776,-0.110549016095455,-0.0937768));
#5670=CARTESIAN_POINT('',(0.0163542633739767,-0.110555531102893,-0.0937768));
#5671=CARTESIAN_POINT('',(0.0163831563398481,-0.110564786102035,-0.0937768));
#5672=CARTESIAN_POINT('',(0.0164178391952934,-0.110576702707899,-0.0937768));
#5673=CARTESIAN_POINT('',(0.0164586605186125,-0.110591633506678,-0.0937768));
#5674=CARTESIAN_POINT('',(0.0165053727936302,-0.110609791131058,-0.0937768));
#5675=CARTESIAN_POINT('',(0.0165579021977803,-0.110631427175481,-0.0937768));
#5676=CARTESIAN_POINT('',(0.0166161133654007,-0.110656777234363,-0.0937768));
#5677=CARTESIAN_POINT('',(0.0166798798672555,-0.11068607708698,-0.0937768));
#5678=CARTESIAN_POINT('',(0.0167490634907368,-0.110719557660935,-0.0937768));
#5679=CARTESIAN_POINT('',(0.0168235203983886,-0.110757446252145,-0.0937768));
#5680=CARTESIAN_POINT('',(0.0169030994702606,-0.110799965927459,-0.0937768));
#5681=CARTESIAN_POINT('',(0.0169876429143082,-0.110847335456699,-0.0937768));
#5682=CARTESIAN_POINT('',(0.0170769862340353,-0.110899769096803,-0.0937768));
#5683=CARTESIAN_POINT('',(0.0171709583864299,-0.11095747642209,-0.0937768));
#5684=CARTESIAN_POINT('',(0.0172693818922592,-0.111020662145255,-0.0937768));
#5685=CARTESIAN_POINT('',(0.017372072965809,-0.111089525945266,-0.0937768));
#5686=CARTESIAN_POINT('',(0.017478841645125,-0.111164262296215,-0.0937768));
#5687=CARTESIAN_POINT('',(0.0175894919269777,-0.111245060304611,-0.0937768));
#5688=CARTESIAN_POINT('',(0.0177038219088356,-0.11133210353105,-0.0937768));
#5689=CARTESIAN_POINT('',(0.017821623923094,-0.111425569888549,-0.0937768));
#5690=CARTESIAN_POINT('',(0.0179426847215602,-0.11152563126188,-0.0937768));
#5691=CARTESIAN_POINT('',(0.0180667854856067,-0.111632454220066,-0.0937768));
#5692=CARTESIAN_POINT('',(0.018193702526711,-0.111746196537346,-0.0937768));
#5693=CARTESIAN_POINT('',(0.0183232053504797,-0.111867019852279,-0.0937768));
#5694=CARTESIAN_POINT('',(0.0184550648666642,-0.111995040352882,-0.0937768));
#5695=CARTESIAN_POINT('',(0.0185890226839556,-0.11213051729144,-0.0937768));
#5696=CARTESIAN_POINT('',(0.0186983662512383,-0.112245272720371,-0.0937768));
#5697=CARTESIAN_POINT('',(0.0187628884986296,-0.112315497186366,-0.0937768));
#5698=CARTESIAN_POINT('',(0.0187823020121285,-0.112336758075548,-0.0937768));
#5699=CARTESIAN_POINT('',(0.0142829358933913,-0.113050399036887,-0.0937768));
#5700=CARTESIAN_POINT('',(0.0147845618047133,-0.113267419938479,-0.0937768));
#5701=CARTESIAN_POINT('',(0.0153329491456588,-0.113504671468887,-0.0937768));
#5702=CARTESIAN_POINT('',(0.0153502748730491,-0.113510908430324,-0.0937768));
#5703=CARTESIAN_POINT('',(0.0153680929213064,-0.113517672769871,-0.0937768));
#5704=CARTESIAN_POINT('',(0.0153893934146873,-0.113525095492113,-0.0937768));
#5705=CARTESIAN_POINT('',(0.015418208267101,-0.113534590899758,-0.0937768));
#5706=CARTESIAN_POINT('',(0.015453271691754,-0.113545336234037,-0.0937768));
#5707=CARTESIAN_POINT('',(0.0154950729393793,-0.113557251135911,-0.0937768));
#5708=CARTESIAN_POINT('',(0.0155435367475418,-0.113570018095566,-0.0937768));
#5709=CARTESIAN_POINT('',(0.0155987512760335,-0.113583390177008,-0.0937768));
#5710=CARTESIAN_POINT('',(0.0156607454906562,-0.11359709721441,-0.0937768));
#5711=CARTESIAN_POINT('',(0.015729555695591,-0.113610874145091,-0.0937768));
#5712=CARTESIAN_POINT('',(0.0158052058103289,-0.113624452905363,-0.0937768));
#5713=CARTESIAN_POINT('',(0.0158877130691111,-0.11363756506343,-0.0937768));
#5714=CARTESIAN_POINT('',(0.0159770863287343,-0.113649941328343,-0.0937768));
#5715=CARTESIAN_POINT('',(0.0160733265224268,-0.113661311963762,-0.0937768));
#5716=CARTESIAN_POINT('',(0.0161764265067972,-0.113671406943567,-0.0937768));
#5717=CARTESIAN_POINT('',(0.0162863710898352,-0.113679956182014,-0.0937768));
#5718=CARTESIAN_POINT('',(0.0164031370149291,-0.113686689743376,-0.0937768));
#5719=CARTESIAN_POINT('',(0.016526692964665,-0.113691338057445,-0.0937768));
#5720=CARTESIAN_POINT('',(0.0166569995655966,-0.113693632134538,-0.0937768));
#5721=CARTESIAN_POINT('',(0.0167940094017973,-0.113693303776469,-0.0937768));
#5722=CARTESIAN_POINT('',(0.0169376670248997,-0.113690085804266,-0.0937768));
#5723=CARTESIAN_POINT('',(0.0170879090029296,-0.113683712219318,-0.0937768));
#5724=CARTESIAN_POINT('',(0.0172446638458097,-0.113673918619782,-0.0937768));
#5725=CARTESIAN_POINT('',(0.0174078524323658,-0.113660441630125,-0.0937768));
#5726=CARTESIAN_POINT('',(0.0175773865321543,-0.113643022127491,-0.0937768));
#5727=CARTESIAN_POINT('',(0.0177531746800533,-0.113621393862336,-0.0937768));
#5728=CARTESIAN_POINT('',(0.0179350998317623,-0.113595328180707,-0.0937768));
#5729=CARTESIAN_POINT('',(0.01812310532899,-0.113564463464501,-0.0937768));
#5730=CARTESIAN_POINT('',(0.0182790176818938,-0.113535894908581,-0.0937768));
#5731=CARTESIAN_POINT('',(0.0183724941820103,-0.113517007347632,-0.0937768));
#5732=CARTESIAN_POINT('',(0.0184006968814634,-0.113511217903897,-0.0937768));
#5733=CARTESIAN_POINT('',(0.0149153722418072,-0.113323928561314,-0.0937768));
#5734=CARTESIAN_POINT('',(0.0146360511030573,-0.113970241519143,-0.0937768));
#5735=CARTESIAN_POINT('',(0.0140023448127873,-0.113663391269539,-0.0937768));
#5736=CARTESIAN_POINT('',(7.89634072018153E-9,-0.106883246202632,-0.0937768));
#5737=CARTESIAN_POINT('',(0.0137156276169139,-0.11422610545027,-0.0937768));
#5738=CARTESIAN_POINT('',(0.0143363578952769,-0.114558422557161,-0.0937768));
#5739=CARTESIAN_POINT('',(0.0139776605747196,-0.115164291330275,-0.0937768));
#5740=CARTESIAN_POINT('',(0.0133846337823822,-0.114813416197071,-0.0937768));
#5741=CARTESIAN_POINT('',(0.0138550556927475,-0.115091678398754,-0.0937768));
#5742=CARTESIAN_POINT('',(0.0143693302043409,-0.115395880126422,-0.0937768));
#5743=CARTESIAN_POINT('',(0.0143845598191814,-0.115406230940369,-0.0937768));
#5744=CARTESIAN_POINT('',(0.0144005054708213,-0.115416670065188,-0.0937768));
#5745=CARTESIAN_POINT('',(0.0144190306951351,-0.115429539559656,-0.0937768));
#5746=CARTESIAN_POINT('',(0.0144436495865843,-0.115447270004371,-0.0937768));
#5747=CARTESIAN_POINT('',(0.0144729525085319,-0.115469320961776,-0.0937768));
#5748=CARTESIAN_POINT('',(0.014507162023516,-0.115496135477887,-0.0937768));
#5749=CARTESIAN_POINT('',(0.0145459770225518,-0.115527839291701,-0.0937768));
#5750=CARTESIAN_POINT('',(0.0145892495492479,-0.115564648871323,-0.0937768));
#5751=CARTESIAN_POINT('',(0.0146367780605316,-0.115606746450068,-0.0937768));
#5752=CARTESIAN_POINT('',(0.0146883694552508,-0.11565431719857,-0.0937768));
#5753=CARTESIAN_POINT('',(0.01474382092485,-0.115707538031988,-0.0937768));
#5754=CARTESIAN_POINT('',(0.0148029254334787,-0.115766580673364,-0.0937768));
#5755=CARTESIAN_POINT('',(0.0148654703260757,-0.115831610573248,-0.0937768));
#5756=CARTESIAN_POINT('',(0.0149312379298966,-0.115902787033679,-0.0937768));
#5757=CARTESIAN_POINT('',(0.0150000055904415,-0.115980262992902,-0.0937768));
#5758=CARTESIAN_POINT('',(0.0150715458741131,-0.116064184912742,-0.0937768));
#5759=CARTESIAN_POINT('',(0.0151456267284286,-0.116154692642443,-0.0937768));
#5760=CARTESIAN_POINT('',(0.0152220116585929,-0.116251919295078,-0.0937768));
#5761=CARTESIAN_POINT('',(0.0153004599042517,-0.116355991125028,-0.0937768));
#5762=CARTESIAN_POINT('',(0.0153807266181317,-0.116467027414941,-0.0937768));
#5763=CARTESIAN_POINT('',(0.0154625630561708,-0.116585140350006,-0.0937768));
#5764=CARTESIAN_POINT('',(0.0155457167365945,-0.116710434962737,-0.0937768));
#5765=CARTESIAN_POINT('',(0.0156299317330038,-0.116843008827952,-0.0937768));
#5766=CARTESIAN_POINT('',(0.0157149484638586,-0.116982952743529,-0.0937768));
#5767=CARTESIAN_POINT('',(0.0158005054338104,-0.117130347638135,-0.0937768));
#5768=CARTESIAN_POINT('',(0.0158863334806034,-0.117285276012486,-0.0937768));
#5769=CARTESIAN_POINT('',(0.0159721788223913,-0.117447777575175,-0.0937768));
#5770=CARTESIAN_POINT('',(0.016057715601075,-0.11761801904247,-0.0937768));
#5771=CARTESIAN_POINT('',(0.0161262461355174,-0.117760946961452,-0.0937768));
#5772=CARTESIAN_POINT('',(0.0161659098859318,-0.117847672868398,-0.0937768));
#5773=CARTESIAN_POINT('',(0.0161778032583762,-0.117873892281189,-0.0937768));
#5774=CARTESIAN_POINT('',(0.0116781246070177,-0.117162224573161,-0.0937768));
#5775=CARTESIAN_POINT('',(0.0120881360519965,-0.117523634647209,-0.0937768));
#5776=CARTESIAN_POINT('',(0.0125363686512189,-0.117918735269058,-0.0937768));
#5777=CARTESIAN_POINT('',(0.0125509190700759,-0.117930020916077,-0.0937768));
#5778=CARTESIAN_POINT('',(0.0125657747451028,-0.117941960265,-0.0937768));
#5779=CARTESIAN_POINT('',(0.0125837389708158,-0.1179556019078,-0.0937768));
#5780=CARTESIAN_POINT('',(0.0126082092816391,-0.117973536856202,-0.0937768));
#5781=CARTESIAN_POINT('',(0.0126382360892366,-0.117994591470486,-0.0937768));
#5782=CARTESIAN_POINT('',(0.0126743095310145,-0.118018840511457,-0.0937768));
#5783=CARTESIAN_POINT('',(0.0127164561440718,-0.118045958751965,-0.0937768));
#5784=CARTESIAN_POINT('',(0.0127648360807724,-0.118075738584797,-0.0937768));
#5785=CARTESIAN_POINT('',(0.012819560375062,-0.118107932017909,-0.0937768));
#5786=CARTESIAN_POINT('',(0.0128807454631421,-0.118142298180319,-0.0937768));
#5787=CARTESIAN_POINT('',(0.0129484969300356,-0.118178589519838,-0.0937768));
#5788=CARTESIAN_POINT('',(0.0130229141164664,-0.118216556068334,-0.0937768));
#5789=CARTESIAN_POINT('',(0.0131040886612287,-0.118255944451793,-0.0937768));
#5790=CARTESIAN_POINT('',(0.0131921048049881,-0.118296498424095,-0.0937768));
#5791=CARTESIAN_POINT('',(0.0132870391966358,-0.118337958967711,-0.0937768));
#5792=CARTESIAN_POINT('',(0.0133889608487965,-0.118380064521244,-0.0937768));
#5793=CARTESIAN_POINT('',(0.0134979310578445,-0.118422551173873,-0.0937768));
#5794=CARTESIAN_POINT('',(0.0136140033409256,-0.118465152871483,-0.0937768));
#5795=CARTESIAN_POINT('',(0.0137372233740496,-0.118507601622618,-0.0937768));
#5796=CARTESIAN_POINT('',(0.0138676289397883,-0.11854962770332,-0.0937768));
#5797=CARTESIAN_POINT('',(0.0140052498664535,-0.118590959876797,-0.0937768));
#5798=CARTESIAN_POINT('',(0.0141501080247438,-0.11863132556178,-0.0937768));
#5799=CARTESIAN_POINT('',(0.0143022171282186,-0.118670451205523,-0.0937768));
#5800=CARTESIAN_POINT('',(0.0144615833156848,-0.118708061873224,-0.0937768));
#5801=CARTESIAN_POINT('',(0.0146282027483703,-0.118743883859694,-0.0937768));
#5802=CARTESIAN_POINT('',(0.014802070713409,-0.118777635682292,-0.0937768));
#5803=CARTESIAN_POINT('',(0.0149831465530132,-0.11880906370951,-0.0937768));
#5804=CARTESIAN_POINT('',(0.0151714881280849,-0.118837806513718,-0.0937768));
#5805=CARTESIAN_POINT('',(0.0153285977565693,-0.118858815769129,-0.0937768));
#5806=CARTESIAN_POINT('',(0.0154233357684411,-0.118869738458322,-0.0937768));
#5807=CARTESIAN_POINT('',(0.0154519471660348,-0.118872947483551,-0.0937768));
#5808=CARTESIAN_POINT('',(0.0121950820458092,-0.117617800189287,-0.0937768));
#5809=CARTESIAN_POINT('',(0.0117297101690085,-0.118146165360634,-0.0937768));
#5810=CARTESIAN_POINT('',(0.0112218416140856,-0.117658507418087,-0.0937768));
#5811=CARTESIAN_POINT('',(7.89634066120093E-9,-0.106883246202632,-0.0937768));
#5812=CARTESIAN_POINT('',(0.0107752691117949,-0.118105079920377,-0.0937768));
#5813=CARTESIAN_POINT('',(0.0112629270543427,-0.1186129484753,-0.0937768));
#5814=CARTESIAN_POINT('',(0.0107345618829958,-0.119078320352101,-0.0937768));
#5815=CARTESIAN_POINT('',(0.0102789862668693,-0.118561362913309,-0.0937768));
#5816=CARTESIAN_POINT('',(0.0106403963409179,-0.118971374358288,-0.0937768));
#5817=CARTESIAN_POINT('',(0.0110354969627659,-0.11941960695751,-0.0937768));
#5818=CARTESIAN_POINT('',(0.0110467826097853,-0.119434157376368,-0.0937768));
#5819=CARTESIAN_POINT('',(0.0110587219587084,-0.119449013051394,-0.0937768));
#5820=CARTESIAN_POINT('',(0.0110723636015082,-0.119466977277107,-0.0937768));
#5821=CARTESIAN_POINT('',(0.0110902985499103,-0.119491447587931,-0.0937768));
#5822=CARTESIAN_POINT('',(0.0111113531641946,-0.119521474395528,-0.0937768));
#5823=CARTESIAN_POINT('',(0.0111356022051653,-0.119557547837306,-0.0937768));
#5824=CARTESIAN_POINT('',(0.0111627204456734,-0.119599694450363,-0.0937768));
#5825=CARTESIAN_POINT('',(0.0111925002785052,-0.119648074387064,-0.0937768));
#5826=CARTESIAN_POINT('',(0.0112246937116172,-0.119702798681354,-0.0937768));
#5827=CARTESIAN_POINT('',(0.0112590598740272,-0.119763983769434,-0.0937768));
#5828=CARTESIAN_POINT('',(0.0112953512135469,-0.119831735236327,-0.0937768));
#5829=CARTESIAN_POINT('',(0.0113333177620425,-0.119906152422758,-0.0937768));
#5830=CARTESIAN_POINT('',(0.0113727061455013,-0.11998732696752,-0.0937768));
#5831=CARTESIAN_POINT('',(0.0114132601178038,-0.12007534311128,-0.0937768));
#5832=CARTESIAN_POINT('',(0.0114547206614197,-0.120170277502927,-0.0937768));
#5833=CARTESIAN_POINT('',(0.0114968262149521,-0.120272199155088,-0.0937768));
#5834=CARTESIAN_POINT('',(0.0115393128675818,-0.120381169364136,-0.0937768));
#5835=CARTESIAN_POINT('',(0.0115819145651909,-0.120497241647217,-0.0937768));
#5836=CARTESIAN_POINT('',(0.0116243633163264,-0.120620461680341,-0.0937768));
#5837=CARTESIAN_POINT('',(0.0116663893970281,-0.12075086724608,-0.0937768));
#5838=CARTESIAN_POINT('',(0.011707721570505,-0.120888488172745,-0.0937768));
#5839=CARTESIAN_POINT('',(0.0117480872554884,-0.121033346331035,-0.0937768));
#5840=CARTESIAN_POINT('',(0.0117872128992318,-0.12118545543451,-0.0937768));
#5841=CARTESIAN_POINT('',(0.0118248235669326,-0.121344821621976,-0.0937768));
#5842=CARTESIAN_POINT('',(0.0118606455534026,-0.121511441054662,-0.0937768));
#5843=CARTESIAN_POINT('',(0.0118943973760005,-0.121685309019701,-0.0937768));
#5844=CARTESIAN_POINT('',(0.011925825403218,-0.121866384859305,-0.0937768));
#5845=CARTESIAN_POINT('',(0.0119545682074266,-0.122054726434377,-0.0937768));
#5846=CARTESIAN_POINT('',(0.0119755774628373,-0.122211836062861,-0.0937768));
#5847=CARTESIAN_POINT('',(0.0119865001520306,-0.122306574074733,-0.0937768));
#5848=CARTESIAN_POINT('',(0.0119897091772597,-0.122335185472326,-0.0937768));
#5849=CARTESIAN_POINT('',(0.00793017789077947,-0.120267872088674,-0.0937768));
#5850=CARTESIAN_POINT('',(0.00820844009246282,-0.120738293999039,-0.0937768));
#5851=CARTESIAN_POINT('',(0.00851264182012999,-0.121252568510633,-0.0937768));
#5852=CARTESIAN_POINT('',(0.00852299263407732,-0.121267798125473,-0.0937768));
#5853=CARTESIAN_POINT('',(0.0085334317588966,-0.121283743777113,-0.0937768));
#5854=CARTESIAN_POINT('',(0.00854630125336478,-0.121302269001427,-0.0937768));
#5855=CARTESIAN_POINT('',(0.00856403169807954,-0.121326887892876,-0.0937768));
#5856=CARTESIAN_POINT('',(0.00858608265548487,-0.121356190814824,-0.0937768));
#5857=CARTESIAN_POINT('',(0.00861289717159568,-0.121390400329808,-0.0937768));
#5858=CARTESIAN_POINT('',(0.00864460098540903,-0.121429215328843,-0.0937768));
#5859=CARTESIAN_POINT('',(0.0086814105650314,-0.12147248785554,-0.0937768));
#5860=CARTESIAN_POINT('',(0.00872350814377638,-0.121520016366823,-0.0937768));
#5861=CARTESIAN_POINT('',(0.00877107889227883,-0.121571607761542,-0.0937768));
#5862=CARTESIAN_POINT('',(0.00882429972569627,-0.121627059231142,-0.0937768));
#5863=CARTESIAN_POINT('',(0.00888334236707269,-0.12168616373977,-0.0937768));
#5864=CARTESIAN_POINT('',(0.00894837226695647,-0.121748708632367,-0.0937768));
#5865=CARTESIAN_POINT('',(0.00901954872738714,-0.121814476236188,-0.0937768));
#5866=CARTESIAN_POINT('',(0.00909702468661091,-0.121883243896733,-0.0937768));
#5867=CARTESIAN_POINT('',(0.00918094660645077,-0.121954784180405,-0.0937768));
#5868=CARTESIAN_POINT('',(0.0092714543361513,-0.12202886503472,-0.0937768));
#5869=CARTESIAN_POINT('',(0.0093686809887863,-0.122105249964884,-0.0937768));
#5870=CARTESIAN_POINT('',(0.00947275281873618,-0.122183698210543,-0.0937768));
#5871=CARTESIAN_POINT('',(0.00958378910864933,-0.122263964924423,-0.0937768));
#5872=CARTESIAN_POINT('',(0.00970190204371403,-0.122345801362462,-0.0937768));
#5873=CARTESIAN_POINT('',(0.00982719665644511,-0.122428955042886,-0.0937768));
#5874=CARTESIAN_POINT('',(0.00995977052166002,-0.122513170039295,-0.0937768));
#5875=CARTESIAN_POINT('',(0.0100997144372375,-0.12259818677015,-0.0937768));
#5876=CARTESIAN_POINT('',(0.010247109331843,-0.122683743740102,-0.0937768));
#5877=CARTESIAN_POINT('',(0.0104020377061942,-0.122769571786895,-0.0937768));
#5878=CARTESIAN_POINT('',(0.0105645392688834,-0.122855417128683,-0.0937768));
#5879=CARTESIAN_POINT('',(0.0107347807361783,-0.122940953907367,-0.0937768));
#5880=CARTESIAN_POINT('',(0.01087770865516,-0.123009484441809,-0.0937768));
#5881=CARTESIAN_POINT('',(0.0109644345621064,-0.123049148192223,-0.0937768));
#5882=CARTESIAN_POINT('',(0.0109906539748971,-0.123061041564668,-0.0937768));
#5883=CARTESIAN_POINT('',(0.00828105302398342,-0.120860898881011,-0.0937768));
#5884=CARTESIAN_POINT('',(0.00767518425086957,-0.121219596201569,-0.0937768));
#5885=CARTESIAN_POINT('',(0.00734286714397797,-0.120598865923205,-0.0937768));
#5886=CARTESIAN_POINT('',(7.89634057099531E-9,-0.106883246202632,-0.0937768));
#5887=CARTESIAN_POINT('',(0.00678015296324776,-0.120885583119079,-0.0937768));
#5888=CARTESIAN_POINT('',(0.00708700321285112,-0.121519289409349,-0.0937768));
#5889=CARTESIAN_POINT('',(0.00644069025502269,-0.121798610548099,-0.0937768));
#5890=CARTESIAN_POINT('',(0.00616716073059549,-0.121166174199683,-0.0937768));
#5891=CARTESIAN_POINT('',(0.00638418163218745,-0.121667800111005,-0.0937768));
#5892=CARTESIAN_POINT('',(0.00662143316259576,-0.12221618745195,-0.0937768));
#5893=CARTESIAN_POINT('',(0.00662767012403201,-0.122233513179341,-0.0937768));
#5894=CARTESIAN_POINT('',(0.00663443446357945,-0.122251331227598,-0.0937768));
#5895=CARTESIAN_POINT('',(0.00664185718582108,-0.122272631720979,-0.0937768));
#5896=CARTESIAN_POINT('',(0.00665135259346623,-0.122301446573393,-0.0937768));
#5897=CARTESIAN_POINT('',(0.00666209792774494,-0.122336509998046,-0.0937768));
#5898=CARTESIAN_POINT('',(0.00667401282961907,-0.122378311245671,-0.0937768));
#5899=CARTESIAN_POINT('',(0.00668677978927476,-0.122426775053833,-0.0937768));
#5900=CARTESIAN_POINT('',(0.00670015187071637,-0.122481989582325,-0.0937768));
#5901=CARTESIAN_POINT('',(0.00671385890811869,-0.122543983796948,-0.0937768));
#5902=CARTESIAN_POINT('',(0.00672763583879977,-0.122612794001883,-0.0937768));
#5903=CARTESIAN_POINT('',(0.0067412145990711,-0.12268844411662,-0.0937768));
#5904=CARTESIAN_POINT('',(0.00675432675713844,-0.122770951375403,-0.0937768));
#5905=CARTESIAN_POINT('',(0.00676670302205103,-0.122860324635026,-0.0937768));
#5906=CARTESIAN_POINT('',(0.00677807365746996,-0.122956564828718,-0.0937768));
#5907=CARTESIAN_POINT('',(0.00678816863727522,-0.123059664813089,-0.0937768));
#5908=CARTESIAN_POINT('',(0.00679671787572202,-0.123169609396127,-0.0937768));
#5909=CARTESIAN_POINT('',(0.00680345143708462,-0.123286375321221,-0.0937768));
#5910=CARTESIAN_POINT('',(0.00680809975115306,-0.123409931270957,-0.0937768));
#5911=CARTESIAN_POINT('',(0.00681039382824629,-0.123540237871888,-0.0937768));
#5912=CARTESIAN_POINT('',(0.00681006547017765,-0.123677247708089,-0.0937768));
#5913=CARTESIAN_POINT('',(0.00680684749797435,-0.123820905331191,-0.0937768));
#5914=CARTESIAN_POINT('',(0.0068004739130269,-0.123971147309221,-0.0937768));
#5915=CARTESIAN_POINT('',(0.00679068031349051,-0.124127902152101,-0.0937768));
#5916=CARTESIAN_POINT('',(0.0067772033238338,-0.124291090738657,-0.0937768));
#5917=CARTESIAN_POINT('',(0.00675978382119975,-0.124460624838446,-0.0937768));
#5918=CARTESIAN_POINT('',(0.00673815555604395,-0.124636412986345,-0.0937768));
#5919=CARTESIAN_POINT('',(0.0067120898744151,-0.124818338138054,-0.0937768));
#5920=CARTESIAN_POINT('',(0.00668122515820973,-0.125006343635282,-0.0937768));
#5921=CARTESIAN_POINT('',(0.00665265660228898,-0.125162255988185,-0.0937768));
#5922=CARTESIAN_POINT('',(0.00663376904134004,-0.125255732488302,-0.0937768));
#5923=CARTESIAN_POINT('',(0.00662797959760583,-0.125283935187755,-0.0937768));
#5924=CARTESIAN_POINT('',(0.00340597088274226,-0.122063339166289,-0.0937768));
#5925=CARTESIAN_POINT('',(0.00352524559806264,-0.122596724738762,-0.0937768));
#5926=CARTESIAN_POINT('',(0.00365563906957248,-0.123179832367745,-0.0937768));
#5927=CARTESIAN_POINT('',(0.00366077706882256,-0.123197515169595,-0.0937768));
#5928=CARTESIAN_POINT('',(0.00366577778916325,-0.123215906252469,-0.0937768));
#5929=CARTESIAN_POINT('',(0.00367229279660107,-0.123237501680268,-0.0937768));
#5930=CARTESIAN_POINT('',(0.00368154779574337,-0.12326639464614,-0.0937768));
#5931=CARTESIAN_POINT('',(0.00369346440160759,-0.123301077501585,-0.0937768));
#5932=CARTESIAN_POINT('',(0.00370839520038667,-0.123341898824904,-0.0937768));
#5933=CARTESIAN_POINT('',(0.00372655282476657,-0.123388611099922,-0.0937768));
#5934=CARTESIAN_POINT('',(0.00374818886918986,-0.123441140504072,-0.0937768));
#5935=CARTESIAN_POINT('',(0.00377353892807152,-0.123499351671692,-0.0937768));
#5936=CARTESIAN_POINT('',(0.00380283878068808,-0.123563118173547,-0.0937768));
#5937=CARTESIAN_POINT('',(0.00383631935464317,-0.123632301797028,-0.0937768));
#5938=CARTESIAN_POINT('',(0.00387420794585305,-0.12370675870468,-0.0937768));
#5939=CARTESIAN_POINT('',(0.00391672762116771,-0.123786337776552,-0.0937768));
#5940=CARTESIAN_POINT('',(0.00396409715040714,-0.1238708812206,-0.0937768));
#5941=CARTESIAN_POINT('',(0.00401653079051134,-0.123960224540327,-0.0937768));
#5942=CARTESIAN_POINT('',(0.00407423811579811,-0.124054196692722,-0.0937768));
#5943=CARTESIAN_POINT('',(0.00413742383896358,-0.124152620198551,-0.0937768));
#5944=CARTESIAN_POINT('',(0.00420628763897476,-0.124255311272101,-0.0937768));
#5945=CARTESIAN_POINT('',(0.00428102398992388,-0.124362079951417,-0.0937768));
#5946=CARTESIAN_POINT('',(0.00436182199831945,-0.124472730233269,-0.0937768));
#5947=CARTESIAN_POINT('',(0.00444886522475832,-0.124587060215127,-0.0937768));
#5948=CARTESIAN_POINT('',(0.00454233158225715,-0.124704862229386,-0.0937768));
#5949=CARTESIAN_POINT('',(0.00464239295558851,-0.124825923027852,-0.0937768));
#5950=CARTESIAN_POINT('',(0.00474921591377399,-0.124950023791898,-0.0937768));
#5951=CARTESIAN_POINT('',(0.00486295823105483,-0.125076940833003,-0.0937768));
#5952=CARTESIAN_POINT('',(0.00498378154598753,-0.125206443656771,-0.0937768));
#5953=CARTESIAN_POINT('',(0.00511180204659088,-0.125338303172956,-0.0937768));
#5954=CARTESIAN_POINT('',(0.00524727898514797,-0.125472260990247,-0.0937768));
#5955=CARTESIAN_POINT('',(0.00536203441407969,-0.12558160455753,-0.0937768));
#5956=CARTESIAN_POINT('',(0.00543225888007403,-0.125646126804921,-0.0937768));
#5957=CARTESIAN_POINT('',(0.00545351976925633,-0.12566554031842,-0.0937768));
#5958=CARTESIAN_POINT('',(0.00355641760762987,-0.122735767540543,-0.0937768));
#5959=CARTESIAN_POINT('',(0.00286935859505125,-0.122889685217383,-0.0937768));
#5960=CARTESIAN_POINT('',(0.00274512245000289,-0.122196644007733,-0.0937768));
#5961=CARTESIAN_POINT('',(7.89634047732024E-9,-0.106883246202632,-0.0937768));
#5962=CARTESIAN_POINT('',(0.0021213489755033,-0.122295440020381,-0.0937768));
#5963=CARTESIAN_POINT('',(0.00221735489177965,-0.122992952459015,-0.0937768));
#5964=CARTESIAN_POINT('',(0.00151635976290908,-0.123058880960508,-0.0937768));
#5965=CARTESIAN_POINT('',(0.00145165130582439,-0.122372872978694,-0.0937768));
#5966=CARTESIAN_POINT('',(0.00150303951703835,-0.122917010717126,-0.0937768));
#5967=CARTESIAN_POINT('',(0.00155921812318193,-0.123511872826024,-0.0937768));
#5968=CARTESIAN_POINT('',(0.00155979588179424,-0.123530277899035,-0.0937768));
#5969=CARTESIAN_POINT('',(0.00156072307128116,-0.123549314165813,-0.0937768));
#5970=CARTESIAN_POINT('',(0.00156120028519445,-0.123571865886161,-0.0937768));
#5971=CARTESIAN_POINT('',(0.00156132667542403,-0.123602204681646,-0.0937768));
#5972=CARTESIAN_POINT('',(0.00156071090151078,-0.123638872471048,-0.0937768));
#5973=CARTESIAN_POINT('',(0.0015591253506769,-0.123682309727157,-0.0937768));
#5974=CARTESIAN_POINT('',(0.00155629131051638,-0.123732346755214,-0.0937768));
#5975=CARTESIAN_POINT('',(0.00155194668806751,-0.123788991092746,-0.0937768));
#5976=CARTESIAN_POINT('',(0.00154582558943676,-0.123852186802035,-0.0937768));
#5977=CARTESIAN_POINT('',(0.00153766470642427,-0.123921886501537,-0.0937768));
#5978=CARTESIAN_POINT('',(0.00152720170378312,-0.123998030103803,-0.0937768));
#5979=CARTESIAN_POINT('',(0.00151417596203275,-0.124080551049586,-0.0937768));
#5980=CARTESIAN_POINT('',(0.00149832863335901,-0.124169374546718,-0.0937768));
#5981=CARTESIAN_POINT('',(0.00147940289487571,-0.12426441812964,-0.0937768));
#5982=CARTESIAN_POINT('',(0.0014571441439111,-0.124365591561923,-0.0937768));
#5983=CARTESIAN_POINT('',(0.00143130020824707,-0.124472796934021,-0.0937768));
#5984=CARTESIAN_POINT('',(0.00140162155044092,-0.124585928712857,-0.0937768));
#5985=CARTESIAN_POINT('',(0.00136786147160098,-0.124704873812023,-0.0937768));
#5986=CARTESIAN_POINT('',(0.00132977631440228,-0.124829511662763,-0.0937768));
#5987=CARTESIAN_POINT('',(0.00128712565953887,-0.124959714292055,-0.0937768));
#5988=CARTESIAN_POINT('',(0.00123967253919553,-0.125095346402524,-0.0937768));
#5989=CARTESIAN_POINT('',(0.00118718357521931,-0.125236265468686,-0.0937768));
#5990=CARTESIAN_POINT('',(0.00112942939816175,-0.125382321794775,-0.0937768));
#5991=CARTESIAN_POINT('',(0.00106618397279479,-0.125533358744568,-0.0937768));
#5992=CARTESIAN_POINT('',(0.00099722812334337,-0.125689212332558,-0.0937768));
#5993=CARTESIAN_POINT('',(0.000922336895720317,-0.125849713294613,-0.0937768));
#5994=CARTESIAN_POINT('',(0.000841328995773185,-0.126014679657031,-0.0937768));
#5995=CARTESIAN_POINT('',(0.000753878012623183,-0.126183945788434,-0.0937768));
#5996=CARTESIAN_POINT('',(0.000678528134673364,-0.12632339907835,-0.0937768));
#5997=CARTESIAN_POINT('',(0.000631679169645284,-0.126406463935591,-0.0937768));
#5998=CARTESIAN_POINT('',(0.000617457968037884,-0.126431497260181,-0.0937768));
#5999=CARTESIAN_POINT('',(-0.00145163551314351,-0.122372872978694,-0.0937768));
#6000=CARTESIAN_POINT('',(-0.00150302372435747,-0.122917010717126,-0.0937768));
#6001=CARTESIAN_POINT('',(-0.00155920233050104,-0.123511872826024,-0.0937768));
#6002=CARTESIAN_POINT('',(-0.00155978008911337,-0.123530277899035,-0.0937768));
#6003=CARTESIAN_POINT('',(-0.00156070727860029,-0.123549314165813,-0.0937768));
#6004=CARTESIAN_POINT('',(-0.00156118449251358,-0.123571865886161,-0.0937768));
#6005=CARTESIAN_POINT('',(-0.00156131088274316,-0.123602204681646,-0.0937768));
#6006=CARTESIAN_POINT('',(-0.0015606951088299,-0.123638872471048,-0.0937768));
#6007=CARTESIAN_POINT('',(-0.00155910955799603,-0.123682309727157,-0.0937768));
#6008=CARTESIAN_POINT('',(-0.0015562755178355,-0.123732346755214,-0.0937768));
#6009=CARTESIAN_POINT('',(-0.00155193089538664,-0.123788991092746,-0.0937768));
#6010=CARTESIAN_POINT('',(-0.00154580979675588,-0.123852186802036,-0.0937768));
#6011=CARTESIAN_POINT('',(-0.00153764891374339,-0.123921886501537,-0.0937768));
#6012=CARTESIAN_POINT('',(-0.00152718591110223,-0.123998030103803,-0.0937768));
#6013=CARTESIAN_POINT('',(-0.00151416016935187,-0.124080551049586,-0.0937768));
#6014=CARTESIAN_POINT('',(-0.00149831284067813,-0.124169374546718,-0.0937768));
#6015=CARTESIAN_POINT('',(-0.00147938710219483,-0.12426441812964,-0.0937768));
#6016=CARTESIAN_POINT('',(-0.00145712835123022,-0.124365591561923,-0.0937768));
#6017=CARTESIAN_POINT('',(-0.00143128441556618,-0.124472796934021,-0.0937768));
#6018=CARTESIAN_POINT('',(-0.00140160575776004,-0.124585928712857,-0.0937768));
#6019=CARTESIAN_POINT('',(-0.0013678456789201,-0.124704873812023,-0.0937768));
#6020=CARTESIAN_POINT('',(-0.0013297605217214,-0.124829511662763,-0.0937768));
#6021=CARTESIAN_POINT('',(-0.00128710986685799,-0.124959714292055,-0.0937768));
#6022=CARTESIAN_POINT('',(-0.00123965674651464,-0.125095346402524,-0.0937768));
#6023=CARTESIAN_POINT('',(-0.00118716778253843,-0.125236265468686,-0.0937768));
#6024=CARTESIAN_POINT('',(-0.00112941360548087,-0.125382321794775,-0.0937768));
#6025=CARTESIAN_POINT('',(-0.0010661681801139,-0.125533358744568,-0.0937768));
#6026=CARTESIAN_POINT('',(-0.000997212330662498,-0.125689212332558,-0.0937768));
#6027=CARTESIAN_POINT('',(-0.000922321103039438,-0.125849713294613,-0.0937768));
#6028=CARTESIAN_POINT('',(-0.00084131320309231,-0.126014679657031,-0.0937768));
#6029=CARTESIAN_POINT('',(-0.000753862219942298,-0.126183945788434,-0.0937768));
#6030=CARTESIAN_POINT('',(-0.000678512341992465,-0.12632339907835,-0.0937768));
#6031=CARTESIAN_POINT('',(-0.000631663376964388,-0.126406463935591,-0.0937768));
#6032=CARTESIAN_POINT('',(-0.000617442175357006,-0.126431497260181,-0.0937768));
#6033=CARTESIAN_POINT('',(-0.00151634397022822,-0.123058880960508,-0.0937768));
#6034=CARTESIAN_POINT('',(-0.00221733909909879,-0.122992952459015,-0.0937768));
#6035=CARTESIAN_POINT('',(-0.00212133318282245,-0.122295440020381,-0.0937768));
#6036=CARTESIAN_POINT('',(7.89634038017573E-9,-0.106883246202632,-0.0937768));
#6037=CARTESIAN_POINT('',(-0.00274510665732204,-0.122196644007733,-0.0937768));
#6038=CARTESIAN_POINT('',(-0.00286934280237038,-0.122889685217383,-0.0937768));
#6039=CARTESIAN_POINT('',(-0.003556401814949,-0.122735767540543,-0.0937768));
#6040=CARTESIAN_POINT('',(-0.00340595509006139,-0.122063339166289,-0.0937768));
#6041=CARTESIAN_POINT('',(-0.00352522980538176,-0.122596724738762,-0.0937768));
#6042=CARTESIAN_POINT('',(-0.00365562327689161,-0.123179832367745,-0.0937768));
#6043=CARTESIAN_POINT('',(-0.00366076127614168,-0.123197515169595,-0.0937768));
#6044=CARTESIAN_POINT('',(-0.00366576199648238,-0.123215906252469,-0.0937768));
#6045=CARTESIAN_POINT('',(-0.00367227700392018,-0.123237501680268,-0.0937768));
#6046=CARTESIAN_POINT('',(-0.00368153200306251,-0.12326639464614,-0.0937768));
#6047=CARTESIAN_POINT('',(-0.00369344860892671,-0.123301077501585,-0.0937768));
#6048=CARTESIAN_POINT('',(-0.0037083794077058,-0.123341898824904,-0.0937768));
#6049=CARTESIAN_POINT('',(-0.00372653703208569,-0.123388611099922,-0.0937768));
#6050=CARTESIAN_POINT('',(-0.00374817307650898,-0.123441140504072,-0.0937768));
#6051=CARTESIAN_POINT('',(-0.00377352313539064,-0.123499351671692,-0.0937768));
#6052=CARTESIAN_POINT('',(-0.00380282298800719,-0.123563118173547,-0.0937768));
#6053=CARTESIAN_POINT('',(-0.00383630356196229,-0.123632301797028,-0.0937768));
#6054=CARTESIAN_POINT('',(-0.00387419215317218,-0.12370675870468,-0.0937768));
#6055=CARTESIAN_POINT('',(-0.00391671182848683,-0.123786337776552,-0.0937768));
#6056=CARTESIAN_POINT('',(-0.00396408135772627,-0.1238708812206,-0.0937768));
#6057=CARTESIAN_POINT('',(-0.00401651499783046,-0.123960224540327,-0.0937768));
#6058=CARTESIAN_POINT('',(-0.00407422232311723,-0.124054196692722,-0.0937768));
#6059=CARTESIAN_POINT('',(-0.00413740804628271,-0.124152620198551,-0.0937768));
#6060=CARTESIAN_POINT('',(-0.00420627184629388,-0.124255311272101,-0.0937768));
#6061=CARTESIAN_POINT('',(-0.00428100819724301,-0.124362079951417,-0.0937768));
#6062=CARTESIAN_POINT('',(-0.00436180620563858,-0.124472730233269,-0.0937768));
#6063=CARTESIAN_POINT('',(-0.00444884943207743,-0.124587060215127,-0.0937768));
#6064=CARTESIAN_POINT('',(-0.00454231578957627,-0.124704862229386,-0.0937768));
#6065=CARTESIAN_POINT('',(-0.00464237716290764,-0.124825923027852,-0.0937768));
#6066=CARTESIAN_POINT('',(-0.00474920012109311,-0.124950023791898,-0.0937768));
#6067=CARTESIAN_POINT('',(-0.00486294243837395,-0.125076940833003,-0.0937768));
#6068=CARTESIAN_POINT('',(-0.00498376575330664,-0.125206443656771,-0.0937768));
#6069=CARTESIAN_POINT('',(-0.00511178625391001,-0.125338303172956,-0.0937768));
#6070=CARTESIAN_POINT('',(-0.00524726319246708,-0.125472260990247,-0.0937768));
#6071=CARTESIAN_POINT('',(-0.0053620186213988,-0.12558160455753,-0.0937768));
#6072=CARTESIAN_POINT('',(-0.00543224308739314,-0.125646126804921,-0.0937768));
#6073=CARTESIAN_POINT('',(-0.00545350397657545,-0.12566554031842,-0.0937768));
#6074=CARTESIAN_POINT('',(-0.00616714493791461,-0.121166174199683,-0.0937768));
#6075=CARTESIAN_POINT('',(-0.00638416583950657,-0.121667800111005,-0.0937768));
#6076=CARTESIAN_POINT('',(-0.00662141736991488,-0.12221618745195,-0.0937768));
#6077=CARTESIAN_POINT('',(-0.00662765433135113,-0.122233513179341,-0.0937768));
#6078=CARTESIAN_POINT('',(-0.00663441867089857,-0.122251331227598,-0.0937768));
#6079=CARTESIAN_POINT('',(-0.0066418413931402,-0.122272631720979,-0.0937768));
#6080=CARTESIAN_POINT('',(-0.00665133680078535,-0.122301446573393,-0.0937768));
#6081=CARTESIAN_POINT('',(-0.00666208213506407,-0.122336509998046,-0.0937768));
#6082=CARTESIAN_POINT('',(-0.00667399703693819,-0.122378311245671,-0.0937768));
#6083=CARTESIAN_POINT('',(-0.00668676399659388,-0.122426775053833,-0.0937768));
#6084=CARTESIAN_POINT('',(-0.00670013607803549,-0.122481989582325,-0.0937768));
#6085=CARTESIAN_POINT('',(-0.00671384311543783,-0.122543983796948,-0.0937768));
#6086=CARTESIAN_POINT('',(-0.00672762004611889,-0.122612794001883,-0.0937768));
#6087=CARTESIAN_POINT('',(-0.00674119880639021,-0.12268844411662,-0.0937768));
#6088=CARTESIAN_POINT('',(-0.00675431096445756,-0.122770951375403,-0.0937768));
#6089=CARTESIAN_POINT('',(-0.00676668722937015,-0.122860324635026,-0.0937768));
#6090=CARTESIAN_POINT('',(-0.00677805786478909,-0.122956564828718,-0.0937768));
#6091=CARTESIAN_POINT('',(-0.00678815284459434,-0.123059664813089,-0.0937768));
#6092=CARTESIAN_POINT('',(-0.00679670208304115,-0.123169609396127,-0.0937768));
#6093=CARTESIAN_POINT('',(-0.00680343564440374,-0.123286375321221,-0.0937768));
#6094=CARTESIAN_POINT('',(-0.00680808395847218,-0.123409931270957,-0.0937768));
#6095=CARTESIAN_POINT('',(-0.00681037803556542,-0.123540237871888,-0.0937768));
#6096=CARTESIAN_POINT('',(-0.00681004967749677,-0.123677247708089,-0.0937768));
#6097=CARTESIAN_POINT('',(-0.00680683170529348,-0.123820905331191,-0.0937768));
#6098=CARTESIAN_POINT('',(-0.00680045812034602,-0.123971147309221,-0.0937768));
#6099=CARTESIAN_POINT('',(-0.00679066452080964,-0.124127902152101,-0.0937768));
#6100=CARTESIAN_POINT('',(-0.00677718753115292,-0.124291090738657,-0.0937768));
#6101=CARTESIAN_POINT('',(-0.00675976802851888,-0.124460624838446,-0.0937768));
#6102=CARTESIAN_POINT('',(-0.00673813976336307,-0.124636412986345,-0.0937768));
#6103=CARTESIAN_POINT('',(-0.00671207408173422,-0.124818338138054,-0.0937768));
#6104=CARTESIAN_POINT('',(-0.00668120936552884,-0.125006343635282,-0.0937768));
#6105=CARTESIAN_POINT('',(-0.00665264080960808,-0.125162255988185,-0.0937768));
#6106=CARTESIAN_POINT('',(-0.00663375324865916,-0.125255732488302,-0.0937768));
#6107=CARTESIAN_POINT('',(-0.00662796380492497,-0.125283935187755,-0.0937768));
#6108=CARTESIAN_POINT('',(-0.00644067446234184,-0.121798610548099,-0.0937768));
#6109=CARTESIAN_POINT('',(-0.00708698742017028,-0.121519289409349,-0.0937768));
#6110=CARTESIAN_POINT('',(-0.00678013717056691,-0.120885583119079,-0.0937768));
#6111=CARTESIAN_POINT('',(7.89634027956176E-9,-0.106883246202632,-0.0937768));
#6112=CARTESIAN_POINT('',(-0.00734285135129713,-0.120598865923206,-0.0937768));
#6113=CARTESIAN_POINT('',(-0.00767516845818872,-0.121219596201568,-0.0937768));
#6114=CARTESIAN_POINT('',(-0.00828103723130253,-0.120860898881011,-0.0937768));
#6115=CARTESIAN_POINT('',(-0.00793016209809859,-0.120267872088674,-0.0937768));
#6116=CARTESIAN_POINT('',(-0.00820842429978195,-0.120738293999039,-0.0937768));
#6117=CARTESIAN_POINT('',(-0.00851262602744911,-0.121252568510633,-0.0937768));
#6118=CARTESIAN_POINT('',(-0.00852297684139644,-0.121267798125473,-0.0937768));
#6119=CARTESIAN_POINT('',(-0.00853341596621573,-0.121283743777113,-0.0937768));
#6120=CARTESIAN_POINT('',(-0.00854628546068391,-0.121302269001427,-0.0937768));
#6121=CARTESIAN_POINT('',(-0.00856401590539867,-0.121326887892876,-0.0937768));
#6122=CARTESIAN_POINT('',(-0.00858606686280399,-0.121356190814824,-0.0937768));
#6123=CARTESIAN_POINT('',(-0.00861288137891479,-0.121390400329808,-0.0937768));
#6124=CARTESIAN_POINT('',(-0.00864458519272815,-0.121429215328843,-0.0937768));
#6125=CARTESIAN_POINT('',(-0.00868139477235052,-0.12147248785554,-0.0937768));
#6126=CARTESIAN_POINT('',(-0.00872349235109551,-0.121520016366823,-0.0937768));
#6127=CARTESIAN_POINT('',(-0.00877106309959795,-0.121571607761542,-0.0937768));
#6128=CARTESIAN_POINT('',(-0.00882428393301539,-0.121627059231142,-0.0937768));
#6129=CARTESIAN_POINT('',(-0.00888332657439182,-0.12168616373977,-0.0937768));
#6130=CARTESIAN_POINT('',(-0.0089483564742756,-0.121748708632367,-0.0937768));
#6131=CARTESIAN_POINT('',(-0.00901953293470627,-0.121814476236188,-0.0937768));
#6132=CARTESIAN_POINT('',(-0.00909700889393002,-0.121883243896733,-0.0937768));
#6133=CARTESIAN_POINT('',(-0.00918093081376989,-0.121954784180405,-0.0937768));
#6134=CARTESIAN_POINT('',(-0.00927143854347043,-0.12202886503472,-0.0937768));
#6135=CARTESIAN_POINT('',(-0.00936866519610543,-0.122105249964885,-0.0937768));
#6136=CARTESIAN_POINT('',(-0.00947273702605531,-0.122183698210543,-0.0937768));
#6137=CARTESIAN_POINT('',(-0.00958377331596846,-0.122263964924423,-0.0937768));
#6138=CARTESIAN_POINT('',(-0.00970188625103316,-0.122345801362462,-0.0937768));
#6139=CARTESIAN_POINT('',(-0.00982718086376424,-0.122428955042886,-0.0937768));
#6140=CARTESIAN_POINT('',(-0.00995975472897914,-0.122513170039295,-0.0937768));
#6141=CARTESIAN_POINT('',(-0.0100996986445566,-0.12259818677015,-0.0937768));
#6142=CARTESIAN_POINT('',(-0.0102470935391621,-0.122683743740102,-0.0937768));
#6143=CARTESIAN_POINT('',(-0.0104020219135133,-0.122769571786895,-0.0937768));
#6144=CARTESIAN_POINT('',(-0.0105645234762025,-0.122855417128683,-0.0937768));
#6145=CARTESIAN_POINT('',(-0.0107347649434974,-0.122940953907367,-0.0937768));
#6146=CARTESIAN_POINT('',(-0.0108776928624791,-0.123009484441809,-0.0937768));
#6147=CARTESIAN_POINT('',(-0.0109644187694255,-0.123049148192223,-0.0937768));
#6148=CARTESIAN_POINT('',(-0.0109906381822163,-0.123061041564668,-0.0937768));
#6149=CARTESIAN_POINT('',(-0.0102789704741884,-0.118561362913309,-0.0937768));
#6150=CARTESIAN_POINT('',(-0.010640380548237,-0.118971374358288,-0.0937768));
#6151=CARTESIAN_POINT('',(-0.0110354811700851,-0.11941960695751,-0.0937768));
#6152=CARTESIAN_POINT('',(-0.0110467668171044,-0.119434157376368,-0.0937768));
#6153=CARTESIAN_POINT('',(-0.0110587061660275,-0.119449013051394,-0.0937768));
#6154=CARTESIAN_POINT('',(-0.0110723478088273,-0.119466977277107,-0.0937768));
#6155=CARTESIAN_POINT('',(-0.0110902827572294,-0.119491447587931,-0.0937768));
#6156=CARTESIAN_POINT('',(-0.0111113373715137,-0.119521474395528,-0.0937768));
#6157=CARTESIAN_POINT('',(-0.0111355864124844,-0.119557547837306,-0.0937768));
#6158=CARTESIAN_POINT('',(-0.0111627046529926,-0.119599694450363,-0.0937768));
#6159=CARTESIAN_POINT('',(-0.0111924844858244,-0.119648074387064,-0.0937768));
#6160=CARTESIAN_POINT('',(-0.0112246779189363,-0.119702798681354,-0.0937768));
#6161=CARTESIAN_POINT('',(-0.0112590440813463,-0.119763983769434,-0.0937768));
#6162=CARTESIAN_POINT('',(-0.011295335420866,-0.119831735236327,-0.0937768));
#6163=CARTESIAN_POINT('',(-0.0113333019693616,-0.119906152422758,-0.0937768));
#6164=CARTESIAN_POINT('',(-0.0113726903528204,-0.11998732696752,-0.0937768));
#6165=CARTESIAN_POINT('',(-0.0114132443251229,-0.12007534311128,-0.0937768));
#6166=CARTESIAN_POINT('',(-0.0114547048687388,-0.120170277502927,-0.0937768));
#6167=CARTESIAN_POINT('',(-0.0114968104222712,-0.120272199155088,-0.0937768));
#6168=CARTESIAN_POINT('',(-0.0115392970749009,-0.120381169364136,-0.0937768));
#6169=CARTESIAN_POINT('',(-0.0115818987725101,-0.120497241647217,-0.0937768));
#6170=CARTESIAN_POINT('',(-0.0116243475236455,-0.120620461680341,-0.0937768));
#6171=CARTESIAN_POINT('',(-0.0116663736043473,-0.12075086724608,-0.0937768));
#6172=CARTESIAN_POINT('',(-0.0117077057778242,-0.120888488172745,-0.0937768));
#6173=CARTESIAN_POINT('',(-0.0117480714628075,-0.121033346331035,-0.0937768));
#6174=CARTESIAN_POINT('',(-0.011787197106551,-0.12118545543451,-0.0937768));
#6175=CARTESIAN_POINT('',(-0.0118248077742518,-0.121344821621976,-0.0937768));
#6176=CARTESIAN_POINT('',(-0.0118606297607217,-0.121511441054662,-0.0937768));
#6177=CARTESIAN_POINT('',(-0.0118943815833196,-0.121685309019701,-0.0937768));
#6178=CARTESIAN_POINT('',(-0.0119258096105372,-0.121866384859305,-0.0937768));
#6179=CARTESIAN_POINT('',(-0.0119545524147457,-0.122054726434377,-0.0937768));
#6180=CARTESIAN_POINT('',(-0.0119755616701564,-0.122211836062861,-0.0937768));
#6181=CARTESIAN_POINT('',(-0.0119864843593497,-0.122306574074733,-0.0937768));
#6182=CARTESIAN_POINT('',(-0.0119896933845788,-0.122335185472326,-0.0937768));
#6183=CARTESIAN_POINT('',(-0.010734546090315,-0.119078320352101,-0.0937768));
#6184=CARTESIAN_POINT('',(-0.0112629112616618,-0.1186129484753,-0.0937768));
#6185=CARTESIAN_POINT('',(-0.010775253319114,-0.118105079920377,-0.0937768));
#6186=CARTESIAN_POINT('',(7.89634019976448E-9,-0.106883246202632,-0.0937768));
#6187=CARTESIAN_POINT('',(-0.0112218258214048,-0.117658507418087,-0.0937768));
#6188=CARTESIAN_POINT('',(-0.0117296943763276,-0.118146165360634,-0.0937768));
#6189=CARTESIAN_POINT('',(-0.0121950662531283,-0.117617800189287,-0.0937768));
#6190=CARTESIAN_POINT('',(-0.0116781088143369,-0.117162224573161,-0.0937768));
#6191=CARTESIAN_POINT('',(-0.0120881202593157,-0.11752363464721,-0.0937768));
#6192=CARTESIAN_POINT('',(-0.012536352858538,-0.117918735269058,-0.0937768));
#6193=CARTESIAN_POINT('',(-0.012550903277395,-0.117930020916077,-0.0937768));
#6194=CARTESIAN_POINT('',(-0.0125657589524219,-0.117941960265,-0.0937768));
#6195=CARTESIAN_POINT('',(-0.0125837231781349,-0.1179556019078,-0.0937768));
#6196=CARTESIAN_POINT('',(-0.0126081934889582,-0.117973536856202,-0.0937768));
#6197=CARTESIAN_POINT('',(-0.0126382202965557,-0.117994591470486,-0.0937768));
#6198=CARTESIAN_POINT('',(-0.0126742937383336,-0.118018840511457,-0.0937768));
#6199=CARTESIAN_POINT('',(-0.0127164403513909,-0.118045958751965,-0.0937768));
#6200=CARTESIAN_POINT('',(-0.0127648202880915,-0.118075738584797,-0.0937768));
#6201=CARTESIAN_POINT('',(-0.0128195445823812,-0.118107932017909,-0.0937768));
#6202=CARTESIAN_POINT('',(-0.0128807296704612,-0.118142298180319,-0.0937768));
#6203=CARTESIAN_POINT('',(-0.0129484811373547,-0.118178589519839,-0.0937768));
#6204=CARTESIAN_POINT('',(-0.0130228983237855,-0.118216556068334,-0.0937768));
#6205=CARTESIAN_POINT('',(-0.0131040728685478,-0.118255944451793,-0.0937768));
#6206=CARTESIAN_POINT('',(-0.0131920890123072,-0.118296498424095,-0.0937768));
#6207=CARTESIAN_POINT('',(-0.013287023403955,-0.118337958967711,-0.0937768));
#6208=CARTESIAN_POINT('',(-0.0133889450561156,-0.118380064521244,-0.0937768));
#6209=CARTESIAN_POINT('',(-0.0134979152651637,-0.118422551173873,-0.0937768));
#6210=CARTESIAN_POINT('',(-0.0136139875482447,-0.118465152871483,-0.0937768));
#6211=CARTESIAN_POINT('',(-0.0137372075813687,-0.118507601622618,-0.0937768));
#6212=CARTESIAN_POINT('',(-0.0138676131471074,-0.11854962770332,-0.0937768));
#6213=CARTESIAN_POINT('',(-0.0140052340737727,-0.118590959876797,-0.0937768));
#6214=CARTESIAN_POINT('',(-0.014150092232063,-0.11863132556178,-0.0937768));
#6215=CARTESIAN_POINT('',(-0.0143022013355377,-0.118670451205523,-0.0937768));
#6216=CARTESIAN_POINT('',(-0.0144615675230039,-0.118708061873224,-0.0937768));
#6217=CARTESIAN_POINT('',(-0.0146281869556894,-0.118743883859694,-0.0937768));
#6218=CARTESIAN_POINT('',(-0.0148020549207282,-0.118777635682292,-0.0937768));
#6219=CARTESIAN_POINT('',(-0.0149831307603323,-0.11880906370951,-0.0937768));
#6220=CARTESIAN_POINT('',(-0.0151714723354041,-0.118837806513718,-0.0937768));
#6221=CARTESIAN_POINT('',(-0.0153285819638885,-0.118858815769129,-0.0937768));
#6222=CARTESIAN_POINT('',(-0.0154233199757601,-0.118869738458322,-0.0937768));
#6223=CARTESIAN_POINT('',(-0.015451931373354,-0.118872947483551,-0.0937768));
#6224=CARTESIAN_POINT('',(-0.0133846179897013,-0.114813416197071,-0.0937768));
#6225=CARTESIAN_POINT('',(-0.0138550399000666,-0.115091678398754,-0.0937768));
#6226=CARTESIAN_POINT('',(-0.01436931441166,-0.115395880126422,-0.0937768));
#6227=CARTESIAN_POINT('',(-0.0143845440265005,-0.115406230940369,-0.0937768));
#6228=CARTESIAN_POINT('',(-0.0144004896781404,-0.115416670065188,-0.0937768));
#6229=CARTESIAN_POINT('',(-0.0144190149024542,-0.115429539559656,-0.0937768));
#6230=CARTESIAN_POINT('',(-0.0144436337939034,-0.115447270004371,-0.0937768));
#6231=CARTESIAN_POINT('',(-0.014472936715851,-0.115469320961776,-0.0937768));
#6232=CARTESIAN_POINT('',(-0.0145071462308351,-0.115496135477887,-0.0937768));
#6233=CARTESIAN_POINT('',(-0.0145459612298709,-0.115527839291701,-0.0937768));
#6234=CARTESIAN_POINT('',(-0.014589233756567,-0.115564648871323,-0.0937768));
#6235=CARTESIAN_POINT('',(-0.0146367622678507,-0.115606746450068,-0.0937768));
#6236=CARTESIAN_POINT('',(-0.0146883536625699,-0.11565431719857,-0.0937768));
#6237=CARTESIAN_POINT('',(-0.0147438051321691,-0.115707538031988,-0.0937768));
#6238=CARTESIAN_POINT('',(-0.0148029096407978,-0.115766580673364,-0.0937768));
#6239=CARTESIAN_POINT('',(-0.0148654545333948,-0.115831610573248,-0.0937768));
#6240=CARTESIAN_POINT('',(-0.0149312221372158,-0.115902787033679,-0.0937768));
#6241=CARTESIAN_POINT('',(-0.0149999897977606,-0.115980262992903,-0.0937768));
#6242=CARTESIAN_POINT('',(-0.0150715300814322,-0.116064184912742,-0.0937768));
#6243=CARTESIAN_POINT('',(-0.0151456109357477,-0.116154692642443,-0.0937768));
#6244=CARTESIAN_POINT('',(-0.0152219958659121,-0.116251919295078,-0.0937768));
#6245=CARTESIAN_POINT('',(-0.0153004441115708,-0.116355991125028,-0.0937768));
#6246=CARTESIAN_POINT('',(-0.0153807108254509,-0.116467027414941,-0.0937768));
#6247=CARTESIAN_POINT('',(-0.0154625472634899,-0.116585140350006,-0.0937768));
#6248=CARTESIAN_POINT('',(-0.0155457009439136,-0.116710434962737,-0.0937768));
#6249=CARTESIAN_POINT('',(-0.0156299159403228,-0.116843008827952,-0.0937768));
#6250=CARTESIAN_POINT('',(-0.0157149326711777,-0.116982952743529,-0.0937768));
#6251=CARTESIAN_POINT('',(-0.0158004896411296,-0.117130347638135,-0.0937768));
#6252=CARTESIAN_POINT('',(-0.0158863176879225,-0.117285276012486,-0.0937768));
#6253=CARTESIAN_POINT('',(-0.0159721630297104,-0.117447777575175,-0.0937768));
#6254=CARTESIAN_POINT('',(-0.0160576998083941,-0.11761801904247,-0.0937768));
#6255=CARTESIAN_POINT('',(-0.0161262303428365,-0.117760946961452,-0.0937768));
#6256=CARTESIAN_POINT('',(-0.016165894093251,-0.117847672868398,-0.0937768));
#6257=CARTESIAN_POINT('',(-0.0161777874656953,-0.117873892281189,-0.0937768));
#6258=CARTESIAN_POINT('',(-0.0139776447820388,-0.115164291330275,-0.0937768));
#6259=CARTESIAN_POINT('',(-0.014336342102596,-0.114558422557161,-0.0937768));
#6260=CARTESIAN_POINT('',(-0.013715611824233,-0.11422610545027,-0.0937768));
#6261=CARTESIAN_POINT('',(7.89634015466167E-9,-0.106883246202632,-0.0937768));
#6262=CARTESIAN_POINT('',(-0.0140023290201065,-0.113663391269539,-0.0937768));
#6263=CARTESIAN_POINT('',(-0.0146360353103764,-0.113970241519143,-0.0937768));
#6264=CARTESIAN_POINT('',(-0.0149153564491262,-0.113323928561314,-0.0937768));
#6265=CARTESIAN_POINT('',(-0.0142829201007104,-0.113050399036887,-0.0937768));
#6266=CARTESIAN_POINT('',(-0.0147845460120324,-0.113267419938479,-0.0937768));
#6267=CARTESIAN_POINT('',(-0.0153329333529779,-0.113504671468887,-0.0937768));
#6268=CARTESIAN_POINT('',(-0.0153502590803683,-0.113510908430324,-0.0937768));
#6269=CARTESIAN_POINT('',(-0.0153680771286256,-0.113517672769871,-0.0937768));
#6270=CARTESIAN_POINT('',(-0.0153893776220064,-0.113525095492113,-0.0937768));
#6271=CARTESIAN_POINT('',(-0.0154181924744201,-0.113534590899758,-0.0937768));
#6272=CARTESIAN_POINT('',(-0.0154532558990732,-0.113545336234037,-0.0937768));
#6273=CARTESIAN_POINT('',(-0.0154950571466985,-0.113557251135911,-0.0937768));
#6274=CARTESIAN_POINT('',(-0.015543520954861,-0.113570018095566,-0.0937768));
#6275=CARTESIAN_POINT('',(-0.0155987354833527,-0.113583390177008,-0.0937768));
#6276=CARTESIAN_POINT('',(-0.0156607296979753,-0.11359709721441,-0.0937768));
#6277=CARTESIAN_POINT('',(-0.0157295399029101,-0.113610874145091,-0.0937768));
#6278=CARTESIAN_POINT('',(-0.015805190017648,-0.113624452905363,-0.0937768));
#6279=CARTESIAN_POINT('',(-0.0158876972764302,-0.11363756506343,-0.0937768));
#6280=CARTESIAN_POINT('',(-0.0159770705360535,-0.113649941328343,-0.0937768));
#6281=CARTESIAN_POINT('',(-0.0160733107297459,-0.113661311963762,-0.0937768));
#6282=CARTESIAN_POINT('',(-0.0161764107141163,-0.113671406943567,-0.0937768));
#6283=CARTESIAN_POINT('',(-0.0162863552971543,-0.113679956182014,-0.0937768));
#6284=CARTESIAN_POINT('',(-0.0164031212222483,-0.113686689743376,-0.0937768));
#6285=CARTESIAN_POINT('',(-0.0165266771719841,-0.113691338057445,-0.0937768));
#6286=CARTESIAN_POINT('',(-0.0166569837729157,-0.113693632134538,-0.0937768));
#6287=CARTESIAN_POINT('',(-0.0167939936091165,-0.113693303776469,-0.0937768));
#6288=CARTESIAN_POINT('',(-0.0169376512322188,-0.113690085804266,-0.0937768));
#6289=CARTESIAN_POINT('',(-0.0170878932102487,-0.113683712219319,-0.0937768));
#6290=CARTESIAN_POINT('',(-0.0172446480531288,-0.113673918619782,-0.0937768));
#6291=CARTESIAN_POINT('',(-0.017407836639685,-0.113660441630125,-0.0937768));
#6292=CARTESIAN_POINT('',(-0.0175773707394734,-0.113643022127491,-0.0937768));
#6293=CARTESIAN_POINT('',(-0.0177531588873724,-0.113621393862336,-0.0937768));
#6294=CARTESIAN_POINT('',(-0.0179350840390815,-0.113595328180707,-0.0937768));
#6295=CARTESIAN_POINT('',(-0.0181230895363092,-0.113564463464501,-0.0937768));
#6296=CARTESIAN_POINT('',(-0.018279001889213,-0.113535894908581,-0.0937768));
#6297=CARTESIAN_POINT('',(-0.0183724783893295,-0.113517007347632,-0.0937768));
#6298=CARTESIAN_POINT('',(-0.0184006810887825,-0.113511217903897,-0.0937768));
#6299=CARTESIAN_POINT('',(-0.0151800850673163,-0.110289209189034,-0.0937768));
#6300=CARTESIAN_POINT('',(-0.0157134706397896,-0.110408483904354,-0.0937768));
#6301=CARTESIAN_POINT('',(-0.0162965782687724,-0.110538877375864,-0.0937768));
#6302=CARTESIAN_POINT('',(-0.0163142610706224,-0.110544015375114,-0.0937768));
#6303=CARTESIAN_POINT('',(-0.0163326521534967,-0.110549016095455,-0.0937768));
#6304=CARTESIAN_POINT('',(-0.0163542475812959,-0.110555531102893,-0.0937768));
#6305=CARTESIAN_POINT('',(-0.0163831405471672,-0.110564786102035,-0.0937768));
#6306=CARTESIAN_POINT('',(-0.0164178234026125,-0.110576702707899,-0.0937768));
#6307=CARTESIAN_POINT('',(-0.0164586447259315,-0.110591633506678,-0.0937768));
#6308=CARTESIAN_POINT('',(-0.0165053570009494,-0.110609791131058,-0.0937768));
#6309=CARTESIAN_POINT('',(-0.0165578864050994,-0.110631427175481,-0.0937768));
#6310=CARTESIAN_POINT('',(-0.0166160975727198,-0.110656777234363,-0.0937768));
#6311=CARTESIAN_POINT('',(-0.0166798640745747,-0.11068607708698,-0.0937768));
#6312=CARTESIAN_POINT('',(-0.0167490476980559,-0.110719557660935,-0.0937768));
#6313=CARTESIAN_POINT('',(-0.0168235046057078,-0.110757446252145,-0.0937768));
#6314=CARTESIAN_POINT('',(-0.0169030836775797,-0.110799965927459,-0.0937768));
#6315=CARTESIAN_POINT('',(-0.0169876271216273,-0.110847335456699,-0.0937768));
#6316=CARTESIAN_POINT('',(-0.0170769704413544,-0.110899769096803,-0.0937768));
#6317=CARTESIAN_POINT('',(-0.017170942593749,-0.11095747642209,-0.0937768));
#6318=CARTESIAN_POINT('',(-0.0172693660995782,-0.111020662145255,-0.0937768));
#6319=CARTESIAN_POINT('',(-0.0173720571731282,-0.111089525945266,-0.0937768));
#6320=CARTESIAN_POINT('',(-0.0174788258524441,-0.111164262296216,-0.0937768));
#6321=CARTESIAN_POINT('',(-0.0175894761342968,-0.111245060304611,-0.0937768));
#6322=CARTESIAN_POINT('',(-0.0177038061161548,-0.11133210353105,-0.0937768));
#6323=CARTESIAN_POINT('',(-0.0178216081304131,-0.111425569888549,-0.0937768));
#6324=CARTESIAN_POINT('',(-0.0179426689288794,-0.11152563126188,-0.0937768));
#6325=CARTESIAN_POINT('',(-0.0180667696929258,-0.111632454220066,-0.0937768));
#6326=CARTESIAN_POINT('',(-0.0181936867340301,-0.111746196537346,-0.0937768));
#6327=CARTESIAN_POINT('',(-0.0183231895577988,-0.111867019852279,-0.0937768));
#6328=CARTESIAN_POINT('',(-0.0184550490739833,-0.111995040352882,-0.0937768));
#6329=CARTESIAN_POINT('',(-0.0185890068912748,-0.11213051729144,-0.0937768));
#6330=CARTESIAN_POINT('',(-0.0186983504585574,-0.112245272720371,-0.0937768));
#6331=CARTESIAN_POINT('',(-0.0187628727059487,-0.112315497186366,-0.0937768));
#6332=CARTESIAN_POINT('',(-0.0187822862194476,-0.112336758075548,-0.0937768));
#6333=CARTESIAN_POINT('',(-0.01585251344157,-0.110439655913921,-0.0937768));
#6334=CARTESIAN_POINT('',(-0.0160064311184103,-0.109752596901343,-0.0937768));
#6335=CARTESIAN_POINT('',(-0.0153133899087605,-0.109628360756295,-0.0937768));
#6336=CARTESIAN_POINT('',(7.8963401199672E-9,-0.106883246202632,-0.0937768));
#6337=CARTESIAN_POINT('',(-0.0154121859214084,-0.109004587281795,-0.0937768));
#6338=CARTESIAN_POINT('',(-0.0161096983600426,-0.109100593198071,-0.0937768));
#6339=CARTESIAN_POINT('',(-0.0161756268615358,-0.108399598069201,-0.0937768));
#6340=CARTESIAN_POINT('',(-0.0154896188797217,-0.108334889612116,-0.0937768));
#6341=CARTESIAN_POINT('',(-0.0160337566181535,-0.10838627782333,-0.0937768));
#6342=CARTESIAN_POINT('',(-0.0166286187270511,-0.108442456429474,-0.0937768));
#6343=CARTESIAN_POINT('',(-0.0166470238000623,-0.108443034188086,-0.0937768));
#6344=CARTESIAN_POINT('',(-0.016666060066841,-0.108443961377573,-0.0937768));
#6345=CARTESIAN_POINT('',(-0.0166886117871883,-0.108444438591486,-0.0937768));
#6346=CARTESIAN_POINT('',(-0.0167189505826733,-0.108444564981716,-0.0937768));
#6347=CARTESIAN_POINT('',(-0.0167556183720756,-0.108443949207802,-0.0937768));
#6348=CARTESIAN_POINT('',(-0.0167990556281842,-0.108442363656969,-0.0937768));
#6349=CARTESIAN_POINT('',(-0.0168490926562418,-0.108439529616808,-0.0937768));
#6350=CARTESIAN_POINT('',(-0.0169057369937736,-0.108435184994359,-0.0937768));
#6351=CARTESIAN_POINT('',(-0.016968932703063,-0.108429063895728,-0.0937768));
#6352=CARTESIAN_POINT('',(-0.0170386324025645,-0.108420903012716,-0.0937768));
#6353=CARTESIAN_POINT('',(-0.0171147760048309,-0.108410440010075,-0.0937768));
#6354=CARTESIAN_POINT('',(-0.0171972969506131,-0.108397414268324,-0.0937768));
#6355=CARTESIAN_POINT('',(-0.0172861204477452,-0.108381566939651,-0.0937768));
#6356=CARTESIAN_POINT('',(-0.0173811640306672,-0.108362641201167,-0.0937768));
#6357=CARTESIAN_POINT('',(-0.0174823374629503,-0.108340382450203,-0.0937768));
#6358=CARTESIAN_POINT('',(-0.017589542835049,-0.108314538514539,-0.0937768));
#6359=CARTESIAN_POINT('',(-0.0177026746138845,-0.108284859856733,-0.0937768));
#6360=CARTESIAN_POINT('',(-0.0178216197130502,-0.108251099777893,-0.0937768));
#6361=CARTESIAN_POINT('',(-0.0179462575637907,-0.108213014620694,-0.0937768));
#6362=CARTESIAN_POINT('',(-0.0180764601930825,-0.10817036396583,-0.0937768));
#6363=CARTESIAN_POINT('',(-0.0182120923035512,-0.108122910845487,-0.0937768));
#6364=CARTESIAN_POINT('',(-0.0183530113697138,-0.108070421881511,-0.0937768));
#6365=CARTESIAN_POINT('',(-0.0184990676958029,-0.108012667704453,-0.0937768));
#6366=CARTESIAN_POINT('',(-0.0186501046455952,-0.107949422279086,-0.0937768));
#6367=CARTESIAN_POINT('',(-0.0188059582335857,-0.107880466429635,-0.0937768));
#6368=CARTESIAN_POINT('',(-0.0189664591956405,-0.107805575202012,-0.0937768));
#6369=CARTESIAN_POINT('',(-0.0191314255580581,-0.107724567302065,-0.0937768));
#6370=CARTESIAN_POINT('',(-0.0193006916894618,-0.107637116318915,-0.0937768));
#6371=CARTESIAN_POINT('',(-0.0194401449793777,-0.107561766440965,-0.0937768));
#6372=CARTESIAN_POINT('',(-0.0195232098366184,-0.107514917475937,-0.0937768));
#6373=CARTESIAN_POINT('',(-0.0195482431612084,-0.107500696274329,-0.0937768));
#6374=CARTESIAN_POINT('',(-0.0154896188797217,-0.105431602793148,-0.0937768));
#6375=CARTESIAN_POINT('',(-0.0160337566181535,-0.105380214581934,-0.0937768));
#6376=CARTESIAN_POINT('',(-0.0166286187270511,-0.105324035975791,-0.0937768));
#6377=CARTESIAN_POINT('',(-0.0166470238000623,-0.105323458217178,-0.0937768));
#6378=CARTESIAN_POINT('',(-0.016666060066841,-0.105322531027691,-0.0937768));
#6379=CARTESIAN_POINT('',(-0.0166886117871883,-0.105322053813778,-0.0937768));
#6380=CARTESIAN_POINT('',(-0.0167189505826733,-0.105321927423548,-0.0937768));
#6381=CARTESIAN_POINT('',(-0.0167556183720756,-0.105322543197462,-0.0937768));
#6382=CARTESIAN_POINT('',(-0.0167990556281842,-0.105324128748296,-0.0937768));
#6383=CARTESIAN_POINT('',(-0.0168490926562418,-0.105326962788456,-0.0937768));
#6384=CARTESIAN_POINT('',(-0.0169057369937736,-0.105331307410905,-0.0937768));
#6385=CARTESIAN_POINT('',(-0.016968932703063,-0.105337428509536,-0.0937768));
#6386=CARTESIAN_POINT('',(-0.0170386324025645,-0.105345589392548,-0.0937768));
#6387=CARTESIAN_POINT('',(-0.0171147760048309,-0.105356052395189,-0.0937768));
#6388=CARTESIAN_POINT('',(-0.0171972969506131,-0.10536907813694,-0.0937768));
#6389=CARTESIAN_POINT('',(-0.0172861204477452,-0.105384925465613,-0.0937768));
#6390=CARTESIAN_POINT('',(-0.0173811640306672,-0.105403851204097,-0.0937768));
#6391=CARTESIAN_POINT('',(-0.0174823374629503,-0.105426109955061,-0.0937768));
#6392=CARTESIAN_POINT('',(-0.017589542835049,-0.105451953890725,-0.0937768));
#6393=CARTESIAN_POINT('',(-0.0177026746138845,-0.105481632548532,-0.0937768));
#6394=CARTESIAN_POINT('',(-0.0178216197130502,-0.105515392627372,-0.0937768));
#6395=CARTESIAN_POINT('',(-0.0179462575637907,-0.10555347778457,-0.0937768));
#6396=CARTESIAN_POINT('',(-0.0180764601930825,-0.105596128439434,-0.0937768));
#6397=CARTESIAN_POINT('',(-0.0182120923035512,-0.105643581559777,-0.0937768));
#6398=CARTESIAN_POINT('',(-0.0183530113697138,-0.105696070523753,-0.0937768));
#6399=CARTESIAN_POINT('',(-0.0184990676958029,-0.105753824700811,-0.0937768));
#6400=CARTESIAN_POINT('',(-0.0186501046455952,-0.105817070126178,-0.0937768));
#6401=CARTESIAN_POINT('',(-0.0188059582335857,-0.105886025975629,-0.0937768));
#6402=CARTESIAN_POINT('',(-0.0189664591956405,-0.105960917203252,-0.0937768));
#6403=CARTESIAN_POINT('',(-0.0191314255580581,-0.106041925103199,-0.0937768));
#6404=CARTESIAN_POINT('',(-0.0193006916894618,-0.106129376086349,-0.0937768));
#6405=CARTESIAN_POINT('',(-0.0194401449793777,-0.106204725964299,-0.0937768));
#6406=CARTESIAN_POINT('',(-0.0195232098366184,-0.106251574929327,-0.0937768));
#6407=CARTESIAN_POINT('',(-0.0195482431612084,-0.106265796130935,-0.0937768));
#6408=CARTESIAN_POINT('',(-0.0161756268615359,-0.105366894336063,-0.0937768));
#6409=CARTESIAN_POINT('',(-0.0161096983600426,-0.104665899207193,-0.0937768));
#6410=CARTESIAN_POINT('',(-0.0154121859214084,-0.104761905123469,-0.0937768));
#6411=CARTESIAN_POINT('',(7.89634012343665E-9,-0.106883246202632,-0.0937768));
#6412=CARTESIAN_POINT('',(0.0161756426219966,-0.105366894339094,-0.0886968));
#6413=CARTESIAN_POINT('',(0.0161756426219966,-0.105366894339094,-0.0937768000000001));
#6414=CARTESIAN_POINT('',(0.0163018091130217,-0.105355028396873,-0.0886968));
#6415=CARTESIAN_POINT('',(0.0163018091130217,-0.105355028396873,-0.0937768000000001));
#6416=CARTESIAN_POINT('',(0.0165247148520266,-0.105334181750556,-0.0886968));
#6417=CARTESIAN_POINT('',(0.0165247148520266,-0.105334181750556,-0.0937768000000001));
#6418=CARTESIAN_POINT('',(0.0166615461775766,-0.105321605602109,-0.0886968));
#6419=CARTESIAN_POINT('',(0.0166615461775766,-0.105321605602109,-0.0937768000000002));
#6420=CARTESIAN_POINT('',(0.0166685749022636,-0.105322634951068,-0.0886968));
#6421=CARTESIAN_POINT('',(0.0166685749022636,-0.105322634951068,-0.0937768000000001));
#6422=CARTESIAN_POINT('',(0.016749844267049,-0.10532140929372,-0.0886968000000001));
#6423=CARTESIAN_POINT('',(0.016749844267049,-0.10532140929372,-0.0937768000000002));
#6424=CARTESIAN_POINT('',(0.0168535196630695,-0.10532639754567,-0.0886968));
#6425=CARTESIAN_POINT('',(0.0168535196630695,-0.10532639754567,-0.0937768000000002));
#6426=CARTESIAN_POINT('',(0.017058175895542,-0.105345408343199,-0.0886968000000001));
#6427=CARTESIAN_POINT('',(0.017058175895542,-0.105345408343199,-0.0937768000000002));
#6428=CARTESIAN_POINT('',(0.0173503956305624,-0.105392867076555,-0.0886968));
#6429=CARTESIAN_POINT('',(0.0173503956305624,-0.105392867076555,-0.0937768000000002));
#6430=CARTESIAN_POINT('',(0.0177443935471102,-0.105488484699274,-0.0886968000000001));
#6431=CARTESIAN_POINT('',(0.0177443935471102,-0.105488484699274,-0.0937768000000002));
#6432=CARTESIAN_POINT('',(0.0181681357278029,-0.105623164981219,-0.0886968));
#6433=CARTESIAN_POINT('',(0.0181681357278029,-0.105623164981219,-0.0937768000000001));
#6434=CARTESIAN_POINT('',(0.0187624653488261,-0.10585482600254,-0.0886968));
#6435=CARTESIAN_POINT('',(0.0187624653488261,-0.10585482600254,-0.0937768000000002));
#6436=CARTESIAN_POINT('',(0.0192313422582364,-0.106085758669054,-0.0886968));
#6437=CARTESIAN_POINT('',(0.0192313422582364,-0.106085758669054,-0.0937768000000002));
#6438=CARTESIAN_POINT('',(0.0195482589538893,-0.106265796130935,-0.0886968));
#6439=CARTESIAN_POINT('',(0.0195482589538893,-0.106265796130935,-0.0937768000000002));
#6440=CARTESIAN_POINT('',(0.0161756426542167,-0.105366894336063,-0.0886968));
#6441=CARTESIAN_POINT('',(0.0158525292026715,-0.103326836498417,-0.0886968));
#6442=CARTESIAN_POINT('',(0.0158525292026715,-0.103326836498417,-0.0937767999999999));
#6443=CARTESIAN_POINT('',(0.0159761874438995,-0.103299134090241,-0.0886968));
#6444=CARTESIAN_POINT('',(0.0159761874438995,-0.103299134090241,-0.0937767999999999));
#6445=CARTESIAN_POINT('',(0.0161946253674872,-0.103250078767567,-0.0886968));
#6446=CARTESIAN_POINT('',(0.0161946253674872,-0.103250078767567,-0.0937767999999999));
#6447=CARTESIAN_POINT('',(0.0163286459348788,-0.10321975619054,-0.0886968));
#6448=CARTESIAN_POINT('',(0.0163286459348788,-0.10321975619054,-0.0937767999999999));
#6449=CARTESIAN_POINT('',(0.0163350125629721,-0.103216605226128,-0.0886968));
#6450=CARTESIAN_POINT('',(0.0163350125629721,-0.103216605226128,-0.0937767999999999));
#6451=CARTESIAN_POINT('',(0.0164126830708761,-0.103192657280694,-0.0886968));
#6452=CARTESIAN_POINT('',(0.0164126830708761,-0.103192657280694,-0.0937767999999998));
#6453=CARTESIAN_POINT('',(0.0165097427772163,-0.103155875711904,-0.0886968));
#6454=CARTESIAN_POINT('',(0.0165097427772163,-0.103155875711904,-0.0937767999999999));
#6455=CARTESIAN_POINT('',(0.0166985077611966,-0.103074553115195,-0.0886968));
#6456=CARTESIAN_POINT('',(0.0166985077611966,-0.103074553115195,-0.0937767999999999));
#6457=CARTESIAN_POINT('',(0.0169617596892392,-0.102939116313369,-0.0886968));
#6458=CARTESIAN_POINT('',(0.0169617596892392,-0.102939116313369,-0.0937767999999999));
#6459=CARTESIAN_POINT('',(0.0173069265047968,-0.102726426498248,-0.0886968));
#6460=CARTESIAN_POINT('',(0.0173069265047968,-0.102726426498248,-0.0937767999999999));
#6461=CARTESIAN_POINT('',(0.0176683107710455,-0.10246739440342,-0.0886968));
#6462=CARTESIAN_POINT('',(0.0176683107710455,-0.10246739440342,-0.0937767999999999));
#6463=CARTESIAN_POINT('',(0.0181619646374245,-0.102063413726364,-0.0886968));
#6464=CARTESIAN_POINT('',(0.0181619646374245,-0.102063413726364,-0.0937767999999999));
#6465=CARTESIAN_POINT('',(0.0185365309589499,-0.101698892775771,-0.0886968));
#6466=CARTESIAN_POINT('',(0.0185365309589499,-0.101698892775771,-0.0937767999999999));
#6467=CARTESIAN_POINT('',(0.0187823020121285,-0.101429734329716,-0.0886968));
#6468=CARTESIAN_POINT('',(0.0187823020121285,-0.101429734329716,-0.0937767999999999));
#6469=CARTESIAN_POINT('',(0.0158525292342509,-0.103326836491343,-0.0937768));
#6470=CARTESIAN_POINT('',(7.89634074446766E-9,-0.106883246202632,-0.0886968));
#6471=CARTESIAN_POINT('',(0.0153134057014414,-0.10413813164897,-0.0886968));
#6472=CARTESIAN_POINT('',(0.0154122017140893,-0.104761905123469,-0.0886968));
#6473=CARTESIAN_POINT('',(0.0161097141527234,-0.104665899207193,-0.0912368));
#6474=CARTESIAN_POINT('',(0.0160064469110912,-0.104013895503921,-0.0912368));
#6475=CARTESIAN_POINT('',(0.0158525292026714,-0.110439655906847,-0.0886968));
#6476=CARTESIAN_POINT('',(0.0158525292026714,-0.110439655906847,-0.0937768));
#6477=CARTESIAN_POINT('',(0.0159761874438995,-0.110467358315023,-0.0886968));
#6478=CARTESIAN_POINT('',(0.0159761874438995,-0.110467358315023,-0.0937768));
#6479=CARTESIAN_POINT('',(0.0161946253674872,-0.110516413637697,-0.0886968));
#6480=CARTESIAN_POINT('',(0.0161946253674872,-0.110516413637697,-0.0937768));
#6481=CARTESIAN_POINT('',(0.0163286459348788,-0.110546736214724,-0.0886968));
#6482=CARTESIAN_POINT('',(0.0163286459348788,-0.110546736214724,-0.0937768));
#6483=CARTESIAN_POINT('',(0.0163350125629721,-0.110549887179137,-0.0886968));
#6484=CARTESIAN_POINT('',(0.0163350125629721,-0.110549887179137,-0.0937768));
#6485=CARTESIAN_POINT('',(0.0164126830708761,-0.11057383512457,-0.0886968));
#6486=CARTESIAN_POINT('',(0.0164126830708761,-0.11057383512457,-0.0937768));
#6487=CARTESIAN_POINT('',(0.0165097427772163,-0.11061061669336,-0.0886968));
#6488=CARTESIAN_POINT('',(0.0165097427772163,-0.11061061669336,-0.0937767999999999));
#6489=CARTESIAN_POINT('',(0.0166985077611966,-0.110691939290069,-0.0886968));
#6490=CARTESIAN_POINT('',(0.0166985077611966,-0.110691939290069,-0.0937768));
#6491=CARTESIAN_POINT('',(0.0169617596892392,-0.110827376091896,-0.0886968));
#6492=CARTESIAN_POINT('',(0.0169617596892392,-0.110827376091896,-0.0937768));
#6493=CARTESIAN_POINT('',(0.0173069265047968,-0.111040065907016,-0.0886968));
#6494=CARTESIAN_POINT('',(0.0173069265047968,-0.111040065907016,-0.0937768));
#6495=CARTESIAN_POINT('',(0.0176683107710455,-0.111299098001844,-0.0886968));
#6496=CARTESIAN_POINT('',(0.0176683107710455,-0.111299098001844,-0.0937768));
#6497=CARTESIAN_POINT('',(0.0181619646374244,-0.1117030786789,-0.0886968));
#6498=CARTESIAN_POINT('',(0.0181619646374244,-0.1117030786789,-0.0937768));
#6499=CARTESIAN_POINT('',(0.0185365309589506,-0.11206759962949,-0.0886968));
#6500=CARTESIAN_POINT('',(0.0185365309589506,-0.11206759962949,-0.0937768));
#6501=CARTESIAN_POINT('',(0.0187823020121285,-0.112336758075548,-0.0886968));
#6502=CARTESIAN_POINT('',(0.0187823020121285,-0.112336758075548,-0.0937768));
#6503=CARTESIAN_POINT('',(0.0158525292342509,-0.110439655913921,-0.0886968));
#6504=CARTESIAN_POINT('',(0.0161756426219967,-0.10839959806617,-0.0886968));
#6505=CARTESIAN_POINT('',(0.0161756426219967,-0.10839959806617,-0.0937767999999998));
#6506=CARTESIAN_POINT('',(0.0163018091130217,-0.108411464008392,-0.0886968));
#6507=CARTESIAN_POINT('',(0.0163018091130217,-0.108411464008392,-0.0937767999999998));
#6508=CARTESIAN_POINT('',(0.0165247148520267,-0.108432310654708,-0.0886968));
#6509=CARTESIAN_POINT('',(0.0165247148520267,-0.108432310654708,-0.0937767999999999));
#6510=CARTESIAN_POINT('',(0.0166615461775765,-0.108444886803156,-0.0886968));
#6511=CARTESIAN_POINT('',(0.0166615461775765,-0.108444886803156,-0.0937767999999998));
#6512=CARTESIAN_POINT('',(0.0166685749022636,-0.108443857454196,-0.0886968));
#6513=CARTESIAN_POINT('',(0.0166685749022636,-0.108443857454196,-0.0937767999999998));
#6514=CARTESIAN_POINT('',(0.016749844267049,-0.108445083111544,-0.0886968));
#6515=CARTESIAN_POINT('',(0.016749844267049,-0.108445083111544,-0.0937767999999998));
#6516=CARTESIAN_POINT('',(0.0168535196630696,-0.108440094859594,-0.0886968));
#6517=CARTESIAN_POINT('',(0.0168535196630696,-0.108440094859594,-0.0937767999999998));
#6518=CARTESIAN_POINT('',(0.017058175895542,-0.108421084062065,-0.0886968));
#6519=CARTESIAN_POINT('',(0.017058175895542,-0.108421084062065,-0.0937767999999998));
#6520=CARTESIAN_POINT('',(0.0173503956305624,-0.108373625328709,-0.0886968));
#6521=CARTESIAN_POINT('',(0.0173503956305624,-0.108373625328709,-0.0937767999999998));
#6522=CARTESIAN_POINT('',(0.0177443935471101,-0.10827800770599,-0.0886968));
#6523=CARTESIAN_POINT('',(0.0177443935471101,-0.10827800770599,-0.0937767999999998));
#6524=CARTESIAN_POINT('',(0.0181681357278029,-0.108143327424045,-0.0886968));
#6525=CARTESIAN_POINT('',(0.0181681357278029,-0.108143327424045,-0.0937767999999999));
#6526=CARTESIAN_POINT('',(0.0187624653488261,-0.107911666402723,-0.0886968));
#6527=CARTESIAN_POINT('',(0.0187624653488261,-0.107911666402723,-0.0937767999999998));
#6528=CARTESIAN_POINT('',(0.0192313422582364,-0.107680733736213,-0.0886968));
#6529=CARTESIAN_POINT('',(0.0192313422582364,-0.107680733736213,-0.0937767999999998));
#6530=CARTESIAN_POINT('',(0.0195482589538893,-0.107500696274329,-0.0886968));
#6531=CARTESIAN_POINT('',(0.0195482589538893,-0.107500696274329,-0.0937767999999998));
#6532=CARTESIAN_POINT('',(0.0161756426542167,-0.108399598069201,-0.0937768));
#6533=CARTESIAN_POINT('',(7.89634074446766E-9,-0.106883246202632,-0.0886968));
#6534=CARTESIAN_POINT('',(0.0154122017140893,-0.109004587281795,-0.0886968));
#6535=CARTESIAN_POINT('',(0.0153134057014414,-0.109628360756295,-0.0886968));
#6536=CARTESIAN_POINT('',(0.0160064469110912,-0.109752596901343,-0.0912368));
#6537=CARTESIAN_POINT('',(0.0161097141527234,-0.109100593198071,-0.0912368));
#6538=CARTESIAN_POINT('',(0.0107345618616058,-0.119078320327815,-0.0886968));
#6539=CARTESIAN_POINT('',(0.0107345618616058,-0.119078320327815,-0.0937768000000001));
#6540=CARTESIAN_POINT('',(0.010818320413275,-0.119173416537333,-0.0886968));
#6541=CARTESIAN_POINT('',(0.010818320413275,-0.119173416537333,-0.0937768000000001));
#6542=CARTESIAN_POINT('',(0.010966206410459,-0.119341497717067,-0.0886968));
#6543=CARTESIAN_POINT('',(0.010966206410459,-0.119341497717067,-0.0937768000000001));
#6544=CARTESIAN_POINT('',(0.0110568081634868,-0.119444804510212,-0.0886968));
#6545=CARTESIAN_POINT('',(0.0110568081634868,-0.119444804510212,-0.0937768000000001));
#6546=CARTESIAN_POINT('',(0.0110601067833989,-0.11945109590407,-0.0886968));
#6547=CARTESIAN_POINT('',(0.0110601067833989,-0.11945109590407,-0.0937768000000001));
#6548=CARTESIAN_POINT('',(0.0111088672951065,-0.11951612377799,-0.0886968));
#6549=CARTESIAN_POINT('',(0.0111088672951065,-0.11951612377799,-0.0937768000000001));
#6550=CARTESIAN_POINT('',(0.0111657705833137,-0.1196029309562,-0.0886968));
#6551=CARTESIAN_POINT('',(0.0111657705833137,-0.1196029309562,-0.0937768000000001));
#6552=CARTESIAN_POINT('',(0.0112706844402732,-0.119779675592697,-0.0886968000000001));
#6553=CARTESIAN_POINT('',(0.0112706844402732,-0.119779675592697,-0.0937768000000002));
#6554=CARTESIAN_POINT('',(0.0114040519691302,-0.120043981867979,-0.0886968));
#6555=CARTESIAN_POINT('',(0.0114040519691302,-0.120043981867979,-0.0937768000000001));
#6556=CARTESIAN_POINT('',(0.0115582818521697,-0.120418935506709,-0.0886968));
#6557=CARTESIAN_POINT('',(0.0115582818521697,-0.120418935506709,-0.0937768000000001));
#6558=CARTESIAN_POINT('',(0.0116983926198543,-0.120840913215624,-0.0886968));
#6559=CARTESIAN_POINT('',(0.0116983926198543,-0.120840913215624,-0.0937768000000001));
#6560=CARTESIAN_POINT('',(0.0118603131029093,-0.121457902911156,-0.0886968));
#6561=CARTESIAN_POINT('',(0.0118603131029093,-0.121457902911156,-0.0937768000000002));
#6562=CARTESIAN_POINT('',(0.0119490835836354,-0.121972971114789,-0.0886968));
#6563=CARTESIAN_POINT('',(0.0119490835836354,-0.121972971114789,-0.0937768000000001));
#6564=CARTESIAN_POINT('',(0.0119897091772597,-0.122335185472326,-0.0886968));
#6565=CARTESIAN_POINT('',(0.0119897091772597,-0.122335185472326,-0.0937768000000001));
#6566=CARTESIAN_POINT('',(0.0107345618829958,-0.119078320352101,-0.0886968));
#6567=CARTESIAN_POINT('',(0.0121950820215238,-0.117617800167897,-0.0886968));
#6568=CARTESIAN_POINT('',(0.0121950820215238,-0.117617800167897,-0.0937767999999998));
#6569=CARTESIAN_POINT('',(0.0122901782310416,-0.117701558719567,-0.0886968));
#6570=CARTESIAN_POINT('',(0.0122901782310416,-0.117701558719567,-0.0937767999999998));
#6571=CARTESIAN_POINT('',(0.0124582594107759,-0.117849444716751,-0.0886968));
#6572=CARTESIAN_POINT('',(0.0124582594107759,-0.117849444716751,-0.0937767999999998));
#6573=CARTESIAN_POINT('',(0.0125615662039204,-0.117940046469779,-0.0886968));
#6574=CARTESIAN_POINT('',(0.0125615662039204,-0.117940046469779,-0.0937767999999998));
#6575=CARTESIAN_POINT('',(0.0125678575977789,-0.117943345089691,-0.0886968));
#6576=CARTESIAN_POINT('',(0.0125678575977789,-0.117943345089691,-0.0937767999999998));
#6577=CARTESIAN_POINT('',(0.012632885471699,-0.117992105601398,-0.0886968));
#6578=CARTESIAN_POINT('',(0.012632885471699,-0.117992105601398,-0.0937767999999998));
#6579=CARTESIAN_POINT('',(0.0127196926499086,-0.118049008889605,-0.0886968));
#6580=CARTESIAN_POINT('',(0.0127196926499086,-0.118049008889605,-0.0937767999999998));
#6581=CARTESIAN_POINT('',(0.0128964372864056,-0.118153922746565,-0.0886968));
#6582=CARTESIAN_POINT('',(0.0128964372864056,-0.118153922746565,-0.0937767999999998));
#6583=CARTESIAN_POINT('',(0.0131607435616881,-0.118287290275422,-0.0886968));
#6584=CARTESIAN_POINT('',(0.0131607435616881,-0.118287290275422,-0.0937767999999998));
#6585=CARTESIAN_POINT('',(0.0135356972004169,-0.118441520158461,-0.0886968));
#6586=CARTESIAN_POINT('',(0.0135356972004169,-0.118441520158461,-0.0937767999999998));
#6587=CARTESIAN_POINT('',(0.0139576749093328,-0.118581630926146,-0.0886968));
#6588=CARTESIAN_POINT('',(0.0139576749093328,-0.118581630926146,-0.0937767999999998));
#6589=CARTESIAN_POINT('',(0.0145746646048646,-0.118743551409201,-0.0886968));
#6590=CARTESIAN_POINT('',(0.0145746646048646,-0.118743551409201,-0.0937767999999998));
#6591=CARTESIAN_POINT('',(0.0150897328084971,-0.118832321889928,-0.0886968));
#6592=CARTESIAN_POINT('',(0.0150897328084971,-0.118832321889928,-0.0937767999999998));
#6593=CARTESIAN_POINT('',(0.0154519471660348,-0.118872947483551,-0.0886968));
#6594=CARTESIAN_POINT('',(0.0154519471660348,-0.118872947483551,-0.0937767999999998));
#6595=CARTESIAN_POINT('',(0.0121950820458092,-0.117617800189287,-0.0937768));
#6596=CARTESIAN_POINT('',(7.89634066120093E-9,-0.106883246202632,-0.0886968));
#6597=CARTESIAN_POINT('',(0.0112218416140856,-0.117658507418087,-0.0886968));
#6598=CARTESIAN_POINT('',(0.0107752691117949,-0.118105079920377,-0.0886968));
#6599=CARTESIAN_POINT('',(0.0112629270543427,-0.1186129484753,-0.0912368));
#6600=CARTESIAN_POINT('',(0.0117297101690085,-0.118146165360634,-0.0912368));
#6601=CARTESIAN_POINT('',(0.0139776605468719,-0.115164291313788,-0.0886968));
#6602=CARTESIAN_POINT('',(0.0139776605468719,-0.115164291313788,-0.0937768));
#6603=CARTESIAN_POINT('',(0.0140867060080739,-0.115228850367635,-0.0886968));
#6604=CARTESIAN_POINT('',(0.0140867060080739,-0.115228850367635,-0.0937768));
#6605=CARTESIAN_POINT('',(0.0142792938903371,-0.115343005782528,-0.0886968));
#6606=CARTESIAN_POINT('',(0.0142792938903371,-0.115343005782528,-0.0937768));
#6607=CARTESIAN_POINT('',(0.014397384832658,-0.11541325889992,-0.0886968));
#6608=CARTESIAN_POINT('',(0.014397384832658,-0.11541325889992,-0.0937768));
#6609=CARTESIAN_POINT('',(0.0144024661542408,-0.115418223041435,-0.0886968));
#6610=CARTESIAN_POINT('',(0.0144024661542408,-0.115418223041435,-0.0937768));
#6611=CARTESIAN_POINT('',(0.0144689348747875,-0.115465000397895,-0.0886968));
#6612=CARTESIAN_POINT('',(0.0144689348747875,-0.115465000397895,-0.0937768));
#6613=CARTESIAN_POINT('',(0.0145498780111362,-0.115529974847301,-0.0886968));
#6614=CARTESIAN_POINT('',(0.0145498780111362,-0.115529974847301,-0.0937768));
#6615=CARTESIAN_POINT('',(0.0147042741147893,-0.115665648820816,-0.0886968));
#6616=CARTESIAN_POINT('',(0.0147042741147893,-0.115665648820816,-0.0937768));
#6617=CARTESIAN_POINT('',(0.0149127893029532,-0.115875806193306,-0.0886968));
#6618=CARTESIAN_POINT('',(0.0149127893029532,-0.115875806193306,-0.0937768));
#6619=CARTESIAN_POINT('',(0.0151753376846953,-0.116184748639828,-0.0886968));
#6620=CARTESIAN_POINT('',(0.0151753376846953,-0.116184748639828,-0.0937768));
#6621=CARTESIAN_POINT('',(0.0154389892266072,-0.116542776681314,-0.0886968));
#6622=CARTESIAN_POINT('',(0.0154389892266072,-0.116542776681314,-0.0937768));
#6623=CARTESIAN_POINT('',(0.015783645058412,-0.117079532570736,-0.0886968000000001));
#6624=CARTESIAN_POINT('',(0.015783645058412,-0.117079532570736,-0.0937768000000001));
#6625=CARTESIAN_POINT('',(0.0160272356307452,-0.117541959954992,-0.0886968));
#6626=CARTESIAN_POINT('',(0.0160272356307452,-0.117541959954992,-0.0937768));
#6627=CARTESIAN_POINT('',(0.0161778032583762,-0.117873892281189,-0.0886968));
#6628=CARTESIAN_POINT('',(0.0161778032583762,-0.117873892281189,-0.0937768));
#6629=CARTESIAN_POINT('',(0.0139776605747196,-0.115164291330275,-0.0886968));
#6630=CARTESIAN_POINT('',(0.0149153722121006,-0.113323928548476,-0.0886968));
#6631=CARTESIAN_POINT('',(0.0149153722121006,-0.113323928548476,-0.0937768));
#6632=CARTESIAN_POINT('',(0.0150316968977274,-0.113374201319995,-0.0886968));
#6633=CARTESIAN_POINT('',(0.0150316968977274,-0.113374201319995,-0.0937768));
#6634=CARTESIAN_POINT('',(0.0152372508853402,-0.113462909320313,-0.0886968));
#6635=CARTESIAN_POINT('',(0.0152372508853402,-0.113462909320313,-0.0937768));
#6636=CARTESIAN_POINT('',(0.0153634989655436,-0.113517153153202,-0.0886968));
#6637=CARTESIAN_POINT('',(0.0153634989655436,-0.113517153153202,-0.0937768));
#6638=CARTESIAN_POINT('',(0.0153705017662801,-0.113518346179543,-0.0886968));
#6639=CARTESIAN_POINT('',(0.0153705017662801,-0.113518346179543,-0.0937768));
#6640=CARTESIAN_POINT('',(0.0154474147762846,-0.113544625463792,-0.0886968));
#6641=CARTESIAN_POINT('',(0.0154474147762846,-0.113544625463792,-0.0937768));
#6642=CARTESIAN_POINT('',(0.015547557391874,-0.113571918813539,-0.0886968));
#6643=CARTESIAN_POINT('',(0.015547557391874,-0.113571918813539,-0.0937768));
#6644=CARTESIAN_POINT('',(0.0157480716948806,-0.113617080724508,-0.0886968));
#6645=CARTESIAN_POINT('',(0.0157480716948806,-0.113617080724508,-0.0937768));
#6646=CARTESIAN_POINT('',(0.0160406547332003,-0.113662245651107,-0.0886968));
#6647=CARTESIAN_POINT('',(0.0160406547332003,-0.113662245651107,-0.0937768));
#6648=CARTESIAN_POINT('',(0.0164449164895216,-0.113693059939909,-0.0886968));
#6649=CARTESIAN_POINT('',(0.0164449164895216,-0.113693059939909,-0.0937768));
#6650=CARTESIAN_POINT('',(0.0168895377476268,-0.113695914915216,-0.0886968));
#6651=CARTESIAN_POINT('',(0.0168895377476268,-0.113695914915216,-0.0937768));
#6652=CARTESIAN_POINT('',(0.0175263659990508,-0.113659250144474,-0.0886968));
#6653=CARTESIAN_POINT('',(0.0175263659990508,-0.113659250144474,-0.0937768));
#6654=CARTESIAN_POINT('',(0.0180436565575944,-0.113584511060438,-0.0886968));
#6655=CARTESIAN_POINT('',(0.0180436565575944,-0.113584511060438,-0.0937768));
#6656=CARTESIAN_POINT('',(0.0184006968814634,-0.113511217903897,-0.0886968));
#6657=CARTESIAN_POINT('',(0.0184006968814634,-0.113511217903897,-0.0937768));
#6658=CARTESIAN_POINT('',(0.0149153722418072,-0.113323928561314,-0.0937768));
#6659=CARTESIAN_POINT('',(7.89634072018153E-9,-0.106883246202632,-0.0886968));
#6660=CARTESIAN_POINT('',(0.0140023448127874,-0.113663391269539,-0.0886968));
#6661=CARTESIAN_POINT('',(0.0137156276169139,-0.11422610545027,-0.0886968));
#6662=CARTESIAN_POINT('',(0.0143363578952769,-0.114558422557161,-0.0912368));
#6663=CARTESIAN_POINT('',(0.0146360511030573,-0.113970241519143,-0.0912368));
#6664=CARTESIAN_POINT('',(0.00355641760055529,-0.091030724896301,-0.0886968));
#6665=CARTESIAN_POINT('',(0.00355641760055529,-0.091030724896301,-0.0937768000000002));
#6666=CARTESIAN_POINT('',(0.00358412000873133,-0.090907066655073,-0.0886968));
#6667=CARTESIAN_POINT('',(0.00358412000873133,-0.090907066655073,-0.0937768000000001));
#6668=CARTESIAN_POINT('',(0.00363317533140562,-0.0906886287314854,-0.0886968000000001));
#6669=CARTESIAN_POINT('',(0.00363317533140562,-0.0906886287314854,-0.0937768000000002));
#6670=CARTESIAN_POINT('',(0.00366349790843232,-0.0905546081640937,-0.0886968));
#6671=CARTESIAN_POINT('',(0.00366349790843232,-0.0905546081640937,-0.0937768000000001));
#6672=CARTESIAN_POINT('',(0.00366664887284484,-0.0905482415360005,-0.0886968));
#6673=CARTESIAN_POINT('',(0.00366664887284484,-0.0905482415360005,-0.0937768000000002));
#6674=CARTESIAN_POINT('',(0.00369059681827829,-0.0904705710280964,-0.0886968));
#6675=CARTESIAN_POINT('',(0.00369059681827829,-0.0904705710280964,-0.0937768000000002));
#6676=CARTESIAN_POINT('',(0.00372737838706852,-0.0903735113217562,-0.0886968));
#6677=CARTESIAN_POINT('',(0.00372737838706852,-0.0903735113217562,-0.0937768000000001));
#6678=CARTESIAN_POINT('',(0.00380870098377729,-0.0901847463377759,-0.0886968));
#6679=CARTESIAN_POINT('',(0.00380870098377729,-0.0901847463377759,-0.0937768000000002));
#6680=CARTESIAN_POINT('',(0.0039441377856039,-0.0899214944097333,-0.0886968));
#6681=CARTESIAN_POINT('',(0.0039441377856039,-0.0899214944097333,-0.0937768000000002));
#6682=CARTESIAN_POINT('',(0.00415682760072487,-0.0895763275941758,-0.0886968));
#6683=CARTESIAN_POINT('',(0.00415682760072487,-0.0895763275941758,-0.0937768000000002));
#6684=CARTESIAN_POINT('',(0.00441585969555286,-0.089214943327927,-0.0886968));
#6685=CARTESIAN_POINT('',(0.00441585969555286,-0.089214943327927,-0.0937768000000002));
#6686=CARTESIAN_POINT('',(0.00481984037260848,-0.0887212894615482,-0.0886968));
#6687=CARTESIAN_POINT('',(0.00481984037260848,-0.0887212894615482,-0.0937768000000002));
#6688=CARTESIAN_POINT('',(0.00518436132319978,-0.0883467231400221,-0.0886968));
#6689=CARTESIAN_POINT('',(0.00518436132319978,-0.0883467231400221,-0.0937768000000002));
#6690=CARTESIAN_POINT('',(0.00545351976925631,-0.0881009520868441,-0.0886968));
#6691=CARTESIAN_POINT('',(0.00545351976925631,-0.0881009520868441,-0.0937768000000002));
#6692=CARTESIAN_POINT('',(0.00355641760762985,-0.0910307248647216,-0.0886968));
#6693=CARTESIAN_POINT('',(0.00151635975987879,-0.0907076114769758,-0.0886968));
#6694=CARTESIAN_POINT('',(0.00151635975987879,-0.0907076114769758,-0.0937768000000001));
#6695=CARTESIAN_POINT('',(0.00152822570209988,-0.0905814449859508,-0.0886968));
#6696=CARTESIAN_POINT('',(0.00152822570209988,-0.0905814449859508,-0.0937768000000001));
#6697=CARTESIAN_POINT('',(0.0015490723484161,-0.0903585392469458,-0.0886968));
#6698=CARTESIAN_POINT('',(0.0015490723484161,-0.0903585392469458,-0.0937768000000001));
#6699=CARTESIAN_POINT('',(0.00156164849686377,-0.090221707921396,-0.0886968));
#6700=CARTESIAN_POINT('',(0.00156164849686377,-0.090221707921396,-0.0937768000000002));
#6701=CARTESIAN_POINT('',(0.00156061914790432,-0.0902146791967089,-0.0886968));
#6702=CARTESIAN_POINT('',(0.00156061914790432,-0.0902146791967089,-0.0937768000000001));
#6703=CARTESIAN_POINT('',(0.00156184480525204,-0.0901334098319236,-0.0886968));
#6704=CARTESIAN_POINT('',(0.00156184480525204,-0.0901334098319236,-0.0937768000000002));
#6705=CARTESIAN_POINT('',(0.00155685655330269,-0.0900297344359029,-0.0886968));
#6706=CARTESIAN_POINT('',(0.00155685655330269,-0.0900297344359029,-0.0937768000000001));
#6707=CARTESIAN_POINT('',(0.00153784575577361,-0.0898250782034306,-0.0886968000000001));
#6708=CARTESIAN_POINT('',(0.00153784575577361,-0.0898250782034306,-0.0937768000000002));
#6709=CARTESIAN_POINT('',(0.00149038702241736,-0.0895328584684101,-0.0886968));
#6710=CARTESIAN_POINT('',(0.00149038702241736,-0.0895328584684101,-0.0937768000000001));
#6711=CARTESIAN_POINT('',(0.00139476939969852,-0.0891388605518624,-0.0886968));
#6712=CARTESIAN_POINT('',(0.00139476939969852,-0.0891388605518624,-0.0937768000000001));
#6713=CARTESIAN_POINT('',(0.00126008911775335,-0.0887151183711697,-0.0886968));
#6714=CARTESIAN_POINT('',(0.00126008911775335,-0.0887151183711697,-0.0937768000000002));
#6715=CARTESIAN_POINT('',(0.00102842809643232,-0.0881207887501463,-0.0886968));
#6716=CARTESIAN_POINT('',(0.00102842809643232,-0.0881207887501463,-0.0937768000000001));
#6717=CARTESIAN_POINT('',(0.000797495429918101,-0.0876519118407359,-0.0886968));
#6718=CARTESIAN_POINT('',(0.000797495429918101,-0.0876519118407359,-0.0937768000000001));
#6719=CARTESIAN_POINT('',(0.000617457968037864,-0.0873349951450832,-0.0886968));
#6720=CARTESIAN_POINT('',(0.000617457968037864,-0.0873349951450832,-0.0937768000000001));
#6721=CARTESIAN_POINT('',(0.00151635976290906,-0.0907076114447558,-0.0937768));
#6722=CARTESIAN_POINT('',(7.89634047732024E-9,-0.106883246202632,-0.0886968));
#6723=CARTESIAN_POINT('',(0.0021213489755033,-0.0914710523848832,-0.0886968));
#6724=CARTESIAN_POINT('',(0.00274512245000289,-0.0915698483975311,-0.0886968));
#6725=CARTESIAN_POINT('',(0.00286935859505124,-0.0908768071878813,-0.0912368));
#6726=CARTESIAN_POINT('',(0.00221735489177964,-0.0907735399462491,-0.0912368));
#6727=CARTESIAN_POINT('',(0.0082810530074965,-0.0929055935521006,-0.0886968));
#6728=CARTESIAN_POINT('',(0.0082810530074965,-0.0929055935521006,-0.0937768));
#6729=CARTESIAN_POINT('',(0.00834561206134337,-0.0927965480908986,-0.0886968));
#6730=CARTESIAN_POINT('',(0.00834561206134337,-0.0927965480908986,-0.0937768));
#6731=CARTESIAN_POINT('',(0.00845976747623629,-0.0926039602086354,-0.0886968));
#6732=CARTESIAN_POINT('',(0.00845976747623629,-0.0926039602086354,-0.0937768));
#6733=CARTESIAN_POINT('',(0.00853002059362819,-0.0924858692663145,-0.0886968));
#6734=CARTESIAN_POINT('',(0.00853002059362819,-0.0924858692663145,-0.0937768));
#6735=CARTESIAN_POINT('',(0.00853498473514301,-0.0924807879447318,-0.0886968));
#6736=CARTESIAN_POINT('',(0.00853498473514301,-0.0924807879447318,-0.0937768));
#6737=CARTESIAN_POINT('',(0.00858176209160346,-0.092414319224185,-0.0886968000000001));
#6738=CARTESIAN_POINT('',(0.00858176209160346,-0.092414319224185,-0.0937768000000001));
#6739=CARTESIAN_POINT('',(0.00864673654100915,-0.0923333760878364,-0.0886968));
#6740=CARTESIAN_POINT('',(0.00864673654100915,-0.0923333760878364,-0.0937768));
#6741=CARTESIAN_POINT('',(0.00878241051452388,-0.0921789799841831,-0.0886968));
#6742=CARTESIAN_POINT('',(0.00878241051452388,-0.0921789799841831,-0.0937768));
#6743=CARTESIAN_POINT('',(0.00899256788701438,-0.0919704647960194,-0.0886968));
#6744=CARTESIAN_POINT('',(0.00899256788701438,-0.0919704647960194,-0.0937768));
#6745=CARTESIAN_POINT('',(0.00930151033353635,-0.0917079164142772,-0.0886968));
#6746=CARTESIAN_POINT('',(0.00930151033353635,-0.0917079164142772,-0.0937768));
#6747=CARTESIAN_POINT('',(0.00965953837502267,-0.0914442648723653,-0.0886968));
#6748=CARTESIAN_POINT('',(0.00965953837502267,-0.0914442648723653,-0.0937768));
#6749=CARTESIAN_POINT('',(0.0101962942644438,-0.0910996090405606,-0.0886968));
#6750=CARTESIAN_POINT('',(0.0101962942644438,-0.0910996090405606,-0.0937768));
#6751=CARTESIAN_POINT('',(0.0106587216487013,-0.0908560184682271,-0.0886968));
#6752=CARTESIAN_POINT('',(0.0106587216487013,-0.0908560184682271,-0.0937768));
#6753=CARTESIAN_POINT('',(0.0109906539748971,-0.0907054508405963,-0.0886968));
#6754=CARTESIAN_POINT('',(0.0109906539748971,-0.0907054508405963,-0.0937768));
#6755=CARTESIAN_POINT('',(0.0082810530239834,-0.0929055935242529,-0.0886968));
#6756=CARTESIAN_POINT('',(0.00644069024218418,-0.091967881886872,-0.0886968));
#6757=CARTESIAN_POINT('',(0.00644069024218418,-0.091967881886872,-0.0937768));
#6758=CARTESIAN_POINT('',(0.00649096301370292,-0.0918515572012452,-0.0886968));
#6759=CARTESIAN_POINT('',(0.00649096301370292,-0.0918515572012452,-0.0937768));
#6760=CARTESIAN_POINT('',(0.00657967101402111,-0.0916460032136323,-0.0886968));
#6761=CARTESIAN_POINT('',(0.00657967101402111,-0.0916460032136323,-0.0937768));
#6762=CARTESIAN_POINT('',(0.00663391484690994,-0.0915197551334289,-0.0886968));
#6763=CARTESIAN_POINT('',(0.00663391484690994,-0.0915197551334289,-0.0937768));
#6764=CARTESIAN_POINT('',(0.0066351078732516,-0.0915127523326925,-0.0886968));
#6765=CARTESIAN_POINT('',(0.0066351078732516,-0.0915127523326925,-0.0937768));
#6766=CARTESIAN_POINT('',(0.0066613871574996,-0.0914358393226879,-0.0886968000000001));
#6767=CARTESIAN_POINT('',(0.0066613871574996,-0.0914358393226879,-0.0937768000000001));
#6768=CARTESIAN_POINT('',(0.00668868050724719,-0.0913356967070984,-0.0886968));
#6769=CARTESIAN_POINT('',(0.00668868050724719,-0.0913356967070984,-0.0937768));
#6770=CARTESIAN_POINT('',(0.00673384241821592,-0.0911351824040922,-0.0886968000000001));
#6771=CARTESIAN_POINT('',(0.00673384241821592,-0.0911351824040922,-0.0937768000000001));
#6772=CARTESIAN_POINT('',(0.00677900734481538,-0.0908425993657722,-0.0886968));
#6773=CARTESIAN_POINT('',(0.00677900734481538,-0.0908425993657722,-0.0937768));
#6774=CARTESIAN_POINT('',(0.00680982163361757,-0.090438337609451,-0.0886968000000001));
#6775=CARTESIAN_POINT('',(0.00680982163361757,-0.090438337609451,-0.0937768000000001));
#6776=CARTESIAN_POINT('',(0.00681267660892469,-0.0899937163513457,-0.0886968));
#6777=CARTESIAN_POINT('',(0.00681267660892469,-0.0899937163513457,-0.0937768));
#6778=CARTESIAN_POINT('',(0.00677601183818237,-0.0893568880999219,-0.0886968));
#6779=CARTESIAN_POINT('',(0.00677601183818237,-0.0893568880999219,-0.0937768));
#6780=CARTESIAN_POINT('',(0.00670127275414629,-0.0888395975413779,-0.0886968));
#6781=CARTESIAN_POINT('',(0.00670127275414629,-0.0888395975413779,-0.0937768));
#6782=CARTESIAN_POINT('',(0.00662797959760581,-0.0884825572175091,-0.0886968));
#6783=CARTESIAN_POINT('',(0.00662797959760581,-0.0884825572175091,-0.0937768));
#6784=CARTESIAN_POINT('',(0.00644069025502269,-0.0919678818571654,-0.0937768));
#6785=CARTESIAN_POINT('',(7.8963405779342E-9,-0.106883246202632,-0.0886968));
#6786=CARTESIAN_POINT('',(0.00678015296324777,-0.0928809092861852,-0.0886968));
#6787=CARTESIAN_POINT('',(0.00734286714397798,-0.0931676264820586,-0.0886968));
#6788=CARTESIAN_POINT('',(0.00767518425086955,-0.0925468962036957,-0.0912368));
#6789=CARTESIAN_POINT('',(0.00708700321285113,-0.0922472029959152,-0.0912368));
#6790=CARTESIAN_POINT('',(0.0121950820215238,-0.0961486922373667,-0.0886968));
#6791=CARTESIAN_POINT('',(0.0121950820215238,-0.0961486922373667,-0.0937767999999999));
#6792=CARTESIAN_POINT('',(0.0122901782310416,-0.0960649336856976,-0.0886968));
#6793=CARTESIAN_POINT('',(0.0122901782310416,-0.0960649336856976,-0.0937767999999999));
#6794=CARTESIAN_POINT('',(0.0124582594107759,-0.0959170476885136,-0.0886968));
#6795=CARTESIAN_POINT('',(0.0124582594107759,-0.0959170476885136,-0.0937767999999998));
#6796=CARTESIAN_POINT('',(0.0125615662039204,-0.0958264459354857,-0.0886968));
#6797=CARTESIAN_POINT('',(0.0125615662039204,-0.0958264459354857,-0.0937767999999999));
#6798=CARTESIAN_POINT('',(0.0125678575977788,-0.0958231473155736,-0.0886968));
#6799=CARTESIAN_POINT('',(0.0125678575977788,-0.0958231473155736,-0.0937767999999999));
#6800=CARTESIAN_POINT('',(0.0126328854716989,-0.0957743868038659,-0.0886968));
#6801=CARTESIAN_POINT('',(0.0126328854716989,-0.0957743868038659,-0.0937767999999998));
#6802=CARTESIAN_POINT('',(0.0127196926499086,-0.0957174835156588,-0.0886968));
#6803=CARTESIAN_POINT('',(0.0127196926499086,-0.0957174835156588,-0.0937767999999999));
#6804=CARTESIAN_POINT('',(0.0128964372864056,-0.0956125696586992,-0.0886968));
#6805=CARTESIAN_POINT('',(0.0128964372864056,-0.0956125696586992,-0.0937767999999998));
#6806=CARTESIAN_POINT('',(0.013160743561688,-0.0954792021298423,-0.0886968));
#6807=CARTESIAN_POINT('',(0.013160743561688,-0.0954792021298423,-0.0937767999999999));
#6808=CARTESIAN_POINT('',(0.0135356972004169,-0.0953249722468028,-0.0886968));
#6809=CARTESIAN_POINT('',(0.0135356972004169,-0.0953249722468028,-0.0937767999999999));
#6810=CARTESIAN_POINT('',(0.0139576749093328,-0.0951848614791181,-0.0886968));
#6811=CARTESIAN_POINT('',(0.0139576749093328,-0.0951848614791181,-0.0937767999999999));
#6812=CARTESIAN_POINT('',(0.0145746646048646,-0.0950229409960632,-0.0886968));
#6813=CARTESIAN_POINT('',(0.0145746646048646,-0.0950229409960632,-0.0937767999999999));
#6814=CARTESIAN_POINT('',(0.015089732808497,-0.0949341705153375,-0.0886968));
#6815=CARTESIAN_POINT('',(0.015089732808497,-0.0949341705153375,-0.0937767999999999));
#6816=CARTESIAN_POINT('',(0.0154519471660348,-0.0948935449217128,-0.0886968));
#6817=CARTESIAN_POINT('',(0.0154519471660348,-0.0948935449217128,-0.0937767999999999));
#6818=CARTESIAN_POINT('',(0.0121950820458092,-0.0961486922159767,-0.0886968));
#6819=CARTESIAN_POINT('',(0.0107345618616058,-0.0946881720774487,-0.0886968));
#6820=CARTESIAN_POINT('',(0.0107345618616058,-0.0946881720774487,-0.0937768000000001));
#6821=CARTESIAN_POINT('',(0.010818320413275,-0.0945930758679309,-0.0886968));
#6822=CARTESIAN_POINT('',(0.010818320413275,-0.0945930758679309,-0.0937768000000001));
#6823=CARTESIAN_POINT('',(0.010966206410459,-0.0944249946881966,-0.0886968));
#6824=CARTESIAN_POINT('',(0.010966206410459,-0.0944249946881966,-0.0937768000000001));
#6825=CARTESIAN_POINT('',(0.0110568081634868,-0.0943216878950521,-0.0886968));
#6826=CARTESIAN_POINT('',(0.0110568081634868,-0.0943216878950521,-0.0937768000000001));
#6827=CARTESIAN_POINT('',(0.0110601067833989,-0.0943153965011937,-0.0886968));
#6828=CARTESIAN_POINT('',(0.0110601067833989,-0.0943153965011937,-0.0937768000000001));
#6829=CARTESIAN_POINT('',(0.0111088672951065,-0.0942503686272736,-0.0886968));
#6830=CARTESIAN_POINT('',(0.0111088672951065,-0.0942503686272736,-0.0937768000000001));
#6831=CARTESIAN_POINT('',(0.0111657705833137,-0.0941635614490637,-0.0886968));
#6832=CARTESIAN_POINT('',(0.0111657705833137,-0.0941635614490637,-0.0937768000000001));
#6833=CARTESIAN_POINT('',(0.0112706844402732,-0.0939868168125671,-0.0886968));
#6834=CARTESIAN_POINT('',(0.0112706844402732,-0.0939868168125671,-0.0937768000000001));
#6835=CARTESIAN_POINT('',(0.0114040519691302,-0.0937225105372843,-0.0886968));
#6836=CARTESIAN_POINT('',(0.0114040519691302,-0.0937225105372843,-0.0937768000000001));
#6837=CARTESIAN_POINT('',(0.0115582818521697,-0.0933475568985557,-0.0886968));
#6838=CARTESIAN_POINT('',(0.0115582818521697,-0.0933475568985557,-0.0937768000000001));
#6839=CARTESIAN_POINT('',(0.0116983926198543,-0.0929255791896397,-0.0886968));
#6840=CARTESIAN_POINT('',(0.0116983926198543,-0.0929255791896397,-0.0937768000000001));
#6841=CARTESIAN_POINT('',(0.0118603131029093,-0.0923085894941078,-0.0886968));
#6842=CARTESIAN_POINT('',(0.0118603131029093,-0.0923085894941078,-0.0937768000000001));
#6843=CARTESIAN_POINT('',(0.0119490835836352,-0.0917935212904755,-0.0886968));
#6844=CARTESIAN_POINT('',(0.0119490835836352,-0.0917935212904755,-0.0937768000000001));
#6845=CARTESIAN_POINT('',(0.0119897091772596,-0.0914313069329377,-0.0886968));
#6846=CARTESIAN_POINT('',(0.0119897091772596,-0.0914313069329377,-0.0937768000000001));
#6847=CARTESIAN_POINT('',(0.0107345618829958,-0.0946881720531633,-0.0937768));
#6848=CARTESIAN_POINT('',(7.89634065773148E-9,-0.106883246202632,-0.0886968));
#6849=CARTESIAN_POINT('',(0.0107752691117949,-0.0956614124848869,-0.0886968));
#6850=CARTESIAN_POINT('',(0.0112218416140856,-0.0961079849871776,-0.0886968));
#6851=CARTESIAN_POINT('',(0.0117297101690085,-0.0956203270446298,-0.0912368));
#6852=CARTESIAN_POINT('',(0.0112629270543427,-0.095153543929964,-0.0912368));
#6853=CARTESIAN_POINT('',(0.0149153722121005,-0.100442563856788,-0.0886968));
#6854=CARTESIAN_POINT('',(0.0149153722121005,-0.100442563856788,-0.0937767999999999));
#6855=CARTESIAN_POINT('',(0.0150316968977274,-0.10039229108527,-0.0886968));
#6856=CARTESIAN_POINT('',(0.0150316968977274,-0.10039229108527,-0.0937767999999999));
#6857=CARTESIAN_POINT('',(0.0152372508853402,-0.100303583084951,-0.0886968));
#6858=CARTESIAN_POINT('',(0.0152372508853402,-0.100303583084951,-0.0937767999999999));
#6859=CARTESIAN_POINT('',(0.0153634989655436,-0.100249339252063,-0.0886968));
#6860=CARTESIAN_POINT('',(0.0153634989655436,-0.100249339252063,-0.0937767999999999));
#6861=CARTESIAN_POINT('',(0.0153705017662801,-0.100248146225721,-0.0886968));
#6862=CARTESIAN_POINT('',(0.0153705017662801,-0.100248146225721,-0.0937767999999999));
#6863=CARTESIAN_POINT('',(0.0154474147762846,-0.100221866941473,-0.0886968000000001));
#6864=CARTESIAN_POINT('',(0.0154474147762846,-0.100221866941473,-0.0937767999999999));
#6865=CARTESIAN_POINT('',(0.015547557391874,-0.100194573591725,-0.0886968));
#6866=CARTESIAN_POINT('',(0.015547557391874,-0.100194573591725,-0.0937767999999998));
#6867=CARTESIAN_POINT('',(0.0157480716948805,-0.100149411680757,-0.0886968));
#6868=CARTESIAN_POINT('',(0.0157480716948805,-0.100149411680757,-0.0937767999999999));
#6869=CARTESIAN_POINT('',(0.0160406547332003,-0.100104246754157,-0.0886968));
#6870=CARTESIAN_POINT('',(0.0160406547332003,-0.100104246754157,-0.0937767999999999));
#6871=CARTESIAN_POINT('',(0.0164449164895216,-0.100073432465355,-0.0886968000000001));
#6872=CARTESIAN_POINT('',(0.0164449164895216,-0.100073432465355,-0.0937767999999999));
#6873=CARTESIAN_POINT('',(0.0168895377476268,-0.100070577490048,-0.0886968));
#6874=CARTESIAN_POINT('',(0.0168895377476268,-0.100070577490048,-0.0937767999999999));
#6875=CARTESIAN_POINT('',(0.0175263659990508,-0.10010724226079,-0.0886968000000001));
#6876=CARTESIAN_POINT('',(0.0175263659990508,-0.10010724226079,-0.0937767999999999));
#6877=CARTESIAN_POINT('',(0.0180436565575944,-0.100181981344826,-0.0886968));
#6878=CARTESIAN_POINT('',(0.0180436565575944,-0.100181981344826,-0.0937767999999999));
#6879=CARTESIAN_POINT('',(0.0184006968814634,-0.100255274501367,-0.0886968));
#6880=CARTESIAN_POINT('',(0.0184006968814634,-0.100255274501367,-0.0937767999999999));
#6881=CARTESIAN_POINT('',(0.0149153722418071,-0.10044256384395,-0.0886968));
#6882=CARTESIAN_POINT('',(0.0139776605468719,-0.098602201091476,-0.0886968));
#6883=CARTESIAN_POINT('',(0.0139776605468719,-0.098602201091476,-0.0937768));
#6884=CARTESIAN_POINT('',(0.014086706008074,-0.0985376420376291,-0.0886968));
#6885=CARTESIAN_POINT('',(0.014086706008074,-0.0985376420376291,-0.0937768));
#6886=CARTESIAN_POINT('',(0.0142792938903371,-0.0984234866227362,-0.0886968));
#6887=CARTESIAN_POINT('',(0.0142792938903371,-0.0984234866227362,-0.0937768));
#6888=CARTESIAN_POINT('',(0.014397384832658,-0.0983532335053443,-0.0886968));
#6889=CARTESIAN_POINT('',(0.014397384832658,-0.0983532335053443,-0.0937768));
#6890=CARTESIAN_POINT('',(0.0144024661542408,-0.0983482693638295,-0.0886968));
#6891=CARTESIAN_POINT('',(0.0144024661542408,-0.0983482693638295,-0.0937768));
#6892=CARTESIAN_POINT('',(0.0144689348747875,-0.0983014920073691,-0.0886968));
#6893=CARTESIAN_POINT('',(0.0144689348747875,-0.0983014920073691,-0.0937768));
#6894=CARTESIAN_POINT('',(0.0145498780111362,-0.0982365175579633,-0.0886968));
#6895=CARTESIAN_POINT('',(0.0145498780111362,-0.0982365175579633,-0.0937768));
#6896=CARTESIAN_POINT('',(0.0147042741147893,-0.0981008435844486,-0.0886968));
#6897=CARTESIAN_POINT('',(0.0147042741147893,-0.0981008435844486,-0.0937768));
#6898=CARTESIAN_POINT('',(0.0149127893029532,-0.0978906862119582,-0.0886968));
#6899=CARTESIAN_POINT('',(0.0149127893029532,-0.0978906862119582,-0.0937768));
#6900=CARTESIAN_POINT('',(0.0151753376846953,-0.0975817437654361,-0.0886968));
#6901=CARTESIAN_POINT('',(0.0151753376846953,-0.0975817437654361,-0.0937768));
#6902=CARTESIAN_POINT('',(0.0154389892266072,-0.0972237157239498,-0.0886968));
#6903=CARTESIAN_POINT('',(0.0154389892266072,-0.0972237157239498,-0.0937768));
#6904=CARTESIAN_POINT('',(0.015783645058412,-0.0966869598345288,-0.0886968));
#6905=CARTESIAN_POINT('',(0.015783645058412,-0.0966869598345288,-0.0937768));
#6906=CARTESIAN_POINT('',(0.0160272356307452,-0.0962245324502704,-0.0886968));
#6907=CARTESIAN_POINT('',(0.0160272356307452,-0.0962245324502704,-0.0937768));
#6908=CARTESIAN_POINT('',(0.0161778032583762,-0.0958926001240754,-0.0886968));
#6909=CARTESIAN_POINT('',(0.0161778032583762,-0.0958926001240754,-0.0937768));
#6910=CARTESIAN_POINT('',(0.0139776605747196,-0.0986022010749891,-0.0937768));
#6911=CARTESIAN_POINT('',(7.89634071324263E-9,-0.106883246202632,-0.0886968));
#6912=CARTESIAN_POINT('',(0.0137156276169139,-0.0995403869549945,-0.0886968));
#6913=CARTESIAN_POINT('',(0.0140023448127873,-0.100103101135725,-0.0886968));
#6914=CARTESIAN_POINT('',(0.0146360511030573,-0.0997962508861214,-0.0912368));
#6915=CARTESIAN_POINT('',(0.0143363578952769,-0.0992080698481029,-0.0912368));
#6916=CARTESIAN_POINT('',(-0.00151634396719794,-0.0907076114769759,-0.0886968));
#6917=CARTESIAN_POINT('',(-0.00151634396719794,-0.0907076114769759,-0.0937768));
#6918=CARTESIAN_POINT('',(-0.00152820990941903,-0.0905814449859509,-0.0886968));
#6919=CARTESIAN_POINT('',(-0.00152820990941903,-0.0905814449859509,-0.0937768));
#6920=CARTESIAN_POINT('',(-0.00154905655573526,-0.0903585392469459,-0.0886968));
#6921=CARTESIAN_POINT('',(-0.00154905655573526,-0.0903585392469459,-0.0937768));
#6922=CARTESIAN_POINT('',(-0.00156163270418294,-0.090221707921396,-0.0886968));
#6923=CARTESIAN_POINT('',(-0.00156163270418294,-0.090221707921396,-0.0937768));
#6924=CARTESIAN_POINT('',(-0.00156060335522348,-0.0902146791967089,-0.0886968));
#6925=CARTESIAN_POINT('',(-0.00156060335522348,-0.0902146791967089,-0.0937768));
#6926=CARTESIAN_POINT('',(-0.00156182901257119,-0.0901334098319236,-0.0886968));
#6927=CARTESIAN_POINT('',(-0.00156182901257119,-0.0901334098319236,-0.0937768));
#6928=CARTESIAN_POINT('',(-0.00155684076062186,-0.090029734435903,-0.0886968));
#6929=CARTESIAN_POINT('',(-0.00155684076062186,-0.090029734435903,-0.0937768));
#6930=CARTESIAN_POINT('',(-0.00153782996309278,-0.0898250782034306,-0.0886968000000001));
#6931=CARTESIAN_POINT('',(-0.00153782996309278,-0.0898250782034306,-0.0937768));
#6932=CARTESIAN_POINT('',(-0.00149037122973651,-0.0895328584684102,-0.0886968));
#6933=CARTESIAN_POINT('',(-0.00149037122973651,-0.0895328584684102,-0.0937768));
#6934=CARTESIAN_POINT('',(-0.0013947536070177,-0.0891388605518623,-0.0886968000000001));
#6935=CARTESIAN_POINT('',(-0.0013947536070177,-0.0891388605518623,-0.0937768));
#6936=CARTESIAN_POINT('',(-0.00126007332507252,-0.0887151183711697,-0.0886968));
#6937=CARTESIAN_POINT('',(-0.00126007332507252,-0.0887151183711697,-0.0937768));
#6938=CARTESIAN_POINT('',(-0.00102841230375144,-0.0881207887501464,-0.0886968));
#6939=CARTESIAN_POINT('',(-0.00102841230375144,-0.0881207887501464,-0.0937768));
#6940=CARTESIAN_POINT('',(-0.000797479637237496,-0.0876519118407359,-0.0886968));
#6941=CARTESIAN_POINT('',(-0.000797479637237496,-0.0876519118407359,-0.0937768));
#6942=CARTESIAN_POINT('',(-0.000617442175357027,-0.0873349951450832,-0.0886968));
#6943=CARTESIAN_POINT('',(-0.000617442175357027,-0.0873349951450832,-0.0937768));
#6944=CARTESIAN_POINT('',(-0.00151634397022821,-0.0907076114447559,-0.0886968));
#6945=CARTESIAN_POINT('',(-0.00355640180787446,-0.0910307248963011,-0.0886968));
#6946=CARTESIAN_POINT('',(-0.00355640180787446,-0.0910307248963011,-0.0937767999999998));
#6947=CARTESIAN_POINT('',(-0.0035841042160505,-0.090907066655073,-0.0886968));
#6948=CARTESIAN_POINT('',(-0.0035841042160505,-0.090907066655073,-0.0937767999999998));
#6949=CARTESIAN_POINT('',(-0.00363315953872478,-0.0906886287314853,-0.0886968));
#6950=CARTESIAN_POINT('',(-0.00363315953872478,-0.0906886287314853,-0.0937767999999998));
#6951=CARTESIAN_POINT('',(-0.00366348211575149,-0.0905546081640937,-0.0886968));
#6952=CARTESIAN_POINT('',(-0.00366348211575149,-0.0905546081640937,-0.0937767999999999));
#6953=CARTESIAN_POINT('',(-0.003666633080164,-0.0905482415360005,-0.0886968));
#6954=CARTESIAN_POINT('',(-0.003666633080164,-0.0905482415360005,-0.0937767999999998));
#6955=CARTESIAN_POINT('',(-0.00369058102559746,-0.0904705710280964,-0.0886968));
#6956=CARTESIAN_POINT('',(-0.00369058102559746,-0.0904705710280964,-0.0937767999999999));
#6957=CARTESIAN_POINT('',(-0.00372736259438769,-0.0903735113217562,-0.0886968));
#6958=CARTESIAN_POINT('',(-0.00372736259438769,-0.0903735113217562,-0.0937767999999998));
#6959=CARTESIAN_POINT('',(-0.00380868519109645,-0.0901847463377759,-0.0886968));
#6960=CARTESIAN_POINT('',(-0.00380868519109645,-0.0901847463377759,-0.0937767999999998));
#6961=CARTESIAN_POINT('',(-0.00394412199292307,-0.0899214944097333,-0.0886968));
#6962=CARTESIAN_POINT('',(-0.00394412199292307,-0.0899214944097333,-0.0937767999999998));
#6963=CARTESIAN_POINT('',(-0.00415681180804403,-0.0895763275941757,-0.0886968));
#6964=CARTESIAN_POINT('',(-0.00415681180804403,-0.0895763275941757,-0.0937767999999998));
#6965=CARTESIAN_POINT('',(-0.00441584390287203,-0.0892149433279271,-0.0886968));
#6966=CARTESIAN_POINT('',(-0.00441584390287203,-0.0892149433279271,-0.0937767999999999));
#6967=CARTESIAN_POINT('',(-0.0048198245799276,-0.0887212894615482,-0.0886968));
#6968=CARTESIAN_POINT('',(-0.0048198245799276,-0.0887212894615482,-0.0937767999999998));
#6969=CARTESIAN_POINT('',(-0.00518434553051909,-0.0883467231400221,-0.0886968));
#6970=CARTESIAN_POINT('',(-0.00518434553051909,-0.0883467231400221,-0.0937767999999998));
#6971=CARTESIAN_POINT('',(-0.00545350397657547,-0.0881009520868441,-0.0886968));
#6972=CARTESIAN_POINT('',(-0.00545350397657547,-0.0881009520868441,-0.0937767999999998));
#6973=CARTESIAN_POINT('',(-0.00355640181494903,-0.0910307248647216,-0.0937768));
#6974=CARTESIAN_POINT('',(7.89634037670628E-9,-0.106883246202632,-0.0886968));
#6975=CARTESIAN_POINT('',(-0.00274510665732204,-0.0915698483975311,-0.0886968));
#6976=CARTESIAN_POINT('',(-0.00212133318282245,-0.0914710523848832,-0.0886968));
#6977=CARTESIAN_POINT('',(-0.00221733909909879,-0.0907735399462491,-0.0912368));
#6978=CARTESIAN_POINT('',(-0.00286934280237039,-0.0908768071878813,-0.0912368));
#6979=CARTESIAN_POINT('',(-0.00644067444950335,-0.0919678818868721,-0.0886968));
#6980=CARTESIAN_POINT('',(-0.00644067444950335,-0.0919678818868721,-0.0937768));
#6981=CARTESIAN_POINT('',(-0.00649094722102209,-0.0918515572012452,-0.0886968));
#6982=CARTESIAN_POINT('',(-0.00649094722102209,-0.0918515572012452,-0.0937768));
#6983=CARTESIAN_POINT('',(-0.00657965522134029,-0.0916460032136323,-0.0886968));
#6984=CARTESIAN_POINT('',(-0.00657965522134029,-0.0916460032136323,-0.0937768));
#6985=CARTESIAN_POINT('',(-0.00663389905422911,-0.0915197551334289,-0.0886968));
#6986=CARTESIAN_POINT('',(-0.00663389905422911,-0.0915197551334289,-0.0937768));
#6987=CARTESIAN_POINT('',(-0.00663509208057076,-0.0915127523326925,-0.0886968));
#6988=CARTESIAN_POINT('',(-0.00663509208057076,-0.0915127523326925,-0.0937767999999999));
#6989=CARTESIAN_POINT('',(-0.00666137136481877,-0.0914358393226879,-0.0886968));
#6990=CARTESIAN_POINT('',(-0.00666137136481877,-0.0914358393226879,-0.0937768));
#6991=CARTESIAN_POINT('',(-0.00668866471456636,-0.0913356967070984,-0.0886968));
#6992=CARTESIAN_POINT('',(-0.00668866471456636,-0.0913356967070984,-0.0937768));
#6993=CARTESIAN_POINT('',(-0.00673382662553508,-0.0911351824040921,-0.0886968));
#6994=CARTESIAN_POINT('',(-0.00673382662553508,-0.0911351824040921,-0.0937768));
#6995=CARTESIAN_POINT('',(-0.00677899155213453,-0.0908425993657722,-0.0886968));
#6996=CARTESIAN_POINT('',(-0.00677899155213453,-0.0908425993657722,-0.0937767999999999));
#6997=CARTESIAN_POINT('',(-0.00680980584093675,-0.090438337609451,-0.0886968));
#6998=CARTESIAN_POINT('',(-0.00680980584093675,-0.090438337609451,-0.0937767999999999));
#6999=CARTESIAN_POINT('',(-0.00681266081624387,-0.0899937163513457,-0.0886968));
#7000=CARTESIAN_POINT('',(-0.00681266081624387,-0.0899937163513457,-0.0937768));
#7001=CARTESIAN_POINT('',(-0.0067759960455015,-0.0893568880999219,-0.0886968));
#7002=CARTESIAN_POINT('',(-0.0067759960455015,-0.0893568880999219,-0.0937768));
#7003=CARTESIAN_POINT('',(-0.00670125696146572,-0.0888395975413779,-0.0886968));
#7004=CARTESIAN_POINT('',(-0.00670125696146572,-0.0888395975413779,-0.0937768));
#7005=CARTESIAN_POINT('',(-0.00662796380492499,-0.0884825572175091,-0.0886968));
#7006=CARTESIAN_POINT('',(-0.00662796380492499,-0.0884825572175091,-0.0937768));
#7007=CARTESIAN_POINT('',(-0.00644067446234182,-0.0919678818571654,-0.0886968));
#7008=CARTESIAN_POINT('',(-0.00828103721481567,-0.0929055935521006,-0.0886968));
#7009=CARTESIAN_POINT('',(-0.00828103721481567,-0.0929055935521006,-0.0937767999999997));
#7010=CARTESIAN_POINT('',(-0.00834559626866255,-0.0927965480908986,-0.0886968));
#7011=CARTESIAN_POINT('',(-0.00834559626866255,-0.0927965480908986,-0.0937767999999997));
#7012=CARTESIAN_POINT('',(-0.00845975168355546,-0.0926039602086354,-0.0886968));
#7013=CARTESIAN_POINT('',(-0.00845975168355546,-0.0926039602086354,-0.0937767999999997));
#7014=CARTESIAN_POINT('',(-0.00853000480094736,-0.0924858692663146,-0.0886968));
#7015=CARTESIAN_POINT('',(-0.00853000480094736,-0.0924858692663146,-0.0937767999999997));
#7016=CARTESIAN_POINT('',(-0.00853496894246217,-0.0924807879447317,-0.0886968));
#7017=CARTESIAN_POINT('',(-0.00853496894246217,-0.0924807879447317,-0.0937767999999997));
#7018=CARTESIAN_POINT('',(-0.00858174629892261,-0.0924143192241849,-0.0886968));
#7019=CARTESIAN_POINT('',(-0.00858174629892261,-0.0924143192241849,-0.0937767999999997));
#7020=CARTESIAN_POINT('',(-0.00864672074832833,-0.0923333760878364,-0.0886968));
#7021=CARTESIAN_POINT('',(-0.00864672074832833,-0.0923333760878364,-0.0937767999999997));
#7022=CARTESIAN_POINT('',(-0.00878239472184304,-0.0921789799841832,-0.0886968));
#7023=CARTESIAN_POINT('',(-0.00878239472184304,-0.0921789799841832,-0.0937767999999997));
#7024=CARTESIAN_POINT('',(-0.00899255209433354,-0.0919704647960194,-0.0886968));
#7025=CARTESIAN_POINT('',(-0.00899255209433354,-0.0919704647960194,-0.0937767999999997));
#7026=CARTESIAN_POINT('',(-0.00930149454085554,-0.0917079164142772,-0.0886968));
#7027=CARTESIAN_POINT('',(-0.00930149454085554,-0.0917079164142772,-0.0937767999999997));
#7028=CARTESIAN_POINT('',(-0.00965952258234186,-0.0914442648723653,-0.0886968));
#7029=CARTESIAN_POINT('',(-0.00965952258234186,-0.0914442648723653,-0.0937767999999997));
#7030=CARTESIAN_POINT('',(-0.0101962784717629,-0.0910996090405607,-0.0886968));
#7031=CARTESIAN_POINT('',(-0.0101962784717629,-0.0910996090405607,-0.0937767999999997));
#7032=CARTESIAN_POINT('',(-0.010658705856021,-0.0908560184682271,-0.0886968));
#7033=CARTESIAN_POINT('',(-0.010658705856021,-0.0908560184682271,-0.0937767999999997));
#7034=CARTESIAN_POINT('',(-0.0109906381822163,-0.0907054508405963,-0.0886968));
#7035=CARTESIAN_POINT('',(-0.0109906381822163,-0.0907054508405963,-0.0937767999999997));
#7036=CARTESIAN_POINT('',(-0.0082810372313026,-0.0929055935242529,-0.0937768));
#7037=CARTESIAN_POINT('',(7.89634028303121E-9,-0.106883246202632,-0.0886968));
#7038=CARTESIAN_POINT('',(-0.00734285135129712,-0.0931676264820586,-0.0886968));
#7039=CARTESIAN_POINT('',(-0.0067801371705669,-0.0928809092861852,-0.0886968));
#7040=CARTESIAN_POINT('',(-0.00708698742017027,-0.0922472029959152,-0.0912368));
#7041=CARTESIAN_POINT('',(-0.00767516845818872,-0.0925468962036956,-0.0912368));
#7042=CARTESIAN_POINT('',(-0.0139776447541911,-0.098602201091476,-0.0886968));
#7043=CARTESIAN_POINT('',(-0.0139776447541911,-0.098602201091476,-0.0937767999999999));
#7044=CARTESIAN_POINT('',(-0.0140866902153931,-0.0985376420376291,-0.0886968));
#7045=CARTESIAN_POINT('',(-0.0140866902153931,-0.0985376420376291,-0.0937767999999998));
#7046=CARTESIAN_POINT('',(-0.0142792780976562,-0.0984234866227362,-0.0886968));
#7047=CARTESIAN_POINT('',(-0.0142792780976562,-0.0984234866227362,-0.0937767999999999));
#7048=CARTESIAN_POINT('',(-0.0143973690399771,-0.0983532335053443,-0.0886968));
#7049=CARTESIAN_POINT('',(-0.0143973690399771,-0.0983532335053443,-0.0937767999999999));
#7050=CARTESIAN_POINT('',(-0.0144024503615599,-0.0983482693638295,-0.0886968));
#7051=CARTESIAN_POINT('',(-0.0144024503615599,-0.0983482693638295,-0.0937767999999999));
#7052=CARTESIAN_POINT('',(-0.0144689190821067,-0.0983014920073691,-0.0886968));
#7053=CARTESIAN_POINT('',(-0.0144689190821067,-0.0983014920073691,-0.0937767999999998));
#7054=CARTESIAN_POINT('',(-0.0145498622184553,-0.0982365175579633,-0.0886968));
#7055=CARTESIAN_POINT('',(-0.0145498622184553,-0.0982365175579633,-0.0937767999999998));
#7056=CARTESIAN_POINT('',(-0.0147042583221084,-0.0981008435844487,-0.0886968));
#7057=CARTESIAN_POINT('',(-0.0147042583221084,-0.0981008435844487,-0.0937767999999999));
#7058=CARTESIAN_POINT('',(-0.0149127735102723,-0.0978906862119581,-0.0886968));
#7059=CARTESIAN_POINT('',(-0.0149127735102723,-0.0978906862119581,-0.0937767999999999));
#7060=CARTESIAN_POINT('',(-0.0151753218920144,-0.0975817437654361,-0.0886968));
#7061=CARTESIAN_POINT('',(-0.0151753218920144,-0.0975817437654361,-0.0937767999999999));
#7062=CARTESIAN_POINT('',(-0.0154389734339264,-0.0972237157239498,-0.0886968));
#7063=CARTESIAN_POINT('',(-0.0154389734339264,-0.0972237157239498,-0.0937767999999999));
#7064=CARTESIAN_POINT('',(-0.0157836292657311,-0.0966869598345289,-0.0886968));
#7065=CARTESIAN_POINT('',(-0.0157836292657311,-0.0966869598345289,-0.0937767999999999));
#7066=CARTESIAN_POINT('',(-0.0160272198380644,-0.0962245324502704,-0.0886968));
#7067=CARTESIAN_POINT('',(-0.0160272198380644,-0.0962245324502704,-0.0937767999999999));
#7068=CARTESIAN_POINT('',(-0.0161777874656954,-0.0958926001240754,-0.0886968));
#7069=CARTESIAN_POINT('',(-0.0161777874656954,-0.0958926001240754,-0.0937767999999999));
#7070=CARTESIAN_POINT('',(-0.0139776447820387,-0.0986022010749891,-0.0886968));
#7071=CARTESIAN_POINT('',(-0.0149153564194197,-0.100442563856788,-0.0886968));
#7072=CARTESIAN_POINT('',(-0.0149153564194197,-0.100442563856788,-0.0937768));
#7073=CARTESIAN_POINT('',(-0.0150316811050465,-0.10039229108527,-0.0886968));
#7074=CARTESIAN_POINT('',(-0.0150316811050465,-0.10039229108527,-0.0937768));
#7075=CARTESIAN_POINT('',(-0.0152372350926593,-0.100303583084951,-0.0886968));
#7076=CARTESIAN_POINT('',(-0.0152372350926593,-0.100303583084951,-0.0937768));
#7077=CARTESIAN_POINT('',(-0.0153634831728627,-0.100249339252062,-0.0886968));
#7078=CARTESIAN_POINT('',(-0.0153634831728627,-0.100249339252062,-0.0937767999999999));
#7079=CARTESIAN_POINT('',(-0.0153704859735992,-0.100248146225721,-0.0886968));
#7080=CARTESIAN_POINT('',(-0.0153704859735992,-0.100248146225721,-0.0937768));
#7081=CARTESIAN_POINT('',(-0.0154473989836038,-0.100221866941473,-0.0886968));
#7082=CARTESIAN_POINT('',(-0.0154473989836038,-0.100221866941473,-0.0937768));
#7083=CARTESIAN_POINT('',(-0.0155475415991932,-0.100194573591725,-0.0886968));
#7084=CARTESIAN_POINT('',(-0.0155475415991932,-0.100194573591725,-0.0937768));
#7085=CARTESIAN_POINT('',(-0.0157480559021996,-0.100149411680757,-0.0886968));
#7086=CARTESIAN_POINT('',(-0.0157480559021996,-0.100149411680757,-0.0937768));
#7087=CARTESIAN_POINT('',(-0.0160406389405194,-0.100104246754157,-0.0886968));
#7088=CARTESIAN_POINT('',(-0.0160406389405194,-0.100104246754157,-0.0937768));
#7089=CARTESIAN_POINT('',(-0.0164449006968408,-0.100073432465355,-0.0886968));
#7090=CARTESIAN_POINT('',(-0.0164449006968408,-0.100073432465355,-0.0937768));
#7091=CARTESIAN_POINT('',(-0.0168895219549459,-0.100070577490048,-0.0886968));
#7092=CARTESIAN_POINT('',(-0.0168895219549459,-0.100070577490048,-0.0937768));
#7093=CARTESIAN_POINT('',(-0.0175263502063699,-0.10010724226079,-0.0886968));
#7094=CARTESIAN_POINT('',(-0.0175263502063699,-0.10010724226079,-0.0937768));
#7095=CARTESIAN_POINT('',(-0.0180436407649136,-0.100181981344826,-0.0886968));
#7096=CARTESIAN_POINT('',(-0.0180436407649136,-0.100181981344826,-0.0937768));
#7097=CARTESIAN_POINT('',(-0.0184006810887825,-0.100255274501367,-0.0886968));
#7098=CARTESIAN_POINT('',(-0.0184006810887825,-0.100255274501367,-0.0937768));
#7099=CARTESIAN_POINT('',(-0.0149153564491263,-0.10044256384395,-0.0937768));
#7100=CARTESIAN_POINT('',(7.89634013731444E-9,-0.106883246202632,-0.0886968));
#7101=CARTESIAN_POINT('',(-0.0140023290201065,-0.100103101135725,-0.0886968));
#7102=CARTESIAN_POINT('',(-0.013715611824233,-0.0995403869549945,-0.0886968));
#7103=CARTESIAN_POINT('',(-0.014336342102596,-0.0992080698481029,-0.0912368));
#7104=CARTESIAN_POINT('',(-0.0146360353103765,-0.0997962508861214,-0.0912368));
#7105=CARTESIAN_POINT('',(-0.0107345460689249,-0.0946881720774488,-0.0886968));
#7106=CARTESIAN_POINT('',(-0.0107345460689249,-0.0946881720774488,-0.0937767999999998));
#7107=CARTESIAN_POINT('',(-0.0108183046205941,-0.094593075867931,-0.0886968));
#7108=CARTESIAN_POINT('',(-0.0108183046205941,-0.094593075867931,-0.0937767999999998));
#7109=CARTESIAN_POINT('',(-0.0109661906177781,-0.0944249946881967,-0.0886968));
#7110=CARTESIAN_POINT('',(-0.0109661906177781,-0.0944249946881967,-0.0937767999999998));
#7111=CARTESIAN_POINT('',(-0.011056792370806,-0.094321687895052,-0.0886968));
#7112=CARTESIAN_POINT('',(-0.011056792370806,-0.094321687895052,-0.0937767999999998));
#7113=CARTESIAN_POINT('',(-0.0110600909907181,-0.0943153965011937,-0.0886968));
#7114=CARTESIAN_POINT('',(-0.0110600909907181,-0.0943153965011937,-0.0937767999999998));
#7115=CARTESIAN_POINT('',(-0.0111088515024257,-0.0942503686272737,-0.0886968));
#7116=CARTESIAN_POINT('',(-0.0111088515024257,-0.0942503686272737,-0.0937767999999998));
#7117=CARTESIAN_POINT('',(-0.0111657547906329,-0.0941635614490639,-0.0886968));
#7118=CARTESIAN_POINT('',(-0.0111657547906329,-0.0941635614490639,-0.0937767999999998));
#7119=CARTESIAN_POINT('',(-0.0112706686475923,-0.093986816812567,-0.0886968));
#7120=CARTESIAN_POINT('',(-0.0112706686475923,-0.093986816812567,-0.0937767999999998));
#7121=CARTESIAN_POINT('',(-0.0114040361764494,-0.0937225105372845,-0.0886968));
#7122=CARTESIAN_POINT('',(-0.0114040361764494,-0.0937225105372845,-0.0937767999999998));
#7123=CARTESIAN_POINT('',(-0.0115582660594889,-0.0933475568985557,-0.0886968));
#7124=CARTESIAN_POINT('',(-0.0115582660594889,-0.0933475568985557,-0.0937767999999998));
#7125=CARTESIAN_POINT('',(-0.0116983768271734,-0.0929255791896397,-0.0886968));
#7126=CARTESIAN_POINT('',(-0.0116983768271734,-0.0929255791896397,-0.0937767999999998));
#7127=CARTESIAN_POINT('',(-0.0118602973102286,-0.0923085894941081,-0.0886968));
#7128=CARTESIAN_POINT('',(-0.0118602973102286,-0.0923085894941081,-0.0937767999999998));
#7129=CARTESIAN_POINT('',(-0.0119490677909541,-0.0917935212904755,-0.0886968));
#7130=CARTESIAN_POINT('',(-0.0119490677909541,-0.0917935212904755,-0.0937767999999998));
#7131=CARTESIAN_POINT('',(-0.0119896933845788,-0.0914313069329377,-0.0886968));
#7132=CARTESIAN_POINT('',(-0.0119896933845788,-0.0914313069329377,-0.0937767999999998));
#7133=CARTESIAN_POINT('',(-0.0107345460903149,-0.0946881720531634,-0.0886968));
#7134=CARTESIAN_POINT('',(-0.012195066228843,-0.0961486922373667,-0.0886968));
#7135=CARTESIAN_POINT('',(-0.012195066228843,-0.0961486922373667,-0.0937768000000001));
#7136=CARTESIAN_POINT('',(-0.0122901624383608,-0.0960649336856976,-0.0886968));
#7137=CARTESIAN_POINT('',(-0.0122901624383608,-0.0960649336856976,-0.0937768000000001));
#7138=CARTESIAN_POINT('',(-0.0124582436180951,-0.0959170476885135,-0.0886968));
#7139=CARTESIAN_POINT('',(-0.0124582436180951,-0.0959170476885135,-0.0937768000000001));
#7140=CARTESIAN_POINT('',(-0.0125615504112396,-0.0958264459354858,-0.0886968));
#7141=CARTESIAN_POINT('',(-0.0125615504112396,-0.0958264459354858,-0.0937768000000001));
#7142=CARTESIAN_POINT('',(-0.012567841805098,-0.0958231473155736,-0.0886968));
#7143=CARTESIAN_POINT('',(-0.012567841805098,-0.0958231473155736,-0.0937768000000001));
#7144=CARTESIAN_POINT('',(-0.0126328696790181,-0.095774386803866,-0.0886967999999999));
#7145=CARTESIAN_POINT('',(-0.0126328696790181,-0.095774386803866,-0.0937768));
#7146=CARTESIAN_POINT('',(-0.0127196768572278,-0.0957174835156587,-0.0886968));
#7147=CARTESIAN_POINT('',(-0.0127196768572278,-0.0957174835156587,-0.0937768000000001));
#7148=CARTESIAN_POINT('',(-0.0128964214937247,-0.0956125696586994,-0.0886968));
#7149=CARTESIAN_POINT('',(-0.0128964214937247,-0.0956125696586994,-0.0937768000000001));
#7150=CARTESIAN_POINT('',(-0.0131607277690072,-0.0954792021298422,-0.0886968));
#7151=CARTESIAN_POINT('',(-0.0131607277690072,-0.0954792021298422,-0.0937768000000001));
#7152=CARTESIAN_POINT('',(-0.0135356814077361,-0.0953249722468028,-0.0886968));
#7153=CARTESIAN_POINT('',(-0.0135356814077361,-0.0953249722468028,-0.0937768000000001));
#7154=CARTESIAN_POINT('',(-0.013957659116652,-0.0951848614791183,-0.0886968));
#7155=CARTESIAN_POINT('',(-0.013957659116652,-0.0951848614791183,-0.0937768000000001));
#7156=CARTESIAN_POINT('',(-0.0145746488121837,-0.0950229409960631,-0.0886968));
#7157=CARTESIAN_POINT('',(-0.0145746488121837,-0.0950229409960631,-0.0937768000000001));
#7158=CARTESIAN_POINT('',(-0.0150897170158162,-0.0949341705153378,-0.0886968));
#7159=CARTESIAN_POINT('',(-0.0150897170158162,-0.0949341705153378,-0.0937768000000001));
#7160=CARTESIAN_POINT('',(-0.015451931373354,-0.0948935449217129,-0.0886968));
#7161=CARTESIAN_POINT('',(-0.015451931373354,-0.0948935449217129,-0.0937768000000001));
#7162=CARTESIAN_POINT('',(-0.0121950662531284,-0.0961486922159767,-0.0937768));
#7163=CARTESIAN_POINT('',(7.89634019976448E-9,-0.106883246202632,-0.0886968));
#7164=CARTESIAN_POINT('',(-0.0112218258214048,-0.0961079849871776,-0.0886968));
#7165=CARTESIAN_POINT('',(-0.0107752533191141,-0.0956614124848869,-0.0886968));
#7166=CARTESIAN_POINT('',(-0.0112629112616618,-0.0951535439299641,-0.0912368));
#7167=CARTESIAN_POINT('',(-0.0117296943763276,-0.0956203270446298,-0.0912368));
#7168=CARTESIAN_POINT('',(0.00644069024218421,-0.121798610518392,-0.0886968));
#7169=CARTESIAN_POINT('',(0.00644069024218421,-0.121798610518392,-0.0937767999999999));
#7170=CARTESIAN_POINT('',(0.00649096301370295,-0.121914935204019,-0.0886968));
#7171=CARTESIAN_POINT('',(0.00649096301370295,-0.121914935204019,-0.0937767999999999));
#7172=CARTESIAN_POINT('',(0.00657967101402115,-0.122120489191632,-0.0886968));
#7173=CARTESIAN_POINT('',(0.00657967101402115,-0.122120489191632,-0.0937767999999999));
#7174=CARTESIAN_POINT('',(0.00663391484690996,-0.122246737271835,-0.0886968));
#7175=CARTESIAN_POINT('',(0.00663391484690996,-0.122246737271835,-0.0937767999999999));
#7176=CARTESIAN_POINT('',(0.00663510787325162,-0.122253740072572,-0.0886968));
#7177=CARTESIAN_POINT('',(0.00663510787325162,-0.122253740072572,-0.0937767999999999));
#7178=CARTESIAN_POINT('',(0.00666138715749962,-0.122330653082576,-0.0886968));
#7179=CARTESIAN_POINT('',(0.00666138715749962,-0.122330653082576,-0.0937767999999999));
#7180=CARTESIAN_POINT('',(0.00668868050724721,-0.122430795698166,-0.0886968));
#7181=CARTESIAN_POINT('',(0.00668868050724721,-0.122430795698166,-0.0937767999999999));
#7182=CARTESIAN_POINT('',(0.00673384241821595,-0.122631310001172,-0.0886968));
#7183=CARTESIAN_POINT('',(0.00673384241821595,-0.122631310001172,-0.0937767999999999));
#7184=CARTESIAN_POINT('',(0.00677900734481539,-0.122923893039492,-0.0886968));
#7185=CARTESIAN_POINT('',(0.00677900734481539,-0.122923893039492,-0.0937767999999999));
#7186=CARTESIAN_POINT('',(0.0068098216336176,-0.123328154795813,-0.0886968));
#7187=CARTESIAN_POINT('',(0.0068098216336176,-0.123328154795813,-0.0937767999999999));
#7188=CARTESIAN_POINT('',(0.00681267660892471,-0.123772776053918,-0.0886968));
#7189=CARTESIAN_POINT('',(0.00681267660892471,-0.123772776053918,-0.0937767999999999));
#7190=CARTESIAN_POINT('',(0.00677601183818239,-0.124409604305342,-0.0886968));
#7191=CARTESIAN_POINT('',(0.00677601183818239,-0.124409604305342,-0.0937767999999999));
#7192=CARTESIAN_POINT('',(0.00670127275414644,-0.124926894863888,-0.0886968));
#7193=CARTESIAN_POINT('',(0.00670127275414644,-0.124926894863888,-0.0937767999999999));
#7194=CARTESIAN_POINT('',(0.00662797959760583,-0.125283935187755,-0.0886968));
#7195=CARTESIAN_POINT('',(0.00662797959760583,-0.125283935187755,-0.0937767999999999));
#7196=CARTESIAN_POINT('',(0.00644069025502268,-0.121798610548099,-0.0886968));
#7197=CARTESIAN_POINT('',(0.00828105300749648,-0.120860898853164,-0.0886968));
#7198=CARTESIAN_POINT('',(0.00828105300749648,-0.120860898853164,-0.0937768));
#7199=CARTESIAN_POINT('',(0.00834561206134336,-0.120969944314366,-0.0886968));
#7200=CARTESIAN_POINT('',(0.00834561206134336,-0.120969944314366,-0.0937768));
#7201=CARTESIAN_POINT('',(0.00845976747623629,-0.121162532196629,-0.0886968));
#7202=CARTESIAN_POINT('',(0.00845976747623629,-0.121162532196629,-0.0937768));
#7203=CARTESIAN_POINT('',(0.00853002059362823,-0.12128062313895,-0.0886968));
#7204=CARTESIAN_POINT('',(0.00853002059362823,-0.12128062313895,-0.0937768));
#7205=CARTESIAN_POINT('',(0.00853498473514303,-0.121285704460532,-0.0886968));
#7206=CARTESIAN_POINT('',(0.00853498473514303,-0.121285704460532,-0.0937768));
#7207=CARTESIAN_POINT('',(0.00858176209160347,-0.121352173181079,-0.0886968));
#7208=CARTESIAN_POINT('',(0.00858176209160347,-0.121352173181079,-0.0937768000000001));
#7209=CARTESIAN_POINT('',(0.00864673654100917,-0.121433116317428,-0.0886968));
#7210=CARTESIAN_POINT('',(0.00864673654100917,-0.121433116317428,-0.0937768));
#7211=CARTESIAN_POINT('',(0.0087824105145239,-0.121587512421081,-0.0886968000000001));
#7212=CARTESIAN_POINT('',(0.0087824105145239,-0.121587512421081,-0.0937768000000001));
#7213=CARTESIAN_POINT('',(0.00899256788701438,-0.121796027609245,-0.0886968));
#7214=CARTESIAN_POINT('',(0.00899256788701438,-0.121796027609245,-0.0937768));
#7215=CARTESIAN_POINT('',(0.00930151033353637,-0.122058575990987,-0.0886968));
#7216=CARTESIAN_POINT('',(0.00930151033353637,-0.122058575990987,-0.0937768));
#7217=CARTESIAN_POINT('',(0.00965953837502269,-0.122322227532899,-0.0886968));
#7218=CARTESIAN_POINT('',(0.00965953837502269,-0.122322227532899,-0.0937768));
#7219=CARTESIAN_POINT('',(0.0101962942644437,-0.122666883364704,-0.0886968));
#7220=CARTESIAN_POINT('',(0.0101962942644437,-0.122666883364704,-0.0937768));
#7221=CARTESIAN_POINT('',(0.0106587216487018,-0.122910473937035,-0.0886968));
#7222=CARTESIAN_POINT('',(0.0106587216487018,-0.122910473937035,-0.0937768));
#7223=CARTESIAN_POINT('',(0.0109906539748971,-0.123061041564668,-0.0886968));
#7224=CARTESIAN_POINT('',(0.0109906539748971,-0.123061041564668,-0.0937768));
#7225=CARTESIAN_POINT('',(0.00828105302398344,-0.120860898881011,-0.0937768));
#7226=CARTESIAN_POINT('',(7.89634057099531E-9,-0.106883246202632,-0.0886968));
#7227=CARTESIAN_POINT('',(0.00734286714397798,-0.120598865923206,-0.0886968));
#7228=CARTESIAN_POINT('',(0.00678015296324776,-0.120885583119079,-0.0886968));
#7229=CARTESIAN_POINT('',(0.00708700321285112,-0.121519289409349,-0.0912368));
#7230=CARTESIAN_POINT('',(0.00767518425086957,-0.121219596201569,-0.0912368));
#7231=CARTESIAN_POINT('',(0.00151635975987879,-0.123058880928288,-0.0886968));
#7232=CARTESIAN_POINT('',(0.00151635975987879,-0.123058880928288,-0.0937768000000001));
#7233=CARTESIAN_POINT('',(0.00152822570209988,-0.123185047419313,-0.0886968));
#7234=CARTESIAN_POINT('',(0.00152822570209988,-0.123185047419313,-0.0937768000000001));
#7235=CARTESIAN_POINT('',(0.00154907234841612,-0.123407953158318,-0.0886968));
#7236=CARTESIAN_POINT('',(0.00154907234841612,-0.123407953158318,-0.0937768000000001));
#7237=CARTESIAN_POINT('',(0.0015616484968638,-0.123544784483868,-0.0886968));
#7238=CARTESIAN_POINT('',(0.0015616484968638,-0.123544784483868,-0.0937768000000001));
#7239=CARTESIAN_POINT('',(0.00156061914790434,-0.123551813208555,-0.0886968));
#7240=CARTESIAN_POINT('',(0.00156061914790434,-0.123551813208555,-0.0937768000000001));
#7241=CARTESIAN_POINT('',(0.00156184480525205,-0.123633082573341,-0.0886968));
#7242=CARTESIAN_POINT('',(0.00156184480525205,-0.123633082573341,-0.0937768000000001));
#7243=CARTESIAN_POINT('',(0.00155685655330272,-0.123736757969361,-0.0886968));
#7244=CARTESIAN_POINT('',(0.00155685655330272,-0.123736757969361,-0.0937768000000001));
#7245=CARTESIAN_POINT('',(0.00153784575577363,-0.123941414201833,-0.0886968));
#7246=CARTESIAN_POINT('',(0.00153784575577363,-0.123941414201833,-0.0937768000000001));
#7247=CARTESIAN_POINT('',(0.00149038702241738,-0.124233633936854,-0.0886968));
#7248=CARTESIAN_POINT('',(0.00149038702241738,-0.124233633936854,-0.0937768000000001));
#7249=CARTESIAN_POINT('',(0.00139476939969856,-0.124627631853402,-0.0886968));
#7250=CARTESIAN_POINT('',(0.00139476939969856,-0.124627631853402,-0.0937768000000001));
#7251=CARTESIAN_POINT('',(0.00126008911775338,-0.125051374034094,-0.0886968));
#7252=CARTESIAN_POINT('',(0.00126008911775338,-0.125051374034094,-0.0937768000000001));
#7253=CARTESIAN_POINT('',(0.00102842809643231,-0.125645703655118,-0.0886968));
#7254=CARTESIAN_POINT('',(0.00102842809643231,-0.125645703655118,-0.0937768000000001));
#7255=CARTESIAN_POINT('',(0.000797495429918317,-0.126114580564527,-0.0886968));
#7256=CARTESIAN_POINT('',(0.000797495429918317,-0.126114580564527,-0.0937768000000001));
#7257=CARTESIAN_POINT('',(0.000617457968037884,-0.126431497260181,-0.0886968));
#7258=CARTESIAN_POINT('',(0.000617457968037884,-0.126431497260181,-0.0937768000000001));
#7259=CARTESIAN_POINT('',(0.00151635976290907,-0.123058880960508,-0.0886968));
#7260=CARTESIAN_POINT('',(0.00355641760055532,-0.122735767508963,-0.0886968));
#7261=CARTESIAN_POINT('',(0.00355641760055532,-0.122735767508963,-0.0937768000000001));
#7262=CARTESIAN_POINT('',(0.00358412000873136,-0.122859425750191,-0.0886968));
#7263=CARTESIAN_POINT('',(0.00358412000873136,-0.122859425750191,-0.0937768000000001));
#7264=CARTESIAN_POINT('',(0.00363317533140565,-0.123077863673779,-0.0886968));
#7265=CARTESIAN_POINT('',(0.00363317533140565,-0.123077863673779,-0.0937768000000001));
#7266=CARTESIAN_POINT('',(0.00366349790843234,-0.123211884241171,-0.0886968));
#7267=CARTESIAN_POINT('',(0.00366349790843234,-0.123211884241171,-0.0937768000000001));
#7268=CARTESIAN_POINT('',(0.00366664887284486,-0.123218250869264,-0.0886968));
#7269=CARTESIAN_POINT('',(0.00366664887284486,-0.123218250869264,-0.0937768000000001));
#7270=CARTESIAN_POINT('',(0.00369059681827831,-0.123295921377168,-0.0886968));
#7271=CARTESIAN_POINT('',(0.00369059681827831,-0.123295921377168,-0.0937768000000001));
#7272=CARTESIAN_POINT('',(0.00372737838706855,-0.123392981083508,-0.0886968));
#7273=CARTESIAN_POINT('',(0.00372737838706855,-0.123392981083508,-0.0937768000000001));
#7274=CARTESIAN_POINT('',(0.00380870098377731,-0.123581746067488,-0.0886968));
#7275=CARTESIAN_POINT('',(0.00380870098377731,-0.123581746067488,-0.0937768000000001));
#7276=CARTESIAN_POINT('',(0.00394413778560393,-0.123844997995531,-0.0886968));
#7277=CARTESIAN_POINT('',(0.00394413778560393,-0.123844997995531,-0.0937768000000001));
#7278=CARTESIAN_POINT('',(0.00415682760072489,-0.124190164811088,-0.0886968));
#7279=CARTESIAN_POINT('',(0.00415682760072489,-0.124190164811088,-0.0937768000000001));
#7280=CARTESIAN_POINT('',(0.00441585969555289,-0.124551549077337,-0.0886968));
#7281=CARTESIAN_POINT('',(0.00441585969555289,-0.124551549077337,-0.0937768000000001));
#7282=CARTESIAN_POINT('',(0.00481984037260846,-0.125045202943716,-0.0886968));
#7283=CARTESIAN_POINT('',(0.00481984037260846,-0.125045202943716,-0.0937768000000001));
#7284=CARTESIAN_POINT('',(0.00518436132319994,-0.125419769265243,-0.0886968));
#7285=CARTESIAN_POINT('',(0.00518436132319994,-0.125419769265243,-0.0937768000000001));
#7286=CARTESIAN_POINT('',(0.00545351976925633,-0.12566554031842,-0.0886968));
#7287=CARTESIAN_POINT('',(0.00545351976925633,-0.12566554031842,-0.0937768000000001));
#7288=CARTESIAN_POINT('',(0.00355641760762988,-0.122735767540543,-0.0937768));
#7289=CARTESIAN_POINT('',(7.89634047732024E-9,-0.106883246202632,-0.0886968));
#7290=CARTESIAN_POINT('',(0.00274512245000289,-0.122196644007733,-0.0886968));
#7291=CARTESIAN_POINT('',(0.0021213489755033,-0.122295440020381,-0.0886968));
#7292=CARTESIAN_POINT('',(0.00221735489177965,-0.122992952459015,-0.0912368));
#7293=CARTESIAN_POINT('',(0.00286935859505125,-0.122889685217383,-0.0912368));
#7294=CARTESIAN_POINT('',(-0.00355640180787442,-0.122735767508963,-0.0886968));
#7295=CARTESIAN_POINT('',(-0.00355640180787442,-0.122735767508963,-0.0937768));
#7296=CARTESIAN_POINT('',(-0.00358410421605046,-0.122859425750191,-0.0886968));
#7297=CARTESIAN_POINT('',(-0.00358410421605046,-0.122859425750191,-0.0937768));
#7298=CARTESIAN_POINT('',(-0.00363315953872475,-0.123077863673779,-0.0886968));
#7299=CARTESIAN_POINT('',(-0.00363315953872475,-0.123077863673779,-0.0937768));
#7300=CARTESIAN_POINT('',(-0.00366348211575146,-0.123211884241171,-0.0886968));
#7301=CARTESIAN_POINT('',(-0.00366348211575146,-0.123211884241171,-0.0937768));
#7302=CARTESIAN_POINT('',(-0.00366663308016398,-0.123218250869264,-0.0886968));
#7303=CARTESIAN_POINT('',(-0.00366663308016398,-0.123218250869264,-0.0937768));
#7304=CARTESIAN_POINT('',(-0.00369058102559745,-0.123295921377168,-0.0886968));
#7305=CARTESIAN_POINT('',(-0.00369058102559745,-0.123295921377168,-0.0937768));
#7306=CARTESIAN_POINT('',(-0.00372736259438765,-0.123392981083508,-0.0886968));
#7307=CARTESIAN_POINT('',(-0.00372736259438765,-0.123392981083508,-0.0937768));
#7308=CARTESIAN_POINT('',(-0.00380868519109642,-0.123581746067488,-0.0886968));
#7309=CARTESIAN_POINT('',(-0.00380868519109642,-0.123581746067488,-0.0937768));
#7310=CARTESIAN_POINT('',(-0.00394412199292305,-0.123844997995531,-0.0886968));
#7311=CARTESIAN_POINT('',(-0.00394412199292305,-0.123844997995531,-0.0937768));
#7312=CARTESIAN_POINT('',(-0.004156811808044,-0.124190164811088,-0.0886968000000001));
#7313=CARTESIAN_POINT('',(-0.004156811808044,-0.124190164811088,-0.0937768000000001));
#7314=CARTESIAN_POINT('',(-0.004415843902872,-0.124551549077337,-0.0886968));
#7315=CARTESIAN_POINT('',(-0.004415843902872,-0.124551549077337,-0.0937768));
#7316=CARTESIAN_POINT('',(-0.00481982457992761,-0.125045202943716,-0.0886968000000001));
#7317=CARTESIAN_POINT('',(-0.00481982457992761,-0.125045202943716,-0.0937768000000001));
#7318=CARTESIAN_POINT('',(-0.00518434553051894,-0.12541976926524,-0.0886968));
#7319=CARTESIAN_POINT('',(-0.00518434553051894,-0.12541976926524,-0.0937768));
#7320=CARTESIAN_POINT('',(-0.00545350397657545,-0.12566554031842,-0.0886968));
#7321=CARTESIAN_POINT('',(-0.00545350397657545,-0.12566554031842,-0.0937768));
#7322=CARTESIAN_POINT('',(-0.00355640181494901,-0.122735767540542,-0.0886968));
#7323=CARTESIAN_POINT('',(-0.00151634396719793,-0.123058880928288,-0.0886968));
#7324=CARTESIAN_POINT('',(-0.00151634396719793,-0.123058880928288,-0.0937767999999998));
#7325=CARTESIAN_POINT('',(-0.00152820990941902,-0.123185047419313,-0.0886968));
#7326=CARTESIAN_POINT('',(-0.00152820990941902,-0.123185047419313,-0.0937767999999998));
#7327=CARTESIAN_POINT('',(-0.00154905655573525,-0.123407953158318,-0.0886968));
#7328=CARTESIAN_POINT('',(-0.00154905655573525,-0.123407953158318,-0.0937767999999998));
#7329=CARTESIAN_POINT('',(-0.00156163270418292,-0.123544784483868,-0.0886968));
#7330=CARTESIAN_POINT('',(-0.00156163270418292,-0.123544784483868,-0.0937767999999998));
#7331=CARTESIAN_POINT('',(-0.00156060335522347,-0.123551813208555,-0.0886968));
#7332=CARTESIAN_POINT('',(-0.00156060335522347,-0.123551813208555,-0.0937767999999998));
#7333=CARTESIAN_POINT('',(-0.00156182901257118,-0.123633082573341,-0.0886968));
#7334=CARTESIAN_POINT('',(-0.00156182901257118,-0.123633082573341,-0.0937767999999998));
#7335=CARTESIAN_POINT('',(-0.00155684076062183,-0.123736757969361,-0.0886968));
#7336=CARTESIAN_POINT('',(-0.00155684076062183,-0.123736757969361,-0.0937767999999998));
#7337=CARTESIAN_POINT('',(-0.00153782996309275,-0.123941414201834,-0.0886968));
#7338=CARTESIAN_POINT('',(-0.00153782996309275,-0.123941414201834,-0.0937767999999998));
#7339=CARTESIAN_POINT('',(-0.00149037122973649,-0.124233633936854,-0.0886968));
#7340=CARTESIAN_POINT('',(-0.00149037122973649,-0.124233633936854,-0.0937767999999998));
#7341=CARTESIAN_POINT('',(-0.00139475360701767,-0.124627631853402,-0.0886968));
#7342=CARTESIAN_POINT('',(-0.00139475360701767,-0.124627631853402,-0.0937767999999998));
#7343=CARTESIAN_POINT('',(-0.00126007332507249,-0.125051374034095,-0.0886968));
#7344=CARTESIAN_POINT('',(-0.00126007332507249,-0.125051374034095,-0.0937767999999998));
#7345=CARTESIAN_POINT('',(-0.00102841230375147,-0.125645703655117,-0.0886968));
#7346=CARTESIAN_POINT('',(-0.00102841230375147,-0.125645703655117,-0.0937767999999998));
#7347=CARTESIAN_POINT('',(-0.000797479637237208,-0.126114580564529,-0.0886968));
#7348=CARTESIAN_POINT('',(-0.000797479637237208,-0.126114580564529,-0.0937767999999998));
#7349=CARTESIAN_POINT('',(-0.000617442175357006,-0.126431497260181,-0.0886968));
#7350=CARTESIAN_POINT('',(-0.000617442175357006,-0.126431497260181,-0.0937767999999998));
#7351=CARTESIAN_POINT('',(-0.0015163439702282,-0.123058880960508,-0.0937768));
#7352=CARTESIAN_POINT('',(7.89634038017573E-9,-0.106883246202632,-0.0886968));
#7353=CARTESIAN_POINT('',(-0.00212133318282245,-0.122295440020381,-0.0886968));
#7354=CARTESIAN_POINT('',(-0.00274510665732204,-0.122196644007733,-0.0886968));
#7355=CARTESIAN_POINT('',(-0.00286934280237038,-0.122889685217383,-0.0912368));
#7356=CARTESIAN_POINT('',(-0.00221733909909879,-0.122992952459015,-0.0912368));
#7357=CARTESIAN_POINT('',(-0.0082810372148156,-0.120860898853164,-0.0886968));
#7358=CARTESIAN_POINT('',(-0.0082810372148156,-0.120860898853164,-0.0937768));
#7359=CARTESIAN_POINT('',(-0.00834559626866248,-0.120969944314366,-0.0886968));
#7360=CARTESIAN_POINT('',(-0.00834559626866248,-0.120969944314366,-0.0937768));
#7361=CARTESIAN_POINT('',(-0.00845975168355541,-0.121162532196629,-0.0886968));
#7362=CARTESIAN_POINT('',(-0.00845975168355541,-0.121162532196629,-0.0937768));
#7363=CARTESIAN_POINT('',(-0.00853000480094734,-0.12128062313895,-0.0886968));
#7364=CARTESIAN_POINT('',(-0.00853000480094734,-0.12128062313895,-0.0937768));
#7365=CARTESIAN_POINT('',(-0.00853496894246216,-0.121285704460533,-0.0886968));
#7366=CARTESIAN_POINT('',(-0.00853496894246216,-0.121285704460533,-0.0937768));
#7367=CARTESIAN_POINT('',(-0.00858174629892259,-0.121352173181079,-0.0886968));
#7368=CARTESIAN_POINT('',(-0.00858174629892259,-0.121352173181079,-0.0937768));
#7369=CARTESIAN_POINT('',(-0.00864672074832828,-0.121433116317428,-0.0886968));
#7370=CARTESIAN_POINT('',(-0.00864672074832828,-0.121433116317428,-0.0937768));
#7371=CARTESIAN_POINT('',(-0.00878239472184303,-0.121587512421081,-0.0886968));
#7372=CARTESIAN_POINT('',(-0.00878239472184303,-0.121587512421081,-0.0937768));
#7373=CARTESIAN_POINT('',(-0.00899255209433351,-0.121796027609245,-0.0886968));
#7374=CARTESIAN_POINT('',(-0.00899255209433351,-0.121796027609245,-0.0937768));
#7375=CARTESIAN_POINT('',(-0.00930149454085551,-0.122058575990987,-0.0886968000000001));
#7376=CARTESIAN_POINT('',(-0.00930149454085551,-0.122058575990987,-0.0937768000000001));
#7377=CARTESIAN_POINT('',(-0.0096595225823418,-0.122322227532899,-0.0886968));
#7378=CARTESIAN_POINT('',(-0.0096595225823418,-0.122322227532899,-0.0937768));
#7379=CARTESIAN_POINT('',(-0.0101962784717629,-0.122666883364704,-0.0886968));
#7380=CARTESIAN_POINT('',(-0.0101962784717629,-0.122666883364704,-0.0937768));
#7381=CARTESIAN_POINT('',(-0.0106587058560205,-0.122910473937035,-0.0886968));
#7382=CARTESIAN_POINT('',(-0.0106587058560205,-0.122910473937035,-0.0937768));
#7383=CARTESIAN_POINT('',(-0.0109906381822163,-0.123061041564668,-0.0886968));
#7384=CARTESIAN_POINT('',(-0.0109906381822163,-0.123061041564668,-0.0937768));
#7385=CARTESIAN_POINT('',(-0.00828103723130254,-0.120860898881011,-0.0886968));
#7386=CARTESIAN_POINT('',(-0.00644067444950333,-0.121798610518392,-0.0886968));
#7387=CARTESIAN_POINT('',(-0.00644067444950333,-0.121798610518392,-0.0937768));
#7388=CARTESIAN_POINT('',(-0.00649094722102208,-0.121914935204019,-0.0886968));
#7389=CARTESIAN_POINT('',(-0.00649094722102208,-0.121914935204019,-0.0937768));
#7390=CARTESIAN_POINT('',(-0.00657965522134027,-0.122120489191632,-0.0886968));
#7391=CARTESIAN_POINT('',(-0.00657965522134027,-0.122120489191632,-0.0937768));
#7392=CARTESIAN_POINT('',(-0.00663389905422908,-0.122246737271835,-0.0886968));
#7393=CARTESIAN_POINT('',(-0.00663389905422908,-0.122246737271835,-0.0937768));
#7394=CARTESIAN_POINT('',(-0.00663509208057074,-0.122253740072572,-0.0886968));
#7395=CARTESIAN_POINT('',(-0.00663509208057074,-0.122253740072572,-0.0937768));
#7396=CARTESIAN_POINT('',(-0.00666137136481874,-0.122330653082576,-0.0886968));
#7397=CARTESIAN_POINT('',(-0.00666137136481874,-0.122330653082576,-0.0937767999999999));
#7398=CARTESIAN_POINT('',(-0.00668866471456633,-0.122430795698166,-0.0886968));
#7399=CARTESIAN_POINT('',(-0.00668866471456633,-0.122430795698166,-0.0937768));
#7400=CARTESIAN_POINT('',(-0.00673382662553508,-0.122631310001172,-0.0886968));
#7401=CARTESIAN_POINT('',(-0.00673382662553508,-0.122631310001172,-0.0937768));
#7402=CARTESIAN_POINT('',(-0.00677899155213452,-0.122923893039492,-0.0886968));
#7403=CARTESIAN_POINT('',(-0.00677899155213452,-0.122923893039492,-0.0937768));
#7404=CARTESIAN_POINT('',(-0.00680980584093671,-0.123328154795813,-0.0886968));
#7405=CARTESIAN_POINT('',(-0.00680980584093671,-0.123328154795813,-0.0937768));
#7406=CARTESIAN_POINT('',(-0.00681266081624383,-0.123772776053919,-0.0886968));
#7407=CARTESIAN_POINT('',(-0.00681266081624383,-0.123772776053919,-0.0937768));
#7408=CARTESIAN_POINT('',(-0.00677599604550155,-0.124409604305342,-0.0886968));
#7409=CARTESIAN_POINT('',(-0.00677599604550155,-0.124409604305342,-0.0937768));
#7410=CARTESIAN_POINT('',(-0.00670125696146533,-0.124926894863888,-0.0886968));
#7411=CARTESIAN_POINT('',(-0.00670125696146533,-0.124926894863888,-0.0937768));
#7412=CARTESIAN_POINT('',(-0.00662796380492497,-0.125283935187755,-0.0886968));
#7413=CARTESIAN_POINT('',(-0.00662796380492497,-0.125283935187755,-0.0937768));
#7414=CARTESIAN_POINT('',(-0.00644067446234184,-0.121798610548099,-0.0937768));
#7415=CARTESIAN_POINT('',(7.89634027956176E-9,-0.106883246202632,-0.0886968));
#7416=CARTESIAN_POINT('',(-0.00678013717056691,-0.120885583119079,-0.0886968));
#7417=CARTESIAN_POINT('',(-0.00734285135129713,-0.120598865923206,-0.0886968));
#7418=CARTESIAN_POINT('',(-0.00767516845818872,-0.121219596201568,-0.0912368));
#7419=CARTESIAN_POINT('',(-0.00708698742017028,-0.121519289409349,-0.0912368));
#7420=CARTESIAN_POINT('',(-0.0121950662288429,-0.117617800167897,-0.0886968));
#7421=CARTESIAN_POINT('',(-0.0121950662288429,-0.117617800167897,-0.0937767999999998));
#7422=CARTESIAN_POINT('',(-0.0122901624383607,-0.117701558719567,-0.0886968));
#7423=CARTESIAN_POINT('',(-0.0122901624383607,-0.117701558719567,-0.0937767999999998));
#7424=CARTESIAN_POINT('',(-0.012458243618095,-0.117849444716751,-0.0886968));
#7425=CARTESIAN_POINT('',(-0.012458243618095,-0.117849444716751,-0.0937767999999998));
#7426=CARTESIAN_POINT('',(-0.0125615504112396,-0.117940046469779,-0.0886968));
#7427=CARTESIAN_POINT('',(-0.0125615504112396,-0.117940046469779,-0.0937767999999998));
#7428=CARTESIAN_POINT('',(-0.012567841805098,-0.117943345089691,-0.0886968));
#7429=CARTESIAN_POINT('',(-0.012567841805098,-0.117943345089691,-0.0937767999999998));
#7430=CARTESIAN_POINT('',(-0.0126328696790181,-0.117992105601398,-0.0886968));
#7431=CARTESIAN_POINT('',(-0.0126328696790181,-0.117992105601398,-0.0937767999999998));
#7432=CARTESIAN_POINT('',(-0.0127196768572278,-0.118049008889605,-0.0886968));
#7433=CARTESIAN_POINT('',(-0.0127196768572278,-0.118049008889605,-0.0937767999999998));
#7434=CARTESIAN_POINT('',(-0.0128964214937247,-0.118153922746565,-0.0886968000000001));
#7435=CARTESIAN_POINT('',(-0.0128964214937247,-0.118153922746565,-0.0937767999999999));
#7436=CARTESIAN_POINT('',(-0.0131607277690072,-0.118287290275422,-0.0886968));
#7437=CARTESIAN_POINT('',(-0.0131607277690072,-0.118287290275422,-0.0937767999999998));
#7438=CARTESIAN_POINT('',(-0.013535681407736,-0.118441520158461,-0.0886968));
#7439=CARTESIAN_POINT('',(-0.013535681407736,-0.118441520158461,-0.0937767999999998));
#7440=CARTESIAN_POINT('',(-0.0139576591166519,-0.118581630926146,-0.0886968));
#7441=CARTESIAN_POINT('',(-0.0139576591166519,-0.118581630926146,-0.0937767999999998));
#7442=CARTESIAN_POINT('',(-0.0145746488121837,-0.118743551409201,-0.0886968));
#7443=CARTESIAN_POINT('',(-0.0145746488121837,-0.118743551409201,-0.0937767999999998));
#7444=CARTESIAN_POINT('',(-0.0150897170158162,-0.118832321889925,-0.0886968));
#7445=CARTESIAN_POINT('',(-0.0150897170158162,-0.118832321889925,-0.0937767999999998));
#7446=CARTESIAN_POINT('',(-0.015451931373354,-0.118872947483551,-0.0886968));
#7447=CARTESIAN_POINT('',(-0.015451931373354,-0.118872947483551,-0.0937767999999998));
#7448=CARTESIAN_POINT('',(-0.0121950662531283,-0.117617800189287,-0.0886968));
#7449=CARTESIAN_POINT('',(-0.0107345460689251,-0.119078320327816,-0.0886968));
#7450=CARTESIAN_POINT('',(-0.0107345460689251,-0.119078320327816,-0.0937767999999997));
#7451=CARTESIAN_POINT('',(-0.0108183046205942,-0.119173416537333,-0.0886968));
#7452=CARTESIAN_POINT('',(-0.0108183046205942,-0.119173416537333,-0.0937767999999997));
#7453=CARTESIAN_POINT('',(-0.0109661906177782,-0.119341497717068,-0.0886968));
#7454=CARTESIAN_POINT('',(-0.0109661906177782,-0.119341497717068,-0.0937767999999998));
#7455=CARTESIAN_POINT('',(-0.0110567923708059,-0.119444804510212,-0.0886967999999999));
#7456=CARTESIAN_POINT('',(-0.0110567923708059,-0.119444804510212,-0.0937767999999997));
#7457=CARTESIAN_POINT('',(-0.0110600909907181,-0.119451095904071,-0.0886968));
#7458=CARTESIAN_POINT('',(-0.0110600909907181,-0.119451095904071,-0.0937767999999998));
#7459=CARTESIAN_POINT('',(-0.0111088515024257,-0.11951612377799,-0.0886967999999999));
#7460=CARTESIAN_POINT('',(-0.0111088515024257,-0.11951612377799,-0.0937767999999997));
#7461=CARTESIAN_POINT('',(-0.0111657547906329,-0.1196029309562,-0.0886968));
#7462=CARTESIAN_POINT('',(-0.0111657547906329,-0.1196029309562,-0.0937767999999998));
#7463=CARTESIAN_POINT('',(-0.0112706686475923,-0.119779675592697,-0.0886968));
#7464=CARTESIAN_POINT('',(-0.0112706686475923,-0.119779675592697,-0.0937767999999997));
#7465=CARTESIAN_POINT('',(-0.0114040361764494,-0.12004398186798,-0.0886968));
#7466=CARTESIAN_POINT('',(-0.0114040361764494,-0.12004398186798,-0.0937767999999997));
#7467=CARTESIAN_POINT('',(-0.0115582660594888,-0.120418935506708,-0.0886968));
#7468=CARTESIAN_POINT('',(-0.0115582660594888,-0.120418935506708,-0.0937767999999997));
#7469=CARTESIAN_POINT('',(-0.0116983768271735,-0.120840913215625,-0.0886968));
#7470=CARTESIAN_POINT('',(-0.0116983768271735,-0.120840913215625,-0.0937767999999997));
#7471=CARTESIAN_POINT('',(-0.0118602973102285,-0.121457902911156,-0.0886968));
#7472=CARTESIAN_POINT('',(-0.0118602973102285,-0.121457902911156,-0.0937767999999997));
#7473=CARTESIAN_POINT('',(-0.0119490677909541,-0.121972971114789,-0.0886968));
#7474=CARTESIAN_POINT('',(-0.0119490677909541,-0.121972971114789,-0.0937767999999997));
#7475=CARTESIAN_POINT('',(-0.0119896933845788,-0.122335185472326,-0.0886968));
#7476=CARTESIAN_POINT('',(-0.0119896933845788,-0.122335185472326,-0.0937767999999997));
#7477=CARTESIAN_POINT('',(-0.010734546090315,-0.119078320352101,-0.0937768));
#7478=CARTESIAN_POINT('',(7.89634019976448E-9,-0.106883246202632,-0.0886968));
#7479=CARTESIAN_POINT('',(-0.010775253319114,-0.118105079920377,-0.0886968));
#7480=CARTESIAN_POINT('',(-0.0112218258214048,-0.117658507418087,-0.0886968));
#7481=CARTESIAN_POINT('',(-0.0117296943763276,-0.118146165360634,-0.0912368));
#7482=CARTESIAN_POINT('',(-0.0112629112616618,-0.1186129484753,-0.0912368));
#7483=CARTESIAN_POINT('',(-0.0149153564194196,-0.113323928548476,-0.0886968));
#7484=CARTESIAN_POINT('',(-0.0149153564194196,-0.113323928548476,-0.0937768));
#7485=CARTESIAN_POINT('',(-0.0150316811050465,-0.113374201319995,-0.0886968));
#7486=CARTESIAN_POINT('',(-0.0150316811050465,-0.113374201319995,-0.0937768));
#7487=CARTESIAN_POINT('',(-0.0152372350926593,-0.113462909320313,-0.0886968));
#7488=CARTESIAN_POINT('',(-0.0152372350926593,-0.113462909320313,-0.0937768));
#7489=CARTESIAN_POINT('',(-0.0153634831728627,-0.113517153153202,-0.0886968));
#7490=CARTESIAN_POINT('',(-0.0153634831728627,-0.113517153153202,-0.0937767999999999));
#7491=CARTESIAN_POINT('',(-0.0153704859735992,-0.113518346179543,-0.0886968));
#7492=CARTESIAN_POINT('',(-0.0153704859735992,-0.113518346179543,-0.0937768));
#7493=CARTESIAN_POINT('',(-0.0154473989836037,-0.113544625463792,-0.0886968));
#7494=CARTESIAN_POINT('',(-0.0154473989836037,-0.113544625463792,-0.0937767999999999));
#7495=CARTESIAN_POINT('',(-0.0155475415991932,-0.113571918813539,-0.0886968));
#7496=CARTESIAN_POINT('',(-0.0155475415991932,-0.113571918813539,-0.0937768));
#7497=CARTESIAN_POINT('',(-0.0157480559021996,-0.113617080724508,-0.0886968));
#7498=CARTESIAN_POINT('',(-0.0157480559021996,-0.113617080724508,-0.0937767999999999));
#7499=CARTESIAN_POINT('',(-0.0160406389405194,-0.113662245651107,-0.0886968));
#7500=CARTESIAN_POINT('',(-0.0160406389405194,-0.113662245651107,-0.0937768));
#7501=CARTESIAN_POINT('',(-0.0164449006968407,-0.113693059939909,-0.0886968));
#7502=CARTESIAN_POINT('',(-0.0164449006968407,-0.113693059939909,-0.0937767999999999));
#7503=CARTESIAN_POINT('',(-0.0168895219549459,-0.113695914915216,-0.0886968));
#7504=CARTESIAN_POINT('',(-0.0168895219549459,-0.113695914915216,-0.0937768));
#7505=CARTESIAN_POINT('',(-0.0175263502063697,-0.113659250144474,-0.0886968));
#7506=CARTESIAN_POINT('',(-0.0175263502063697,-0.113659250144474,-0.0937767999999999));
#7507=CARTESIAN_POINT('',(-0.0180436407649142,-0.113584511060438,-0.0886968));
#7508=CARTESIAN_POINT('',(-0.0180436407649142,-0.113584511060438,-0.0937768));
#7509=CARTESIAN_POINT('',(-0.0184006810887825,-0.113511217903897,-0.0886968));
#7510=CARTESIAN_POINT('',(-0.0184006810887825,-0.113511217903897,-0.0937768));
#7511=CARTESIAN_POINT('',(-0.0149153564491262,-0.113323928561314,-0.0886968));
#7512=CARTESIAN_POINT('',(-0.0139776447541911,-0.115164291313788,-0.0886968));
#7513=CARTESIAN_POINT('',(-0.0139776447541911,-0.115164291313788,-0.0937768000000001));
#7514=CARTESIAN_POINT('',(-0.0140866902153931,-0.115228850367635,-0.0886968));
#7515=CARTESIAN_POINT('',(-0.0140866902153931,-0.115228850367635,-0.0937768000000001));
#7516=CARTESIAN_POINT('',(-0.0142792780976562,-0.115343005782528,-0.0886968));
#7517=CARTESIAN_POINT('',(-0.0142792780976562,-0.115343005782528,-0.0937768000000002));
#7518=CARTESIAN_POINT('',(-0.0143973690399771,-0.11541325889992,-0.0886968));
#7519=CARTESIAN_POINT('',(-0.0143973690399771,-0.11541325889992,-0.0937768000000001));
#7520=CARTESIAN_POINT('',(-0.0144024503615599,-0.115418223041435,-0.0886968));
#7521=CARTESIAN_POINT('',(-0.0144024503615599,-0.115418223041435,-0.0937768000000001));
#7522=CARTESIAN_POINT('',(-0.0144689190821067,-0.115465000397895,-0.0886968));
#7523=CARTESIAN_POINT('',(-0.0144689190821067,-0.115465000397895,-0.0937768000000001));
#7524=CARTESIAN_POINT('',(-0.0145498622184553,-0.115529974847301,-0.0886968));
#7525=CARTESIAN_POINT('',(-0.0145498622184553,-0.115529974847301,-0.0937768000000001));
#7526=CARTESIAN_POINT('',(-0.0147042583221084,-0.115665648820815,-0.0886968));
#7527=CARTESIAN_POINT('',(-0.0147042583221084,-0.115665648820815,-0.0937768000000001));
#7528=CARTESIAN_POINT('',(-0.0149127735102723,-0.115875806193306,-0.0886968));
#7529=CARTESIAN_POINT('',(-0.0149127735102723,-0.115875806193306,-0.0937768000000002));
#7530=CARTESIAN_POINT('',(-0.0151753218920144,-0.116184748639828,-0.0886968));
#7531=CARTESIAN_POINT('',(-0.0151753218920144,-0.116184748639828,-0.0937768000000001));
#7532=CARTESIAN_POINT('',(-0.0154389734339264,-0.116542776681314,-0.0886968));
#7533=CARTESIAN_POINT('',(-0.0154389734339264,-0.116542776681314,-0.0937768000000001));
#7534=CARTESIAN_POINT('',(-0.0157836292657309,-0.117079532570736,-0.0886968));
#7535=CARTESIAN_POINT('',(-0.0157836292657309,-0.117079532570736,-0.0937768000000001));
#7536=CARTESIAN_POINT('',(-0.016027219838065,-0.117541959954992,-0.0886968));
#7537=CARTESIAN_POINT('',(-0.016027219838065,-0.117541959954992,-0.0937768000000001));
#7538=CARTESIAN_POINT('',(-0.0161777874656953,-0.117873892281189,-0.0886968));
#7539=CARTESIAN_POINT('',(-0.0161777874656953,-0.117873892281189,-0.0937768000000001));
#7540=CARTESIAN_POINT('',(-0.0139776447820388,-0.115164291330275,-0.0937768));
#7541=CARTESIAN_POINT('',(7.89634015466167E-9,-0.106883246202632,-0.0886968));
#7542=CARTESIAN_POINT('',(-0.013715611824233,-0.11422610545027,-0.0886968));
#7543=CARTESIAN_POINT('',(-0.0140023290201065,-0.113663391269539,-0.0886968));
#7544=CARTESIAN_POINT('',(-0.0146360353103764,-0.113970241519143,-0.0912368));
#7545=CARTESIAN_POINT('',(-0.014336342102596,-0.114558422557161,-0.0912368));
#7546=CARTESIAN_POINT('',(-0.0161756268293158,-0.10839959806617,-0.0886968));
#7547=CARTESIAN_POINT('',(-0.0161756268293158,-0.10839959806617,-0.0937767999999999));
#7548=CARTESIAN_POINT('',(-0.0163017933203408,-0.108411464008392,-0.0886968));
#7549=CARTESIAN_POINT('',(-0.0163017933203408,-0.108411464008392,-0.0937767999999999));
#7550=CARTESIAN_POINT('',(-0.0165246990593458,-0.108432310654708,-0.0886968));
#7551=CARTESIAN_POINT('',(-0.0165246990593458,-0.108432310654708,-0.0937767999999999));
#7552=CARTESIAN_POINT('',(-0.0166615303848957,-0.108444886803156,-0.0886968));
#7553=CARTESIAN_POINT('',(-0.0166615303848957,-0.108444886803156,-0.0937767999999999));
#7554=CARTESIAN_POINT('',(-0.0166685591095827,-0.108443857454196,-0.0886968));
#7555=CARTESIAN_POINT('',(-0.0166685591095827,-0.108443857454196,-0.0937767999999999));
#7556=CARTESIAN_POINT('',(-0.0167498284743681,-0.108445083111544,-0.0886968));
#7557=CARTESIAN_POINT('',(-0.0167498284743681,-0.108445083111544,-0.0937767999999999));
#7558=CARTESIAN_POINT('',(-0.0168535038703887,-0.108440094859594,-0.0886968));
#7559=CARTESIAN_POINT('',(-0.0168535038703887,-0.108440094859594,-0.0937767999999999));
#7560=CARTESIAN_POINT('',(-0.0170581601028611,-0.108421084062065,-0.0886968));
#7561=CARTESIAN_POINT('',(-0.0170581601028611,-0.108421084062065,-0.0937767999999999));
#7562=CARTESIAN_POINT('',(-0.0173503798378815,-0.108373625328709,-0.0886968));
#7563=CARTESIAN_POINT('',(-0.0173503798378815,-0.108373625328709,-0.0937767999999999));
#7564=CARTESIAN_POINT('',(-0.0177443777544293,-0.10827800770599,-0.0886968));
#7565=CARTESIAN_POINT('',(-0.0177443777544293,-0.10827800770599,-0.0937767999999998));
#7566=CARTESIAN_POINT('',(-0.018168119935122,-0.108143327424045,-0.0886968));
#7567=CARTESIAN_POINT('',(-0.018168119935122,-0.108143327424045,-0.0937767999999999));
#7568=CARTESIAN_POINT('',(-0.0187624495561453,-0.107911666402723,-0.0886968));
#7569=CARTESIAN_POINT('',(-0.0187624495561453,-0.107911666402723,-0.0937767999999999));
#7570=CARTESIAN_POINT('',(-0.0192313264655556,-0.107680733736213,-0.0886968));
#7571=CARTESIAN_POINT('',(-0.0192313264655556,-0.107680733736213,-0.0937767999999999));
#7572=CARTESIAN_POINT('',(-0.0195482431612085,-0.107500696274329,-0.0886968));
#7573=CARTESIAN_POINT('',(-0.0195482431612085,-0.107500696274329,-0.0937767999999999));
#7574=CARTESIAN_POINT('',(-0.0161756268615358,-0.108399598069201,-0.0886968));
#7575=CARTESIAN_POINT('',(-0.0158525134099906,-0.110439655906847,-0.0886968));
#7576=CARTESIAN_POINT('',(-0.0158525134099906,-0.110439655906847,-0.0937767999999999));
#7577=CARTESIAN_POINT('',(-0.0159761716512186,-0.110467358315023,-0.0886968));
#7578=CARTESIAN_POINT('',(-0.0159761716512186,-0.110467358315023,-0.0937767999999999));
#7579=CARTESIAN_POINT('',(-0.0161946095748063,-0.110516413637697,-0.0886968));
#7580=CARTESIAN_POINT('',(-0.0161946095748063,-0.110516413637697,-0.0937767999999998));
#7581=CARTESIAN_POINT('',(-0.0163286301421979,-0.110546736214724,-0.0886968));
#7582=CARTESIAN_POINT('',(-0.0163286301421979,-0.110546736214724,-0.0937767999999998));
#7583=CARTESIAN_POINT('',(-0.0163349967702912,-0.110549887179137,-0.0886968));
#7584=CARTESIAN_POINT('',(-0.0163349967702912,-0.110549887179137,-0.0937767999999998));
#7585=CARTESIAN_POINT('',(-0.0164126672781952,-0.11057383512457,-0.0886968));
#7586=CARTESIAN_POINT('',(-0.0164126672781952,-0.11057383512457,-0.0937767999999998));
#7587=CARTESIAN_POINT('',(-0.0165097269845355,-0.11061061669336,-0.0886968));
#7588=CARTESIAN_POINT('',(-0.0165097269845355,-0.11061061669336,-0.0937767999999998));
#7589=CARTESIAN_POINT('',(-0.0166984919685158,-0.110691939290069,-0.0886968));
#7590=CARTESIAN_POINT('',(-0.0166984919685158,-0.110691939290069,-0.0937767999999998));
#7591=CARTESIAN_POINT('',(-0.0169617438965583,-0.110827376091896,-0.0886968));
#7592=CARTESIAN_POINT('',(-0.0169617438965583,-0.110827376091896,-0.0937767999999998));
#7593=CARTESIAN_POINT('',(-0.0173069107121159,-0.111040065907016,-0.0886968));
#7594=CARTESIAN_POINT('',(-0.0173069107121159,-0.111040065907016,-0.0937767999999998));
#7595=CARTESIAN_POINT('',(-0.0176682949783646,-0.111299098001844,-0.0886968));
#7596=CARTESIAN_POINT('',(-0.0176682949783646,-0.111299098001844,-0.0937767999999998));
#7597=CARTESIAN_POINT('',(-0.0181619488447436,-0.1117030786789,-0.0886968));
#7598=CARTESIAN_POINT('',(-0.0181619488447436,-0.1117030786789,-0.0937767999999998));
#7599=CARTESIAN_POINT('',(-0.0185365151662691,-0.11206759962949,-0.0886968));
#7600=CARTESIAN_POINT('',(-0.0185365151662691,-0.11206759962949,-0.0937767999999998));
#7601=CARTESIAN_POINT('',(-0.0187822862194476,-0.112336758075548,-0.0886968));
#7602=CARTESIAN_POINT('',(-0.0187822862194476,-0.112336758075548,-0.0937767999999998));
#7603=CARTESIAN_POINT('',(-0.01585251344157,-0.110439655913922,-0.0937768));
#7604=CARTESIAN_POINT('',(7.8963401199672E-9,-0.106883246202632,-0.0886968));
#7605=CARTESIAN_POINT('',(-0.0153133899087605,-0.109628360756295,-0.0886968));
#7606=CARTESIAN_POINT('',(-0.0154121859214084,-0.109004587281795,-0.0886968));
#7607=CARTESIAN_POINT('',(-0.0161096983600426,-0.109100593198071,-0.0912368));
#7608=CARTESIAN_POINT('',(-0.0160064311184103,-0.109752596901343,-0.0912368));
#7609=CARTESIAN_POINT('',(-0.0158525134099906,-0.103326836498417,-0.0886968));
#7610=CARTESIAN_POINT('',(-0.0158525134099906,-0.103326836498417,-0.0937768));
#7611=CARTESIAN_POINT('',(-0.0159761716512186,-0.103299134090241,-0.0886968));
#7612=CARTESIAN_POINT('',(-0.0159761716512186,-0.103299134090241,-0.0937768));
#7613=CARTESIAN_POINT('',(-0.0161946095748063,-0.103250078767567,-0.0886968));
#7614=CARTESIAN_POINT('',(-0.0161946095748063,-0.103250078767567,-0.0937768));
#7615=CARTESIAN_POINT('',(-0.0163286301421979,-0.10321975619054,-0.0886968));
#7616=CARTESIAN_POINT('',(-0.0163286301421979,-0.10321975619054,-0.0937768));
#7617=CARTESIAN_POINT('',(-0.0163349967702912,-0.103216605226128,-0.0886968));
#7618=CARTESIAN_POINT('',(-0.0163349967702912,-0.103216605226128,-0.0937767999999999));
#7619=CARTESIAN_POINT('',(-0.0164126672781952,-0.103192657280694,-0.0886968000000001));
#7620=CARTESIAN_POINT('',(-0.0164126672781952,-0.103192657280694,-0.0937768000000001));
#7621=CARTESIAN_POINT('',(-0.0165097269845355,-0.103155875711904,-0.0886967999999999));
#7622=CARTESIAN_POINT('',(-0.0165097269845355,-0.103155875711904,-0.0937767999999999));
#7623=CARTESIAN_POINT('',(-0.0166984919685158,-0.103074553115195,-0.0886968000000001));
#7624=CARTESIAN_POINT('',(-0.0166984919685158,-0.103074553115195,-0.0937768000000001));
#7625=CARTESIAN_POINT('',(-0.0169617438965583,-0.102939116313369,-0.0886968));
#7626=CARTESIAN_POINT('',(-0.0169617438965583,-0.102939116313369,-0.0937768));
#7627=CARTESIAN_POINT('',(-0.0173069107121159,-0.102726426498248,-0.0886968));
#7628=CARTESIAN_POINT('',(-0.0173069107121159,-0.102726426498248,-0.0937767999999999));
#7629=CARTESIAN_POINT('',(-0.0176682949783646,-0.10246739440342,-0.0886968000000001));
#7630=CARTESIAN_POINT('',(-0.0176682949783646,-0.10246739440342,-0.0937768000000001));
#7631=CARTESIAN_POINT('',(-0.0181619488447436,-0.102063413726364,-0.0886968));
#7632=CARTESIAN_POINT('',(-0.0181619488447436,-0.102063413726364,-0.0937768));
#7633=CARTESIAN_POINT('',(-0.0185365151662691,-0.101698892775771,-0.0886968));
#7634=CARTESIAN_POINT('',(-0.0185365151662691,-0.101698892775771,-0.0937768));
#7635=CARTESIAN_POINT('',(-0.0187822862194476,-0.101429734329716,-0.0886968));
#7636=CARTESIAN_POINT('',(-0.0187822862194476,-0.101429734329716,-0.0937768));
#7637=CARTESIAN_POINT('',(-0.01585251344157,-0.103326836491343,-0.0886968));
#7638=CARTESIAN_POINT('',(-0.0161756268293158,-0.105366894339094,-0.0886968));
#7639=CARTESIAN_POINT('',(-0.0161756268293158,-0.105366894339094,-0.0937767999999998));
#7640=CARTESIAN_POINT('',(-0.0163017933203409,-0.105355028396873,-0.0886968));
#7641=CARTESIAN_POINT('',(-0.0163017933203409,-0.105355028396873,-0.0937767999999998));
#7642=CARTESIAN_POINT('',(-0.0165246990593458,-0.105334181750556,-0.0886968));
#7643=CARTESIAN_POINT('',(-0.0165246990593458,-0.105334181750556,-0.0937767999999999));
#7644=CARTESIAN_POINT('',(-0.0166615303848957,-0.105321605602109,-0.0886968));
#7645=CARTESIAN_POINT('',(-0.0166615303848957,-0.105321605602109,-0.0937767999999998));
#7646=CARTESIAN_POINT('',(-0.0166685591095828,-0.105322634951068,-0.0886968));
#7647=CARTESIAN_POINT('',(-0.0166685591095828,-0.105322634951068,-0.0937767999999999));
#7648=CARTESIAN_POINT('',(-0.0167498284743681,-0.10532140929372,-0.0886968));
#7649=CARTESIAN_POINT('',(-0.0167498284743681,-0.10532140929372,-0.0937767999999998));
#7650=CARTESIAN_POINT('',(-0.0168535038703887,-0.10532639754567,-0.0886968));
#7651=CARTESIAN_POINT('',(-0.0168535038703887,-0.10532639754567,-0.0937767999999998));
#7652=CARTESIAN_POINT('',(-0.0170581601028611,-0.105345408343199,-0.0886968));
#7653=CARTESIAN_POINT('',(-0.0170581601028611,-0.105345408343199,-0.0937767999999998));
#7654=CARTESIAN_POINT('',(-0.0173503798378815,-0.105392867076555,-0.0886968000000001));
#7655=CARTESIAN_POINT('',(-0.0173503798378815,-0.105392867076555,-0.0937767999999999));
#7656=CARTESIAN_POINT('',(-0.0177443777544293,-0.105488484699274,-0.0886968));
#7657=CARTESIAN_POINT('',(-0.0177443777544293,-0.105488484699274,-0.0937767999999998));
#7658=CARTESIAN_POINT('',(-0.018168119935122,-0.105623164981219,-0.0886968));
#7659=CARTESIAN_POINT('',(-0.018168119935122,-0.105623164981219,-0.0937767999999998));
#7660=CARTESIAN_POINT('',(-0.0187624495561453,-0.10585482600254,-0.0886968));
#7661=CARTESIAN_POINT('',(-0.0187624495561453,-0.10585482600254,-0.0937767999999998));
#7662=CARTESIAN_POINT('',(-0.0192313264655556,-0.106085758669054,-0.0886968));
#7663=CARTESIAN_POINT('',(-0.0192313264655556,-0.106085758669054,-0.0937767999999998));
#7664=CARTESIAN_POINT('',(-0.0195482431612084,-0.106265796130935,-0.0886968));
#7665=CARTESIAN_POINT('',(-0.0195482431612084,-0.106265796130935,-0.0937767999999998));
#7666=CARTESIAN_POINT('',(-0.0161756268615359,-0.105366894336063,-0.0937768));
#7667=CARTESIAN_POINT('',(7.89634012343665E-9,-0.106883246202632,-0.0886968));
#7668=CARTESIAN_POINT('',(-0.0154121859214084,-0.104761905123469,-0.0886968));
#7669=CARTESIAN_POINT('',(-0.0153133899087605,-0.10413813164897,-0.0886968));
#7670=CARTESIAN_POINT('',(-0.0160064311184103,-0.104013895503921,-0.0912368));
#7671=CARTESIAN_POINT('',(-0.0161096983600426,-0.104665899207193,-0.0912368));
#7672=CARTESIAN_POINT('',(7.89634012343665E-9,-0.106883246202632,-0.082362664));
#7673=CARTESIAN_POINT('',(0.00150000789634012,-0.104883246202632,-0.082362664));
#7674=CARTESIAN_POINT('',(-0.00149999210365988,-0.104883246202632,-0.100362664));
#7675=CARTESIAN_POINT('',(-0.00149999210365988,-0.104883246202632,-0.100362664));
#7676=MECHANICAL_DESIGN_GEOMETRIC_PRESENTATION_REPRESENTATION('',(#2345),
#7677);
#7677=(
GEOMETRIC_REPRESENTATION_CONTEXT(3)
GLOBAL_UNCERTAINTY_ASSIGNED_CONTEXT((#7678))
GLOBAL_UNIT_ASSIGNED_CONTEXT((#7681,#7680,#7679))
REPRESENTATION_CONTEXT('PinionGear','TOP_LEVEL_ASSEMBLY_PART')
);
#7678=UNCERTAINTY_MEASURE_WITH_UNIT(LENGTH_MEASURE(2.E-5),#7681,
'DISTANCE_ACCURACY_VALUE','Maximum Tolerance applied to model');
#7679=(
NAMED_UNIT(*)
SI_UNIT($,.STERADIAN.)
SOLID_ANGLE_UNIT()
);
#7680=(
NAMED_UNIT(*)
PLANE_ANGLE_UNIT()
SI_UNIT($,.RADIAN.)
);
#7681=(
LENGTH_UNIT()
NAMED_UNIT(*)
SI_UNIT($,.METRE.)
);
#7682=PRODUCT_DEFINITION_SHAPE('','',#7683);
#7683=PRODUCT_DEFINITION('','',#7685,#7684);
#7684=PRODUCT_DEFINITION_CONTEXT('',#7691,'design');
#7685=PRODUCT_DEFINITION_FORMATION_WITH_SPECIFIED_SOURCE('','',#7687,
 .NOT_KNOWN.);
#7686=PRODUCT_RELATED_PRODUCT_CATEGORY('','',(#7687));
#7687=PRODUCT('PinionGear','PinionGear','PinionGear',(#7689));
#7688=PRODUCT_CATEGORY('','');
#7689=PRODUCT_CONTEXT('',#7691,'mechanical');
#7690=APPLICATION_PROTOCOL_DEFINITION('international standard',
'ap242_managed_model_based_3d_engineering',2020,#7691);
#7691=APPLICATION_CONTEXT('managed model based 3d engineering');
ENDSEC;
END-ISO-10303-21;
