ISO-10303-21;
HEADER;
/* Generated by software containing ST-Developer
 * from STEP Tools, Inc. (www.steptools.com) 
 */
/* OPTION: using custom renumber hook */

FILE_DESCRIPTION(
/* description */ ('STEP AP242 Edition 2',
'CAx-IF Rec.Pracs.---Representation and Presentation of Product Manufa
cturing Information (PMI)---4.0---2014-10-13',
'CAx-IF Rec.Pracs.---3D Tessellated Geometry---0.4---2014-09-14','2;1',
'CAx-IF Rec.Pracs.---User Defined Attributes---1.5---2016-08-15'),
/* implementation_level */ '2;1');

FILE_NAME(
/* name */ 'Layers - Part 7',
/* time_stamp */ '2026-08-07T11:16:45Z',
/* author */ (''),
/* organization */ (''),
/* preprocessor_version */ 'ST-DEVELOPER v20',
/* originating_system */ 'ONSHAPE BY PTC INC, 1.218',
/* authorisation */ '  ');

FILE_SCHEMA (('AP242_MANAGED_MODEL_BASED_3D_ENGINEERING_MIM_LF { 1 0 10303 442 3 1 4 }'));
ENDSEC;

DATA;
#10=SHAPE_REPRESENTATION_RELATIONSHIP('','',#2170,#11);
#11=ADVANCED_BREP_SHAPE_REPRESENTATION('',(#2168),#5352);
#12=(
BOUNDED_SURFACE()
B_SPLINE_SURFACE(1,2,((#3993,#3994,#3995,#3996,#3997,#3998,#3999,#4000,
#4001,#4002,#4003,#4004,#4005,#4006,#4007,#4008,#4009,#4010,#4011,#4012,
#4013,#4014,#4015,#4016,#4017,#4018,#4019,#4020,#4021,#4022,#4023,#4024,
#4025,#4026,#4027,#4028,#4029,#4030,#4031,#4032,#4033,#4034,#4035,#4036,
#4037,#4038,#4039,#4040,#4041,#4042,#4043,#4044,#4045,#4046,#4047,#4048,
#4049,#4050,#4051,#4052,#4053,#4054,#4055,#4056,#4057,#4058,#4059,#4060,
#4061,#4062,#4063,#4064,#4065,#4066,#4067,#4068,#4069,#4070,#4071,#4072,
#4073,#4074,#4075,#4076,#4077,#4078,#4079,#4080,#4081,#4082,#4083,#4084,
#4085,#4086,#4087,#4088,#4089,#4090,#4091,#4092,#4093,#4094,#4095,#4096,
#4097,#4098,#4099,#4100,#4101,#4102,#4103,#4104,#4105,#4106,#4107,#4108,
#4109,#4110,#4111,#4112,#4113,#4114,#4115,#4116,#4117,#4118,#4119,#4120,
#4121,#4122,#4123,#4124,#4125,#4126,#4127,#4128,#4129,#4130,#4131,#4132,
#4133,#4134,#4135,#4136,#4137,#4138,#4139,#4140,#4141,#4142,#4143,#4144,
#4145,#4146,#4147,#4148,#4149,#4150,#4151,#4152,#4153,#4154,#4155,#4156,
#4157,#4158,#4159,#4160,#4161,#4162,#4163,#4164,#4165,#4166,#4167,#4168,
#4169,#4170,#4171,#4172,#4173,#4174,#4175,#4176,#4177,#4178,#4179),(#4180,
#4181,#4182,#4183,#4184,#4185,#4186,#4187,#4188,#4189,#4190,#4191,#4192,
#4193,#4194,#4195,#4196,#4197,#4198,#4199,#4200,#4201,#4202,#4203,#4204,
#4205,#4206,#4207,#4208,#4209,#4210,#4211,#4212,#4213,#4214,#4215,#4216,
#4217,#4218,#4219,#4220,#4221,#4222,#4223,#4224,#4225,#4226,#4227,#4228,
#4229,#4230,#4231,#4232,#4233,#4234,#4235,#4236,#4237,#4238,#4239,#4240,
#4241,#4242,#4243,#4244,#4245,#4246,#4247,#4248,#4249,#4250,#4251,#4252,
#4253,#4254,#4255,#4256,#4257,#4258,#4259,#4260,#4261,#4262,#4263,#4264,
#4265,#4266,#4267,#4268,#4269,#4270,#4271,#4272,#4273,#4274,#4275,#4276,
#4277,#4278,#4279,#4280,#4281,#4282,#4283,#4284,#4285,#4286,#4287,#4288,
#4289,#4290,#4291,#4292,#4293,#4294,#4295,#4296,#4297,#4298,#4299,#4300,
#4301,#4302,#4303,#4304,#4305,#4306,#4307,#4308,#4309,#4310,#4311,#4312,
#4313,#4314,#4315,#4316,#4317,#4318,#4319,#4320,#4321,#4322,#4323,#4324,
#4325,#4326,#4327,#4328,#4329,#4330,#4331,#4332,#4333,#4334,#4335,#4336,
#4337,#4338,#4339,#4340,#4341,#4342,#4343,#4344,#4345,#4346,#4347,#4348,
#4349,#4350,#4351,#4352,#4353,#4354,#4355,#4356,#4357,#4358,#4359,#4360,
#4361,#4362,#4363,#4364,#4365,#4366)),.UNSPECIFIED.,.F.,.F.,.F.)
B_SPLINE_SURFACE_WITH_KNOTS((2,2),(3,2,2,2,2,2,2,2,2,2,2,2,2,2,2,2,2,2,
2,2,2,2,2,2,2,2,2,2,2,2,2,2,2,2,2,2,2,2,2,2,2,2,2,2,2,2,2,2,2,2,2,2,2,2,
2,2,2,2,2,2,2,2,2,2,2,2,2,2,2,2,2,2,2,2,2,2,2,2,2,2,2,2,2,2,2,2,2,2,2,2,
2,2,2,3),(0.030273084966274,1.),(0.,0.00925925925925926,0.0185185185185185,
0.0277777777777778,0.037037037037037,0.0462962962962963,0.0555555555555556,
0.0648148148148148,0.0740740740740741,0.0833333333333333,0.0925925925925926,
0.101851851851852,0.111111111111111,0.12037037037037,0.12962962962963,0.138888888888889,
0.148148148148148,0.157407407407407,0.166666666666667,0.175925925925926,
0.185185185185185,0.194444444444445,0.203703703703703,0.212962962962963,
0.222222222222222,0.231481481481481,0.240740740740741,0.25,0.25925925925926,
0.268518518518518,0.277777777777778,0.287037037037037,0.296296296296297,
0.305555555555555,0.314814814814815,0.324074074074074,0.333333333333334,
0.342592592592592,0.351851851851852,0.361111111111111,0.370370370370371,
0.37962962962963,0.388888888888889,0.398148148148148,0.407407407407407,
0.416666666666667,0.425925925925926,0.435185185185185,0.444444444444444,
0.453703703703704,0.462962962962963,0.472222222222222,0.481481481481482,
0.490740740740741,0.5,0.509259259259259,0.518518518518519,0.527777777777778,
0.537037037037037,0.546296296296296,0.555555555555556,0.564814814814815,
0.574074074074074,0.583333333333333,0.592592592592593,0.601851851851852,
0.611111111111111,0.62037037037037,0.62962962962963,0.638888888888889,0.648148148148148,
0.657407407407407,0.666666666666667,0.675925925925926,0.685185185185185,
0.694444444444444,0.703703703703704,0.712962962962963,0.722222222222222,
0.731481481481482,0.740740740740741,0.75,0.759259259259259,0.768518518518519,
0.777777777777778,0.787037037037037,0.796296296296296,0.805555555555556,
0.814814814814815,0.824074074074074,0.833333333333333,0.842592592592593,
0.851851851851852,0.858479739631258),.PIECEWISE_BEZIER_KNOTS.)
GEOMETRIC_REPRESENTATION_ITEM()
RATIONAL_B_SPLINE_SURFACE(((1.,0.866025403784439,1.,0.866025403784439,1.,
0.866025403784439,1.,0.866025403784439,1.,0.866025403784439,1.,0.866025403784439,
1.,0.866025403784439,1.,0.866025403784439,1.,0.866025403784439,1.,0.866025403784439,
1.,0.866025403784439,1.,0.866025403784439,1.,0.866025403784439,1.,0.866025403784439,
1.,0.866025403784439,1.,0.866025403784439,1.,0.866025403784439,1.,0.866025403784439,
1.,0.866025403784439,1.,0.866025403784439,1.,0.866025403784439,1.,0.866025403784439,
1.,0.866025403784439,1.,0.866025403784439,1.,0.866025403784439,1.,0.866025403784439,
1.,0.866025403784439,1.,0.866025403784439,1.,0.866025403784439,1.,0.866025403784439,
1.,0.866025403784439,1.,0.866025403784439,1.,0.866025403784439,1.,0.866025403784439,
1.,0.866025403784439,1.,0.866025403784439,1.,0.866025403784439,1.,0.866025403784439,
1.,0.866025403784439,1.,0.866025403784439,1.,0.866025403784439,1.,0.866025403784439,
1.,0.866025403784439,1.,0.866025403784439,1.,0.866025403784439,1.,0.866025403784439,
1.,0.866025403784439,1.,0.866025403784439,1.,0.866025403784439,1.,0.866025403784439,
1.,0.866025403784439,1.,0.866025403784439,1.,0.866025403784439,1.,0.866025403784439,
1.,0.866025403784439,1.,0.866025403784439,1.,0.866025403784439,1.,0.866025403784439,
1.,0.866025403784439,1.,0.866025403784439,1.,0.866025403784439,1.,0.866025403784439,
1.,0.866025403784439,1.,0.866025403784439,1.,0.866025403784439,1.,0.866025403784439,
1.,0.866025403784439,1.,0.866025403784439,1.,0.866025403784439,1.,0.866025403784439,
1.,0.866025403784439,1.,0.866025403784439,1.,0.866025403784439,1.,0.866025403784439,
1.,0.866025403784439,1.,0.866025403784439,1.,0.866025403784439,1.,0.866025403784439,
1.,0.866025403784439,1.,0.866025403784439,1.,0.866025403784439,1.,0.866025403784439,
1.,0.866025403784439,1.,0.866025403784439,1.,0.866025403784439,1.,0.866025403784439,
1.,0.866025403784439,1.,0.866025403784439,1.,0.866025403784439,1.,0.866025403784439,
1.,0.866025403784439,1.,0.866025403784439,1.,0.90409939238714,0.945492373265014),
(1.,0.866025403784439,1.,0.866025403784439,1.,0.866025403784439,1.,0.866025403784439,
1.,0.866025403784439,1.,0.866025403784439,1.,0.866025403784439,1.,0.866025403784439,
1.,0.866025403784439,1.,0.866025403784439,1.,0.866025403784439,1.,0.866025403784439,
1.,0.866025403784439,1.,0.866025403784439,1.,0.866025403784439,1.,0.866025403784439,
1.,0.866025403784439,1.,0.866025403784439,1.,0.866025403784439,1.,0.866025403784439,
1.,0.866025403784439,1.,0.866025403784439,1.,0.866025403784439,1.,0.866025403784439,
1.,0.866025403784439,1.,0.866025403784439,1.,0.866025403784439,1.,0.866025403784439,
1.,0.866025403784439,1.,0.866025403784439,1.,0.866025403784439,1.,0.866025403784439,
1.,0.866025403784439,1.,0.866025403784439,1.,0.866025403784439,1.,0.866025403784439,
1.,0.866025403784439,1.,0.866025403784439,1.,0.866025403784439,1.,0.866025403784439,
1.,0.866025403784439,1.,0.866025403784439,1.,0.866025403784439,1.,0.866025403784439,
1.,0.866025403784439,1.,0.866025403784439,1.,0.866025403784439,1.,0.866025403784439,
1.,0.866025403784439,1.,0.866025403784439,1.,0.866025403784439,1.,0.866025403784439,
1.,0.866025403784439,1.,0.866025403784439,1.,0.866025403784439,1.,0.866025403784439,
1.,0.866025403784439,1.,0.866025403784439,1.,0.866025403784439,1.,0.866025403784439,
1.,0.866025403784439,1.,0.866025403784439,1.,0.866025403784439,1.,0.866025403784439,
1.,0.866025403784439,1.,0.866025403784439,1.,0.866025403784439,1.,0.866025403784439,
1.,0.866025403784439,1.,0.866025403784439,1.,0.866025403784439,1.,0.866025403784439,
1.,0.866025403784439,1.,0.866025403784439,1.,0.866025403784439,1.,0.866025403784439,
1.,0.866025403784439,1.,0.866025403784439,1.,0.866025403784439,1.,0.866025403784439,
1.,0.866025403784439,1.,0.866025403784439,1.,0.866025403784439,1.,0.866025403784439,
1.,0.866025403784439,1.,0.866025403784439,1.,0.866025403784439,1.,0.866025403784439,
1.,0.866025403784439,1.,0.866025403784439,1.,0.866025403784439,1.,0.866025403784439,
1.,0.90409939238714,0.945492373265014)))
REPRESENTATION_ITEM('')
SURFACE()
);
#13=(
BOUNDED_SURFACE()
B_SPLINE_SURFACE(1,2,((#4584,#4585,#4586,#4587,#4588,#4589,#4590,#4591,
#4592,#4593,#4594,#4595,#4596,#4597,#4598,#4599,#4600,#4601,#4602,#4603,
#4604,#4605,#4606,#4607,#4608,#4609,#4610,#4611,#4612,#4613,#4614,#4615,
#4616,#4617,#4618,#4619,#4620,#4621,#4622,#4623,#4624,#4625,#4626,#4627,
#4628,#4629,#4630,#4631,#4632,#4633,#4634,#4635,#4636,#4637,#4638,#4639,
#4640,#4641,#4642,#4643,#4644,#4645,#4646,#4647,#4648,#4649,#4650,#4651,
#4652,#4653,#4654,#4655,#4656,#4657,#4658,#4659,#4660,#4661,#4662,#4663,
#4664,#4665,#4666,#4667,#4668,#4669,#4670,#4671,#4672,#4673,#4674,#4675,
#4676,#4677,#4678,#4679,#4680,#4681,#4682,#4683,#4684,#4685,#4686,#4687,
#4688,#4689,#4690,#4691,#4692,#4693,#4694,#4695,#4696,#4697,#4698,#4699,
#4700,#4701,#4702,#4703,#4704,#4705,#4706,#4707,#4708,#4709,#4710,#4711,
#4712,#4713,#4714,#4715,#4716,#4717,#4718,#4719,#4720,#4721,#4722,#4723,
#4724,#4725,#4726,#4727,#4728,#4729,#4730,#4731,#4732,#4733,#4734,#4735,
#4736,#4737,#4738,#4739,#4740,#4741,#4742,#4743,#4744,#4745,#4746,#4747,
#4748,#4749,#4750,#4751,#4752,#4753,#4754,#4755,#4756,#4757,#4758,#4759,
#4760,#4761,#4762,#4763,#4764,#4765,#4766),(#4767,#4768,#4769,#4770,#4771,
#4772,#4773,#4774,#4775,#4776,#4777,#4778,#4779,#4780,#4781,#4782,#4783,
#4784,#4785,#4786,#4787,#4788,#4789,#4790,#4791,#4792,#4793,#4794,#4795,
#4796,#4797,#4798,#4799,#4800,#4801,#4802,#4803,#4804,#4805,#4806,#4807,
#4808,#4809,#4810,#4811,#4812,#4813,#4814,#4815,#4816,#4817,#4818,#4819,
#4820,#4821,#4822,#4823,#4824,#4825,#4826,#4827,#4828,#4829,#4830,#4831,
#4832,#4833,#4834,#4835,#4836,#4837,#4838,#4839,#4840,#4841,#4842,#4843,
#4844,#4845,#4846,#4847,#4848,#4849,#4850,#4851,#4852,#4853,#4854,#4855,
#4856,#4857,#4858,#4859,#4860,#4861,#4862,#4863,#4864,#4865,#4866,#4867,
#4868,#4869,#4870,#4871,#4872,#4873,#4874,#4875,#4876,#4877,#4878,#4879,
#4880,#4881,#4882,#4883,#4884,#4885,#4886,#4887,#4888,#4889,#4890,#4891,
#4892,#4893,#4894,#4895,#4896,#4897,#4898,#4899,#4900,#4901,#4902,#4903,
#4904,#4905,#4906,#4907,#4908,#4909,#4910,#4911,#4912,#4913,#4914,#4915,
#4916,#4917,#4918,#4919,#4920,#4921,#4922,#4923,#4924,#4925,#4926,#4927,
#4928,#4929,#4930,#4931,#4932,#4933,#4934,#4935,#4936,#4937,#4938,#4939,
#4940,#4941,#4942,#4943,#4944,#4945,#4946,#4947,#4948,#4949)),
 .UNSPECIFIED.,.F.,.F.,.F.)
B_SPLINE_SURFACE_WITH_KNOTS((2,2),(3,2,2,2,2,2,2,2,2,2,2,2,2,2,2,2,2,2,
2,2,2,2,2,2,2,2,2,2,2,2,2,2,2,2,2,2,2,2,2,2,2,2,2,2,2,2,2,2,2,2,2,2,2,2,
2,2,2,2,2,2,2,2,2,2,2,2,2,2,2,2,2,2,2,2,2,2,2,2,2,2,2,2,2,2,2,2,2,2,2,2,
2,3),(0.,0.969726915033375),(0.,0.00925925925925926,0.0185185185185185,
0.0277777777777778,0.037037037037037,0.0462962962962963,0.0555555555555556,
0.0648148148148148,0.0740740740740741,0.0833333333333333,0.0925925925925926,
0.101851851851852,0.111111111111111,0.12037037037037,0.12962962962963,0.138888888888889,
0.148148148148148,0.157407407407407,0.166666666666667,0.175925925925926,
0.185185185185185,0.194444444444445,0.203703703703703,0.212962962962963,
0.222222222222222,0.231481481481481,0.240740740740741,0.25,0.25925925925926,
0.268518518518518,0.277777777777778,0.287037037037037,0.296296296296297,
0.305555555555555,0.314814814814815,0.324074074074074,0.333333333333334,
0.342592592592592,0.351851851851852,0.361111111111111,0.370370370370371,
0.37962962962963,0.388888888888889,0.398148148148148,0.407407407407407,
0.416666666666667,0.425925925925926,0.435185185185185,0.444444444444444,
0.453703703703704,0.462962962962963,0.472222222222222,0.481481481481482,
0.490740740740741,0.5,0.509259259259259,0.518518518518519,0.527777777777778,
0.537037037037037,0.546296296296296,0.555555555555556,0.564814814814815,
0.574074074074074,0.583333333333333,0.592592592592593,0.601851851851852,
0.611111111111111,0.62037037037037,0.62962962962963,0.638888888888889,0.648148148148148,
0.657407407407407,0.666666666666667,0.675925925925926,0.685185185185185,
0.694444444444444,0.703703703703704,0.712962962962963,0.722222222222222,
0.731481481481482,0.740740740740741,0.75,0.759259259259259,0.768518518518519,
0.777777777777778,0.787037037037037,0.796296296296296,0.805555555555556,
0.814814814814815,0.824074074074074,0.833333333333333,0.842479473839381),
 .PIECEWISE_BEZIER_KNOTS.)
GEOMETRIC_REPRESENTATION_ITEM()
RATIONAL_B_SPLINE_SURFACE(((1.,0.866025403784439,1.,0.866025403784439,1.,
0.866025403784439,1.,0.866025403784439,1.,0.866025403784439,1.,0.866025403784439,
1.,0.866025403784439,1.,0.866025403784439,1.,0.866025403784439,1.,0.866025403784439,
1.,0.866025403784439,1.,0.866025403784439,1.,0.866025403784439,1.,0.866025403784439,
1.,0.866025403784439,1.,0.866025403784439,1.,0.866025403784439,1.,0.866025403784439,
1.,0.866025403784439,1.,0.866025403784439,1.,0.866025403784439,1.,0.866025403784439,
1.,0.866025403784439,1.,0.866025403784439,1.,0.866025403784439,1.,0.866025403784439,
1.,0.866025403784439,1.,0.866025403784439,1.,0.866025403784439,1.,0.866025403784439,
1.,0.866025403784439,1.,0.866025403784439,1.,0.866025403784439,1.,0.866025403784439,
1.,0.866025403784439,1.,0.866025403784439,1.,0.866025403784439,1.,0.866025403784439,
1.,0.866025403784439,1.,0.866025403784439,1.,0.866025403784439,1.,0.866025403784439,
1.,0.866025403784439,1.,0.866025403784439,1.,0.866025403784439,1.,0.866025403784439,
1.,0.866025403784439,1.,0.866025403784439,1.,0.866025403784439,1.,0.866025403784439,
1.,0.866025403784439,1.,0.866025403784439,1.,0.866025403784439,1.,0.866025403784439,
1.,0.866025403784439,1.,0.866025403784439,1.,0.866025403784439,1.,0.866025403784439,
1.,0.866025403784439,1.,0.866025403784439,1.,0.866025403784439,1.,0.866025403784439,
1.,0.866025403784439,1.,0.866025403784439,1.,0.866025403784439,1.,0.866025403784439,
1.,0.866025403784439,1.,0.866025403784439,1.,0.866025403784439,1.,0.866025403784439,
1.,0.866025403784439,1.,0.866025403784439,1.,0.866025403784439,1.,0.866025403784439,
1.,0.866025403784439,1.,0.866025403784439,1.,0.866025403784439,1.,0.866025403784439,
1.,0.866025403784439,1.,0.866025403784439,1.,0.866025403784439,1.,0.866025403784439,
1.,0.866025403784439,1.,0.866025403784439,1.,0.866025403784439,1.,0.866025403784439,
1.,0.866025403784439,1.,0.866025403784439,1.,0.866025403784439,1.,0.866025403784439,
1.,0.867662148027318,0.996766503151347),(1.,0.866025403784439,1.,0.866025403784439,
1.,0.866025403784439,1.,0.866025403784439,1.,0.866025403784439,1.,0.866025403784439,
1.,0.866025403784439,1.,0.866025403784439,1.,0.866025403784439,1.,0.866025403784439,
1.,0.866025403784439,1.,0.866025403784439,1.,0.866025403784439,1.,0.866025403784439,
1.,0.866025403784439,1.,0.866025403784439,1.,0.866025403784439,1.,0.866025403784439,
1.,0.866025403784439,1.,0.866025403784439,1.,0.866025403784439,1.,0.866025403784439,
1.,0.866025403784439,1.,0.866025403784439,1.,0.866025403784439,1.,0.866025403784439,
1.,0.866025403784439,1.,0.866025403784439,1.,0.866025403784439,1.,0.866025403784439,
1.,0.866025403784439,1.,0.866025403784439,1.,0.866025403784439,1.,0.866025403784439,
1.,0.866025403784439,1.,0.866025403784439,1.,0.866025403784439,1.,0.866025403784439,
1.,0.866025403784439,1.,0.866025403784439,1.,0.866025403784439,1.,0.866025403784439,
1.,0.866025403784439,1.,0.866025403784439,1.,0.866025403784439,1.,0.866025403784439,
1.,0.866025403784439,1.,0.866025403784439,1.,0.866025403784439,1.,0.866025403784439,
1.,0.866025403784439,1.,0.866025403784439,1.,0.866025403784439,1.,0.866025403784439,
1.,0.866025403784439,1.,0.866025403784439,1.,0.866025403784439,1.,0.866025403784439,
1.,0.866025403784439,1.,0.866025403784439,1.,0.866025403784439,1.,0.866025403784439,
1.,0.866025403784439,1.,0.866025403784439,1.,0.866025403784439,1.,0.866025403784439,
1.,0.866025403784439,1.,0.866025403784439,1.,0.866025403784439,1.,0.866025403784439,
1.,0.866025403784439,1.,0.866025403784439,1.,0.866025403784439,1.,0.866025403784439,
1.,0.866025403784439,1.,0.866025403784439,1.,0.866025403784439,1.,0.866025403784439,
1.,0.866025403784439,1.,0.866025403784439,1.,0.866025403784439,1.,0.866025403784439,
1.,0.866025403784439,1.,0.866025403784439,1.,0.866025403784439,1.,0.866025403784439,
1.,0.866025403784439,1.,0.866025403784439,1.,0.866025403784439,1.,0.866025403784439,
1.,0.867662148027318,0.996766503151347)))
REPRESENTATION_ITEM('')
SURFACE()
);
#14=B_SPLINE_CURVE_WITH_KNOTS('',3,(#3957,#3958,#3959,#3960),
 .UNSPECIFIED.,.F.,.F.,(4,4),(4.44522890719057E-18,0.000296635692439764),
 .UNSPECIFIED.);
#15=B_SPLINE_CURVE_WITH_KNOTS('',3,(#3964,#3965,#3966,#3967,#3968,#3969,
#3970,#3971,#3972,#3973),.UNSPECIFIED.,.F.,.F.,(4,1,1,1,1,1,1,4),(8.67361737988404E-19,
0.0019785973180406,0.0029678959770609,0.00395719463608121,0.00494649329510151,
0.00593579195412181,0.00692509061314211,0.00791438927216241),
 .UNSPECIFIED.);
#16=B_SPLINE_CURVE_WITH_KNOTS('',3,(#3975,#3976,#3977,#3978,#3979,#3980,
#3981),.UNSPECIFIED.,.F.,.F.,(4,1,1,1,4),(3.69647755761594E-17,0.00197546432247898,
0.00395092864495793,0.00592639296743688,0.00790185728991583),
 .UNSPECIFIED.);
#17=B_SPLINE_CURVE_WITH_KNOTS('',3,(#3983,#3984,#3985,#3986,#3987),
 .UNSPECIFIED.,.F.,.F.,(4,1,4),(0.00168609562104629,0.00337023989698004,
0.0050543841729138),.UNSPECIFIED.);
#18=CONICAL_SURFACE('',#2294,0.00218804985478466,1.28723808677433);
#19=CONICAL_SURFACE('',#2295,0.00139365774564034,1.28723808677434);
#20=(
BOUNDED_CURVE()
B_SPLINE_CURVE(2,(#3514,#3515,#3516,#3517,#3518,#3519,#3520,#3521,#3522,
#3523,#3524,#3525,#3526,#3527,#3528,#3529,#3530,#3531,#3532,#3533,#3534,
#3535,#3536,#3537,#3538,#3539,#3540,#3541,#3542,#3543,#3544,#3545,#3546,
#3547,#3548,#3549,#3550,#3551,#3552,#3553,#3554,#3555,#3556,#3557,#3558,
#3559,#3560,#3561,#3562,#3563,#3564,#3565,#3566,#3567,#3568,#3569,#3570,
#3571,#3572,#3573,#3574,#3575,#3576,#3577,#3578,#3579,#3580,#3581,#3582,
#3583,#3584,#3585,#3586,#3587,#3588,#3589,#3590,#3591,#3592,#3593,#3594,
#3595,#3596,#3597,#3598,#3599,#3600,#3601,#3602,#3603,#3604,#3605,#3606,
#3607,#3608,#3609,#3610,#3611,#3612,#3613,#3614,#3615,#3616,#3617,#3618,
#3619,#3620,#3621,#3622,#3623,#3624,#3625,#3626,#3627,#3628,#3629,#3630,
#3631,#3632,#3633,#3634,#3635,#3636,#3637,#3638,#3639,#3640,#3641,#3642,
#3643,#3644,#3645,#3646,#3647,#3648,#3649,#3650,#3651,#3652,#3653,#3654,
#3655,#3656,#3657,#3658,#3659,#3660,#3661,#3662,#3663,#3664,#3665,#3666,
#3667,#3668,#3669,#3670,#3671,#3672,#3673,#3674,#3675,#3676,#3677,#3678,
#3679,#3680,#3681,#3682,#3683,#3684,#3685,#3686,#3687,#3688,#3689,#3690,
#3691,#3692,#3693,#3694,#3695,#3696,#3697,#3698,#3699,#3700,#3701,#3702,
#3703,#3704,#3705,#3706,#3707,#3708,#3709,#3710,#3711,#3712,#3713,#3714,
#3715,#3716,#3717,#3718,#3719,#3720,#3721,#3722,#3723,#3724,#3725,#3726,
#3727,#3728,#3729,#3730),.UNSPECIFIED.,.F.,.F.)
B_SPLINE_CURVE_WITH_KNOTS((3,2,2,2,2,2,2,2,2,2,2,2,2,2,2,2,2,2,2,2,2,2,
2,2,2,2,2,2,2,2,2,2,2,2,2,2,2,2,2,2,2,2,2,2,2,2,2,2,2,2,2,2,2,2,2,2,2,2,
2,2,2,2,2,2,2,2,2,2,2,2,2,2,2,2,2,2,2,2,2,2,2,2,2,2,2,2,2,2,2,2,2,2,2,2,
2,2,2,2,2,2,2,2,2,2,2,2,2,2,3),(0.,0.00925925925925926,0.0185185185185185,
0.0277777777777778,0.037037037037037,0.0462962962962963,0.0555555555555556,
0.0648148148148148,0.0740740740740741,0.0833333333333333,0.0925925925925926,
0.101851851851852,0.111111111111111,0.12037037037037,0.12962962962963,0.138888888888889,
0.148148148148148,0.157407407407407,0.166666666666667,0.175925925925926,
0.185185185185185,0.194444444444445,0.203703703703703,0.212962962962963,
0.222222222222222,0.231481481481481,0.240740740740741,0.25,0.25925925925926,
0.268518518518518,0.277777777777778,0.287037037037037,0.296296296296297,
0.305555555555555,0.314814814814815,0.324074074074074,0.333333333333334,
0.342592592592592,0.351851851851852,0.361111111111111,0.370370370370371,
0.37962962962963,0.388888888888889,0.398148148148148,0.407407407407407,
0.416666666666667,0.425925925925926,0.435185185185185,0.444444444444444,
0.453703703703704,0.462962962962963,0.472222222222222,0.481481481481482,
0.490740740740741,0.5,0.509259259259259,0.518518518518519,0.527777777777778,
0.537037037037037,0.546296296296296,0.555555555555556,0.564814814814815,
0.574074074074074,0.583333333333333,0.592592592592593,0.601851851851852,
0.611111111111111,0.62037037037037,0.62962962962963,0.638888888888889,0.648148148148148,
0.657407407407407,0.666666666666667,0.675925925925926,0.685185185185185,
0.694444444444444,0.703703703703704,0.712962962962963,0.722222222222222,
0.731481481481482,0.740740740740741,0.75,0.759259259259259,0.768518518518519,
0.777777777777778,0.787037037037037,0.796296296296296,0.805555555555556,
0.814814814814815,0.824074074074074,0.833333333333333,0.842592592592593,
0.851851851851852,0.861111111111111,0.87037037037037,0.87962962962963,0.888888888888889,
0.898148148148148,0.907407407407407,0.916666666666667,0.925925925925926,
0.935185185185185,0.944444444444444,0.953703703703704,0.962962962962963,
0.972222222222222,0.981481481481482,0.990740740740741,1.),
 .PIECEWISE_BEZIER_KNOTS.)
CURVE()
GEOMETRIC_REPRESENTATION_ITEM()
RATIONAL_B_SPLINE_CURVE((1.,0.866025403784439,1.,0.866025403784439,1.,0.866025403784439,
1.,0.866025403784439,1.,0.866025403784439,1.,0.866025403784439,1.,0.866025403784439,
1.,0.866025403784439,1.,0.866025403784439,1.,0.866025403784439,1.,0.866025403784439,
1.,0.866025403784439,1.,0.866025403784439,1.,0.866025403784439,1.,0.866025403784439,
1.,0.866025403784439,1.,0.866025403784439,1.,0.866025403784439,1.,0.866025403784439,
1.,0.866025403784439,1.,0.866025403784439,1.,0.866025403784439,1.,0.866025403784439,
1.,0.866025403784439,1.,0.866025403784439,1.,0.866025403784439,1.,0.866025403784439,
1.,0.866025403784439,1.,0.866025403784439,1.,0.866025403784439,1.,0.866025403784439,
1.,0.866025403784439,1.,0.866025403784439,1.,0.866025403784439,1.,0.866025403784439,
1.,0.866025403784439,1.,0.866025403784439,1.,0.866025403784439,1.,0.866025403784439,
1.,0.866025403784439,1.,0.866025403784439,1.,0.866025403784439,1.,0.866025403784439,
1.,0.866025403784439,1.,0.866025403784439,1.,0.866025403784439,1.,0.866025403784439,
1.,0.866025403784439,1.,0.866025403784439,1.,0.866025403784439,1.,0.866025403784439,
1.,0.866025403784439,1.,0.866025403784439,1.,0.866025403784439,1.,0.866025403784439,
1.,0.866025403784439,1.,0.866025403784439,1.,0.866025403784439,1.,0.866025403784439,
1.,0.866025403784439,1.,0.866025403784439,1.,0.866025403784439,1.,0.866025403784439,
1.,0.866025403784439,1.,0.866025403784439,1.,0.866025403784439,1.,0.866025403784439,
1.,0.866025403784439,1.,0.866025403784439,1.,0.866025403784439,1.,0.866025403784439,
1.,0.866025403784439,1.,0.866025403784439,1.,0.866025403784439,1.,0.866025403784439,
1.,0.866025403784439,1.,0.866025403784439,1.,0.866025403784439,1.,0.866025403784439,
1.,0.866025403784439,1.,0.866025403784439,1.,0.866025403784439,1.,0.866025403784439,
1.,0.866025403784439,1.,0.866025403784439,1.,0.866025403784439,1.,0.866025403784439,
1.,0.866025403784439,1.,0.866025403784439,1.,0.866025403784439,1.,0.866025403784439,
1.,0.866025403784439,1.,0.866025403784439,1.,0.866025403784439,1.,0.866025403784439,
1.,0.866025403784439,1.,0.866025403784439,1.,0.866025403784439,1.,0.866025403784439,
1.,0.866025403784439,1.,0.866025403784439,1.,0.866025403784439,1.,0.866025403784439,
1.,0.866025403784439,1.,0.866025403784439,1.,0.866025403784439,1.,0.866025403784439,
1.,0.866025403784439,1.))
REPRESENTATION_ITEM('')
);
#21=(
BOUNDED_CURVE()
B_SPLINE_CURVE(2,(#3737,#3738,#3739,#3740,#3741,#3742,#3743,#3744,#3745,
#3746,#3747,#3748,#3749,#3750,#3751,#3752,#3753,#3754,#3755,#3756,#3757,
#3758,#3759,#3760,#3761,#3762,#3763,#3764,#3765,#3766,#3767,#3768,#3769,
#3770,#3771,#3772,#3773,#3774,#3775,#3776,#3777,#3778,#3779,#3780,#3781,
#3782,#3783,#3784,#3785,#3786,#3787,#3788,#3789,#3790,#3791,#3792,#3793,
#3794,#3795,#3796,#3797,#3798,#3799,#3800,#3801,#3802,#3803,#3804,#3805,
#3806,#3807,#3808,#3809,#3810,#3811,#3812,#3813,#3814,#3815,#3816,#3817,
#3818,#3819,#3820,#3821,#3822,#3823,#3824,#3825,#3826,#3827,#3828,#3829,
#3830,#3831,#3832,#3833,#3834,#3835,#3836,#3837,#3838,#3839,#3840,#3841,
#3842,#3843,#3844,#3845,#3846,#3847,#3848,#3849,#3850,#3851,#3852,#3853,
#3854,#3855,#3856,#3857,#3858,#3859,#3860,#3861,#3862,#3863,#3864,#3865,
#3866,#3867,#3868,#3869,#3870,#3871,#3872,#3873,#3874,#3875,#3876,#3877,
#3878,#3879,#3880,#3881,#3882,#3883,#3884,#3885,#3886,#3887,#3888,#3889,
#3890,#3891,#3892,#3893,#3894,#3895,#3896,#3897,#3898,#3899,#3900,#3901,
#3902,#3903,#3904,#3905,#3906,#3907,#3908,#3909,#3910,#3911,#3912,#3913,
#3914,#3915,#3916,#3917,#3918,#3919,#3920,#3921,#3922,#3923,#3924,#3925,
#3926,#3927,#3928,#3929,#3930,#3931,#3932,#3933,#3934,#3935,#3936,#3937,
#3938,#3939,#3940,#3941,#3942,#3943,#3944,#3945,#3946,#3947,#3948,#3949,
#3950,#3951,#3952,#3953),.UNSPECIFIED.,.F.,.F.)
B_SPLINE_CURVE_WITH_KNOTS((3,2,2,2,2,2,2,2,2,2,2,2,2,2,2,2,2,2,2,2,2,2,
2,2,2,2,2,2,2,2,2,2,2,2,2,2,2,2,2,2,2,2,2,2,2,2,2,2,2,2,2,2,2,2,2,2,2,2,
2,2,2,2,2,2,2,2,2,2,2,2,2,2,2,2,2,2,2,2,2,2,2,2,2,2,2,2,2,2,2,2,2,2,2,2,
2,2,2,2,2,2,2,2,2,2,2,2,2,2,3),(0.,0.00925925925925926,0.0185185185185185,
0.0277777777777778,0.037037037037037,0.0462962962962963,0.0555555555555556,
0.0648148148148148,0.0740740740740741,0.0833333333333333,0.0925925925925926,
0.101851851851852,0.111111111111111,0.12037037037037,0.12962962962963,0.138888888888889,
0.148148148148148,0.157407407407407,0.166666666666667,0.175925925925926,
0.185185185185185,0.194444444444445,0.203703703703703,0.212962962962963,
0.222222222222222,0.231481481481481,0.240740740740741,0.25,0.25925925925926,
0.268518518518518,0.277777777777778,0.287037037037037,0.296296296296297,
0.305555555555555,0.314814814814815,0.324074074074074,0.333333333333334,
0.342592592592592,0.351851851851852,0.361111111111111,0.370370370370371,
0.37962962962963,0.388888888888889,0.398148148148148,0.407407407407407,
0.416666666666667,0.425925925925926,0.435185185185185,0.444444444444444,
0.453703703703704,0.462962962962963,0.472222222222222,0.481481481481482,
0.490740740740741,0.5,0.509259259259259,0.518518518518519,0.527777777777778,
0.537037037037037,0.546296296296296,0.555555555555556,0.564814814814815,
0.574074074074074,0.583333333333333,0.592592592592593,0.601851851851852,
0.611111111111111,0.62037037037037,0.62962962962963,0.638888888888889,0.648148148148148,
0.657407407407407,0.666666666666667,0.675925925925926,0.685185185185185,
0.694444444444444,0.703703703703704,0.712962962962963,0.722222222222222,
0.731481481481482,0.740740740740741,0.75,0.759259259259259,0.768518518518519,
0.777777777777778,0.787037037037037,0.796296296296296,0.805555555555556,
0.814814814814815,0.824074074074074,0.833333333333333,0.842592592592593,
0.851851851851852,0.861111111111111,0.87037037037037,0.87962962962963,0.888888888888889,
0.898148148148148,0.907407407407407,0.916666666666667,0.925925925925926,
0.935185185185185,0.944444444444444,0.953703703703704,0.962962962962963,
0.972222222222222,0.981481481481482,0.990740740740741,1.),
 .PIECEWISE_BEZIER_KNOTS.)
CURVE()
GEOMETRIC_REPRESENTATION_ITEM()
RATIONAL_B_SPLINE_CURVE((1.,0.866025403784439,1.,0.866025403784439,1.,0.866025403784439,
1.,0.866025403784439,1.,0.866025403784439,1.,0.866025403784439,1.,0.866025403784439,
1.,0.866025403784439,1.,0.866025403784439,1.,0.866025403784439,1.,0.866025403784439,
1.,0.866025403784439,1.,0.866025403784439,1.,0.866025403784439,1.,0.866025403784439,
1.,0.866025403784439,1.,0.866025403784439,1.,0.866025403784439,1.,0.866025403784439,
1.,0.866025403784439,1.,0.866025403784439,1.,0.866025403784439,1.,0.866025403784439,
1.,0.866025403784439,1.,0.866025403784439,1.,0.866025403784439,1.,0.866025403784439,
1.,0.866025403784439,1.,0.866025403784439,1.,0.866025403784439,1.,0.866025403784439,
1.,0.866025403784439,1.,0.866025403784439,1.,0.866025403784439,1.,0.866025403784439,
1.,0.866025403784439,1.,0.866025403784439,1.,0.866025403784439,1.,0.866025403784439,
1.,0.866025403784439,1.,0.866025403784439,1.,0.866025403784439,1.,0.866025403784439,
1.,0.866025403784439,1.,0.866025403784439,1.,0.866025403784439,1.,0.866025403784439,
1.,0.866025403784439,1.,0.866025403784439,1.,0.866025403784439,1.,0.866025403784439,
1.,0.866025403784439,1.,0.866025403784439,1.,0.866025403784439,1.,0.866025403784439,
1.,0.866025403784439,1.,0.866025403784439,1.,0.866025403784439,1.,0.866025403784439,
1.,0.866025403784439,1.,0.866025403784439,1.,0.866025403784439,1.,0.866025403784439,
1.,0.866025403784439,1.,0.866025403784439,1.,0.866025403784439,1.,0.866025403784439,
1.,0.866025403784439,1.,0.866025403784439,1.,0.866025403784439,1.,0.866025403784439,
1.,0.866025403784439,1.,0.866025403784439,1.,0.866025403784439,1.,0.866025403784439,
1.,0.866025403784439,1.,0.866025403784439,1.,0.866025403784439,1.,0.866025403784439,
1.,0.866025403784439,1.,0.866025403784439,1.,0.866025403784439,1.,0.866025403784439,
1.,0.866025403784439,1.,0.866025403784439,1.,0.866025403784439,1.,0.866025403784439,
1.,0.866025403784439,1.,0.866025403784439,1.,0.866025403784439,1.,0.866025403784439,
1.,0.866025403784439,1.,0.866025403784439,1.,0.866025403784439,1.,0.866025403784439,
1.,0.866025403784439,1.,0.866025403784439,1.,0.866025403784439,1.,0.866025403784439,
1.,0.866025403784439,1.,0.866025403784439,1.,0.866025403784439,1.,0.866025403784439,
1.,0.866025403784439,1.,0.866025403784439,1.,0.866025403784439,1.,0.866025403784439,
1.,0.866025403784439,1.))
REPRESENTATION_ITEM('')
);
#22=(
BOUNDED_CURVE()
B_SPLINE_CURVE(2,(#4367,#4368,#4369,#4370,#4371,#4372,#4373,#4374,#4375,
#4376,#4377,#4378,#4379,#4380,#4381,#4382,#4383,#4384,#4385,#4386,#4387,
#4388,#4389,#4390,#4391,#4392,#4393,#4394,#4395,#4396,#4397,#4398,#4399,
#4400,#4401,#4402,#4403,#4404,#4405,#4406,#4407,#4408,#4409,#4410,#4411,
#4412,#4413,#4414,#4415,#4416,#4417,#4418,#4419,#4420,#4421,#4422,#4423,
#4424,#4425,#4426,#4427,#4428,#4429,#4430,#4431,#4432,#4433,#4434,#4435,
#4436,#4437,#4438,#4439,#4440,#4441,#4442,#4443,#4444,#4445,#4446,#4447,
#4448,#4449,#4450,#4451,#4452,#4453,#4454,#4455,#4456,#4457,#4458,#4459,
#4460,#4461,#4462,#4463,#4464,#4465,#4466,#4467,#4468,#4469,#4470,#4471,
#4472,#4473,#4474,#4475,#4476,#4477,#4478,#4479,#4480,#4481,#4482,#4483,
#4484,#4485,#4486,#4487,#4488,#4489,#4490,#4491,#4492,#4493,#4494,#4495,
#4496,#4497,#4498,#4499,#4500,#4501,#4502,#4503,#4504,#4505,#4506,#4507,
#4508,#4509,#4510,#4511,#4512,#4513,#4514,#4515,#4516,#4517,#4518,#4519,
#4520,#4521,#4522,#4523,#4524,#4525,#4526,#4527,#4528,#4529,#4530,#4531,
#4532,#4533,#4534,#4535,#4536,#4537,#4538,#4539,#4540,#4541,#4542,#4543,
#4544,#4545,#4546,#4547,#4548,#4549,#4550,#4551,#4552,#4553,#4554,#4555,
#4556,#4557,#4558,#4559,#4560,#4561,#4562,#4563,#4564,#4565,#4566,#4567,
#4568,#4569,#4570,#4571,#4572,#4573,#4574,#4575,#4576,#4577,#4578,#4579,
#4580,#4581,#4582,#4583),.UNSPECIFIED.,.F.,.F.)
B_SPLINE_CURVE_WITH_KNOTS((3,2,2,2,2,2,2,2,2,2,2,2,2,2,2,2,2,2,2,2,2,2,
2,2,2,2,2,2,2,2,2,2,2,2,2,2,2,2,2,2,2,2,2,2,2,2,2,2,2,2,2,2,2,2,2,2,2,2,
2,2,2,2,2,2,2,2,2,2,2,2,2,2,2,2,2,2,2,2,2,2,2,2,2,2,2,2,2,2,2,2,2,2,2,2,
2,2,2,2,2,2,2,2,2,2,2,2,2,2,3),(0.,0.00925925925925926,0.0185185185185185,
0.0277777777777778,0.037037037037037,0.0462962962962963,0.0555555555555556,
0.0648148148148148,0.0740740740740741,0.0833333333333333,0.0925925925925926,
0.101851851851852,0.111111111111111,0.12037037037037,0.12962962962963,0.138888888888889,
0.148148148148148,0.157407407407407,0.166666666666667,0.175925925925926,
0.185185185185185,0.194444444444445,0.203703703703703,0.212962962962963,
0.222222222222222,0.231481481481481,0.240740740740741,0.25,0.25925925925926,
0.268518518518518,0.277777777777778,0.287037037037037,0.296296296296297,
0.305555555555555,0.314814814814815,0.324074074074074,0.333333333333334,
0.342592592592592,0.351851851851852,0.361111111111111,0.370370370370371,
0.37962962962963,0.388888888888889,0.398148148148148,0.407407407407407,
0.416666666666667,0.425925925925926,0.435185185185185,0.444444444444444,
0.453703703703704,0.462962962962963,0.472222222222222,0.481481481481482,
0.490740740740741,0.5,0.509259259259259,0.518518518518519,0.527777777777778,
0.537037037037037,0.546296296296296,0.555555555555556,0.564814814814815,
0.574074074074074,0.583333333333333,0.592592592592593,0.601851851851852,
0.611111111111111,0.62037037037037,0.62962962962963,0.638888888888889,0.648148148148148,
0.657407407407407,0.666666666666667,0.675925925925926,0.685185185185185,
0.694444444444444,0.703703703703704,0.712962962962963,0.722222222222222,
0.731481481481482,0.740740740740741,0.75,0.759259259259259,0.768518518518519,
0.777777777777778,0.787037037037037,0.796296296296296,0.805555555555556,
0.814814814814815,0.824074074074074,0.833333333333333,0.842592592592593,
0.851851851851852,0.861111111111111,0.87037037037037,0.87962962962963,0.888888888888889,
0.898148148148148,0.907407407407407,0.916666666666667,0.925925925925926,
0.935185185185185,0.944444444444444,0.953703703703704,0.962962962962963,
0.972222222222222,0.981481481481482,0.990740740740741,1.),.UNSPECIFIED.)
CURVE()
GEOMETRIC_REPRESENTATION_ITEM()
RATIONAL_B_SPLINE_CURVE((1.,0.866025403784439,1.,0.866025403784439,1.,0.866025403784439,
1.,0.866025403784439,1.,0.866025403784439,1.,0.866025403784439,1.,0.866025403784439,
1.,0.866025403784439,1.,0.866025403784439,1.,0.866025403784439,1.,0.866025403784439,
1.,0.866025403784439,1.,0.866025403784439,1.,0.866025403784439,1.,0.866025403784439,
1.,0.866025403784439,1.,0.866025403784439,1.,0.866025403784439,1.,0.866025403784439,
1.,0.866025403784439,1.,0.866025403784439,1.,0.866025403784439,1.,0.866025403784439,
1.,0.866025403784439,1.,0.866025403784439,1.,0.866025403784439,1.,0.866025403784439,
1.,0.866025403784439,1.,0.866025403784439,1.,0.866025403784439,1.,0.866025403784439,
1.,0.866025403784439,1.,0.866025403784439,1.,0.866025403784439,1.,0.866025403784439,
1.,0.866025403784439,1.,0.866025403784439,1.,0.866025403784439,1.,0.866025403784439,
1.,0.866025403784439,1.,0.866025403784439,1.,0.866025403784439,1.,0.866025403784439,
1.,0.866025403784439,1.,0.866025403784439,1.,0.866025403784439,1.,0.866025403784439,
1.,0.866025403784439,1.,0.866025403784439,1.,0.866025403784439,1.,0.866025403784439,
1.,0.866025403784439,1.,0.866025403784439,1.,0.866025403784439,1.,0.866025403784439,
1.,0.866025403784439,1.,0.866025403784439,1.,0.866025403784439,1.,0.866025403784439,
1.,0.866025403784439,1.,0.866025403784439,1.,0.866025403784439,1.,0.866025403784439,
1.,0.866025403784439,1.,0.866025403784439,1.,0.866025403784439,1.,0.866025403784439,
1.,0.866025403784439,1.,0.866025403784439,1.,0.866025403784439,1.,0.866025403784439,
1.,0.866025403784439,1.,0.866025403784439,1.,0.866025403784439,1.,0.866025403784439,
1.,0.866025403784439,1.,0.866025403784439,1.,0.866025403784439,1.,0.866025403784439,
1.,0.866025403784439,1.,0.866025403784439,1.,0.866025403784439,1.,0.866025403784439,
1.,0.866025403784439,1.,0.866025403784439,1.,0.866025403784439,1.,0.866025403784439,
1.,0.866025403784439,1.,0.866025403784439,1.,0.866025403784439,1.,0.866025403784439,
1.,0.866025403784439,1.,0.866025403784439,1.,0.866025403784439,1.,0.866025403784439,
1.,0.866025403784439,1.,0.866025403784439,1.,0.866025403784439,1.,0.866025403784439,
1.,0.866025403784439,1.,0.866025403784439,1.,0.866025403784439,1.,0.866025403784439,
1.,0.866025403784439,1.,0.866025403784439,1.,0.866025403784439,1.,0.866025403784439,
1.,0.866025403784439,1.))
REPRESENTATION_ITEM('')
);
#23=LINE('',#3478,#135);
#24=LINE('',#3482,#136);
#25=LINE('',#3484,#137);
#26=LINE('',#3486,#138);
#27=LINE('',#3488,#139);
#28=LINE('',#3492,#140);
#29=LINE('',#3498,#141);
#30=LINE('',#3500,#142);
#31=LINE('',#3502,#143);
#32=LINE('',#3735,#144);
#33=LINE('',#3963,#145);
#34=LINE('',#3992,#146);
#35=LINE('',#4951,#147);
#36=LINE('',#4953,#148);
#37=LINE('',#4957,#149);
#38=LINE('',#4961,#150);
#39=LINE('',#4967,#151);
#40=LINE('',#4969,#152);
#41=LINE('',#4971,#153);
#42=LINE('',#4975,#154);
#43=LINE('',#4979,#155);
#44=LINE('',#4985,#156);
#45=LINE('',#4987,#157);
#46=LINE('',#4991,#158);
#47=LINE('',#4995,#159);
#48=LINE('',#5001,#160);
#49=LINE('',#5003,#161);
#50=LINE('',#5007,#162);
#51=LINE('',#5011,#163);
#52=LINE('',#5017,#164);
#53=LINE('',#5019,#165);
#54=LINE('',#5023,#166);
#55=LINE('',#5027,#167);
#56=LINE('',#5033,#168);
#57=LINE('',#5035,#169);
#58=LINE('',#5039,#170);
#59=LINE('',#5043,#171);
#60=LINE('',#5049,#172);
#61=LINE('',#5051,#173);
#62=LINE('',#5055,#174);
#63=LINE('',#5059,#175);
#64=LINE('',#5065,#176);
#65=LINE('',#5067,#177);
#66=LINE('',#5071,#178);
#67=LINE('',#5075,#179);
#68=LINE('',#5081,#180);
#69=LINE('',#5083,#181);
#70=LINE('',#5087,#182);
#71=LINE('',#5091,#183);
#72=LINE('',#5097,#184);
#73=LINE('',#5099,#185);
#74=LINE('',#5103,#186);
#75=LINE('',#5107,#187);
#76=LINE('',#5113,#188);
#77=LINE('',#5115,#189);
#78=LINE('',#5119,#190);
#79=LINE('',#5123,#191);
#80=LINE('',#5129,#192);
#81=LINE('',#5131,#193);
#82=LINE('',#5135,#194);
#83=LINE('',#5139,#195);
#84=LINE('',#5145,#196);
#85=LINE('',#5147,#197);
#86=LINE('',#5151,#198);
#87=LINE('',#5155,#199);
#88=LINE('',#5161,#200);
#89=LINE('',#5163,#201);
#90=LINE('',#5167,#202);
#91=LINE('',#5171,#203);
#92=LINE('',#5177,#204);
#93=LINE('',#5179,#205);
#94=LINE('',#5183,#206);
#95=LINE('',#5187,#207);
#96=LINE('',#5193,#208);
#97=LINE('',#5195,#209);
#98=LINE('',#5199,#210);
#99=LINE('',#5203,#211);
#100=LINE('',#5209,#212);
#101=LINE('',#5211,#213);
#102=LINE('',#5215,#214);
#103=LINE('',#5219,#215);
#104=LINE('',#5225,#216);
#105=LINE('',#5227,#217);
#106=LINE('',#5231,#218);
#107=LINE('',#5235,#219);
#108=LINE('',#5241,#220);
#109=LINE('',#5243,#221);
#110=LINE('',#5247,#222);
#111=LINE('',#5251,#223);
#112=LINE('',#5257,#224);
#113=LINE('',#5259,#225);
#114=LINE('',#5263,#226);
#115=LINE('',#5267,#227);
#116=LINE('',#5273,#228);
#117=LINE('',#5275,#229);
#118=LINE('',#5279,#230);
#119=LINE('',#5283,#231);
#120=LINE('',#5289,#232);
#121=LINE('',#5291,#233);
#122=LINE('',#5295,#234);
#123=LINE('',#5299,#235);
#124=LINE('',#5305,#236);
#125=LINE('',#5307,#237);
#126=LINE('',#5311,#238);
#127=LINE('',#5315,#239);
#128=LINE('',#5321,#240);
#129=LINE('',#5323,#241);
#130=LINE('',#5327,#242);
#131=LINE('',#5331,#243);
#132=LINE('',#5337,#244);
#133=LINE('',#5341,#245);
#134=LINE('',#5345,#246);
#135=VECTOR('',#2710,1.);
#136=VECTOR('',#2713,1.);
#137=VECTOR('',#2716,1.);
#138=VECTOR('',#2717,1.);
#139=VECTOR('',#2718,1.);
#140=VECTOR('',#2723,1.);
#141=VECTOR('',#2730,1.);
#142=VECTOR('',#2731,1.);
#143=VECTOR('',#2732,1.);
#144=VECTOR('',#2753,1.);
#145=VECTOR('',#2758,1.);
#146=VECTOR('',#2767,1.);
#147=VECTOR('',#2770,1.);
#148=VECTOR('',#2771,1.);
#149=VECTOR('',#2776,1.);
#150=VECTOR('',#2781,1.);
#151=VECTOR('',#2788,1.);
#152=VECTOR('',#2791,1.);
#153=VECTOR('',#2792,1.);
#154=VECTOR('',#2797,1.);
#155=VECTOR('',#2802,1.);
#156=VECTOR('',#2811,1.);
#157=VECTOR('',#2812,1.);
#158=VECTOR('',#2817,1.);
#159=VECTOR('',#2822,1.);
#160=VECTOR('',#2831,1.);
#161=VECTOR('',#2832,1.);
#162=VECTOR('',#2837,1.);
#163=VECTOR('',#2842,1.);
#164=VECTOR('',#2851,1.);
#165=VECTOR('',#2852,1.);
#166=VECTOR('',#2857,1.);
#167=VECTOR('',#2862,1.);
#168=VECTOR('',#2871,1.);
#169=VECTOR('',#2872,1.);
#170=VECTOR('',#2877,1.);
#171=VECTOR('',#2882,1.);
#172=VECTOR('',#2891,1.);
#173=VECTOR('',#2892,1.);
#174=VECTOR('',#2897,1.);
#175=VECTOR('',#2902,1.);
#176=VECTOR('',#2911,1.);
#177=VECTOR('',#2912,1.);
#178=VECTOR('',#2917,1.);
#179=VECTOR('',#2922,1.);
#180=VECTOR('',#2931,1.);
#181=VECTOR('',#2932,1.);
#182=VECTOR('',#2937,1.);
#183=VECTOR('',#2942,1.);
#184=VECTOR('',#2951,1.);
#185=VECTOR('',#2952,1.);
#186=VECTOR('',#2957,1.);
#187=VECTOR('',#2962,1.);
#188=VECTOR('',#2971,1.);
#189=VECTOR('',#2972,1.);
#190=VECTOR('',#2977,1.);
#191=VECTOR('',#2982,1.);
#192=VECTOR('',#2991,1.);
#193=VECTOR('',#2992,1.);
#194=VECTOR('',#2997,1.);
#195=VECTOR('',#3002,1.);
#196=VECTOR('',#3011,1.);
#197=VECTOR('',#3012,1.);
#198=VECTOR('',#3017,1.);
#199=VECTOR('',#3022,1.);
#200=VECTOR('',#3031,1.);
#201=VECTOR('',#3032,1.);
#202=VECTOR('',#3037,1.);
#203=VECTOR('',#3042,1.);
#204=VECTOR('',#3051,1.);
#205=VECTOR('',#3052,1.);
#206=VECTOR('',#3057,1.);
#207=VECTOR('',#3062,1.);
#208=VECTOR('',#3071,1.);
#209=VECTOR('',#3072,1.);
#210=VECTOR('',#3077,1.);
#211=VECTOR('',#3082,1.);
#212=VECTOR('',#3091,1.);
#213=VECTOR('',#3092,1.);
#214=VECTOR('',#3097,1.);
#215=VECTOR('',#3102,1.);
#216=VECTOR('',#3111,1.);
#217=VECTOR('',#3112,1.);
#218=VECTOR('',#3117,1.);
#219=VECTOR('',#3122,1.);
#220=VECTOR('',#3131,1.);
#221=VECTOR('',#3132,1.);
#222=VECTOR('',#3137,1.);
#223=VECTOR('',#3142,1.);
#224=VECTOR('',#3151,1.);
#225=VECTOR('',#3152,1.);
#226=VECTOR('',#3157,1.);
#227=VECTOR('',#3162,1.);
#228=VECTOR('',#3171,1.);
#229=VECTOR('',#3172,1.);
#230=VECTOR('',#3177,1.);
#231=VECTOR('',#3182,1.);
#232=VECTOR('',#3191,1.);
#233=VECTOR('',#3192,1.);
#234=VECTOR('',#3197,1.);
#235=VECTOR('',#3202,1.);
#236=VECTOR('',#3211,1.);
#237=VECTOR('',#3212,1.);
#238=VECTOR('',#3217,1.);
#239=VECTOR('',#3222,1.);
#240=VECTOR('',#3231,1.);
#241=VECTOR('',#3232,1.);
#242=VECTOR('',#3237,1.);
#243=VECTOR('',#3242,1.);
#244=VECTOR('',#3251,1.);
#245=VECTOR('',#3256,1.);
#246=VECTOR('',#3261,1.);
#247=CYLINDRICAL_SURFACE('',#2274,0.00381);
#248=CYLINDRICAL_SURFACE('',#2278,0.00381);
#249=CYLINDRICAL_SURFACE('',#2283,0.00381);
#250=CYLINDRICAL_SURFACE('',#2290,0.0013748004);
#251=CYLINDRICAL_SURFACE('',#2291,0.00218804985478464);
#252=CYLINDRICAL_SURFACE('',#2299,0.000465849901079583);
#253=CYLINDRICAL_SURFACE('',#2301,9.99999999999948E-6);
#254=CYLINDRICAL_SURFACE('',#2303,0.000465849901079583);
#255=CYLINDRICAL_SURFACE('',#2305,0.000129185062812672);
#256=CYLINDRICAL_SURFACE('',#2307,0.000465849901079582);
#257=CYLINDRICAL_SURFACE('',#2309,9.99999999999948E-6);
#258=CYLINDRICAL_SURFACE('',#2311,0.000465849901079582);
#259=CYLINDRICAL_SURFACE('',#2313,0.000129185062812672);
#260=CYLINDRICAL_SURFACE('',#2315,0.000465849901079583);
#261=CYLINDRICAL_SURFACE('',#2317,9.99999999999948E-6);
#262=CYLINDRICAL_SURFACE('',#2319,0.000465849901079583);
#263=CYLINDRICAL_SURFACE('',#2321,0.000129185062812672);
#264=CYLINDRICAL_SURFACE('',#2323,0.000465849901079583);
#265=CYLINDRICAL_SURFACE('',#2325,9.99999999999948E-6);
#266=CYLINDRICAL_SURFACE('',#2327,0.000465849901079583);
#267=CYLINDRICAL_SURFACE('',#2329,0.000129185062812672);
#268=CYLINDRICAL_SURFACE('',#2331,0.000465849901079582);
#269=CYLINDRICAL_SURFACE('',#2333,9.99999999999948E-6);
#270=CYLINDRICAL_SURFACE('',#2335,0.000465849901079583);
#271=CYLINDRICAL_SURFACE('',#2337,0.000129185062812672);
#272=CYLINDRICAL_SURFACE('',#2339,0.000465849901079583);
#273=CYLINDRICAL_SURFACE('',#2341,9.99999999999948E-6);
#274=CYLINDRICAL_SURFACE('',#2343,0.000465849901079583);
#275=CYLINDRICAL_SURFACE('',#2345,0.000129185062812672);
#276=CYLINDRICAL_SURFACE('',#2347,0.000465849901079583);
#277=CYLINDRICAL_SURFACE('',#2349,9.99999999999948E-6);
#278=CYLINDRICAL_SURFACE('',#2351,0.000465849901079583);
#279=CYLINDRICAL_SURFACE('',#2353,0.000129185062812672);
#280=CYLINDRICAL_SURFACE('',#2355,0.000465849901079583);
#281=CYLINDRICAL_SURFACE('',#2357,9.99999999999948E-6);
#282=CYLINDRICAL_SURFACE('',#2359,0.000465849901079583);
#283=CYLINDRICAL_SURFACE('',#2361,0.000129185062812672);
#284=CYLINDRICAL_SURFACE('',#2363,0.000465849901079583);
#285=CYLINDRICAL_SURFACE('',#2365,9.99999999999948E-6);
#286=CYLINDRICAL_SURFACE('',#2367,0.000465849901079582);
#287=CYLINDRICAL_SURFACE('',#2369,0.000129185062812672);
#288=CYLINDRICAL_SURFACE('',#2371,0.000465849901079583);
#289=CYLINDRICAL_SURFACE('',#2373,9.99999999999948E-6);
#290=CYLINDRICAL_SURFACE('',#2375,0.000465849901079583);
#291=CYLINDRICAL_SURFACE('',#2377,0.000129185062812672);
#292=CYLINDRICAL_SURFACE('',#2379,0.000465849901079583);
#293=CYLINDRICAL_SURFACE('',#2381,9.99999999999948E-6);
#294=CYLINDRICAL_SURFACE('',#2383,0.000465849901079583);
#295=CYLINDRICAL_SURFACE('',#2385,0.000129185062812672);
#296=CYLINDRICAL_SURFACE('',#2387,0.000465849901079583);
#297=CYLINDRICAL_SURFACE('',#2389,9.99999999999948E-6);
#298=CYLINDRICAL_SURFACE('',#2391,0.000465849901079583);
#299=CYLINDRICAL_SURFACE('',#2393,0.000129185062812672);
#300=CYLINDRICAL_SURFACE('',#2395,0.000465849901079583);
#301=CYLINDRICAL_SURFACE('',#2397,9.99999999999948E-6);
#302=CYLINDRICAL_SURFACE('',#2399,0.000465849901079583);
#303=CYLINDRICAL_SURFACE('',#2401,0.000129185062812672);
#304=CYLINDRICAL_SURFACE('',#2403,0.000465849901079583);
#305=CYLINDRICAL_SURFACE('',#2405,9.99999999999948E-6);
#306=CYLINDRICAL_SURFACE('',#2407,0.000465849901079583);
#307=CYLINDRICAL_SURFACE('',#2409,0.000129185062812672);
#308=CYLINDRICAL_SURFACE('',#2411,0.000465849901079583);
#309=CYLINDRICAL_SURFACE('',#2413,9.99999999999948E-6);
#310=CYLINDRICAL_SURFACE('',#2415,0.000465849901079582);
#311=CYLINDRICAL_SURFACE('',#2417,0.000129185062812672);
#312=CYLINDRICAL_SURFACE('',#2419,0.000465849901079583);
#313=CYLINDRICAL_SURFACE('',#2421,9.99999999999948E-6);
#314=CYLINDRICAL_SURFACE('',#2423,0.000465849901079582);
#315=CYLINDRICAL_SURFACE('',#2425,0.000129185062812672);
#316=CYLINDRICAL_SURFACE('',#2427,0.000465849901079583);
#317=CYLINDRICAL_SURFACE('',#2429,9.99999999999948E-6);
#318=CYLINDRICAL_SURFACE('',#2431,0.000465849901079583);
#319=CYLINDRICAL_SURFACE('',#2433,0.000129185062812672);
#320=CYLINDRICAL_SURFACE('',#2435,0.000465849901079583);
#321=CYLINDRICAL_SURFACE('',#2437,9.99999999999948E-6);
#322=CYLINDRICAL_SURFACE('',#2439,0.000465849901079582);
#323=CYLINDRICAL_SURFACE('',#2441,0.000129185062812672);
#324=CYLINDRICAL_SURFACE('',#2443,0.000465849901079583);
#325=CYLINDRICAL_SURFACE('',#2445,9.99999999999948E-6);
#326=CYLINDRICAL_SURFACE('',#2447,0.000465849901079583);
#327=CYLINDRICAL_SURFACE('',#2449,0.000129185062812672);
#328=CYLINDRICAL_SURFACE('',#2451,0.000465849901079583);
#329=CYLINDRICAL_SURFACE('',#2453,9.99999999999948E-6);
#330=CYLINDRICAL_SURFACE('',#2455,0.000465849901079583);
#331=CYLINDRICAL_SURFACE('',#2457,0.000129185062812672);
#332=CYLINDRICAL_SURFACE('',#2459,0.000465849901079582);
#333=CYLINDRICAL_SURFACE('',#2461,9.99999999999948E-6);
#334=CYLINDRICAL_SURFACE('',#2463,0.000465849901079583);
#335=CYLINDRICAL_SURFACE('',#2465,0.000129185062812672);
#336=CYLINDRICAL_SURFACE('',#2467,0.000465849901079583);
#337=CYLINDRICAL_SURFACE('',#2469,9.99999999999948E-6);
#338=CYLINDRICAL_SURFACE('',#2471,0.000465849901079582);
#339=CYLINDRICAL_SURFACE('',#2473,0.000129185062812672);
#340=CYLINDRICAL_SURFACE('',#2475,0.000465849901079583);
#341=CYLINDRICAL_SURFACE('',#2477,9.99999999999948E-6);
#342=CYLINDRICAL_SURFACE('',#2479,0.000465849901079582);
#343=CYLINDRICAL_SURFACE('',#2481,0.000129185062812672);
#344=CYLINDRICAL_SURFACE('',#2483,0.000465849901079583);
#345=CYLINDRICAL_SURFACE('',#2485,9.99999999999948E-6);
#346=CYLINDRICAL_SURFACE('',#2487,0.000465849901079583);
#347=CYLINDRICAL_SURFACE('',#2489,0.000129185062812672);
#348=CYLINDRICAL_SURFACE('',#2491,0.000465849901079583);
#349=CYLINDRICAL_SURFACE('',#2493,9.99999999999948E-6);
#350=CYLINDRICAL_SURFACE('',#2495,0.000465849901079583);
#351=CYLINDRICAL_SURFACE('',#2497,0.000129185062812672);
#352=ORIENTED_EDGE('',*,*,#1016,.T.);
#353=ORIENTED_EDGE('',*,*,#1017,.F.);
#354=ORIENTED_EDGE('',*,*,#1018,.T.);
#355=ORIENTED_EDGE('',*,*,#1019,.F.);
#356=ORIENTED_EDGE('',*,*,#1020,.F.);
#357=ORIENTED_EDGE('',*,*,#1021,.F.);
#358=ORIENTED_EDGE('',*,*,#1022,.T.);
#359=ORIENTED_EDGE('',*,*,#1023,.F.);
#360=ORIENTED_EDGE('',*,*,#1024,.F.);
#361=ORIENTED_EDGE('',*,*,#1025,.F.);
#362=ORIENTED_EDGE('',*,*,#1026,.T.);
#363=ORIENTED_EDGE('',*,*,#1027,.F.);
#364=ORIENTED_EDGE('',*,*,#1028,.F.);
#365=ORIENTED_EDGE('',*,*,#1029,.F.);
#366=ORIENTED_EDGE('',*,*,#1030,.T.);
#367=ORIENTED_EDGE('',*,*,#1031,.F.);
#368=ORIENTED_EDGE('',*,*,#1032,.F.);
#369=ORIENTED_EDGE('',*,*,#1033,.F.);
#370=ORIENTED_EDGE('',*,*,#1034,.T.);
#371=ORIENTED_EDGE('',*,*,#1035,.F.);
#372=ORIENTED_EDGE('',*,*,#1036,.F.);
#373=ORIENTED_EDGE('',*,*,#1037,.F.);
#374=ORIENTED_EDGE('',*,*,#1038,.T.);
#375=ORIENTED_EDGE('',*,*,#1039,.F.);
#376=ORIENTED_EDGE('',*,*,#1040,.F.);
#377=ORIENTED_EDGE('',*,*,#1041,.F.);
#378=ORIENTED_EDGE('',*,*,#1042,.T.);
#379=ORIENTED_EDGE('',*,*,#1043,.F.);
#380=ORIENTED_EDGE('',*,*,#1044,.F.);
#381=ORIENTED_EDGE('',*,*,#1045,.F.);
#382=ORIENTED_EDGE('',*,*,#1046,.T.);
#383=ORIENTED_EDGE('',*,*,#1047,.F.);
#384=ORIENTED_EDGE('',*,*,#1048,.F.);
#385=ORIENTED_EDGE('',*,*,#1049,.F.);
#386=ORIENTED_EDGE('',*,*,#1050,.T.);
#387=ORIENTED_EDGE('',*,*,#1051,.F.);
#388=ORIENTED_EDGE('',*,*,#1052,.F.);
#389=ORIENTED_EDGE('',*,*,#1053,.F.);
#390=ORIENTED_EDGE('',*,*,#1054,.T.);
#391=ORIENTED_EDGE('',*,*,#1055,.F.);
#392=ORIENTED_EDGE('',*,*,#1056,.F.);
#393=ORIENTED_EDGE('',*,*,#1057,.F.);
#394=ORIENTED_EDGE('',*,*,#1058,.T.);
#395=ORIENTED_EDGE('',*,*,#1059,.F.);
#396=ORIENTED_EDGE('',*,*,#1060,.F.);
#397=ORIENTED_EDGE('',*,*,#1061,.F.);
#398=ORIENTED_EDGE('',*,*,#1062,.T.);
#399=ORIENTED_EDGE('',*,*,#1063,.F.);
#400=ORIENTED_EDGE('',*,*,#1064,.F.);
#401=ORIENTED_EDGE('',*,*,#1065,.F.);
#402=ORIENTED_EDGE('',*,*,#1066,.T.);
#403=ORIENTED_EDGE('',*,*,#1067,.F.);
#404=ORIENTED_EDGE('',*,*,#1068,.F.);
#405=ORIENTED_EDGE('',*,*,#1069,.F.);
#406=ORIENTED_EDGE('',*,*,#1070,.T.);
#407=ORIENTED_EDGE('',*,*,#1071,.F.);
#408=ORIENTED_EDGE('',*,*,#1072,.F.);
#409=ORIENTED_EDGE('',*,*,#1073,.F.);
#410=ORIENTED_EDGE('',*,*,#1074,.T.);
#411=ORIENTED_EDGE('',*,*,#1075,.F.);
#412=ORIENTED_EDGE('',*,*,#1076,.F.);
#413=ORIENTED_EDGE('',*,*,#1077,.F.);
#414=ORIENTED_EDGE('',*,*,#1078,.T.);
#415=ORIENTED_EDGE('',*,*,#1079,.F.);
#416=ORIENTED_EDGE('',*,*,#1080,.F.);
#417=ORIENTED_EDGE('',*,*,#1081,.F.);
#418=ORIENTED_EDGE('',*,*,#1082,.T.);
#419=ORIENTED_EDGE('',*,*,#1083,.F.);
#420=ORIENTED_EDGE('',*,*,#1084,.F.);
#421=ORIENTED_EDGE('',*,*,#1085,.F.);
#422=ORIENTED_EDGE('',*,*,#1086,.T.);
#423=ORIENTED_EDGE('',*,*,#1087,.F.);
#424=ORIENTED_EDGE('',*,*,#1088,.F.);
#425=ORIENTED_EDGE('',*,*,#1089,.F.);
#426=ORIENTED_EDGE('',*,*,#1090,.T.);
#427=ORIENTED_EDGE('',*,*,#1091,.F.);
#428=ORIENTED_EDGE('',*,*,#1092,.F.);
#429=ORIENTED_EDGE('',*,*,#1093,.F.);
#430=ORIENTED_EDGE('',*,*,#1094,.T.);
#431=ORIENTED_EDGE('',*,*,#1095,.F.);
#432=ORIENTED_EDGE('',*,*,#1096,.F.);
#433=ORIENTED_EDGE('',*,*,#1097,.F.);
#434=ORIENTED_EDGE('',*,*,#1098,.T.);
#435=ORIENTED_EDGE('',*,*,#1099,.F.);
#436=ORIENTED_EDGE('',*,*,#1100,.F.);
#437=ORIENTED_EDGE('',*,*,#1101,.F.);
#438=ORIENTED_EDGE('',*,*,#1102,.T.);
#439=ORIENTED_EDGE('',*,*,#1103,.F.);
#440=ORIENTED_EDGE('',*,*,#1104,.F.);
#441=ORIENTED_EDGE('',*,*,#1105,.F.);
#442=ORIENTED_EDGE('',*,*,#1106,.T.);
#443=ORIENTED_EDGE('',*,*,#1107,.F.);
#444=ORIENTED_EDGE('',*,*,#1108,.F.);
#445=ORIENTED_EDGE('',*,*,#1109,.F.);
#446=ORIENTED_EDGE('',*,*,#1110,.T.);
#447=ORIENTED_EDGE('',*,*,#1111,.F.);
#448=ORIENTED_EDGE('',*,*,#1112,.F.);
#449=ORIENTED_EDGE('',*,*,#1113,.F.);
#450=ORIENTED_EDGE('',*,*,#1114,.T.);
#451=ORIENTED_EDGE('',*,*,#1115,.F.);
#452=ORIENTED_EDGE('',*,*,#1116,.F.);
#453=ORIENTED_EDGE('',*,*,#1117,.F.);
#454=ORIENTED_EDGE('',*,*,#1118,.F.);
#455=ORIENTED_EDGE('',*,*,#1119,.T.);
#456=ORIENTED_EDGE('',*,*,#1120,.T.);
#457=ORIENTED_EDGE('',*,*,#1121,.F.);
#458=ORIENTED_EDGE('',*,*,#1122,.F.);
#459=ORIENTED_EDGE('',*,*,#1123,.T.);
#460=ORIENTED_EDGE('',*,*,#1118,.T.);
#461=ORIENTED_EDGE('',*,*,#1124,.T.);
#462=ORIENTED_EDGE('',*,*,#1125,.F.);
#463=ORIENTED_EDGE('',*,*,#1126,.T.);
#464=ORIENTED_EDGE('',*,*,#1122,.T.);
#465=ORIENTED_EDGE('',*,*,#1127,.T.);
#466=ORIENTED_EDGE('',*,*,#1125,.T.);
#467=ORIENTED_EDGE('',*,*,#1128,.T.);
#468=ORIENTED_EDGE('',*,*,#1129,.F.);
#469=ORIENTED_EDGE('',*,*,#1130,.F.);
#470=ORIENTED_EDGE('',*,*,#1131,.F.);
#471=ORIENTED_EDGE('',*,*,#1120,.F.);
#472=ORIENTED_EDGE('',*,*,#1132,.T.);
#473=ORIENTED_EDGE('',*,*,#1129,.T.);
#474=ORIENTED_EDGE('',*,*,#1133,.F.);
#475=ORIENTED_EDGE('',*,*,#1119,.F.);
#476=ORIENTED_EDGE('',*,*,#1123,.F.);
#477=ORIENTED_EDGE('',*,*,#1126,.F.);
#478=ORIENTED_EDGE('',*,*,#1130,.T.);
#479=ORIENTED_EDGE('',*,*,#1132,.F.);
#480=ORIENTED_EDGE('',*,*,#1124,.F.);
#481=ORIENTED_EDGE('',*,*,#1121,.T.);
#482=ORIENTED_EDGE('',*,*,#1117,.T.);
#483=ORIENTED_EDGE('',*,*,#1131,.T.);
#484=ORIENTED_EDGE('',*,*,#1128,.F.);
#485=ORIENTED_EDGE('',*,*,#1134,.F.);
#486=ORIENTED_EDGE('',*,*,#1133,.T.);
#487=ORIENTED_EDGE('',*,*,#1016,.F.);
#488=ORIENTED_EDGE('',*,*,#1135,.F.);
#489=ORIENTED_EDGE('',*,*,#1136,.F.);
#490=ORIENTED_EDGE('',*,*,#1137,.T.);
#491=ORIENTED_EDGE('',*,*,#1138,.F.);
#492=ORIENTED_EDGE('',*,*,#1139,.T.);
#493=ORIENTED_EDGE('',*,*,#1134,.T.);
#494=ORIENTED_EDGE('',*,*,#1140,.T.);
#495=ORIENTED_EDGE('',*,*,#1141,.T.);
#496=ORIENTED_EDGE('',*,*,#1136,.T.);
#497=ORIENTED_EDGE('',*,*,#1142,.T.);
#498=ORIENTED_EDGE('',*,*,#1143,.T.);
#499=ORIENTED_EDGE('',*,*,#1144,.T.);
#500=ORIENTED_EDGE('',*,*,#1139,.F.);
#501=ORIENTED_EDGE('',*,*,#1145,.T.);
#502=ORIENTED_EDGE('',*,*,#1145,.F.);
#503=ORIENTED_EDGE('',*,*,#1146,.T.);
#504=ORIENTED_EDGE('',*,*,#1137,.F.);
#505=ORIENTED_EDGE('',*,*,#1141,.F.);
#506=ORIENTED_EDGE('',*,*,#1135,.T.);
#507=ORIENTED_EDGE('',*,*,#1144,.F.);
#508=ORIENTED_EDGE('',*,*,#1147,.F.);
#509=ORIENTED_EDGE('',*,*,#1142,.F.);
#510=ORIENTED_EDGE('',*,*,#1147,.T.);
#511=ORIENTED_EDGE('',*,*,#1143,.F.);
#512=ORIENTED_EDGE('',*,*,#1138,.T.);
#513=ORIENTED_EDGE('',*,*,#1146,.F.);
#514=ORIENTED_EDGE('',*,*,#1140,.F.);
#515=ORIENTED_EDGE('',*,*,#1148,.F.);
#516=ORIENTED_EDGE('',*,*,#1087,.T.);
#517=ORIENTED_EDGE('',*,*,#1149,.T.);
#518=ORIENTED_EDGE('',*,*,#1150,.T.);
#519=ORIENTED_EDGE('',*,*,#1151,.F.);
#520=ORIENTED_EDGE('',*,*,#1088,.T.);
#521=ORIENTED_EDGE('',*,*,#1148,.T.);
#522=ORIENTED_EDGE('',*,*,#1152,.T.);
#523=ORIENTED_EDGE('',*,*,#1153,.F.);
#524=ORIENTED_EDGE('',*,*,#1089,.T.);
#525=ORIENTED_EDGE('',*,*,#1151,.T.);
#526=ORIENTED_EDGE('',*,*,#1154,.T.);
#527=ORIENTED_EDGE('',*,*,#1090,.F.);
#528=ORIENTED_EDGE('',*,*,#1153,.T.);
#529=ORIENTED_EDGE('',*,*,#1155,.T.);
#530=ORIENTED_EDGE('',*,*,#1156,.F.);
#531=ORIENTED_EDGE('',*,*,#1157,.F.);
#532=ORIENTED_EDGE('',*,*,#1083,.T.);
#533=ORIENTED_EDGE('',*,*,#1158,.T.);
#534=ORIENTED_EDGE('',*,*,#1159,.T.);
#535=ORIENTED_EDGE('',*,*,#1160,.F.);
#536=ORIENTED_EDGE('',*,*,#1084,.T.);
#537=ORIENTED_EDGE('',*,*,#1157,.T.);
#538=ORIENTED_EDGE('',*,*,#1161,.T.);
#539=ORIENTED_EDGE('',*,*,#1162,.F.);
#540=ORIENTED_EDGE('',*,*,#1085,.T.);
#541=ORIENTED_EDGE('',*,*,#1160,.T.);
#542=ORIENTED_EDGE('',*,*,#1163,.T.);
#543=ORIENTED_EDGE('',*,*,#1086,.F.);
#544=ORIENTED_EDGE('',*,*,#1162,.T.);
#545=ORIENTED_EDGE('',*,*,#1164,.T.);
#546=ORIENTED_EDGE('',*,*,#1149,.F.);
#547=ORIENTED_EDGE('',*,*,#1165,.F.);
#548=ORIENTED_EDGE('',*,*,#1079,.T.);
#549=ORIENTED_EDGE('',*,*,#1166,.T.);
#550=ORIENTED_EDGE('',*,*,#1167,.T.);
#551=ORIENTED_EDGE('',*,*,#1168,.F.);
#552=ORIENTED_EDGE('',*,*,#1080,.T.);
#553=ORIENTED_EDGE('',*,*,#1165,.T.);
#554=ORIENTED_EDGE('',*,*,#1169,.T.);
#555=ORIENTED_EDGE('',*,*,#1170,.F.);
#556=ORIENTED_EDGE('',*,*,#1081,.T.);
#557=ORIENTED_EDGE('',*,*,#1168,.T.);
#558=ORIENTED_EDGE('',*,*,#1171,.T.);
#559=ORIENTED_EDGE('',*,*,#1082,.F.);
#560=ORIENTED_EDGE('',*,*,#1170,.T.);
#561=ORIENTED_EDGE('',*,*,#1172,.T.);
#562=ORIENTED_EDGE('',*,*,#1158,.F.);
#563=ORIENTED_EDGE('',*,*,#1173,.F.);
#564=ORIENTED_EDGE('',*,*,#1075,.T.);
#565=ORIENTED_EDGE('',*,*,#1174,.T.);
#566=ORIENTED_EDGE('',*,*,#1175,.T.);
#567=ORIENTED_EDGE('',*,*,#1176,.F.);
#568=ORIENTED_EDGE('',*,*,#1076,.T.);
#569=ORIENTED_EDGE('',*,*,#1173,.T.);
#570=ORIENTED_EDGE('',*,*,#1177,.T.);
#571=ORIENTED_EDGE('',*,*,#1178,.F.);
#572=ORIENTED_EDGE('',*,*,#1077,.T.);
#573=ORIENTED_EDGE('',*,*,#1176,.T.);
#574=ORIENTED_EDGE('',*,*,#1179,.T.);
#575=ORIENTED_EDGE('',*,*,#1078,.F.);
#576=ORIENTED_EDGE('',*,*,#1178,.T.);
#577=ORIENTED_EDGE('',*,*,#1180,.T.);
#578=ORIENTED_EDGE('',*,*,#1166,.F.);
#579=ORIENTED_EDGE('',*,*,#1181,.F.);
#580=ORIENTED_EDGE('',*,*,#1071,.T.);
#581=ORIENTED_EDGE('',*,*,#1182,.T.);
#582=ORIENTED_EDGE('',*,*,#1183,.T.);
#583=ORIENTED_EDGE('',*,*,#1184,.F.);
#584=ORIENTED_EDGE('',*,*,#1072,.T.);
#585=ORIENTED_EDGE('',*,*,#1181,.T.);
#586=ORIENTED_EDGE('',*,*,#1185,.T.);
#587=ORIENTED_EDGE('',*,*,#1186,.F.);
#588=ORIENTED_EDGE('',*,*,#1073,.T.);
#589=ORIENTED_EDGE('',*,*,#1184,.T.);
#590=ORIENTED_EDGE('',*,*,#1187,.T.);
#591=ORIENTED_EDGE('',*,*,#1074,.F.);
#592=ORIENTED_EDGE('',*,*,#1186,.T.);
#593=ORIENTED_EDGE('',*,*,#1188,.T.);
#594=ORIENTED_EDGE('',*,*,#1174,.F.);
#595=ORIENTED_EDGE('',*,*,#1189,.F.);
#596=ORIENTED_EDGE('',*,*,#1067,.T.);
#597=ORIENTED_EDGE('',*,*,#1190,.T.);
#598=ORIENTED_EDGE('',*,*,#1191,.T.);
#599=ORIENTED_EDGE('',*,*,#1192,.F.);
#600=ORIENTED_EDGE('',*,*,#1068,.T.);
#601=ORIENTED_EDGE('',*,*,#1189,.T.);
#602=ORIENTED_EDGE('',*,*,#1193,.T.);
#603=ORIENTED_EDGE('',*,*,#1194,.F.);
#604=ORIENTED_EDGE('',*,*,#1069,.T.);
#605=ORIENTED_EDGE('',*,*,#1192,.T.);
#606=ORIENTED_EDGE('',*,*,#1195,.T.);
#607=ORIENTED_EDGE('',*,*,#1070,.F.);
#608=ORIENTED_EDGE('',*,*,#1194,.T.);
#609=ORIENTED_EDGE('',*,*,#1196,.T.);
#610=ORIENTED_EDGE('',*,*,#1182,.F.);
#611=ORIENTED_EDGE('',*,*,#1197,.F.);
#612=ORIENTED_EDGE('',*,*,#1063,.T.);
#613=ORIENTED_EDGE('',*,*,#1198,.T.);
#614=ORIENTED_EDGE('',*,*,#1199,.T.);
#615=ORIENTED_EDGE('',*,*,#1200,.F.);
#616=ORIENTED_EDGE('',*,*,#1064,.T.);
#617=ORIENTED_EDGE('',*,*,#1197,.T.);
#618=ORIENTED_EDGE('',*,*,#1201,.T.);
#619=ORIENTED_EDGE('',*,*,#1202,.F.);
#620=ORIENTED_EDGE('',*,*,#1065,.T.);
#621=ORIENTED_EDGE('',*,*,#1200,.T.);
#622=ORIENTED_EDGE('',*,*,#1203,.T.);
#623=ORIENTED_EDGE('',*,*,#1066,.F.);
#624=ORIENTED_EDGE('',*,*,#1202,.T.);
#625=ORIENTED_EDGE('',*,*,#1204,.T.);
#626=ORIENTED_EDGE('',*,*,#1190,.F.);
#627=ORIENTED_EDGE('',*,*,#1205,.F.);
#628=ORIENTED_EDGE('',*,*,#1059,.T.);
#629=ORIENTED_EDGE('',*,*,#1206,.T.);
#630=ORIENTED_EDGE('',*,*,#1207,.T.);
#631=ORIENTED_EDGE('',*,*,#1208,.F.);
#632=ORIENTED_EDGE('',*,*,#1060,.T.);
#633=ORIENTED_EDGE('',*,*,#1205,.T.);
#634=ORIENTED_EDGE('',*,*,#1209,.T.);
#635=ORIENTED_EDGE('',*,*,#1210,.F.);
#636=ORIENTED_EDGE('',*,*,#1061,.T.);
#637=ORIENTED_EDGE('',*,*,#1208,.T.);
#638=ORIENTED_EDGE('',*,*,#1211,.T.);
#639=ORIENTED_EDGE('',*,*,#1062,.F.);
#640=ORIENTED_EDGE('',*,*,#1210,.T.);
#641=ORIENTED_EDGE('',*,*,#1212,.T.);
#642=ORIENTED_EDGE('',*,*,#1198,.F.);
#643=ORIENTED_EDGE('',*,*,#1213,.F.);
#644=ORIENTED_EDGE('',*,*,#1055,.T.);
#645=ORIENTED_EDGE('',*,*,#1214,.T.);
#646=ORIENTED_EDGE('',*,*,#1215,.T.);
#647=ORIENTED_EDGE('',*,*,#1216,.F.);
#648=ORIENTED_EDGE('',*,*,#1056,.T.);
#649=ORIENTED_EDGE('',*,*,#1213,.T.);
#650=ORIENTED_EDGE('',*,*,#1217,.T.);
#651=ORIENTED_EDGE('',*,*,#1218,.F.);
#652=ORIENTED_EDGE('',*,*,#1057,.T.);
#653=ORIENTED_EDGE('',*,*,#1216,.T.);
#654=ORIENTED_EDGE('',*,*,#1219,.T.);
#655=ORIENTED_EDGE('',*,*,#1058,.F.);
#656=ORIENTED_EDGE('',*,*,#1218,.T.);
#657=ORIENTED_EDGE('',*,*,#1220,.T.);
#658=ORIENTED_EDGE('',*,*,#1206,.F.);
#659=ORIENTED_EDGE('',*,*,#1221,.F.);
#660=ORIENTED_EDGE('',*,*,#1051,.T.);
#661=ORIENTED_EDGE('',*,*,#1222,.T.);
#662=ORIENTED_EDGE('',*,*,#1223,.T.);
#663=ORIENTED_EDGE('',*,*,#1224,.F.);
#664=ORIENTED_EDGE('',*,*,#1052,.T.);
#665=ORIENTED_EDGE('',*,*,#1221,.T.);
#666=ORIENTED_EDGE('',*,*,#1225,.T.);
#667=ORIENTED_EDGE('',*,*,#1226,.F.);
#668=ORIENTED_EDGE('',*,*,#1053,.T.);
#669=ORIENTED_EDGE('',*,*,#1224,.T.);
#670=ORIENTED_EDGE('',*,*,#1227,.T.);
#671=ORIENTED_EDGE('',*,*,#1054,.F.);
#672=ORIENTED_EDGE('',*,*,#1226,.T.);
#673=ORIENTED_EDGE('',*,*,#1228,.T.);
#674=ORIENTED_EDGE('',*,*,#1214,.F.);
#675=ORIENTED_EDGE('',*,*,#1229,.F.);
#676=ORIENTED_EDGE('',*,*,#1047,.T.);
#677=ORIENTED_EDGE('',*,*,#1230,.T.);
#678=ORIENTED_EDGE('',*,*,#1231,.T.);
#679=ORIENTED_EDGE('',*,*,#1232,.F.);
#680=ORIENTED_EDGE('',*,*,#1048,.T.);
#681=ORIENTED_EDGE('',*,*,#1229,.T.);
#682=ORIENTED_EDGE('',*,*,#1233,.T.);
#683=ORIENTED_EDGE('',*,*,#1234,.F.);
#684=ORIENTED_EDGE('',*,*,#1049,.T.);
#685=ORIENTED_EDGE('',*,*,#1232,.T.);
#686=ORIENTED_EDGE('',*,*,#1235,.T.);
#687=ORIENTED_EDGE('',*,*,#1050,.F.);
#688=ORIENTED_EDGE('',*,*,#1234,.T.);
#689=ORIENTED_EDGE('',*,*,#1236,.T.);
#690=ORIENTED_EDGE('',*,*,#1222,.F.);
#691=ORIENTED_EDGE('',*,*,#1237,.F.);
#692=ORIENTED_EDGE('',*,*,#1043,.T.);
#693=ORIENTED_EDGE('',*,*,#1238,.T.);
#694=ORIENTED_EDGE('',*,*,#1239,.T.);
#695=ORIENTED_EDGE('',*,*,#1240,.F.);
#696=ORIENTED_EDGE('',*,*,#1044,.T.);
#697=ORIENTED_EDGE('',*,*,#1237,.T.);
#698=ORIENTED_EDGE('',*,*,#1241,.T.);
#699=ORIENTED_EDGE('',*,*,#1242,.F.);
#700=ORIENTED_EDGE('',*,*,#1045,.T.);
#701=ORIENTED_EDGE('',*,*,#1240,.T.);
#702=ORIENTED_EDGE('',*,*,#1243,.T.);
#703=ORIENTED_EDGE('',*,*,#1046,.F.);
#704=ORIENTED_EDGE('',*,*,#1242,.T.);
#705=ORIENTED_EDGE('',*,*,#1244,.T.);
#706=ORIENTED_EDGE('',*,*,#1230,.F.);
#707=ORIENTED_EDGE('',*,*,#1245,.F.);
#708=ORIENTED_EDGE('',*,*,#1039,.T.);
#709=ORIENTED_EDGE('',*,*,#1246,.T.);
#710=ORIENTED_EDGE('',*,*,#1247,.T.);
#711=ORIENTED_EDGE('',*,*,#1248,.F.);
#712=ORIENTED_EDGE('',*,*,#1040,.T.);
#713=ORIENTED_EDGE('',*,*,#1245,.T.);
#714=ORIENTED_EDGE('',*,*,#1249,.T.);
#715=ORIENTED_EDGE('',*,*,#1250,.F.);
#716=ORIENTED_EDGE('',*,*,#1041,.T.);
#717=ORIENTED_EDGE('',*,*,#1248,.T.);
#718=ORIENTED_EDGE('',*,*,#1251,.T.);
#719=ORIENTED_EDGE('',*,*,#1042,.F.);
#720=ORIENTED_EDGE('',*,*,#1250,.T.);
#721=ORIENTED_EDGE('',*,*,#1252,.T.);
#722=ORIENTED_EDGE('',*,*,#1238,.F.);
#723=ORIENTED_EDGE('',*,*,#1253,.F.);
#724=ORIENTED_EDGE('',*,*,#1035,.T.);
#725=ORIENTED_EDGE('',*,*,#1254,.T.);
#726=ORIENTED_EDGE('',*,*,#1255,.T.);
#727=ORIENTED_EDGE('',*,*,#1256,.F.);
#728=ORIENTED_EDGE('',*,*,#1036,.T.);
#729=ORIENTED_EDGE('',*,*,#1253,.T.);
#730=ORIENTED_EDGE('',*,*,#1257,.T.);
#731=ORIENTED_EDGE('',*,*,#1258,.F.);
#732=ORIENTED_EDGE('',*,*,#1037,.T.);
#733=ORIENTED_EDGE('',*,*,#1256,.T.);
#734=ORIENTED_EDGE('',*,*,#1259,.T.);
#735=ORIENTED_EDGE('',*,*,#1038,.F.);
#736=ORIENTED_EDGE('',*,*,#1258,.T.);
#737=ORIENTED_EDGE('',*,*,#1260,.T.);
#738=ORIENTED_EDGE('',*,*,#1246,.F.);
#739=ORIENTED_EDGE('',*,*,#1261,.F.);
#740=ORIENTED_EDGE('',*,*,#1031,.T.);
#741=ORIENTED_EDGE('',*,*,#1262,.T.);
#742=ORIENTED_EDGE('',*,*,#1263,.T.);
#743=ORIENTED_EDGE('',*,*,#1264,.F.);
#744=ORIENTED_EDGE('',*,*,#1032,.T.);
#745=ORIENTED_EDGE('',*,*,#1261,.T.);
#746=ORIENTED_EDGE('',*,*,#1265,.T.);
#747=ORIENTED_EDGE('',*,*,#1266,.F.);
#748=ORIENTED_EDGE('',*,*,#1033,.T.);
#749=ORIENTED_EDGE('',*,*,#1264,.T.);
#750=ORIENTED_EDGE('',*,*,#1267,.T.);
#751=ORIENTED_EDGE('',*,*,#1034,.F.);
#752=ORIENTED_EDGE('',*,*,#1266,.T.);
#753=ORIENTED_EDGE('',*,*,#1268,.T.);
#754=ORIENTED_EDGE('',*,*,#1254,.F.);
#755=ORIENTED_EDGE('',*,*,#1269,.F.);
#756=ORIENTED_EDGE('',*,*,#1027,.T.);
#757=ORIENTED_EDGE('',*,*,#1270,.T.);
#758=ORIENTED_EDGE('',*,*,#1271,.T.);
#759=ORIENTED_EDGE('',*,*,#1272,.F.);
#760=ORIENTED_EDGE('',*,*,#1028,.T.);
#761=ORIENTED_EDGE('',*,*,#1269,.T.);
#762=ORIENTED_EDGE('',*,*,#1273,.T.);
#763=ORIENTED_EDGE('',*,*,#1274,.F.);
#764=ORIENTED_EDGE('',*,*,#1029,.T.);
#765=ORIENTED_EDGE('',*,*,#1272,.T.);
#766=ORIENTED_EDGE('',*,*,#1275,.T.);
#767=ORIENTED_EDGE('',*,*,#1030,.F.);
#768=ORIENTED_EDGE('',*,*,#1274,.T.);
#769=ORIENTED_EDGE('',*,*,#1276,.T.);
#770=ORIENTED_EDGE('',*,*,#1262,.F.);
#771=ORIENTED_EDGE('',*,*,#1277,.F.);
#772=ORIENTED_EDGE('',*,*,#1023,.T.);
#773=ORIENTED_EDGE('',*,*,#1278,.T.);
#774=ORIENTED_EDGE('',*,*,#1279,.T.);
#775=ORIENTED_EDGE('',*,*,#1280,.F.);
#776=ORIENTED_EDGE('',*,*,#1024,.T.);
#777=ORIENTED_EDGE('',*,*,#1277,.T.);
#778=ORIENTED_EDGE('',*,*,#1281,.T.);
#779=ORIENTED_EDGE('',*,*,#1282,.F.);
#780=ORIENTED_EDGE('',*,*,#1025,.T.);
#781=ORIENTED_EDGE('',*,*,#1280,.T.);
#782=ORIENTED_EDGE('',*,*,#1283,.T.);
#783=ORIENTED_EDGE('',*,*,#1026,.F.);
#784=ORIENTED_EDGE('',*,*,#1282,.T.);
#785=ORIENTED_EDGE('',*,*,#1284,.T.);
#786=ORIENTED_EDGE('',*,*,#1270,.F.);
#787=ORIENTED_EDGE('',*,*,#1285,.F.);
#788=ORIENTED_EDGE('',*,*,#1019,.T.);
#789=ORIENTED_EDGE('',*,*,#1286,.T.);
#790=ORIENTED_EDGE('',*,*,#1287,.T.);
#791=ORIENTED_EDGE('',*,*,#1288,.F.);
#792=ORIENTED_EDGE('',*,*,#1020,.T.);
#793=ORIENTED_EDGE('',*,*,#1285,.T.);
#794=ORIENTED_EDGE('',*,*,#1289,.T.);
#795=ORIENTED_EDGE('',*,*,#1290,.F.);
#796=ORIENTED_EDGE('',*,*,#1021,.T.);
#797=ORIENTED_EDGE('',*,*,#1288,.T.);
#798=ORIENTED_EDGE('',*,*,#1291,.T.);
#799=ORIENTED_EDGE('',*,*,#1022,.F.);
#800=ORIENTED_EDGE('',*,*,#1290,.T.);
#801=ORIENTED_EDGE('',*,*,#1292,.T.);
#802=ORIENTED_EDGE('',*,*,#1278,.F.);
#803=ORIENTED_EDGE('',*,*,#1293,.F.);
#804=ORIENTED_EDGE('',*,*,#1115,.T.);
#805=ORIENTED_EDGE('',*,*,#1294,.T.);
#806=ORIENTED_EDGE('',*,*,#1295,.T.);
#807=ORIENTED_EDGE('',*,*,#1296,.F.);
#808=ORIENTED_EDGE('',*,*,#1116,.T.);
#809=ORIENTED_EDGE('',*,*,#1293,.T.);
#810=ORIENTED_EDGE('',*,*,#1297,.T.);
#811=ORIENTED_EDGE('',*,*,#1298,.F.);
#812=ORIENTED_EDGE('',*,*,#1017,.T.);
#813=ORIENTED_EDGE('',*,*,#1296,.T.);
#814=ORIENTED_EDGE('',*,*,#1299,.T.);
#815=ORIENTED_EDGE('',*,*,#1018,.F.);
#816=ORIENTED_EDGE('',*,*,#1298,.T.);
#817=ORIENTED_EDGE('',*,*,#1300,.T.);
#818=ORIENTED_EDGE('',*,*,#1286,.F.);
#819=ORIENTED_EDGE('',*,*,#1301,.F.);
#820=ORIENTED_EDGE('',*,*,#1111,.T.);
#821=ORIENTED_EDGE('',*,*,#1302,.T.);
#822=ORIENTED_EDGE('',*,*,#1303,.T.);
#823=ORIENTED_EDGE('',*,*,#1304,.F.);
#824=ORIENTED_EDGE('',*,*,#1112,.T.);
#825=ORIENTED_EDGE('',*,*,#1301,.T.);
#826=ORIENTED_EDGE('',*,*,#1305,.T.);
#827=ORIENTED_EDGE('',*,*,#1306,.F.);
#828=ORIENTED_EDGE('',*,*,#1113,.T.);
#829=ORIENTED_EDGE('',*,*,#1304,.T.);
#830=ORIENTED_EDGE('',*,*,#1307,.T.);
#831=ORIENTED_EDGE('',*,*,#1114,.F.);
#832=ORIENTED_EDGE('',*,*,#1306,.T.);
#833=ORIENTED_EDGE('',*,*,#1308,.T.);
#834=ORIENTED_EDGE('',*,*,#1294,.F.);
#835=ORIENTED_EDGE('',*,*,#1309,.F.);
#836=ORIENTED_EDGE('',*,*,#1107,.T.);
#837=ORIENTED_EDGE('',*,*,#1310,.T.);
#838=ORIENTED_EDGE('',*,*,#1311,.T.);
#839=ORIENTED_EDGE('',*,*,#1312,.F.);
#840=ORIENTED_EDGE('',*,*,#1108,.T.);
#841=ORIENTED_EDGE('',*,*,#1309,.T.);
#842=ORIENTED_EDGE('',*,*,#1313,.T.);
#843=ORIENTED_EDGE('',*,*,#1314,.F.);
#844=ORIENTED_EDGE('',*,*,#1109,.T.);
#845=ORIENTED_EDGE('',*,*,#1312,.T.);
#846=ORIENTED_EDGE('',*,*,#1315,.T.);
#847=ORIENTED_EDGE('',*,*,#1110,.F.);
#848=ORIENTED_EDGE('',*,*,#1314,.T.);
#849=ORIENTED_EDGE('',*,*,#1316,.T.);
#850=ORIENTED_EDGE('',*,*,#1302,.F.);
#851=ORIENTED_EDGE('',*,*,#1317,.F.);
#852=ORIENTED_EDGE('',*,*,#1103,.T.);
#853=ORIENTED_EDGE('',*,*,#1318,.T.);
#854=ORIENTED_EDGE('',*,*,#1319,.T.);
#855=ORIENTED_EDGE('',*,*,#1320,.F.);
#856=ORIENTED_EDGE('',*,*,#1104,.T.);
#857=ORIENTED_EDGE('',*,*,#1317,.T.);
#858=ORIENTED_EDGE('',*,*,#1321,.T.);
#859=ORIENTED_EDGE('',*,*,#1322,.F.);
#860=ORIENTED_EDGE('',*,*,#1105,.T.);
#861=ORIENTED_EDGE('',*,*,#1320,.T.);
#862=ORIENTED_EDGE('',*,*,#1323,.T.);
#863=ORIENTED_EDGE('',*,*,#1106,.F.);
#864=ORIENTED_EDGE('',*,*,#1322,.T.);
#865=ORIENTED_EDGE('',*,*,#1324,.T.);
#866=ORIENTED_EDGE('',*,*,#1310,.F.);
#867=ORIENTED_EDGE('',*,*,#1325,.F.);
#868=ORIENTED_EDGE('',*,*,#1099,.T.);
#869=ORIENTED_EDGE('',*,*,#1326,.T.);
#870=ORIENTED_EDGE('',*,*,#1327,.T.);
#871=ORIENTED_EDGE('',*,*,#1328,.F.);
#872=ORIENTED_EDGE('',*,*,#1100,.T.);
#873=ORIENTED_EDGE('',*,*,#1325,.T.);
#874=ORIENTED_EDGE('',*,*,#1329,.T.);
#875=ORIENTED_EDGE('',*,*,#1330,.F.);
#876=ORIENTED_EDGE('',*,*,#1101,.T.);
#877=ORIENTED_EDGE('',*,*,#1328,.T.);
#878=ORIENTED_EDGE('',*,*,#1331,.T.);
#879=ORIENTED_EDGE('',*,*,#1102,.F.);
#880=ORIENTED_EDGE('',*,*,#1330,.T.);
#881=ORIENTED_EDGE('',*,*,#1332,.T.);
#882=ORIENTED_EDGE('',*,*,#1318,.F.);
#883=ORIENTED_EDGE('',*,*,#1333,.F.);
#884=ORIENTED_EDGE('',*,*,#1095,.T.);
#885=ORIENTED_EDGE('',*,*,#1334,.T.);
#886=ORIENTED_EDGE('',*,*,#1335,.T.);
#887=ORIENTED_EDGE('',*,*,#1336,.F.);
#888=ORIENTED_EDGE('',*,*,#1096,.T.);
#889=ORIENTED_EDGE('',*,*,#1333,.T.);
#890=ORIENTED_EDGE('',*,*,#1337,.T.);
#891=ORIENTED_EDGE('',*,*,#1338,.F.);
#892=ORIENTED_EDGE('',*,*,#1097,.T.);
#893=ORIENTED_EDGE('',*,*,#1336,.T.);
#894=ORIENTED_EDGE('',*,*,#1339,.T.);
#895=ORIENTED_EDGE('',*,*,#1098,.F.);
#896=ORIENTED_EDGE('',*,*,#1338,.T.);
#897=ORIENTED_EDGE('',*,*,#1340,.T.);
#898=ORIENTED_EDGE('',*,*,#1326,.F.);
#899=ORIENTED_EDGE('',*,*,#1341,.F.);
#900=ORIENTED_EDGE('',*,*,#1091,.T.);
#901=ORIENTED_EDGE('',*,*,#1156,.T.);
#902=ORIENTED_EDGE('',*,*,#1342,.T.);
#903=ORIENTED_EDGE('',*,*,#1343,.F.);
#904=ORIENTED_EDGE('',*,*,#1092,.T.);
#905=ORIENTED_EDGE('',*,*,#1341,.T.);
#906=ORIENTED_EDGE('',*,*,#1344,.T.);
#907=ORIENTED_EDGE('',*,*,#1345,.F.);
#908=ORIENTED_EDGE('',*,*,#1093,.T.);
#909=ORIENTED_EDGE('',*,*,#1343,.T.);
#910=ORIENTED_EDGE('',*,*,#1346,.T.);
#911=ORIENTED_EDGE('',*,*,#1094,.F.);
#912=ORIENTED_EDGE('',*,*,#1345,.T.);
#913=ORIENTED_EDGE('',*,*,#1347,.T.);
#914=ORIENTED_EDGE('',*,*,#1334,.F.);
#915=ORIENTED_EDGE('',*,*,#1127,.F.);
#916=ORIENTED_EDGE('',*,*,#1337,.F.);
#917=ORIENTED_EDGE('',*,*,#1335,.F.);
#918=ORIENTED_EDGE('',*,*,#1347,.F.);
#919=ORIENTED_EDGE('',*,*,#1346,.F.);
#920=ORIENTED_EDGE('',*,*,#1344,.F.);
#921=ORIENTED_EDGE('',*,*,#1342,.F.);
#922=ORIENTED_EDGE('',*,*,#1155,.F.);
#923=ORIENTED_EDGE('',*,*,#1154,.F.);
#924=ORIENTED_EDGE('',*,*,#1152,.F.);
#925=ORIENTED_EDGE('',*,*,#1150,.F.);
#926=ORIENTED_EDGE('',*,*,#1164,.F.);
#927=ORIENTED_EDGE('',*,*,#1163,.F.);
#928=ORIENTED_EDGE('',*,*,#1161,.F.);
#929=ORIENTED_EDGE('',*,*,#1159,.F.);
#930=ORIENTED_EDGE('',*,*,#1172,.F.);
#931=ORIENTED_EDGE('',*,*,#1171,.F.);
#932=ORIENTED_EDGE('',*,*,#1169,.F.);
#933=ORIENTED_EDGE('',*,*,#1167,.F.);
#934=ORIENTED_EDGE('',*,*,#1180,.F.);
#935=ORIENTED_EDGE('',*,*,#1179,.F.);
#936=ORIENTED_EDGE('',*,*,#1177,.F.);
#937=ORIENTED_EDGE('',*,*,#1175,.F.);
#938=ORIENTED_EDGE('',*,*,#1188,.F.);
#939=ORIENTED_EDGE('',*,*,#1187,.F.);
#940=ORIENTED_EDGE('',*,*,#1185,.F.);
#941=ORIENTED_EDGE('',*,*,#1183,.F.);
#942=ORIENTED_EDGE('',*,*,#1196,.F.);
#943=ORIENTED_EDGE('',*,*,#1195,.F.);
#944=ORIENTED_EDGE('',*,*,#1193,.F.);
#945=ORIENTED_EDGE('',*,*,#1191,.F.);
#946=ORIENTED_EDGE('',*,*,#1204,.F.);
#947=ORIENTED_EDGE('',*,*,#1203,.F.);
#948=ORIENTED_EDGE('',*,*,#1201,.F.);
#949=ORIENTED_EDGE('',*,*,#1199,.F.);
#950=ORIENTED_EDGE('',*,*,#1212,.F.);
#951=ORIENTED_EDGE('',*,*,#1211,.F.);
#952=ORIENTED_EDGE('',*,*,#1209,.F.);
#953=ORIENTED_EDGE('',*,*,#1207,.F.);
#954=ORIENTED_EDGE('',*,*,#1220,.F.);
#955=ORIENTED_EDGE('',*,*,#1219,.F.);
#956=ORIENTED_EDGE('',*,*,#1217,.F.);
#957=ORIENTED_EDGE('',*,*,#1215,.F.);
#958=ORIENTED_EDGE('',*,*,#1228,.F.);
#959=ORIENTED_EDGE('',*,*,#1227,.F.);
#960=ORIENTED_EDGE('',*,*,#1225,.F.);
#961=ORIENTED_EDGE('',*,*,#1223,.F.);
#962=ORIENTED_EDGE('',*,*,#1236,.F.);
#963=ORIENTED_EDGE('',*,*,#1235,.F.);
#964=ORIENTED_EDGE('',*,*,#1233,.F.);
#965=ORIENTED_EDGE('',*,*,#1231,.F.);
#966=ORIENTED_EDGE('',*,*,#1244,.F.);
#967=ORIENTED_EDGE('',*,*,#1243,.F.);
#968=ORIENTED_EDGE('',*,*,#1241,.F.);
#969=ORIENTED_EDGE('',*,*,#1239,.F.);
#970=ORIENTED_EDGE('',*,*,#1252,.F.);
#971=ORIENTED_EDGE('',*,*,#1251,.F.);
#972=ORIENTED_EDGE('',*,*,#1249,.F.);
#973=ORIENTED_EDGE('',*,*,#1247,.F.);
#974=ORIENTED_EDGE('',*,*,#1260,.F.);
#975=ORIENTED_EDGE('',*,*,#1259,.F.);
#976=ORIENTED_EDGE('',*,*,#1257,.F.);
#977=ORIENTED_EDGE('',*,*,#1255,.F.);
#978=ORIENTED_EDGE('',*,*,#1268,.F.);
#979=ORIENTED_EDGE('',*,*,#1267,.F.);
#980=ORIENTED_EDGE('',*,*,#1265,.F.);
#981=ORIENTED_EDGE('',*,*,#1263,.F.);
#982=ORIENTED_EDGE('',*,*,#1276,.F.);
#983=ORIENTED_EDGE('',*,*,#1275,.F.);
#984=ORIENTED_EDGE('',*,*,#1273,.F.);
#985=ORIENTED_EDGE('',*,*,#1271,.F.);
#986=ORIENTED_EDGE('',*,*,#1284,.F.);
#987=ORIENTED_EDGE('',*,*,#1283,.F.);
#988=ORIENTED_EDGE('',*,*,#1281,.F.);
#989=ORIENTED_EDGE('',*,*,#1279,.F.);
#990=ORIENTED_EDGE('',*,*,#1292,.F.);
#991=ORIENTED_EDGE('',*,*,#1291,.F.);
#992=ORIENTED_EDGE('',*,*,#1289,.F.);
#993=ORIENTED_EDGE('',*,*,#1287,.F.);
#994=ORIENTED_EDGE('',*,*,#1300,.F.);
#995=ORIENTED_EDGE('',*,*,#1299,.F.);
#996=ORIENTED_EDGE('',*,*,#1297,.F.);
#997=ORIENTED_EDGE('',*,*,#1295,.F.);
#998=ORIENTED_EDGE('',*,*,#1308,.F.);
#999=ORIENTED_EDGE('',*,*,#1307,.F.);
#1000=ORIENTED_EDGE('',*,*,#1305,.F.);
#1001=ORIENTED_EDGE('',*,*,#1303,.F.);
#1002=ORIENTED_EDGE('',*,*,#1316,.F.);
#1003=ORIENTED_EDGE('',*,*,#1315,.F.);
#1004=ORIENTED_EDGE('',*,*,#1313,.F.);
#1005=ORIENTED_EDGE('',*,*,#1311,.F.);
#1006=ORIENTED_EDGE('',*,*,#1324,.F.);
#1007=ORIENTED_EDGE('',*,*,#1323,.F.);
#1008=ORIENTED_EDGE('',*,*,#1321,.F.);
#1009=ORIENTED_EDGE('',*,*,#1319,.F.);
#1010=ORIENTED_EDGE('',*,*,#1332,.F.);
#1011=ORIENTED_EDGE('',*,*,#1331,.F.);
#1012=ORIENTED_EDGE('',*,*,#1329,.F.);
#1013=ORIENTED_EDGE('',*,*,#1327,.F.);
#1014=ORIENTED_EDGE('',*,*,#1340,.F.);
#1015=ORIENTED_EDGE('',*,*,#1339,.F.);
#1016=EDGE_CURVE('',#1348,#1348,#1571,.T.);
#1017=EDGE_CURVE('',#1349,#1350,#1572,.T.);
#1018=EDGE_CURVE('',#1349,#1351,#1573,.T.);
#1019=EDGE_CURVE('',#1352,#1351,#1574,.T.);
#1020=EDGE_CURVE('',#1353,#1352,#1575,.T.);
#1021=EDGE_CURVE('',#1354,#1353,#1576,.T.);
#1022=EDGE_CURVE('',#1354,#1355,#1577,.T.);
#1023=EDGE_CURVE('',#1356,#1355,#1578,.T.);
#1024=EDGE_CURVE('',#1357,#1356,#1579,.T.);
#1025=EDGE_CURVE('',#1358,#1357,#1580,.T.);
#1026=EDGE_CURVE('',#1358,#1359,#1581,.T.);
#1027=EDGE_CURVE('',#1360,#1359,#1582,.T.);
#1028=EDGE_CURVE('',#1361,#1360,#1583,.T.);
#1029=EDGE_CURVE('',#1362,#1361,#1584,.T.);
#1030=EDGE_CURVE('',#1362,#1363,#1585,.T.);
#1031=EDGE_CURVE('',#1364,#1363,#1586,.T.);
#1032=EDGE_CURVE('',#1365,#1364,#1587,.T.);
#1033=EDGE_CURVE('',#1366,#1365,#1588,.T.);
#1034=EDGE_CURVE('',#1366,#1367,#1589,.T.);
#1035=EDGE_CURVE('',#1368,#1367,#1590,.T.);
#1036=EDGE_CURVE('',#1369,#1368,#1591,.T.);
#1037=EDGE_CURVE('',#1370,#1369,#1592,.T.);
#1038=EDGE_CURVE('',#1370,#1371,#1593,.T.);
#1039=EDGE_CURVE('',#1372,#1371,#1594,.T.);
#1040=EDGE_CURVE('',#1373,#1372,#1595,.T.);
#1041=EDGE_CURVE('',#1374,#1373,#1596,.T.);
#1042=EDGE_CURVE('',#1374,#1375,#1597,.T.);
#1043=EDGE_CURVE('',#1376,#1375,#1598,.T.);
#1044=EDGE_CURVE('',#1377,#1376,#1599,.T.);
#1045=EDGE_CURVE('',#1378,#1377,#1600,.T.);
#1046=EDGE_CURVE('',#1378,#1379,#1601,.T.);
#1047=EDGE_CURVE('',#1380,#1379,#1602,.T.);
#1048=EDGE_CURVE('',#1381,#1380,#1603,.T.);
#1049=EDGE_CURVE('',#1382,#1381,#1604,.T.);
#1050=EDGE_CURVE('',#1382,#1383,#1605,.T.);
#1051=EDGE_CURVE('',#1384,#1383,#1606,.T.);
#1052=EDGE_CURVE('',#1385,#1384,#1607,.T.);
#1053=EDGE_CURVE('',#1386,#1385,#1608,.T.);
#1054=EDGE_CURVE('',#1386,#1387,#1609,.T.);
#1055=EDGE_CURVE('',#1388,#1387,#1610,.T.);
#1056=EDGE_CURVE('',#1389,#1388,#1611,.T.);
#1057=EDGE_CURVE('',#1390,#1389,#1612,.T.);
#1058=EDGE_CURVE('',#1390,#1391,#1613,.T.);
#1059=EDGE_CURVE('',#1392,#1391,#1614,.T.);
#1060=EDGE_CURVE('',#1393,#1392,#1615,.T.);
#1061=EDGE_CURVE('',#1394,#1393,#1616,.T.);
#1062=EDGE_CURVE('',#1394,#1395,#1617,.T.);
#1063=EDGE_CURVE('',#1396,#1395,#1618,.T.);
#1064=EDGE_CURVE('',#1397,#1396,#1619,.T.);
#1065=EDGE_CURVE('',#1398,#1397,#1620,.T.);
#1066=EDGE_CURVE('',#1398,#1399,#1621,.T.);
#1067=EDGE_CURVE('',#1400,#1399,#1622,.T.);
#1068=EDGE_CURVE('',#1401,#1400,#1623,.T.);
#1069=EDGE_CURVE('',#1402,#1401,#1624,.T.);
#1070=EDGE_CURVE('',#1402,#1403,#1625,.T.);
#1071=EDGE_CURVE('',#1404,#1403,#1626,.T.);
#1072=EDGE_CURVE('',#1405,#1404,#1627,.T.);
#1073=EDGE_CURVE('',#1406,#1405,#1628,.T.);
#1074=EDGE_CURVE('',#1406,#1407,#1629,.T.);
#1075=EDGE_CURVE('',#1408,#1407,#1630,.T.);
#1076=EDGE_CURVE('',#1409,#1408,#1631,.T.);
#1077=EDGE_CURVE('',#1410,#1409,#1632,.T.);
#1078=EDGE_CURVE('',#1410,#1411,#1633,.T.);
#1079=EDGE_CURVE('',#1412,#1411,#1634,.T.);
#1080=EDGE_CURVE('',#1413,#1412,#1635,.T.);
#1081=EDGE_CURVE('',#1414,#1413,#1636,.T.);
#1082=EDGE_CURVE('',#1414,#1415,#1637,.T.);
#1083=EDGE_CURVE('',#1416,#1415,#1638,.T.);
#1084=EDGE_CURVE('',#1417,#1416,#1639,.T.);
#1085=EDGE_CURVE('',#1418,#1417,#1640,.T.);
#1086=EDGE_CURVE('',#1418,#1419,#1641,.T.);
#1087=EDGE_CURVE('',#1420,#1419,#1642,.T.);
#1088=EDGE_CURVE('',#1421,#1420,#1643,.T.);
#1089=EDGE_CURVE('',#1422,#1421,#1644,.T.);
#1090=EDGE_CURVE('',#1422,#1423,#1645,.T.);
#1091=EDGE_CURVE('',#1424,#1423,#1646,.T.);
#1092=EDGE_CURVE('',#1425,#1424,#1647,.T.);
#1093=EDGE_CURVE('',#1426,#1425,#1648,.T.);
#1094=EDGE_CURVE('',#1426,#1427,#1649,.T.);
#1095=EDGE_CURVE('',#1428,#1427,#1650,.T.);
#1096=EDGE_CURVE('',#1429,#1428,#1651,.T.);
#1097=EDGE_CURVE('',#1430,#1429,#1652,.T.);
#1098=EDGE_CURVE('',#1430,#1431,#1653,.T.);
#1099=EDGE_CURVE('',#1432,#1431,#1654,.T.);
#1100=EDGE_CURVE('',#1433,#1432,#1655,.T.);
#1101=EDGE_CURVE('',#1434,#1433,#1656,.T.);
#1102=EDGE_CURVE('',#1434,#1435,#1657,.T.);
#1103=EDGE_CURVE('',#1436,#1435,#1658,.T.);
#1104=EDGE_CURVE('',#1437,#1436,#1659,.T.);
#1105=EDGE_CURVE('',#1438,#1437,#1660,.T.);
#1106=EDGE_CURVE('',#1438,#1439,#1661,.T.);
#1107=EDGE_CURVE('',#1440,#1439,#1662,.T.);
#1108=EDGE_CURVE('',#1441,#1440,#1663,.T.);
#1109=EDGE_CURVE('',#1442,#1441,#1664,.T.);
#1110=EDGE_CURVE('',#1442,#1443,#1665,.T.);
#1111=EDGE_CURVE('',#1444,#1443,#1666,.T.);
#1112=EDGE_CURVE('',#1445,#1444,#1667,.T.);
#1113=EDGE_CURVE('',#1446,#1445,#1668,.T.);
#1114=EDGE_CURVE('',#1446,#1447,#1669,.T.);
#1115=EDGE_CURVE('',#1448,#1447,#1670,.T.);
#1116=EDGE_CURVE('',#1350,#1448,#1671,.T.);
#1117=EDGE_CURVE('',#1449,#1450,#1672,.T.);
#1118=EDGE_CURVE('',#1451,#1449,#23,.T.);
#1119=EDGE_CURVE('',#1451,#1452,#1673,.T.);
#1120=EDGE_CURVE('',#1452,#1450,#24,.T.);
#1121=EDGE_CURVE('',#1453,#1449,#25,.T.);
#1122=EDGE_CURVE('',#1454,#1453,#26,.T.);
#1123=EDGE_CURVE('',#1454,#1451,#27,.T.);
#1124=EDGE_CURVE('',#1453,#1455,#1674,.F.);
#1125=EDGE_CURVE('',#1456,#1455,#28,.T.);
#1126=EDGE_CURVE('',#1456,#1454,#1675,.T.);
#1127=EDGE_CURVE('',#1457,#1457,#1676,.T.);
#1128=EDGE_CURVE('',#1455,#1458,#29,.T.);
#1129=EDGE_CURVE('',#1459,#1458,#30,.T.);
#1130=EDGE_CURVE('',#1456,#1459,#31,.T.);
#1131=EDGE_CURVE('',#1450,#1458,#1677,.T.);
#1132=EDGE_CURVE('',#1452,#1459,#1678,.T.);
#1133=EDGE_CURVE('',#1460,#1460,#1679,.T.);
#1134=EDGE_CURVE('',#1461,#1461,#1680,.F.);
#1135=EDGE_CURVE('',#1462,#1463,#20,.T.);
#1136=EDGE_CURVE('',#1464,#1462,#1681,.T.);
#1137=EDGE_CURVE('',#1464,#1465,#32,.F.);
#1138=EDGE_CURVE('',#1466,#1465,#21,.F.);
#1139=EDGE_CURVE('',#1466,#1463,#1682,.T.);
#1140=EDGE_CURVE('',#1467,#1468,#14,.T.);
#1141=EDGE_CURVE('',#1468,#1464,#33,.T.);
#1142=EDGE_CURVE('',#1462,#1467,#15,.T.);
#1143=EDGE_CURVE('',#1466,#1469,#16,.T.);
#1144=EDGE_CURVE('',#1469,#1463,#17,.F.);
#1145=EDGE_CURVE('',#1470,#1470,#1683,.T.);
#1146=EDGE_CURVE('',#1468,#1465,#34,.F.);
#1147=EDGE_CURVE('',#1467,#1469,#22,.T.);
#1148=EDGE_CURVE('',#1420,#1471,#35,.T.);
#1149=EDGE_CURVE('',#1419,#1472,#36,.T.);
#1150=EDGE_CURVE('',#1472,#1471,#1684,.T.);
#1151=EDGE_CURVE('',#1421,#1473,#37,.T.);
#1152=EDGE_CURVE('',#1471,#1473,#1685,.T.);
#1153=EDGE_CURVE('',#1422,#1474,#38,.T.);
#1154=EDGE_CURVE('',#1473,#1474,#1686,.T.);
#1155=EDGE_CURVE('',#1474,#1475,#1687,.F.);
#1156=EDGE_CURVE('',#1423,#1475,#39,.T.);
#1157=EDGE_CURVE('',#1416,#1476,#40,.T.);
#1158=EDGE_CURVE('',#1415,#1477,#41,.T.);
#1159=EDGE_CURVE('',#1477,#1476,#1688,.T.);
#1160=EDGE_CURVE('',#1417,#1478,#42,.T.);
#1161=EDGE_CURVE('',#1476,#1478,#1689,.T.);
#1162=EDGE_CURVE('',#1418,#1479,#43,.T.);
#1163=EDGE_CURVE('',#1478,#1479,#1690,.T.);
#1164=EDGE_CURVE('',#1479,#1472,#1691,.F.);
#1165=EDGE_CURVE('',#1412,#1480,#44,.T.);
#1166=EDGE_CURVE('',#1411,#1481,#45,.T.);
#1167=EDGE_CURVE('',#1481,#1480,#1692,.T.);
#1168=EDGE_CURVE('',#1413,#1482,#46,.T.);
#1169=EDGE_CURVE('',#1480,#1482,#1693,.T.);
#1170=EDGE_CURVE('',#1414,#1483,#47,.T.);
#1171=EDGE_CURVE('',#1482,#1483,#1694,.T.);
#1172=EDGE_CURVE('',#1483,#1477,#1695,.F.);
#1173=EDGE_CURVE('',#1408,#1484,#48,.T.);
#1174=EDGE_CURVE('',#1407,#1485,#49,.T.);
#1175=EDGE_CURVE('',#1485,#1484,#1696,.T.);
#1176=EDGE_CURVE('',#1409,#1486,#50,.T.);
#1177=EDGE_CURVE('',#1484,#1486,#1697,.T.);
#1178=EDGE_CURVE('',#1410,#1487,#51,.T.);
#1179=EDGE_CURVE('',#1486,#1487,#1698,.T.);
#1180=EDGE_CURVE('',#1487,#1481,#1699,.F.);
#1181=EDGE_CURVE('',#1404,#1488,#52,.T.);
#1182=EDGE_CURVE('',#1403,#1489,#53,.T.);
#1183=EDGE_CURVE('',#1489,#1488,#1700,.T.);
#1184=EDGE_CURVE('',#1405,#1490,#54,.T.);
#1185=EDGE_CURVE('',#1488,#1490,#1701,.T.);
#1186=EDGE_CURVE('',#1406,#1491,#55,.T.);
#1187=EDGE_CURVE('',#1490,#1491,#1702,.T.);
#1188=EDGE_CURVE('',#1491,#1485,#1703,.F.);
#1189=EDGE_CURVE('',#1400,#1492,#56,.T.);
#1190=EDGE_CURVE('',#1399,#1493,#57,.T.);
#1191=EDGE_CURVE('',#1493,#1492,#1704,.T.);
#1192=EDGE_CURVE('',#1401,#1494,#58,.T.);
#1193=EDGE_CURVE('',#1492,#1494,#1705,.T.);
#1194=EDGE_CURVE('',#1402,#1495,#59,.T.);
#1195=EDGE_CURVE('',#1494,#1495,#1706,.T.);
#1196=EDGE_CURVE('',#1495,#1489,#1707,.F.);
#1197=EDGE_CURVE('',#1396,#1496,#60,.T.);
#1198=EDGE_CURVE('',#1395,#1497,#61,.T.);
#1199=EDGE_CURVE('',#1497,#1496,#1708,.T.);
#1200=EDGE_CURVE('',#1397,#1498,#62,.T.);
#1201=EDGE_CURVE('',#1496,#1498,#1709,.T.);
#1202=EDGE_CURVE('',#1398,#1499,#63,.T.);
#1203=EDGE_CURVE('',#1498,#1499,#1710,.T.);
#1204=EDGE_CURVE('',#1499,#1493,#1711,.F.);
#1205=EDGE_CURVE('',#1392,#1500,#64,.T.);
#1206=EDGE_CURVE('',#1391,#1501,#65,.T.);
#1207=EDGE_CURVE('',#1501,#1500,#1712,.T.);
#1208=EDGE_CURVE('',#1393,#1502,#66,.T.);
#1209=EDGE_CURVE('',#1500,#1502,#1713,.T.);
#1210=EDGE_CURVE('',#1394,#1503,#67,.T.);
#1211=EDGE_CURVE('',#1502,#1503,#1714,.T.);
#1212=EDGE_CURVE('',#1503,#1497,#1715,.F.);
#1213=EDGE_CURVE('',#1388,#1504,#68,.T.);
#1214=EDGE_CURVE('',#1387,#1505,#69,.T.);
#1215=EDGE_CURVE('',#1505,#1504,#1716,.T.);
#1216=EDGE_CURVE('',#1389,#1506,#70,.T.);
#1217=EDGE_CURVE('',#1504,#1506,#1717,.T.);
#1218=EDGE_CURVE('',#1390,#1507,#71,.T.);
#1219=EDGE_CURVE('',#1506,#1507,#1718,.T.);
#1220=EDGE_CURVE('',#1507,#1501,#1719,.F.);
#1221=EDGE_CURVE('',#1384,#1508,#72,.T.);
#1222=EDGE_CURVE('',#1383,#1509,#73,.T.);
#1223=EDGE_CURVE('',#1509,#1508,#1720,.T.);
#1224=EDGE_CURVE('',#1385,#1510,#74,.T.);
#1225=EDGE_CURVE('',#1508,#1510,#1721,.T.);
#1226=EDGE_CURVE('',#1386,#1511,#75,.T.);
#1227=EDGE_CURVE('',#1510,#1511,#1722,.T.);
#1228=EDGE_CURVE('',#1511,#1505,#1723,.F.);
#1229=EDGE_CURVE('',#1380,#1512,#76,.T.);
#1230=EDGE_CURVE('',#1379,#1513,#77,.T.);
#1231=EDGE_CURVE('',#1513,#1512,#1724,.T.);
#1232=EDGE_CURVE('',#1381,#1514,#78,.T.);
#1233=EDGE_CURVE('',#1512,#1514,#1725,.T.);
#1234=EDGE_CURVE('',#1382,#1515,#79,.T.);
#1235=EDGE_CURVE('',#1514,#1515,#1726,.T.);
#1236=EDGE_CURVE('',#1515,#1509,#1727,.F.);
#1237=EDGE_CURVE('',#1376,#1516,#80,.T.);
#1238=EDGE_CURVE('',#1375,#1517,#81,.T.);
#1239=EDGE_CURVE('',#1517,#1516,#1728,.T.);
#1240=EDGE_CURVE('',#1377,#1518,#82,.T.);
#1241=EDGE_CURVE('',#1516,#1518,#1729,.T.);
#1242=EDGE_CURVE('',#1378,#1519,#83,.T.);
#1243=EDGE_CURVE('',#1518,#1519,#1730,.T.);
#1244=EDGE_CURVE('',#1519,#1513,#1731,.F.);
#1245=EDGE_CURVE('',#1372,#1520,#84,.T.);
#1246=EDGE_CURVE('',#1371,#1521,#85,.T.);
#1247=EDGE_CURVE('',#1521,#1520,#1732,.T.);
#1248=EDGE_CURVE('',#1373,#1522,#86,.T.);
#1249=EDGE_CURVE('',#1520,#1522,#1733,.T.);
#1250=EDGE_CURVE('',#1374,#1523,#87,.T.);
#1251=EDGE_CURVE('',#1522,#1523,#1734,.T.);
#1252=EDGE_CURVE('',#1523,#1517,#1735,.F.);
#1253=EDGE_CURVE('',#1368,#1524,#88,.T.);
#1254=EDGE_CURVE('',#1367,#1525,#89,.T.);
#1255=EDGE_CURVE('',#1525,#1524,#1736,.T.);
#1256=EDGE_CURVE('',#1369,#1526,#90,.T.);
#1257=EDGE_CURVE('',#1524,#1526,#1737,.T.);
#1258=EDGE_CURVE('',#1370,#1527,#91,.T.);
#1259=EDGE_CURVE('',#1526,#1527,#1738,.T.);
#1260=EDGE_CURVE('',#1527,#1521,#1739,.F.);
#1261=EDGE_CURVE('',#1364,#1528,#92,.T.);
#1262=EDGE_CURVE('',#1363,#1529,#93,.T.);
#1263=EDGE_CURVE('',#1529,#1528,#1740,.T.);
#1264=EDGE_CURVE('',#1365,#1530,#94,.T.);
#1265=EDGE_CURVE('',#1528,#1530,#1741,.T.);
#1266=EDGE_CURVE('',#1366,#1531,#95,.T.);
#1267=EDGE_CURVE('',#1530,#1531,#1742,.T.);
#1268=EDGE_CURVE('',#1531,#1525,#1743,.F.);
#1269=EDGE_CURVE('',#1360,#1532,#96,.T.);
#1270=EDGE_CURVE('',#1359,#1533,#97,.T.);
#1271=EDGE_CURVE('',#1533,#1532,#1744,.T.);
#1272=EDGE_CURVE('',#1361,#1534,#98,.T.);
#1273=EDGE_CURVE('',#1532,#1534,#1745,.T.);
#1274=EDGE_CURVE('',#1362,#1535,#99,.T.);
#1275=EDGE_CURVE('',#1534,#1535,#1746,.T.);
#1276=EDGE_CURVE('',#1535,#1529,#1747,.F.);
#1277=EDGE_CURVE('',#1356,#1536,#100,.T.);
#1278=EDGE_CURVE('',#1355,#1537,#101,.T.);
#1279=EDGE_CURVE('',#1537,#1536,#1748,.T.);
#1280=EDGE_CURVE('',#1357,#1538,#102,.T.);
#1281=EDGE_CURVE('',#1536,#1538,#1749,.T.);
#1282=EDGE_CURVE('',#1358,#1539,#103,.T.);
#1283=EDGE_CURVE('',#1538,#1539,#1750,.T.);
#1284=EDGE_CURVE('',#1539,#1533,#1751,.F.);
#1285=EDGE_CURVE('',#1352,#1540,#104,.T.);
#1286=EDGE_CURVE('',#1351,#1541,#105,.T.);
#1287=EDGE_CURVE('',#1541,#1540,#1752,.T.);
#1288=EDGE_CURVE('',#1353,#1542,#106,.T.);
#1289=EDGE_CURVE('',#1540,#1542,#1753,.T.);
#1290=EDGE_CURVE('',#1354,#1543,#107,.T.);
#1291=EDGE_CURVE('',#1542,#1543,#1754,.T.);
#1292=EDGE_CURVE('',#1543,#1537,#1755,.F.);
#1293=EDGE_CURVE('',#1448,#1544,#108,.T.);
#1294=EDGE_CURVE('',#1447,#1545,#109,.T.);
#1295=EDGE_CURVE('',#1545,#1544,#1756,.T.);
#1296=EDGE_CURVE('',#1350,#1546,#110,.T.);
#1297=EDGE_CURVE('',#1544,#1546,#1757,.T.);
#1298=EDGE_CURVE('',#1349,#1547,#111,.T.);
#1299=EDGE_CURVE('',#1546,#1547,#1758,.T.);
#1300=EDGE_CURVE('',#1547,#1541,#1759,.F.);
#1301=EDGE_CURVE('',#1444,#1548,#112,.T.);
#1302=EDGE_CURVE('',#1443,#1549,#113,.T.);
#1303=EDGE_CURVE('',#1549,#1548,#1760,.T.);
#1304=EDGE_CURVE('',#1445,#1550,#114,.T.);
#1305=EDGE_CURVE('',#1548,#1550,#1761,.T.);
#1306=EDGE_CURVE('',#1446,#1551,#115,.T.);
#1307=EDGE_CURVE('',#1550,#1551,#1762,.T.);
#1308=EDGE_CURVE('',#1551,#1545,#1763,.F.);
#1309=EDGE_CURVE('',#1440,#1552,#116,.T.);
#1310=EDGE_CURVE('',#1439,#1553,#117,.T.);
#1311=EDGE_CURVE('',#1553,#1552,#1764,.T.);
#1312=EDGE_CURVE('',#1441,#1554,#118,.T.);
#1313=EDGE_CURVE('',#1552,#1554,#1765,.T.);
#1314=EDGE_CURVE('',#1442,#1555,#119,.T.);
#1315=EDGE_CURVE('',#1554,#1555,#1766,.T.);
#1316=EDGE_CURVE('',#1555,#1549,#1767,.F.);
#1317=EDGE_CURVE('',#1436,#1556,#120,.T.);
#1318=EDGE_CURVE('',#1435,#1557,#121,.T.);
#1319=EDGE_CURVE('',#1557,#1556,#1768,.T.);
#1320=EDGE_CURVE('',#1437,#1558,#122,.T.);
#1321=EDGE_CURVE('',#1556,#1558,#1769,.T.);
#1322=EDGE_CURVE('',#1438,#1559,#123,.T.);
#1323=EDGE_CURVE('',#1558,#1559,#1770,.T.);
#1324=EDGE_CURVE('',#1559,#1553,#1771,.F.);
#1325=EDGE_CURVE('',#1432,#1560,#124,.T.);
#1326=EDGE_CURVE('',#1431,#1561,#125,.T.);
#1327=EDGE_CURVE('',#1561,#1560,#1772,.T.);
#1328=EDGE_CURVE('',#1433,#1562,#126,.T.);
#1329=EDGE_CURVE('',#1560,#1562,#1773,.T.);
#1330=EDGE_CURVE('',#1434,#1563,#127,.T.);
#1331=EDGE_CURVE('',#1562,#1563,#1774,.T.);
#1332=EDGE_CURVE('',#1563,#1557,#1775,.F.);
#1333=EDGE_CURVE('',#1428,#1564,#128,.T.);
#1334=EDGE_CURVE('',#1427,#1565,#129,.T.);
#1335=EDGE_CURVE('',#1565,#1564,#1776,.T.);
#1336=EDGE_CURVE('',#1429,#1566,#130,.T.);
#1337=EDGE_CURVE('',#1564,#1566,#1777,.T.);
#1338=EDGE_CURVE('',#1430,#1567,#131,.T.);
#1339=EDGE_CURVE('',#1566,#1567,#1778,.T.);
#1340=EDGE_CURVE('',#1567,#1561,#1779,.F.);
#1341=EDGE_CURVE('',#1424,#1568,#132,.T.);
#1342=EDGE_CURVE('',#1475,#1568,#1780,.T.);
#1343=EDGE_CURVE('',#1425,#1569,#133,.T.);
#1344=EDGE_CURVE('',#1568,#1569,#1781,.T.);
#1345=EDGE_CURVE('',#1426,#1570,#134,.T.);
#1346=EDGE_CURVE('',#1569,#1570,#1782,.T.);
#1347=EDGE_CURVE('',#1570,#1565,#1783,.F.);
#1348=VERTEX_POINT('',#3273);
#1349=VERTEX_POINT('',#3275);
#1350=VERTEX_POINT('',#3276);
#1351=VERTEX_POINT('',#3278);
#1352=VERTEX_POINT('',#3280);
#1353=VERTEX_POINT('',#3282);
#1354=VERTEX_POINT('',#3284);
#1355=VERTEX_POINT('',#3286);
#1356=VERTEX_POINT('',#3288);
#1357=VERTEX_POINT('',#3290);
#1358=VERTEX_POINT('',#3292);
#1359=VERTEX_POINT('',#3294);
#1360=VERTEX_POINT('',#3296);
#1361=VERTEX_POINT('',#3298);
#1362=VERTEX_POINT('',#3300);
#1363=VERTEX_POINT('',#3302);
#1364=VERTEX_POINT('',#3304);
#1365=VERTEX_POINT('',#3306);
#1366=VERTEX_POINT('',#3308);
#1367=VERTEX_POINT('',#3310);
#1368=VERTEX_POINT('',#3312);
#1369=VERTEX_POINT('',#3314);
#1370=VERTEX_POINT('',#3316);
#1371=VERTEX_POINT('',#3318);
#1372=VERTEX_POINT('',#3320);
#1373=VERTEX_POINT('',#3322);
#1374=VERTEX_POINT('',#3324);
#1375=VERTEX_POINT('',#3326);
#1376=VERTEX_POINT('',#3328);
#1377=VERTEX_POINT('',#3330);
#1378=VERTEX_POINT('',#3332);
#1379=VERTEX_POINT('',#3334);
#1380=VERTEX_POINT('',#3336);
#1381=VERTEX_POINT('',#3338);
#1382=VERTEX_POINT('',#3340);
#1383=VERTEX_POINT('',#3342);
#1384=VERTEX_POINT('',#3344);
#1385=VERTEX_POINT('',#3346);
#1386=VERTEX_POINT('',#3348);
#1387=VERTEX_POINT('',#3350);
#1388=VERTEX_POINT('',#3352);
#1389=VERTEX_POINT('',#3354);
#1390=VERTEX_POINT('',#3356);
#1391=VERTEX_POINT('',#3358);
#1392=VERTEX_POINT('',#3360);
#1393=VERTEX_POINT('',#3362);
#1394=VERTEX_POINT('',#3364);
#1395=VERTEX_POINT('',#3366);
#1396=VERTEX_POINT('',#3368);
#1397=VERTEX_POINT('',#3370);
#1398=VERTEX_POINT('',#3372);
#1399=VERTEX_POINT('',#3374);
#1400=VERTEX_POINT('',#3376);
#1401=VERTEX_POINT('',#3378);
#1402=VERTEX_POINT('',#3380);
#1403=VERTEX_POINT('',#3382);
#1404=VERTEX_POINT('',#3384);
#1405=VERTEX_POINT('',#3386);
#1406=VERTEX_POINT('',#3388);
#1407=VERTEX_POINT('',#3390);
#1408=VERTEX_POINT('',#3392);
#1409=VERTEX_POINT('',#3394);
#1410=VERTEX_POINT('',#3396);
#1411=VERTEX_POINT('',#3398);
#1412=VERTEX_POINT('',#3400);
#1413=VERTEX_POINT('',#3402);
#1414=VERTEX_POINT('',#3404);
#1415=VERTEX_POINT('',#3406);
#1416=VERTEX_POINT('',#3408);
#1417=VERTEX_POINT('',#3410);
#1418=VERTEX_POINT('',#3412);
#1419=VERTEX_POINT('',#3414);
#1420=VERTEX_POINT('',#3416);
#1421=VERTEX_POINT('',#3418);
#1422=VERTEX_POINT('',#3420);
#1423=VERTEX_POINT('',#3422);
#1424=VERTEX_POINT('',#3424);
#1425=VERTEX_POINT('',#3426);
#1426=VERTEX_POINT('',#3428);
#1427=VERTEX_POINT('',#3430);
#1428=VERTEX_POINT('',#3432);
#1429=VERTEX_POINT('',#3434);
#1430=VERTEX_POINT('',#3436);
#1431=VERTEX_POINT('',#3438);
#1432=VERTEX_POINT('',#3440);
#1433=VERTEX_POINT('',#3442);
#1434=VERTEX_POINT('',#3444);
#1435=VERTEX_POINT('',#3446);
#1436=VERTEX_POINT('',#3448);
#1437=VERTEX_POINT('',#3450);
#1438=VERTEX_POINT('',#3452);
#1439=VERTEX_POINT('',#3454);
#1440=VERTEX_POINT('',#3456);
#1441=VERTEX_POINT('',#3458);
#1442=VERTEX_POINT('',#3460);
#1443=VERTEX_POINT('',#3462);
#1444=VERTEX_POINT('',#3464);
#1445=VERTEX_POINT('',#3466);
#1446=VERTEX_POINT('',#3468);
#1447=VERTEX_POINT('',#3470);
#1448=VERTEX_POINT('',#3472);
#1449=VERTEX_POINT('',#3476);
#1450=VERTEX_POINT('',#3477);
#1451=VERTEX_POINT('',#3479);
#1452=VERTEX_POINT('',#3481);
#1453=VERTEX_POINT('',#3485);
#1454=VERTEX_POINT('',#3487);
#1455=VERTEX_POINT('',#3491);
#1456=VERTEX_POINT('',#3493);
#1457=VERTEX_POINT('',#3496);
#1458=VERTEX_POINT('',#3499);
#1459=VERTEX_POINT('',#3501);
#1460=VERTEX_POINT('',#3508);
#1461=VERTEX_POINT('',#3511);
#1462=VERTEX_POINT('',#3731);
#1463=VERTEX_POINT('',#3732);
#1464=VERTEX_POINT('',#3734);
#1465=VERTEX_POINT('',#3736);
#1466=VERTEX_POINT('',#3954);
#1467=VERTEX_POINT('',#3961);
#1468=VERTEX_POINT('',#3962);
#1469=VERTEX_POINT('',#3982);
#1470=VERTEX_POINT('',#3989);
#1471=VERTEX_POINT('',#4952);
#1472=VERTEX_POINT('',#4954);
#1473=VERTEX_POINT('',#4958);
#1474=VERTEX_POINT('',#4962);
#1475=VERTEX_POINT('',#4966);
#1476=VERTEX_POINT('',#4970);
#1477=VERTEX_POINT('',#4972);
#1478=VERTEX_POINT('',#4976);
#1479=VERTEX_POINT('',#4980);
#1480=VERTEX_POINT('',#4986);
#1481=VERTEX_POINT('',#4988);
#1482=VERTEX_POINT('',#4992);
#1483=VERTEX_POINT('',#4996);
#1484=VERTEX_POINT('',#5002);
#1485=VERTEX_POINT('',#5004);
#1486=VERTEX_POINT('',#5008);
#1487=VERTEX_POINT('',#5012);
#1488=VERTEX_POINT('',#5018);
#1489=VERTEX_POINT('',#5020);
#1490=VERTEX_POINT('',#5024);
#1491=VERTEX_POINT('',#5028);
#1492=VERTEX_POINT('',#5034);
#1493=VERTEX_POINT('',#5036);
#1494=VERTEX_POINT('',#5040);
#1495=VERTEX_POINT('',#5044);
#1496=VERTEX_POINT('',#5050);
#1497=VERTEX_POINT('',#5052);
#1498=VERTEX_POINT('',#5056);
#1499=VERTEX_POINT('',#5060);
#1500=VERTEX_POINT('',#5066);
#1501=VERTEX_POINT('',#5068);
#1502=VERTEX_POINT('',#5072);
#1503=VERTEX_POINT('',#5076);
#1504=VERTEX_POINT('',#5082);
#1505=VERTEX_POINT('',#5084);
#1506=VERTEX_POINT('',#5088);
#1507=VERTEX_POINT('',#5092);
#1508=VERTEX_POINT('',#5098);
#1509=VERTEX_POINT('',#5100);
#1510=VERTEX_POINT('',#5104);
#1511=VERTEX_POINT('',#5108);
#1512=VERTEX_POINT('',#5114);
#1513=VERTEX_POINT('',#5116);
#1514=VERTEX_POINT('',#5120);
#1515=VERTEX_POINT('',#5124);
#1516=VERTEX_POINT('',#5130);
#1517=VERTEX_POINT('',#5132);
#1518=VERTEX_POINT('',#5136);
#1519=VERTEX_POINT('',#5140);
#1520=VERTEX_POINT('',#5146);
#1521=VERTEX_POINT('',#5148);
#1522=VERTEX_POINT('',#5152);
#1523=VERTEX_POINT('',#5156);
#1524=VERTEX_POINT('',#5162);
#1525=VERTEX_POINT('',#5164);
#1526=VERTEX_POINT('',#5168);
#1527=VERTEX_POINT('',#5172);
#1528=VERTEX_POINT('',#5178);
#1529=VERTEX_POINT('',#5180);
#1530=VERTEX_POINT('',#5184);
#1531=VERTEX_POINT('',#5188);
#1532=VERTEX_POINT('',#5194);
#1533=VERTEX_POINT('',#5196);
#1534=VERTEX_POINT('',#5200);
#1535=VERTEX_POINT('',#5204);
#1536=VERTEX_POINT('',#5210);
#1537=VERTEX_POINT('',#5212);
#1538=VERTEX_POINT('',#5216);
#1539=VERTEX_POINT('',#5220);
#1540=VERTEX_POINT('',#5226);
#1541=VERTEX_POINT('',#5228);
#1542=VERTEX_POINT('',#5232);
#1543=VERTEX_POINT('',#5236);
#1544=VERTEX_POINT('',#5242);
#1545=VERTEX_POINT('',#5244);
#1546=VERTEX_POINT('',#5248);
#1547=VERTEX_POINT('',#5252);
#1548=VERTEX_POINT('',#5258);
#1549=VERTEX_POINT('',#5260);
#1550=VERTEX_POINT('',#5264);
#1551=VERTEX_POINT('',#5268);
#1552=VERTEX_POINT('',#5274);
#1553=VERTEX_POINT('',#5276);
#1554=VERTEX_POINT('',#5280);
#1555=VERTEX_POINT('',#5284);
#1556=VERTEX_POINT('',#5290);
#1557=VERTEX_POINT('',#5292);
#1558=VERTEX_POINT('',#5296);
#1559=VERTEX_POINT('',#5300);
#1560=VERTEX_POINT('',#5306);
#1561=VERTEX_POINT('',#5308);
#1562=VERTEX_POINT('',#5312);
#1563=VERTEX_POINT('',#5316);
#1564=VERTEX_POINT('',#5322);
#1565=VERTEX_POINT('',#5324);
#1566=VERTEX_POINT('',#5328);
#1567=VERTEX_POINT('',#5332);
#1568=VERTEX_POINT('',#5338);
#1569=VERTEX_POINT('',#5342);
#1570=VERTEX_POINT('',#5346);
#1571=CIRCLE('',#2173,0.0013748004);
#1572=CIRCLE('',#2174,0.000465849901079583);
#1573=CIRCLE('',#2175,0.000129185062812672);
#1574=CIRCLE('',#2176,0.000465849901079583);
#1575=CIRCLE('',#2177,9.99999999999948E-6);
#1576=CIRCLE('',#2178,0.000465849901079582);
#1577=CIRCLE('',#2179,0.000129185062812672);
#1578=CIRCLE('',#2180,0.000465849901079583);
#1579=CIRCLE('',#2181,9.99999999999948E-6);
#1580=CIRCLE('',#2182,0.000465849901079583);
#1581=CIRCLE('',#2183,0.000129185062812672);
#1582=CIRCLE('',#2184,0.000465849901079583);
#1583=CIRCLE('',#2185,9.99999999999948E-6);
#1584=CIRCLE('',#2186,0.000465849901079582);
#1585=CIRCLE('',#2187,0.000129185062812672);
#1586=CIRCLE('',#2188,0.000465849901079583);
#1587=CIRCLE('',#2189,9.99999999999948E-6);
#1588=CIRCLE('',#2190,0.000465849901079582);
#1589=CIRCLE('',#2191,0.000129185062812672);
#1590=CIRCLE('',#2192,0.000465849901079583);
#1591=CIRCLE('',#2193,9.99999999999948E-6);
#1592=CIRCLE('',#2194,0.000465849901079583);
#1593=CIRCLE('',#2195,0.000129185062812672);
#1594=CIRCLE('',#2196,0.000465849901079583);
#1595=CIRCLE('',#2197,9.99999999999948E-6);
#1596=CIRCLE('',#2198,0.000465849901079583);
#1597=CIRCLE('',#2199,0.000129185062812672);
#1598=CIRCLE('',#2200,0.000465849901079583);
#1599=CIRCLE('',#2201,9.99999999999948E-6);
#1600=CIRCLE('',#2202,0.000465849901079583);
#1601=CIRCLE('',#2203,0.000129185062812672);
#1602=CIRCLE('',#2204,0.000465849901079583);
#1603=CIRCLE('',#2205,9.99999999999948E-6);
#1604=CIRCLE('',#2206,0.000465849901079583);
#1605=CIRCLE('',#2207,0.000129185062812672);
#1606=CIRCLE('',#2208,0.000465849901079583);
#1607=CIRCLE('',#2209,9.99999999999948E-6);
#1608=CIRCLE('',#2210,0.000465849901079583);
#1609=CIRCLE('',#2211,0.000129185062812672);
#1610=CIRCLE('',#2212,0.000465849901079583);
#1611=CIRCLE('',#2213,9.99999999999948E-6);
#1612=CIRCLE('',#2214,0.000465849901079582);
#1613=CIRCLE('',#2215,0.000129185062812672);
#1614=CIRCLE('',#2216,0.000465849901079583);
#1615=CIRCLE('',#2217,9.99999999999948E-6);
#1616=CIRCLE('',#2218,0.000465849901079583);
#1617=CIRCLE('',#2219,0.000129185062812672);
#1618=CIRCLE('',#2220,0.000465849901079583);
#1619=CIRCLE('',#2221,9.99999999999948E-6);
#1620=CIRCLE('',#2222,0.000465849901079583);
#1621=CIRCLE('',#2223,0.000129185062812672);
#1622=CIRCLE('',#2224,0.000465849901079583);
#1623=CIRCLE('',#2225,9.99999999999948E-6);
#1624=CIRCLE('',#2226,0.000465849901079583);
#1625=CIRCLE('',#2227,0.000129185062812672);
#1626=CIRCLE('',#2228,0.000465849901079582);
#1627=CIRCLE('',#2229,9.99999999999948E-6);
#1628=CIRCLE('',#2230,0.000465849901079583);
#1629=CIRCLE('',#2231,0.000129185062812672);
#1630=CIRCLE('',#2232,0.000465849901079583);
#1631=CIRCLE('',#2233,9.99999999999948E-6);
#1632=CIRCLE('',#2234,0.000465849901079583);
#1633=CIRCLE('',#2235,0.000129185062812672);
#1634=CIRCLE('',#2236,0.000465849901079583);
#1635=CIRCLE('',#2237,9.99999999999948E-6);
#1636=CIRCLE('',#2238,0.000465849901079583);
#1637=CIRCLE('',#2239,0.000129185062812672);
#1638=CIRCLE('',#2240,0.000465849901079582);
#1639=CIRCLE('',#2241,9.99999999999948E-6);
#1640=CIRCLE('',#2242,0.000465849901079582);
#1641=CIRCLE('',#2243,0.000129185062812672);
#1642=CIRCLE('',#2244,0.000465849901079583);
#1643=CIRCLE('',#2245,9.99999999999948E-6);
#1644=CIRCLE('',#2246,0.000465849901079583);
#1645=CIRCLE('',#2247,0.000129185062812672);
#1646=CIRCLE('',#2248,0.000465849901079583);
#1647=CIRCLE('',#2249,9.99999999999948E-6);
#1648=CIRCLE('',#2250,0.000465849901079583);
#1649=CIRCLE('',#2251,0.000129185062812672);
#1650=CIRCLE('',#2252,0.000465849901079583);
#1651=CIRCLE('',#2253,9.99999999999948E-6);
#1652=CIRCLE('',#2254,0.000465849901079583);
#1653=CIRCLE('',#2255,0.000129185062812672);
#1654=CIRCLE('',#2256,0.000465849901079583);
#1655=CIRCLE('',#2257,9.99999999999948E-6);
#1656=CIRCLE('',#2258,0.000465849901079582);
#1657=CIRCLE('',#2259,0.000129185062812672);
#1658=CIRCLE('',#2260,0.000465849901079583);
#1659=CIRCLE('',#2261,9.99999999999948E-6);
#1660=CIRCLE('',#2262,0.000465849901079582);
#1661=CIRCLE('',#2263,0.000129185062812672);
#1662=CIRCLE('',#2264,0.000465849901079582);
#1663=CIRCLE('',#2265,9.99999999999948E-6);
#1664=CIRCLE('',#2266,0.000465849901079583);
#1665=CIRCLE('',#2267,0.000129185062812672);
#1666=CIRCLE('',#2268,0.000465849901079583);
#1667=CIRCLE('',#2269,9.99999999999948E-6);
#1668=CIRCLE('',#2270,0.000465849901079583);
#1669=CIRCLE('',#2271,0.000129185062812672);
#1670=CIRCLE('',#2272,0.000465849901079583);
#1671=CIRCLE('',#2273,9.99999999999948E-6);
#1672=CIRCLE('',#2275,0.00381);
#1673=CIRCLE('',#2276,0.00381);
#1674=CIRCLE('',#2279,0.00381);
#1675=CIRCLE('',#2280,0.00381);
#1676=CIRCLE('',#2281,0.00381);
#1677=CIRCLE('',#2284,0.00381);
#1678=CIRCLE('',#2285,0.00381);
#1679=CIRCLE('',#2287,0.0013748004);
#1680=CIRCLE('',#2289,0.00139365774564034);
#1681=CIRCLE('',#2292,0.00218804985478466);
#1682=CIRCLE('',#2293,0.00218804985478461);
#1683=CIRCLE('',#2296,0.00139365774564034);
#1684=CIRCLE('',#2300,0.000465849901079583);
#1685=CIRCLE('',#2302,9.99999999999948E-6);
#1686=CIRCLE('',#2304,0.000465849901079583);
#1687=CIRCLE('',#2306,0.000129185062812672);
#1688=CIRCLE('',#2308,0.000465849901079582);
#1689=CIRCLE('',#2310,9.99999999999948E-6);
#1690=CIRCLE('',#2312,0.000465849901079582);
#1691=CIRCLE('',#2314,0.000129185062812672);
#1692=CIRCLE('',#2316,0.000465849901079583);
#1693=CIRCLE('',#2318,9.99999999999948E-6);
#1694=CIRCLE('',#2320,0.000465849901079583);
#1695=CIRCLE('',#2322,0.000129185062812672);
#1696=CIRCLE('',#2324,0.000465849901079583);
#1697=CIRCLE('',#2326,9.99999999999948E-6);
#1698=CIRCLE('',#2328,0.000465849901079583);
#1699=CIRCLE('',#2330,0.000129185062812672);
#1700=CIRCLE('',#2332,0.000465849901079582);
#1701=CIRCLE('',#2334,9.99999999999948E-6);
#1702=CIRCLE('',#2336,0.000465849901079583);
#1703=CIRCLE('',#2338,0.000129185062812672);
#1704=CIRCLE('',#2340,0.000465849901079583);
#1705=CIRCLE('',#2342,9.99999999999948E-6);
#1706=CIRCLE('',#2344,0.000465849901079583);
#1707=CIRCLE('',#2346,0.000129185062812672);
#1708=CIRCLE('',#2348,0.000465849901079583);
#1709=CIRCLE('',#2350,9.99999999999948E-6);
#1710=CIRCLE('',#2352,0.000465849901079583);
#1711=CIRCLE('',#2354,0.000129185062812672);
#1712=CIRCLE('',#2356,0.000465849901079583);
#1713=CIRCLE('',#2358,9.99999999999948E-6);
#1714=CIRCLE('',#2360,0.000465849901079583);
#1715=CIRCLE('',#2362,0.000129185062812672);
#1716=CIRCLE('',#2364,0.000465849901079583);
#1717=CIRCLE('',#2366,9.99999999999948E-6);
#1718=CIRCLE('',#2368,0.000465849901079582);
#1719=CIRCLE('',#2370,0.000129185062812672);
#1720=CIRCLE('',#2372,0.000465849901079583);
#1721=CIRCLE('',#2374,9.99999999999948E-6);
#1722=CIRCLE('',#2376,0.000465849901079583);
#1723=CIRCLE('',#2378,0.000129185062812672);
#1724=CIRCLE('',#2380,0.000465849901079583);
#1725=CIRCLE('',#2382,9.99999999999948E-6);
#1726=CIRCLE('',#2384,0.000465849901079583);
#1727=CIRCLE('',#2386,0.000129185062812672);
#1728=CIRCLE('',#2388,0.000465849901079583);
#1729=CIRCLE('',#2390,9.99999999999948E-6);
#1730=CIRCLE('',#2392,0.000465849901079583);
#1731=CIRCLE('',#2394,0.000129185062812672);
#1732=CIRCLE('',#2396,0.000465849901079583);
#1733=CIRCLE('',#2398,9.99999999999948E-6);
#1734=CIRCLE('',#2400,0.000465849901079583);
#1735=CIRCLE('',#2402,0.000129185062812672);
#1736=CIRCLE('',#2404,0.000465849901079583);
#1737=CIRCLE('',#2406,9.99999999999948E-6);
#1738=CIRCLE('',#2408,0.000465849901079583);
#1739=CIRCLE('',#2410,0.000129185062812672);
#1740=CIRCLE('',#2412,0.000465849901079583);
#1741=CIRCLE('',#2414,9.99999999999948E-6);
#1742=CIRCLE('',#2416,0.000465849901079582);
#1743=CIRCLE('',#2418,0.000129185062812672);
#1744=CIRCLE('',#2420,0.000465849901079583);
#1745=CIRCLE('',#2422,9.99999999999948E-6);
#1746=CIRCLE('',#2424,0.000465849901079582);
#1747=CIRCLE('',#2426,0.000129185062812672);
#1748=CIRCLE('',#2428,0.000465849901079583);
#1749=CIRCLE('',#2430,9.99999999999948E-6);
#1750=CIRCLE('',#2432,0.000465849901079583);
#1751=CIRCLE('',#2434,0.000129185062812672);
#1752=CIRCLE('',#2436,0.000465849901079583);
#1753=CIRCLE('',#2438,9.99999999999948E-6);
#1754=CIRCLE('',#2440,0.000465849901079582);
#1755=CIRCLE('',#2442,0.000129185062812672);
#1756=CIRCLE('',#2444,0.000465849901079583);
#1757=CIRCLE('',#2446,9.99999999999948E-6);
#1758=CIRCLE('',#2448,0.000465849901079583);
#1759=CIRCLE('',#2450,0.000129185062812672);
#1760=CIRCLE('',#2452,0.000465849901079583);
#1761=CIRCLE('',#2454,9.99999999999948E-6);
#1762=CIRCLE('',#2456,0.000465849901079583);
#1763=CIRCLE('',#2458,0.000129185062812672);
#1764=CIRCLE('',#2460,0.000465849901079582);
#1765=CIRCLE('',#2462,9.99999999999948E-6);
#1766=CIRCLE('',#2464,0.000465849901079583);
#1767=CIRCLE('',#2466,0.000129185062812672);
#1768=CIRCLE('',#2468,0.000465849901079583);
#1769=CIRCLE('',#2470,9.99999999999948E-6);
#1770=CIRCLE('',#2472,0.000465849901079582);
#1771=CIRCLE('',#2474,0.000129185062812672);
#1772=CIRCLE('',#2476,0.000465849901079583);
#1773=CIRCLE('',#2478,9.99999999999948E-6);
#1774=CIRCLE('',#2480,0.000465849901079582);
#1775=CIRCLE('',#2482,0.000129185062812672);
#1776=CIRCLE('',#2484,0.000465849901079583);
#1777=CIRCLE('',#2486,9.99999999999948E-6);
#1778=CIRCLE('',#2488,0.000465849901079583);
#1779=CIRCLE('',#2490,0.000129185062812672);
#1780=CIRCLE('',#2492,0.000465849901079583);
#1781=CIRCLE('',#2494,9.99999999999948E-6);
#1782=CIRCLE('',#2496,0.000465849901079583);
#1783=CIRCLE('',#2498,0.000129185062812672);
#1784=EDGE_LOOP('',(#352));
#1785=EDGE_LOOP('',(#353,#354,#355,#356,#357,#358,#359,#360,#361,#362,#363,
#364,#365,#366,#367,#368,#369,#370,#371,#372,#373,#374,#375,#376,#377,#378,
#379,#380,#381,#382,#383,#384,#385,#386,#387,#388,#389,#390,#391,#392,#393,
#394,#395,#396,#397,#398,#399,#400,#401,#402,#403,#404,#405,#406,#407,#408,
#409,#410,#411,#412,#413,#414,#415,#416,#417,#418,#419,#420,#421,#422,#423,
#424,#425,#426,#427,#428,#429,#430,#431,#432,#433,#434,#435,#436,#437,#438,
#439,#440,#441,#442,#443,#444,#445,#446,#447,#448,#449,#450,#451,#452));
#1786=EDGE_LOOP('',(#453,#454,#455,#456));
#1787=EDGE_LOOP('',(#457,#458,#459,#460));
#1788=EDGE_LOOP('',(#461,#462,#463,#464));
#1789=EDGE_LOOP('',(#465));
#1790=EDGE_LOOP('',(#466,#467,#468,#469));
#1791=EDGE_LOOP('',(#470,#471,#472,#473));
#1792=EDGE_LOOP('',(#474));
#1793=EDGE_LOOP('',(#475,#476,#477,#478,#479));
#1794=EDGE_LOOP('',(#480,#481,#482,#483,#484));
#1795=EDGE_LOOP('',(#485));
#1796=EDGE_LOOP('',(#486));
#1797=EDGE_LOOP('',(#487));
#1798=EDGE_LOOP('',(#488,#489,#490,#491,#492));
#1799=EDGE_LOOP('',(#493));
#1800=EDGE_LOOP('',(#494,#495,#496,#497));
#1801=EDGE_LOOP('',(#498,#499,#500));
#1802=EDGE_LOOP('',(#501));
#1803=EDGE_LOOP('',(#502));
#1804=EDGE_LOOP('',(#503,#504,#505));
#1805=EDGE_LOOP('',(#506,#507,#508,#509));
#1806=EDGE_LOOP('',(#510,#511,#512,#513,#514));
#1807=EDGE_LOOP('',(#515,#516,#517,#518));
#1808=EDGE_LOOP('',(#519,#520,#521,#522));
#1809=EDGE_LOOP('',(#523,#524,#525,#526));
#1810=EDGE_LOOP('',(#527,#528,#529,#530));
#1811=EDGE_LOOP('',(#531,#532,#533,#534));
#1812=EDGE_LOOP('',(#535,#536,#537,#538));
#1813=EDGE_LOOP('',(#539,#540,#541,#542));
#1814=EDGE_LOOP('',(#543,#544,#545,#546));
#1815=EDGE_LOOP('',(#547,#548,#549,#550));
#1816=EDGE_LOOP('',(#551,#552,#553,#554));
#1817=EDGE_LOOP('',(#555,#556,#557,#558));
#1818=EDGE_LOOP('',(#559,#560,#561,#562));
#1819=EDGE_LOOP('',(#563,#564,#565,#566));
#1820=EDGE_LOOP('',(#567,#568,#569,#570));
#1821=EDGE_LOOP('',(#571,#572,#573,#574));
#1822=EDGE_LOOP('',(#575,#576,#577,#578));
#1823=EDGE_LOOP('',(#579,#580,#581,#582));
#1824=EDGE_LOOP('',(#583,#584,#585,#586));
#1825=EDGE_LOOP('',(#587,#588,#589,#590));
#1826=EDGE_LOOP('',(#591,#592,#593,#594));
#1827=EDGE_LOOP('',(#595,#596,#597,#598));
#1828=EDGE_LOOP('',(#599,#600,#601,#602));
#1829=EDGE_LOOP('',(#603,#604,#605,#606));
#1830=EDGE_LOOP('',(#607,#608,#609,#610));
#1831=EDGE_LOOP('',(#611,#612,#613,#614));
#1832=EDGE_LOOP('',(#615,#616,#617,#618));
#1833=EDGE_LOOP('',(#619,#620,#621,#622));
#1834=EDGE_LOOP('',(#623,#624,#625,#626));
#1835=EDGE_LOOP('',(#627,#628,#629,#630));
#1836=EDGE_LOOP('',(#631,#632,#633,#634));
#1837=EDGE_LOOP('',(#635,#636,#637,#638));
#1838=EDGE_LOOP('',(#639,#640,#641,#642));
#1839=EDGE_LOOP('',(#643,#644,#645,#646));
#1840=EDGE_LOOP('',(#647,#648,#649,#650));
#1841=EDGE_LOOP('',(#651,#652,#653,#654));
#1842=EDGE_LOOP('',(#655,#656,#657,#658));
#1843=EDGE_LOOP('',(#659,#660,#661,#662));
#1844=EDGE_LOOP('',(#663,#664,#665,#666));
#1845=EDGE_LOOP('',(#667,#668,#669,#670));
#1846=EDGE_LOOP('',(#671,#672,#673,#674));
#1847=EDGE_LOOP('',(#675,#676,#677,#678));
#1848=EDGE_LOOP('',(#679,#680,#681,#682));
#1849=EDGE_LOOP('',(#683,#684,#685,#686));
#1850=EDGE_LOOP('',(#687,#688,#689,#690));
#1851=EDGE_LOOP('',(#691,#692,#693,#694));
#1852=EDGE_LOOP('',(#695,#696,#697,#698));
#1853=EDGE_LOOP('',(#699,#700,#701,#702));
#1854=EDGE_LOOP('',(#703,#704,#705,#706));
#1855=EDGE_LOOP('',(#707,#708,#709,#710));
#1856=EDGE_LOOP('',(#711,#712,#713,#714));
#1857=EDGE_LOOP('',(#715,#716,#717,#718));
#1858=EDGE_LOOP('',(#719,#720,#721,#722));
#1859=EDGE_LOOP('',(#723,#724,#725,#726));
#1860=EDGE_LOOP('',(#727,#728,#729,#730));
#1861=EDGE_LOOP('',(#731,#732,#733,#734));
#1862=EDGE_LOOP('',(#735,#736,#737,#738));
#1863=EDGE_LOOP('',(#739,#740,#741,#742));
#1864=EDGE_LOOP('',(#743,#744,#745,#746));
#1865=EDGE_LOOP('',(#747,#748,#749,#750));
#1866=EDGE_LOOP('',(#751,#752,#753,#754));
#1867=EDGE_LOOP('',(#755,#756,#757,#758));
#1868=EDGE_LOOP('',(#759,#760,#761,#762));
#1869=EDGE_LOOP('',(#763,#764,#765,#766));
#1870=EDGE_LOOP('',(#767,#768,#769,#770));
#1871=EDGE_LOOP('',(#771,#772,#773,#774));
#1872=EDGE_LOOP('',(#775,#776,#777,#778));
#1873=EDGE_LOOP('',(#779,#780,#781,#782));
#1874=EDGE_LOOP('',(#783,#784,#785,#786));
#1875=EDGE_LOOP('',(#787,#788,#789,#790));
#1876=EDGE_LOOP('',(#791,#792,#793,#794));
#1877=EDGE_LOOP('',(#795,#796,#797,#798));
#1878=EDGE_LOOP('',(#799,#800,#801,#802));
#1879=EDGE_LOOP('',(#803,#804,#805,#806));
#1880=EDGE_LOOP('',(#807,#808,#809,#810));
#1881=EDGE_LOOP('',(#811,#812,#813,#814));
#1882=EDGE_LOOP('',(#815,#816,#817,#818));
#1883=EDGE_LOOP('',(#819,#820,#821,#822));
#1884=EDGE_LOOP('',(#823,#824,#825,#826));
#1885=EDGE_LOOP('',(#827,#828,#829,#830));
#1886=EDGE_LOOP('',(#831,#832,#833,#834));
#1887=EDGE_LOOP('',(#835,#836,#837,#838));
#1888=EDGE_LOOP('',(#839,#840,#841,#842));
#1889=EDGE_LOOP('',(#843,#844,#845,#846));
#1890=EDGE_LOOP('',(#847,#848,#849,#850));
#1891=EDGE_LOOP('',(#851,#852,#853,#854));
#1892=EDGE_LOOP('',(#855,#856,#857,#858));
#1893=EDGE_LOOP('',(#859,#860,#861,#862));
#1894=EDGE_LOOP('',(#863,#864,#865,#866));
#1895=EDGE_LOOP('',(#867,#868,#869,#870));
#1896=EDGE_LOOP('',(#871,#872,#873,#874));
#1897=EDGE_LOOP('',(#875,#876,#877,#878));
#1898=EDGE_LOOP('',(#879,#880,#881,#882));
#1899=EDGE_LOOP('',(#883,#884,#885,#886));
#1900=EDGE_LOOP('',(#887,#888,#889,#890));
#1901=EDGE_LOOP('',(#891,#892,#893,#894));
#1902=EDGE_LOOP('',(#895,#896,#897,#898));
#1903=EDGE_LOOP('',(#899,#900,#901,#902));
#1904=EDGE_LOOP('',(#903,#904,#905,#906));
#1905=EDGE_LOOP('',(#907,#908,#909,#910));
#1906=EDGE_LOOP('',(#911,#912,#913,#914));
#1907=EDGE_LOOP('',(#915));
#1908=EDGE_LOOP('',(#916,#917,#918,#919,#920,#921,#922,#923,#924,#925,#926,
#927,#928,#929,#930,#931,#932,#933,#934,#935,#936,#937,#938,#939,#940,#941,
#942,#943,#944,#945,#946,#947,#948,#949,#950,#951,#952,#953,#954,#955,#956,
#957,#958,#959,#960,#961,#962,#963,#964,#965,#966,#967,#968,#969,#970,#971,
#972,#973,#974,#975,#976,#977,#978,#979,#980,#981,#982,#983,#984,#985,#986,
#987,#988,#989,#990,#991,#992,#993,#994,#995,#996,#997,#998,#999,#1000,
#1001,#1002,#1003,#1004,#1005,#1006,#1007,#1008,#1009,#1010,#1011,#1012,
#1013,#1014,#1015));
#1909=FACE_BOUND('',#1784,.T.);
#1910=FACE_BOUND('',#1785,.T.);
#1911=FACE_BOUND('',#1786,.T.);
#1912=FACE_BOUND('',#1787,.T.);
#1913=FACE_BOUND('',#1788,.T.);
#1914=FACE_BOUND('',#1789,.T.);
#1915=FACE_BOUND('',#1790,.T.);
#1916=FACE_BOUND('',#1791,.T.);
#1917=FACE_BOUND('',#1792,.T.);
#1918=FACE_BOUND('',#1793,.T.);
#1919=FACE_BOUND('',#1794,.T.);
#1920=FACE_BOUND('',#1795,.T.);
#1921=FACE_BOUND('',#1796,.T.);
#1922=FACE_BOUND('',#1797,.T.);
#1923=FACE_BOUND('',#1798,.T.);
#1924=FACE_BOUND('',#1799,.T.);
#1925=FACE_BOUND('',#1800,.T.);
#1926=FACE_BOUND('',#1801,.T.);
#1927=FACE_BOUND('',#1802,.T.);
#1928=FACE_BOUND('',#1803,.T.);
#1929=FACE_BOUND('',#1804,.T.);
#1930=FACE_BOUND('',#1805,.T.);
#1931=FACE_BOUND('',#1806,.T.);
#1932=FACE_BOUND('',#1807,.T.);
#1933=FACE_BOUND('',#1808,.T.);
#1934=FACE_BOUND('',#1809,.T.);
#1935=FACE_BOUND('',#1810,.T.);
#1936=FACE_BOUND('',#1811,.T.);
#1937=FACE_BOUND('',#1812,.T.);
#1938=FACE_BOUND('',#1813,.T.);
#1939=FACE_BOUND('',#1814,.T.);
#1940=FACE_BOUND('',#1815,.T.);
#1941=FACE_BOUND('',#1816,.T.);
#1942=FACE_BOUND('',#1817,.T.);
#1943=FACE_BOUND('',#1818,.T.);
#1944=FACE_BOUND('',#1819,.T.);
#1945=FACE_BOUND('',#1820,.T.);
#1946=FACE_BOUND('',#1821,.T.);
#1947=FACE_BOUND('',#1822,.T.);
#1948=FACE_BOUND('',#1823,.T.);
#1949=FACE_BOUND('',#1824,.T.);
#1950=FACE_BOUND('',#1825,.T.);
#1951=FACE_BOUND('',#1826,.T.);
#1952=FACE_BOUND('',#1827,.T.);
#1953=FACE_BOUND('',#1828,.T.);
#1954=FACE_BOUND('',#1829,.T.);
#1955=FACE_BOUND('',#1830,.T.);
#1956=FACE_BOUND('',#1831,.T.);
#1957=FACE_BOUND('',#1832,.T.);
#1958=FACE_BOUND('',#1833,.T.);
#1959=FACE_BOUND('',#1834,.T.);
#1960=FACE_BOUND('',#1835,.T.);
#1961=FACE_BOUND('',#1836,.T.);
#1962=FACE_BOUND('',#1837,.T.);
#1963=FACE_BOUND('',#1838,.T.);
#1964=FACE_BOUND('',#1839,.T.);
#1965=FACE_BOUND('',#1840,.T.);
#1966=FACE_BOUND('',#1841,.T.);
#1967=FACE_BOUND('',#1842,.T.);
#1968=FACE_BOUND('',#1843,.T.);
#1969=FACE_BOUND('',#1844,.T.);
#1970=FACE_BOUND('',#1845,.T.);
#1971=FACE_BOUND('',#1846,.T.);
#1972=FACE_BOUND('',#1847,.T.);
#1973=FACE_BOUND('',#1848,.T.);
#1974=FACE_BOUND('',#1849,.T.);
#1975=FACE_BOUND('',#1850,.T.);
#1976=FACE_BOUND('',#1851,.T.);
#1977=FACE_BOUND('',#1852,.T.);
#1978=FACE_BOUND('',#1853,.T.);
#1979=FACE_BOUND('',#1854,.T.);
#1980=FACE_BOUND('',#1855,.T.);
#1981=FACE_BOUND('',#1856,.T.);
#1982=FACE_BOUND('',#1857,.T.);
#1983=FACE_BOUND('',#1858,.T.);
#1984=FACE_BOUND('',#1859,.T.);
#1985=FACE_BOUND('',#1860,.T.);
#1986=FACE_BOUND('',#1861,.T.);
#1987=FACE_BOUND('',#1862,.T.);
#1988=FACE_BOUND('',#1863,.T.);
#1989=FACE_BOUND('',#1864,.T.);
#1990=FACE_BOUND('',#1865,.T.);
#1991=FACE_BOUND('',#1866,.T.);
#1992=FACE_BOUND('',#1867,.T.);
#1993=FACE_BOUND('',#1868,.T.);
#1994=FACE_BOUND('',#1869,.T.);
#1995=FACE_BOUND('',#1870,.T.);
#1996=FACE_BOUND('',#1871,.T.);
#1997=FACE_BOUND('',#1872,.T.);
#1998=FACE_BOUND('',#1873,.T.);
#1999=FACE_BOUND('',#1874,.T.);
#2000=FACE_BOUND('',#1875,.T.);
#2001=FACE_BOUND('',#1876,.T.);
#2002=FACE_BOUND('',#1877,.T.);
#2003=FACE_BOUND('',#1878,.T.);
#2004=FACE_BOUND('',#1879,.T.);
#2005=FACE_BOUND('',#1880,.T.);
#2006=FACE_BOUND('',#1881,.T.);
#2007=FACE_BOUND('',#1882,.T.);
#2008=FACE_BOUND('',#1883,.T.);
#2009=FACE_BOUND('',#1884,.T.);
#2010=FACE_BOUND('',#1885,.T.);
#2011=FACE_BOUND('',#1886,.T.);
#2012=FACE_BOUND('',#1887,.T.);
#2013=FACE_BOUND('',#1888,.T.);
#2014=FACE_BOUND('',#1889,.T.);
#2015=FACE_BOUND('',#1890,.T.);
#2016=FACE_BOUND('',#1891,.T.);
#2017=FACE_BOUND('',#1892,.T.);
#2018=FACE_BOUND('',#1893,.T.);
#2019=FACE_BOUND('',#1894,.T.);
#2020=FACE_BOUND('',#1895,.T.);
#2021=FACE_BOUND('',#1896,.T.);
#2022=FACE_BOUND('',#1897,.T.);
#2023=FACE_BOUND('',#1898,.T.);
#2024=FACE_BOUND('',#1899,.T.);
#2025=FACE_BOUND('',#1900,.T.);
#2026=FACE_BOUND('',#1901,.T.);
#2027=FACE_BOUND('',#1902,.T.);
#2028=FACE_BOUND('',#1903,.T.);
#2029=FACE_BOUND('',#1904,.T.);
#2030=FACE_BOUND('',#1905,.T.);
#2031=FACE_BOUND('',#1906,.T.);
#2032=FACE_BOUND('',#1907,.T.);
#2033=FACE_BOUND('',#1908,.T.);
#2034=PLANE('',#2172);
#2035=PLANE('',#2277);
#2036=PLANE('',#2282);
#2037=PLANE('',#2286);
#2038=PLANE('',#2288);
#2039=PLANE('',#2297);
#2040=PLANE('',#2298);
#2041=PLANE('',#2499);
#2042=ADVANCED_FACE('',(#1909,#1910),#2034,.F.);
#2043=ADVANCED_FACE('',(#1911),#247,.T.);
#2044=ADVANCED_FACE('',(#1912),#2035,.T.);
#2045=ADVANCED_FACE('',(#1913,#1914),#248,.T.);
#2046=ADVANCED_FACE('',(#1915),#2036,.F.);
#2047=ADVANCED_FACE('',(#1916),#249,.T.);
#2048=ADVANCED_FACE('',(#1917,#1918),#2037,.T.);
#2049=ADVANCED_FACE('',(#1919,#1920),#2038,.F.);
#2050=ADVANCED_FACE('',(#1921,#1922),#250,.F.);
#2051=ADVANCED_FACE('',(#1923),#251,.T.);
#2052=ADVANCED_FACE('',(#1924,#1925),#18,.T.);
#2053=ADVANCED_FACE('',(#1926,#1927),#19,.T.);
#2054=ADVANCED_FACE('',(#1928),#2039,.F.);
#2055=ADVANCED_FACE('',(#1929),#2040,.F.);
#2056=ADVANCED_FACE('',(#1930),#12,.F.);
#2057=ADVANCED_FACE('',(#1931),#13,.F.);
#2058=ADVANCED_FACE('',(#1932),#252,.F.);
#2059=ADVANCED_FACE('',(#1933),#253,.F.);
#2060=ADVANCED_FACE('',(#1934),#254,.F.);
#2061=ADVANCED_FACE('',(#1935),#255,.T.);
#2062=ADVANCED_FACE('',(#1936),#256,.F.);
#2063=ADVANCED_FACE('',(#1937),#257,.F.);
#2064=ADVANCED_FACE('',(#1938),#258,.F.);
#2065=ADVANCED_FACE('',(#1939),#259,.T.);
#2066=ADVANCED_FACE('',(#1940),#260,.F.);
#2067=ADVANCED_FACE('',(#1941),#261,.F.);
#2068=ADVANCED_FACE('',(#1942),#262,.F.);
#2069=ADVANCED_FACE('',(#1943),#263,.T.);
#2070=ADVANCED_FACE('',(#1944),#264,.F.);
#2071=ADVANCED_FACE('',(#1945),#265,.F.);
#2072=ADVANCED_FACE('',(#1946),#266,.F.);
#2073=ADVANCED_FACE('',(#1947),#267,.T.);
#2074=ADVANCED_FACE('',(#1948),#268,.F.);
#2075=ADVANCED_FACE('',(#1949),#269,.F.);
#2076=ADVANCED_FACE('',(#1950),#270,.F.);
#2077=ADVANCED_FACE('',(#1951),#271,.T.);
#2078=ADVANCED_FACE('',(#1952),#272,.F.);
#2079=ADVANCED_FACE('',(#1953),#273,.F.);
#2080=ADVANCED_FACE('',(#1954),#274,.F.);
#2081=ADVANCED_FACE('',(#1955),#275,.T.);
#2082=ADVANCED_FACE('',(#1956),#276,.F.);
#2083=ADVANCED_FACE('',(#1957),#277,.F.);
#2084=ADVANCED_FACE('',(#1958),#278,.F.);
#2085=ADVANCED_FACE('',(#1959),#279,.T.);
#2086=ADVANCED_FACE('',(#1960),#280,.F.);
#2087=ADVANCED_FACE('',(#1961),#281,.F.);
#2088=ADVANCED_FACE('',(#1962),#282,.F.);
#2089=ADVANCED_FACE('',(#1963),#283,.T.);
#2090=ADVANCED_FACE('',(#1964),#284,.F.);
#2091=ADVANCED_FACE('',(#1965),#285,.F.);
#2092=ADVANCED_FACE('',(#1966),#286,.F.);
#2093=ADVANCED_FACE('',(#1967),#287,.T.);
#2094=ADVANCED_FACE('',(#1968),#288,.F.);
#2095=ADVANCED_FACE('',(#1969),#289,.F.);
#2096=ADVANCED_FACE('',(#1970),#290,.F.);
#2097=ADVANCED_FACE('',(#1971),#291,.T.);
#2098=ADVANCED_FACE('',(#1972),#292,.F.);
#2099=ADVANCED_FACE('',(#1973),#293,.F.);
#2100=ADVANCED_FACE('',(#1974),#294,.F.);
#2101=ADVANCED_FACE('',(#1975),#295,.T.);
#2102=ADVANCED_FACE('',(#1976),#296,.F.);
#2103=ADVANCED_FACE('',(#1977),#297,.F.);
#2104=ADVANCED_FACE('',(#1978),#298,.F.);
#2105=ADVANCED_FACE('',(#1979),#299,.T.);
#2106=ADVANCED_FACE('',(#1980),#300,.F.);
#2107=ADVANCED_FACE('',(#1981),#301,.F.);
#2108=ADVANCED_FACE('',(#1982),#302,.F.);
#2109=ADVANCED_FACE('',(#1983),#303,.T.);
#2110=ADVANCED_FACE('',(#1984),#304,.F.);
#2111=ADVANCED_FACE('',(#1985),#305,.F.);
#2112=ADVANCED_FACE('',(#1986),#306,.F.);
#2113=ADVANCED_FACE('',(#1987),#307,.T.);
#2114=ADVANCED_FACE('',(#1988),#308,.F.);
#2115=ADVANCED_FACE('',(#1989),#309,.F.);
#2116=ADVANCED_FACE('',(#1990),#310,.F.);
#2117=ADVANCED_FACE('',(#1991),#311,.T.);
#2118=ADVANCED_FACE('',(#1992),#312,.F.);
#2119=ADVANCED_FACE('',(#1993),#313,.F.);
#2120=ADVANCED_FACE('',(#1994),#314,.F.);
#2121=ADVANCED_FACE('',(#1995),#315,.T.);
#2122=ADVANCED_FACE('',(#1996),#316,.F.);
#2123=ADVANCED_FACE('',(#1997),#317,.F.);
#2124=ADVANCED_FACE('',(#1998),#318,.F.);
#2125=ADVANCED_FACE('',(#1999),#319,.T.);
#2126=ADVANCED_FACE('',(#2000),#320,.F.);
#2127=ADVANCED_FACE('',(#2001),#321,.F.);
#2128=ADVANCED_FACE('',(#2002),#322,.F.);
#2129=ADVANCED_FACE('',(#2003),#323,.T.);
#2130=ADVANCED_FACE('',(#2004),#324,.F.);
#2131=ADVANCED_FACE('',(#2005),#325,.F.);
#2132=ADVANCED_FACE('',(#2006),#326,.F.);
#2133=ADVANCED_FACE('',(#2007),#327,.T.);
#2134=ADVANCED_FACE('',(#2008),#328,.F.);
#2135=ADVANCED_FACE('',(#2009),#329,.F.);
#2136=ADVANCED_FACE('',(#2010),#330,.F.);
#2137=ADVANCED_FACE('',(#2011),#331,.T.);
#2138=ADVANCED_FACE('',(#2012),#332,.F.);
#2139=ADVANCED_FACE('',(#2013),#333,.F.);
#2140=ADVANCED_FACE('',(#2014),#334,.F.);
#2141=ADVANCED_FACE('',(#2015),#335,.T.);
#2142=ADVANCED_FACE('',(#2016),#336,.F.);
#2143=ADVANCED_FACE('',(#2017),#337,.F.);
#2144=ADVANCED_FACE('',(#2018),#338,.F.);
#2145=ADVANCED_FACE('',(#2019),#339,.T.);
#2146=ADVANCED_FACE('',(#2020),#340,.F.);
#2147=ADVANCED_FACE('',(#2021),#341,.F.);
#2148=ADVANCED_FACE('',(#2022),#342,.F.);
#2149=ADVANCED_FACE('',(#2023),#343,.T.);
#2150=ADVANCED_FACE('',(#2024),#344,.F.);
#2151=ADVANCED_FACE('',(#2025),#345,.F.);
#2152=ADVANCED_FACE('',(#2026),#346,.F.);
#2153=ADVANCED_FACE('',(#2027),#347,.T.);
#2154=ADVANCED_FACE('',(#2028),#348,.F.);
#2155=ADVANCED_FACE('',(#2029),#349,.F.);
#2156=ADVANCED_FACE('',(#2030),#350,.F.);
#2157=ADVANCED_FACE('',(#2031),#351,.T.);
#2158=ADVANCED_FACE('',(#2032,#2033),#2041,.F.);
#2159=CLOSED_SHELL('',(#2042,#2043,#2044,#2045,#2046,#2047,#2048,#2049,
#2050,#2051,#2052,#2053,#2054,#2055,#2056,#2057,#2058,#2059,#2060,#2061,
#2062,#2063,#2064,#2065,#2066,#2067,#2068,#2069,#2070,#2071,#2072,#2073,
#2074,#2075,#2076,#2077,#2078,#2079,#2080,#2081,#2082,#2083,#2084,#2085,
#2086,#2087,#2088,#2089,#2090,#2091,#2092,#2093,#2094,#2095,#2096,#2097,
#2098,#2099,#2100,#2101,#2102,#2103,#2104,#2105,#2106,#2107,#2108,#2109,
#2110,#2111,#2112,#2113,#2114,#2115,#2116,#2117,#2118,#2119,#2120,#2121,
#2122,#2123,#2124,#2125,#2126,#2127,#2128,#2129,#2130,#2131,#2132,#2133,
#2134,#2135,#2136,#2137,#2138,#2139,#2140,#2141,#2142,#2143,#2144,#2145,
#2146,#2147,#2148,#2149,#2150,#2151,#2152,#2153,#2154,#2155,#2156,#2157,
#2158));
#2160=STYLED_ITEM('',(#2161),#2168);
#2161=PRESENTATION_STYLE_ASSIGNMENT((#2162));
#2162=SURFACE_STYLE_USAGE(.BOTH.,#2163);
#2163=SURFACE_SIDE_STYLE('',(#2164));
#2164=SURFACE_STYLE_FILL_AREA(#2165);
#2165=FILL_AREA_STYLE('',(#2166));
#2166=FILL_AREA_STYLE_COLOUR('',#2167);
#2167=COLOUR_RGB('',0.647058823529412,0.647058823529412,0.647058823529412);
#2168=MANIFOLD_SOLID_BREP('Part 7',#2159);
#2169=SHAPE_DEFINITION_REPRESENTATION(#5357,#2170);
#2170=SHAPE_REPRESENTATION('Part 7',(#2171),#5352);
#2171=AXIS2_PLACEMENT_3D('',#3270,#2500,#2501);
#2172=AXIS2_PLACEMENT_3D('',#3271,#2502,#2503);
#2173=AXIS2_PLACEMENT_3D('',#3272,#2504,#2505);
#2174=AXIS2_PLACEMENT_3D('',#3274,#2506,#2507);
#2175=AXIS2_PLACEMENT_3D('',#3277,#2508,#2509);
#2176=AXIS2_PLACEMENT_3D('',#3279,#2510,#2511);
#2177=AXIS2_PLACEMENT_3D('',#3281,#2512,#2513);
#2178=AXIS2_PLACEMENT_3D('',#3283,#2514,#2515);
#2179=AXIS2_PLACEMENT_3D('',#3285,#2516,#2517);
#2180=AXIS2_PLACEMENT_3D('',#3287,#2518,#2519);
#2181=AXIS2_PLACEMENT_3D('',#3289,#2520,#2521);
#2182=AXIS2_PLACEMENT_3D('',#3291,#2522,#2523);
#2183=AXIS2_PLACEMENT_3D('',#3293,#2524,#2525);
#2184=AXIS2_PLACEMENT_3D('',#3295,#2526,#2527);
#2185=AXIS2_PLACEMENT_3D('',#3297,#2528,#2529);
#2186=AXIS2_PLACEMENT_3D('',#3299,#2530,#2531);
#2187=AXIS2_PLACEMENT_3D('',#3301,#2532,#2533);
#2188=AXIS2_PLACEMENT_3D('',#3303,#2534,#2535);
#2189=AXIS2_PLACEMENT_3D('',#3305,#2536,#2537);
#2190=AXIS2_PLACEMENT_3D('',#3307,#2538,#2539);
#2191=AXIS2_PLACEMENT_3D('',#3309,#2540,#2541);
#2192=AXIS2_PLACEMENT_3D('',#3311,#2542,#2543);
#2193=AXIS2_PLACEMENT_3D('',#3313,#2544,#2545);
#2194=AXIS2_PLACEMENT_3D('',#3315,#2546,#2547);
#2195=AXIS2_PLACEMENT_3D('',#3317,#2548,#2549);
#2196=AXIS2_PLACEMENT_3D('',#3319,#2550,#2551);
#2197=AXIS2_PLACEMENT_3D('',#3321,#2552,#2553);
#2198=AXIS2_PLACEMENT_3D('',#3323,#2554,#2555);
#2199=AXIS2_PLACEMENT_3D('',#3325,#2556,#2557);
#2200=AXIS2_PLACEMENT_3D('',#3327,#2558,#2559);
#2201=AXIS2_PLACEMENT_3D('',#3329,#2560,#2561);
#2202=AXIS2_PLACEMENT_3D('',#3331,#2562,#2563);
#2203=AXIS2_PLACEMENT_3D('',#3333,#2564,#2565);
#2204=AXIS2_PLACEMENT_3D('',#3335,#2566,#2567);
#2205=AXIS2_PLACEMENT_3D('',#3337,#2568,#2569);
#2206=AXIS2_PLACEMENT_3D('',#3339,#2570,#2571);
#2207=AXIS2_PLACEMENT_3D('',#3341,#2572,#2573);
#2208=AXIS2_PLACEMENT_3D('',#3343,#2574,#2575);
#2209=AXIS2_PLACEMENT_3D('',#3345,#2576,#2577);
#2210=AXIS2_PLACEMENT_3D('',#3347,#2578,#2579);
#2211=AXIS2_PLACEMENT_3D('',#3349,#2580,#2581);
#2212=AXIS2_PLACEMENT_3D('',#3351,#2582,#2583);
#2213=AXIS2_PLACEMENT_3D('',#3353,#2584,#2585);
#2214=AXIS2_PLACEMENT_3D('',#3355,#2586,#2587);
#2215=AXIS2_PLACEMENT_3D('',#3357,#2588,#2589);
#2216=AXIS2_PLACEMENT_3D('',#3359,#2590,#2591);
#2217=AXIS2_PLACEMENT_3D('',#3361,#2592,#2593);
#2218=AXIS2_PLACEMENT_3D('',#3363,#2594,#2595);
#2219=AXIS2_PLACEMENT_3D('',#3365,#2596,#2597);
#2220=AXIS2_PLACEMENT_3D('',#3367,#2598,#2599);
#2221=AXIS2_PLACEMENT_3D('',#3369,#2600,#2601);
#2222=AXIS2_PLACEMENT_3D('',#3371,#2602,#2603);
#2223=AXIS2_PLACEMENT_3D('',#3373,#2604,#2605);
#2224=AXIS2_PLACEMENT_3D('',#3375,#2606,#2607);
#2225=AXIS2_PLACEMENT_3D('',#3377,#2608,#2609);
#2226=AXIS2_PLACEMENT_3D('',#3379,#2610,#2611);
#2227=AXIS2_PLACEMENT_3D('',#3381,#2612,#2613);
#2228=AXIS2_PLACEMENT_3D('',#3383,#2614,#2615);
#2229=AXIS2_PLACEMENT_3D('',#3385,#2616,#2617);
#2230=AXIS2_PLACEMENT_3D('',#3387,#2618,#2619);
#2231=AXIS2_PLACEMENT_3D('',#3389,#2620,#2621);
#2232=AXIS2_PLACEMENT_3D('',#3391,#2622,#2623);
#2233=AXIS2_PLACEMENT_3D('',#3393,#2624,#2625);
#2234=AXIS2_PLACEMENT_3D('',#3395,#2626,#2627);
#2235=AXIS2_PLACEMENT_3D('',#3397,#2628,#2629);
#2236=AXIS2_PLACEMENT_3D('',#3399,#2630,#2631);
#2237=AXIS2_PLACEMENT_3D('',#3401,#2632,#2633);
#2238=AXIS2_PLACEMENT_3D('',#3403,#2634,#2635);
#2239=AXIS2_PLACEMENT_3D('',#3405,#2636,#2637);
#2240=AXIS2_PLACEMENT_3D('',#3407,#2638,#2639);
#2241=AXIS2_PLACEMENT_3D('',#3409,#2640,#2641);
#2242=AXIS2_PLACEMENT_3D('',#3411,#2642,#2643);
#2243=AXIS2_PLACEMENT_3D('',#3413,#2644,#2645);
#2244=AXIS2_PLACEMENT_3D('',#3415,#2646,#2647);
#2245=AXIS2_PLACEMENT_3D('',#3417,#2648,#2649);
#2246=AXIS2_PLACEMENT_3D('',#3419,#2650,#2651);
#2247=AXIS2_PLACEMENT_3D('',#3421,#2652,#2653);
#2248=AXIS2_PLACEMENT_3D('',#3423,#2654,#2655);
#2249=AXIS2_PLACEMENT_3D('',#3425,#2656,#2657);
#2250=AXIS2_PLACEMENT_3D('',#3427,#2658,#2659);
#2251=AXIS2_PLACEMENT_3D('',#3429,#2660,#2661);
#2252=AXIS2_PLACEMENT_3D('',#3431,#2662,#2663);
#2253=AXIS2_PLACEMENT_3D('',#3433,#2664,#2665);
#2254=AXIS2_PLACEMENT_3D('',#3435,#2666,#2667);
#2255=AXIS2_PLACEMENT_3D('',#3437,#2668,#2669);
#2256=AXIS2_PLACEMENT_3D('',#3439,#2670,#2671);
#2257=AXIS2_PLACEMENT_3D('',#3441,#2672,#2673);
#2258=AXIS2_PLACEMENT_3D('',#3443,#2674,#2675);
#2259=AXIS2_PLACEMENT_3D('',#3445,#2676,#2677);
#2260=AXIS2_PLACEMENT_3D('',#3447,#2678,#2679);
#2261=AXIS2_PLACEMENT_3D('',#3449,#2680,#2681);
#2262=AXIS2_PLACEMENT_3D('',#3451,#2682,#2683);
#2263=AXIS2_PLACEMENT_3D('',#3453,#2684,#2685);
#2264=AXIS2_PLACEMENT_3D('',#3455,#2686,#2687);
#2265=AXIS2_PLACEMENT_3D('',#3457,#2688,#2689);
#2266=AXIS2_PLACEMENT_3D('',#3459,#2690,#2691);
#2267=AXIS2_PLACEMENT_3D('',#3461,#2692,#2693);
#2268=AXIS2_PLACEMENT_3D('',#3463,#2694,#2695);
#2269=AXIS2_PLACEMENT_3D('',#3465,#2696,#2697);
#2270=AXIS2_PLACEMENT_3D('',#3467,#2698,#2699);
#2271=AXIS2_PLACEMENT_3D('',#3469,#2700,#2701);
#2272=AXIS2_PLACEMENT_3D('',#3471,#2702,#2703);
#2273=AXIS2_PLACEMENT_3D('',#3473,#2704,#2705);
#2274=AXIS2_PLACEMENT_3D('',#3474,#2706,#2707);
#2275=AXIS2_PLACEMENT_3D('',#3475,#2708,#2709);
#2276=AXIS2_PLACEMENT_3D('',#3480,#2711,#2712);
#2277=AXIS2_PLACEMENT_3D('',#3483,#2714,#2715);
#2278=AXIS2_PLACEMENT_3D('',#3489,#2719,#2720);
#2279=AXIS2_PLACEMENT_3D('',#3490,#2721,#2722);
#2280=AXIS2_PLACEMENT_3D('',#3494,#2724,#2725);
#2281=AXIS2_PLACEMENT_3D('',#3495,#2726,#2727);
#2282=AXIS2_PLACEMENT_3D('',#3497,#2728,#2729);
#2283=AXIS2_PLACEMENT_3D('',#3503,#2733,#2734);
#2284=AXIS2_PLACEMENT_3D('',#3504,#2735,#2736);
#2285=AXIS2_PLACEMENT_3D('',#3505,#2737,#2738);
#2286=AXIS2_PLACEMENT_3D('',#3506,#2739,#2740);
#2287=AXIS2_PLACEMENT_3D('',#3507,#2741,#2742);
#2288=AXIS2_PLACEMENT_3D('',#3509,#2743,#2744);
#2289=AXIS2_PLACEMENT_3D('',#3510,#2745,#2746);
#2290=AXIS2_PLACEMENT_3D('',#3512,#2747,#2748);
#2291=AXIS2_PLACEMENT_3D('',#3513,#2749,#2750);
#2292=AXIS2_PLACEMENT_3D('',#3733,#2751,#2752);
#2293=AXIS2_PLACEMENT_3D('',#3955,#2754,#2755);
#2294=AXIS2_PLACEMENT_3D('',#3956,#2756,#2757);
#2295=AXIS2_PLACEMENT_3D('',#3974,#2759,#2760);
#2296=AXIS2_PLACEMENT_3D('',#3988,#2761,#2762);
#2297=AXIS2_PLACEMENT_3D('',#3990,#2763,#2764);
#2298=AXIS2_PLACEMENT_3D('',#3991,#2765,#2766);
#2299=AXIS2_PLACEMENT_3D('',#4950,#2768,#2769);
#2300=AXIS2_PLACEMENT_3D('',#4955,#2772,#2773);
#2301=AXIS2_PLACEMENT_3D('',#4956,#2774,#2775);
#2302=AXIS2_PLACEMENT_3D('',#4959,#2777,#2778);
#2303=AXIS2_PLACEMENT_3D('',#4960,#2779,#2780);
#2304=AXIS2_PLACEMENT_3D('',#4963,#2782,#2783);
#2305=AXIS2_PLACEMENT_3D('',#4964,#2784,#2785);
#2306=AXIS2_PLACEMENT_3D('',#4965,#2786,#2787);
#2307=AXIS2_PLACEMENT_3D('',#4968,#2789,#2790);
#2308=AXIS2_PLACEMENT_3D('',#4973,#2793,#2794);
#2309=AXIS2_PLACEMENT_3D('',#4974,#2795,#2796);
#2310=AXIS2_PLACEMENT_3D('',#4977,#2798,#2799);
#2311=AXIS2_PLACEMENT_3D('',#4978,#2800,#2801);
#2312=AXIS2_PLACEMENT_3D('',#4981,#2803,#2804);
#2313=AXIS2_PLACEMENT_3D('',#4982,#2805,#2806);
#2314=AXIS2_PLACEMENT_3D('',#4983,#2807,#2808);
#2315=AXIS2_PLACEMENT_3D('',#4984,#2809,#2810);
#2316=AXIS2_PLACEMENT_3D('',#4989,#2813,#2814);
#2317=AXIS2_PLACEMENT_3D('',#4990,#2815,#2816);
#2318=AXIS2_PLACEMENT_3D('',#4993,#2818,#2819);
#2319=AXIS2_PLACEMENT_3D('',#4994,#2820,#2821);
#2320=AXIS2_PLACEMENT_3D('',#4997,#2823,#2824);
#2321=AXIS2_PLACEMENT_3D('',#4998,#2825,#2826);
#2322=AXIS2_PLACEMENT_3D('',#4999,#2827,#2828);
#2323=AXIS2_PLACEMENT_3D('',#5000,#2829,#2830);
#2324=AXIS2_PLACEMENT_3D('',#5005,#2833,#2834);
#2325=AXIS2_PLACEMENT_3D('',#5006,#2835,#2836);
#2326=AXIS2_PLACEMENT_3D('',#5009,#2838,#2839);
#2327=AXIS2_PLACEMENT_3D('',#5010,#2840,#2841);
#2328=AXIS2_PLACEMENT_3D('',#5013,#2843,#2844);
#2329=AXIS2_PLACEMENT_3D('',#5014,#2845,#2846);
#2330=AXIS2_PLACEMENT_3D('',#5015,#2847,#2848);
#2331=AXIS2_PLACEMENT_3D('',#5016,#2849,#2850);
#2332=AXIS2_PLACEMENT_3D('',#5021,#2853,#2854);
#2333=AXIS2_PLACEMENT_3D('',#5022,#2855,#2856);
#2334=AXIS2_PLACEMENT_3D('',#5025,#2858,#2859);
#2335=AXIS2_PLACEMENT_3D('',#5026,#2860,#2861);
#2336=AXIS2_PLACEMENT_3D('',#5029,#2863,#2864);
#2337=AXIS2_PLACEMENT_3D('',#5030,#2865,#2866);
#2338=AXIS2_PLACEMENT_3D('',#5031,#2867,#2868);
#2339=AXIS2_PLACEMENT_3D('',#5032,#2869,#2870);
#2340=AXIS2_PLACEMENT_3D('',#5037,#2873,#2874);
#2341=AXIS2_PLACEMENT_3D('',#5038,#2875,#2876);
#2342=AXIS2_PLACEMENT_3D('',#5041,#2878,#2879);
#2343=AXIS2_PLACEMENT_3D('',#5042,#2880,#2881);
#2344=AXIS2_PLACEMENT_3D('',#5045,#2883,#2884);
#2345=AXIS2_PLACEMENT_3D('',#5046,#2885,#2886);
#2346=AXIS2_PLACEMENT_3D('',#5047,#2887,#2888);
#2347=AXIS2_PLACEMENT_3D('',#5048,#2889,#2890);
#2348=AXIS2_PLACEMENT_3D('',#5053,#2893,#2894);
#2349=AXIS2_PLACEMENT_3D('',#5054,#2895,#2896);
#2350=AXIS2_PLACEMENT_3D('',#5057,#2898,#2899);
#2351=AXIS2_PLACEMENT_3D('',#5058,#2900,#2901);
#2352=AXIS2_PLACEMENT_3D('',#5061,#2903,#2904);
#2353=AXIS2_PLACEMENT_3D('',#5062,#2905,#2906);
#2354=AXIS2_PLACEMENT_3D('',#5063,#2907,#2908);
#2355=AXIS2_PLACEMENT_3D('',#5064,#2909,#2910);
#2356=AXIS2_PLACEMENT_3D('',#5069,#2913,#2914);
#2357=AXIS2_PLACEMENT_3D('',#5070,#2915,#2916);
#2358=AXIS2_PLACEMENT_3D('',#5073,#2918,#2919);
#2359=AXIS2_PLACEMENT_3D('',#5074,#2920,#2921);
#2360=AXIS2_PLACEMENT_3D('',#5077,#2923,#2924);
#2361=AXIS2_PLACEMENT_3D('',#5078,#2925,#2926);
#2362=AXIS2_PLACEMENT_3D('',#5079,#2927,#2928);
#2363=AXIS2_PLACEMENT_3D('',#5080,#2929,#2930);
#2364=AXIS2_PLACEMENT_3D('',#5085,#2933,#2934);
#2365=AXIS2_PLACEMENT_3D('',#5086,#2935,#2936);
#2366=AXIS2_PLACEMENT_3D('',#5089,#2938,#2939);
#2367=AXIS2_PLACEMENT_3D('',#5090,#2940,#2941);
#2368=AXIS2_PLACEMENT_3D('',#5093,#2943,#2944);
#2369=AXIS2_PLACEMENT_3D('',#5094,#2945,#2946);
#2370=AXIS2_PLACEMENT_3D('',#5095,#2947,#2948);
#2371=AXIS2_PLACEMENT_3D('',#5096,#2949,#2950);
#2372=AXIS2_PLACEMENT_3D('',#5101,#2953,#2954);
#2373=AXIS2_PLACEMENT_3D('',#5102,#2955,#2956);
#2374=AXIS2_PLACEMENT_3D('',#5105,#2958,#2959);
#2375=AXIS2_PLACEMENT_3D('',#5106,#2960,#2961);
#2376=AXIS2_PLACEMENT_3D('',#5109,#2963,#2964);
#2377=AXIS2_PLACEMENT_3D('',#5110,#2965,#2966);
#2378=AXIS2_PLACEMENT_3D('',#5111,#2967,#2968);
#2379=AXIS2_PLACEMENT_3D('',#5112,#2969,#2970);
#2380=AXIS2_PLACEMENT_3D('',#5117,#2973,#2974);
#2381=AXIS2_PLACEMENT_3D('',#5118,#2975,#2976);
#2382=AXIS2_PLACEMENT_3D('',#5121,#2978,#2979);
#2383=AXIS2_PLACEMENT_3D('',#5122,#2980,#2981);
#2384=AXIS2_PLACEMENT_3D('',#5125,#2983,#2984);
#2385=AXIS2_PLACEMENT_3D('',#5126,#2985,#2986);
#2386=AXIS2_PLACEMENT_3D('',#5127,#2987,#2988);
#2387=AXIS2_PLACEMENT_3D('',#5128,#2989,#2990);
#2388=AXIS2_PLACEMENT_3D('',#5133,#2993,#2994);
#2389=AXIS2_PLACEMENT_3D('',#5134,#2995,#2996);
#2390=AXIS2_PLACEMENT_3D('',#5137,#2998,#2999);
#2391=AXIS2_PLACEMENT_3D('',#5138,#3000,#3001);
#2392=AXIS2_PLACEMENT_3D('',#5141,#3003,#3004);
#2393=AXIS2_PLACEMENT_3D('',#5142,#3005,#3006);
#2394=AXIS2_PLACEMENT_3D('',#5143,#3007,#3008);
#2395=AXIS2_PLACEMENT_3D('',#5144,#3009,#3010);
#2396=AXIS2_PLACEMENT_3D('',#5149,#3013,#3014);
#2397=AXIS2_PLACEMENT_3D('',#5150,#3015,#3016);
#2398=AXIS2_PLACEMENT_3D('',#5153,#3018,#3019);
#2399=AXIS2_PLACEMENT_3D('',#5154,#3020,#3021);
#2400=AXIS2_PLACEMENT_3D('',#5157,#3023,#3024);
#2401=AXIS2_PLACEMENT_3D('',#5158,#3025,#3026);
#2402=AXIS2_PLACEMENT_3D('',#5159,#3027,#3028);
#2403=AXIS2_PLACEMENT_3D('',#5160,#3029,#3030);
#2404=AXIS2_PLACEMENT_3D('',#5165,#3033,#3034);
#2405=AXIS2_PLACEMENT_3D('',#5166,#3035,#3036);
#2406=AXIS2_PLACEMENT_3D('',#5169,#3038,#3039);
#2407=AXIS2_PLACEMENT_3D('',#5170,#3040,#3041);
#2408=AXIS2_PLACEMENT_3D('',#5173,#3043,#3044);
#2409=AXIS2_PLACEMENT_3D('',#5174,#3045,#3046);
#2410=AXIS2_PLACEMENT_3D('',#5175,#3047,#3048);
#2411=AXIS2_PLACEMENT_3D('',#5176,#3049,#3050);
#2412=AXIS2_PLACEMENT_3D('',#5181,#3053,#3054);
#2413=AXIS2_PLACEMENT_3D('',#5182,#3055,#3056);
#2414=AXIS2_PLACEMENT_3D('',#5185,#3058,#3059);
#2415=AXIS2_PLACEMENT_3D('',#5186,#3060,#3061);
#2416=AXIS2_PLACEMENT_3D('',#5189,#3063,#3064);
#2417=AXIS2_PLACEMENT_3D('',#5190,#3065,#3066);
#2418=AXIS2_PLACEMENT_3D('',#5191,#3067,#3068);
#2419=AXIS2_PLACEMENT_3D('',#5192,#3069,#3070);
#2420=AXIS2_PLACEMENT_3D('',#5197,#3073,#3074);
#2421=AXIS2_PLACEMENT_3D('',#5198,#3075,#3076);
#2422=AXIS2_PLACEMENT_3D('',#5201,#3078,#3079);
#2423=AXIS2_PLACEMENT_3D('',#5202,#3080,#3081);
#2424=AXIS2_PLACEMENT_3D('',#5205,#3083,#3084);
#2425=AXIS2_PLACEMENT_3D('',#5206,#3085,#3086);
#2426=AXIS2_PLACEMENT_3D('',#5207,#3087,#3088);
#2427=AXIS2_PLACEMENT_3D('',#5208,#3089,#3090);
#2428=AXIS2_PLACEMENT_3D('',#5213,#3093,#3094);
#2429=AXIS2_PLACEMENT_3D('',#5214,#3095,#3096);
#2430=AXIS2_PLACEMENT_3D('',#5217,#3098,#3099);
#2431=AXIS2_PLACEMENT_3D('',#5218,#3100,#3101);
#2432=AXIS2_PLACEMENT_3D('',#5221,#3103,#3104);
#2433=AXIS2_PLACEMENT_3D('',#5222,#3105,#3106);
#2434=AXIS2_PLACEMENT_3D('',#5223,#3107,#3108);
#2435=AXIS2_PLACEMENT_3D('',#5224,#3109,#3110);
#2436=AXIS2_PLACEMENT_3D('',#5229,#3113,#3114);
#2437=AXIS2_PLACEMENT_3D('',#5230,#3115,#3116);
#2438=AXIS2_PLACEMENT_3D('',#5233,#3118,#3119);
#2439=AXIS2_PLACEMENT_3D('',#5234,#3120,#3121);
#2440=AXIS2_PLACEMENT_3D('',#5237,#3123,#3124);
#2441=AXIS2_PLACEMENT_3D('',#5238,#3125,#3126);
#2442=AXIS2_PLACEMENT_3D('',#5239,#3127,#3128);
#2443=AXIS2_PLACEMENT_3D('',#5240,#3129,#3130);
#2444=AXIS2_PLACEMENT_3D('',#5245,#3133,#3134);
#2445=AXIS2_PLACEMENT_3D('',#5246,#3135,#3136);
#2446=AXIS2_PLACEMENT_3D('',#5249,#3138,#3139);
#2447=AXIS2_PLACEMENT_3D('',#5250,#3140,#3141);
#2448=AXIS2_PLACEMENT_3D('',#5253,#3143,#3144);
#2449=AXIS2_PLACEMENT_3D('',#5254,#3145,#3146);
#2450=AXIS2_PLACEMENT_3D('',#5255,#3147,#3148);
#2451=AXIS2_PLACEMENT_3D('',#5256,#3149,#3150);
#2452=AXIS2_PLACEMENT_3D('',#5261,#3153,#3154);
#2453=AXIS2_PLACEMENT_3D('',#5262,#3155,#3156);
#2454=AXIS2_PLACEMENT_3D('',#5265,#3158,#3159);
#2455=AXIS2_PLACEMENT_3D('',#5266,#3160,#3161);
#2456=AXIS2_PLACEMENT_3D('',#5269,#3163,#3164);
#2457=AXIS2_PLACEMENT_3D('',#5270,#3165,#3166);
#2458=AXIS2_PLACEMENT_3D('',#5271,#3167,#3168);
#2459=AXIS2_PLACEMENT_3D('',#5272,#3169,#3170);
#2460=AXIS2_PLACEMENT_3D('',#5277,#3173,#3174);
#2461=AXIS2_PLACEMENT_3D('',#5278,#3175,#3176);
#2462=AXIS2_PLACEMENT_3D('',#5281,#3178,#3179);
#2463=AXIS2_PLACEMENT_3D('',#5282,#3180,#3181);
#2464=AXIS2_PLACEMENT_3D('',#5285,#3183,#3184);
#2465=AXIS2_PLACEMENT_3D('',#5286,#3185,#3186);
#2466=AXIS2_PLACEMENT_3D('',#5287,#3187,#3188);
#2467=AXIS2_PLACEMENT_3D('',#5288,#3189,#3190);
#2468=AXIS2_PLACEMENT_3D('',#5293,#3193,#3194);
#2469=AXIS2_PLACEMENT_3D('',#5294,#3195,#3196);
#2470=AXIS2_PLACEMENT_3D('',#5297,#3198,#3199);
#2471=AXIS2_PLACEMENT_3D('',#5298,#3200,#3201);
#2472=AXIS2_PLACEMENT_3D('',#5301,#3203,#3204);
#2473=AXIS2_PLACEMENT_3D('',#5302,#3205,#3206);
#2474=AXIS2_PLACEMENT_3D('',#5303,#3207,#3208);
#2475=AXIS2_PLACEMENT_3D('',#5304,#3209,#3210);
#2476=AXIS2_PLACEMENT_3D('',#5309,#3213,#3214);
#2477=AXIS2_PLACEMENT_3D('',#5310,#3215,#3216);
#2478=AXIS2_PLACEMENT_3D('',#5313,#3218,#3219);
#2479=AXIS2_PLACEMENT_3D('',#5314,#3220,#3221);
#2480=AXIS2_PLACEMENT_3D('',#5317,#3223,#3224);
#2481=AXIS2_PLACEMENT_3D('',#5318,#3225,#3226);
#2482=AXIS2_PLACEMENT_3D('',#5319,#3227,#3228);
#2483=AXIS2_PLACEMENT_3D('',#5320,#3229,#3230);
#2484=AXIS2_PLACEMENT_3D('',#5325,#3233,#3234);
#2485=AXIS2_PLACEMENT_3D('',#5326,#3235,#3236);
#2486=AXIS2_PLACEMENT_3D('',#5329,#3238,#3239);
#2487=AXIS2_PLACEMENT_3D('',#5330,#3240,#3241);
#2488=AXIS2_PLACEMENT_3D('',#5333,#3243,#3244);
#2489=AXIS2_PLACEMENT_3D('',#5334,#3245,#3246);
#2490=AXIS2_PLACEMENT_3D('',#5335,#3247,#3248);
#2491=AXIS2_PLACEMENT_3D('',#5336,#3249,#3250);
#2492=AXIS2_PLACEMENT_3D('',#5339,#3252,#3253);
#2493=AXIS2_PLACEMENT_3D('',#5340,#3254,#3255);
#2494=AXIS2_PLACEMENT_3D('',#5343,#3257,#3258);
#2495=AXIS2_PLACEMENT_3D('',#5344,#3259,#3260);
#2496=AXIS2_PLACEMENT_3D('',#5347,#3262,#3263);
#2497=AXIS2_PLACEMENT_3D('',#5348,#3264,#3265);
#2498=AXIS2_PLACEMENT_3D('',#5349,#3266,#3267);
#2499=AXIS2_PLACEMENT_3D('',#5350,#3268,#3269);
#2500=DIRECTION('',(0.,0.,1.));
#2501=DIRECTION('',(1.,0.,0.));
#2502=DIRECTION('',(0.,0.,-1.));
#2503=DIRECTION('',(1.,0.,0.));
#2504=DIRECTION('',(0.,0.,-1.));
#2505=DIRECTION('',(-1.,0.,0.));
#2506=DIRECTION('',(0.,0.,-1.));
#2507=DIRECTION('',(-1.,0.,0.));
#2508=DIRECTION('',(0.,0.,-1.));
#2509=DIRECTION('',(-1.,0.,0.));
#2510=DIRECTION('',(0.,0.,-1.));
#2511=DIRECTION('',(-1.,0.,0.));
#2512=DIRECTION('',(0.,0.,-1.));
#2513=DIRECTION('',(-1.,0.,0.));
#2514=DIRECTION('',(0.,0.,-1.));
#2515=DIRECTION('',(-1.,0.,0.));
#2516=DIRECTION('',(0.,0.,-1.));
#2517=DIRECTION('',(-1.,0.,0.));
#2518=DIRECTION('',(0.,0.,-1.));
#2519=DIRECTION('',(-1.,0.,0.));
#2520=DIRECTION('',(0.,0.,-1.));
#2521=DIRECTION('',(-1.,0.,0.));
#2522=DIRECTION('',(0.,0.,-1.));
#2523=DIRECTION('',(-1.,0.,0.));
#2524=DIRECTION('',(0.,0.,-1.));
#2525=DIRECTION('',(-1.,0.,0.));
#2526=DIRECTION('',(0.,0.,-1.));
#2527=DIRECTION('',(-1.,0.,0.));
#2528=DIRECTION('',(0.,0.,-1.));
#2529=DIRECTION('',(-1.,0.,0.));
#2530=DIRECTION('',(0.,0.,-1.));
#2531=DIRECTION('',(-1.,0.,0.));
#2532=DIRECTION('',(0.,0.,-1.));
#2533=DIRECTION('',(-1.,0.,0.));
#2534=DIRECTION('',(0.,0.,-1.));
#2535=DIRECTION('',(-1.,0.,0.));
#2536=DIRECTION('',(0.,0.,-1.));
#2537=DIRECTION('',(-1.,0.,0.));
#2538=DIRECTION('',(0.,0.,-1.));
#2539=DIRECTION('',(-1.,0.,0.));
#2540=DIRECTION('',(0.,0.,-1.));
#2541=DIRECTION('',(-1.,0.,0.));
#2542=DIRECTION('',(0.,0.,-1.));
#2543=DIRECTION('',(-1.,0.,0.));
#2544=DIRECTION('',(0.,0.,-1.));
#2545=DIRECTION('',(-1.,0.,0.));
#2546=DIRECTION('',(0.,0.,-1.));
#2547=DIRECTION('',(-1.,0.,0.));
#2548=DIRECTION('',(0.,0.,-1.));
#2549=DIRECTION('',(-1.,0.,0.));
#2550=DIRECTION('',(0.,0.,-1.));
#2551=DIRECTION('',(-1.,0.,0.));
#2552=DIRECTION('',(0.,0.,-1.));
#2553=DIRECTION('',(-1.,0.,0.));
#2554=DIRECTION('',(0.,0.,-1.));
#2555=DIRECTION('',(-1.,0.,0.));
#2556=DIRECTION('',(0.,0.,-1.));
#2557=DIRECTION('',(-1.,0.,0.));
#2558=DIRECTION('',(0.,0.,-1.));
#2559=DIRECTION('',(-1.,0.,0.));
#2560=DIRECTION('',(0.,0.,-1.));
#2561=DIRECTION('',(-1.,0.,0.));
#2562=DIRECTION('',(0.,0.,-1.));
#2563=DIRECTION('',(-1.,0.,0.));
#2564=DIRECTION('',(0.,0.,-1.));
#2565=DIRECTION('',(-1.,0.,0.));
#2566=DIRECTION('',(0.,0.,-1.));
#2567=DIRECTION('',(-1.,0.,0.));
#2568=DIRECTION('',(0.,0.,-1.));
#2569=DIRECTION('',(-1.,0.,0.));
#2570=DIRECTION('',(0.,0.,-1.));
#2571=DIRECTION('',(-1.,0.,0.));
#2572=DIRECTION('',(0.,0.,-1.));
#2573=DIRECTION('',(-1.,0.,0.));
#2574=DIRECTION('',(0.,0.,-1.));
#2575=DIRECTION('',(-1.,0.,0.));
#2576=DIRECTION('',(0.,0.,-1.));
#2577=DIRECTION('',(-1.,0.,0.));
#2578=DIRECTION('',(0.,0.,-1.));
#2579=DIRECTION('',(-1.,0.,0.));
#2580=DIRECTION('',(0.,0.,-1.));
#2581=DIRECTION('',(-1.,0.,0.));
#2582=DIRECTION('',(0.,0.,-1.));
#2583=DIRECTION('',(-1.,0.,0.));
#2584=DIRECTION('',(0.,0.,-1.));
#2585=DIRECTION('',(-1.,0.,0.));
#2586=DIRECTION('',(0.,0.,-1.));
#2587=DIRECTION('',(-1.,0.,0.));
#2588=DIRECTION('',(0.,0.,-1.));
#2589=DIRECTION('',(-1.,0.,0.));
#2590=DIRECTION('',(0.,0.,-1.));
#2591=DIRECTION('',(-1.,0.,0.));
#2592=DIRECTION('',(0.,0.,-1.));
#2593=DIRECTION('',(-1.,0.,0.));
#2594=DIRECTION('',(0.,0.,-1.));
#2595=DIRECTION('',(-1.,0.,0.));
#2596=DIRECTION('',(0.,0.,-1.));
#2597=DIRECTION('',(-1.,0.,0.));
#2598=DIRECTION('',(0.,0.,-1.));
#2599=DIRECTION('',(-1.,0.,0.));
#2600=DIRECTION('',(0.,0.,-1.));
#2601=DIRECTION('',(-1.,0.,0.));
#2602=DIRECTION('',(0.,0.,-1.));
#2603=DIRECTION('',(-1.,0.,0.));
#2604=DIRECTION('',(0.,0.,-1.));
#2605=DIRECTION('',(-1.,0.,0.));
#2606=DIRECTION('',(0.,0.,-1.));
#2607=DIRECTION('',(-1.,0.,0.));
#2608=DIRECTION('',(0.,0.,-1.));
#2609=DIRECTION('',(-1.,0.,0.));
#2610=DIRECTION('',(0.,0.,-1.));
#2611=DIRECTION('',(-1.,0.,0.));
#2612=DIRECTION('',(0.,0.,-1.));
#2613=DIRECTION('',(-1.,0.,0.));
#2614=DIRECTION('',(0.,0.,-1.));
#2615=DIRECTION('',(-1.,0.,0.));
#2616=DIRECTION('',(0.,0.,-1.));
#2617=DIRECTION('',(-1.,0.,0.));
#2618=DIRECTION('',(0.,0.,-1.));
#2619=DIRECTION('',(-1.,0.,0.));
#2620=DIRECTION('',(0.,0.,-1.));
#2621=DIRECTION('',(-1.,0.,0.));
#2622=DIRECTION('',(0.,0.,-1.));
#2623=DIRECTION('',(-1.,0.,0.));
#2624=DIRECTION('',(0.,0.,-1.));
#2625=DIRECTION('',(-1.,0.,0.));
#2626=DIRECTION('',(0.,0.,-1.));
#2627=DIRECTION('',(-1.,0.,0.));
#2628=DIRECTION('',(0.,0.,-1.));
#2629=DIRECTION('',(-1.,0.,0.));
#2630=DIRECTION('',(0.,0.,-1.));
#2631=DIRECTION('',(-1.,0.,0.));
#2632=DIRECTION('',(0.,0.,-1.));
#2633=DIRECTION('',(-1.,0.,0.));
#2634=DIRECTION('',(0.,0.,-1.));
#2635=DIRECTION('',(-1.,0.,0.));
#2636=DIRECTION('',(0.,0.,-1.));
#2637=DIRECTION('',(-1.,0.,0.));
#2638=DIRECTION('',(0.,0.,-1.));
#2639=DIRECTION('',(-1.,0.,0.));
#2640=DIRECTION('',(0.,0.,-1.));
#2641=DIRECTION('',(-1.,0.,0.));
#2642=DIRECTION('',(0.,0.,-1.));
#2643=DIRECTION('',(-1.,0.,0.));
#2644=DIRECTION('',(0.,0.,-1.));
#2645=DIRECTION('',(-1.,0.,0.));
#2646=DIRECTION('',(0.,0.,-1.));
#2647=DIRECTION('',(-1.,0.,0.));
#2648=DIRECTION('',(0.,0.,-1.));
#2649=DIRECTION('',(-1.,0.,0.));
#2650=DIRECTION('',(0.,0.,-1.));
#2651=DIRECTION('',(-1.,0.,0.));
#2652=DIRECTION('',(0.,0.,-1.));
#2653=DIRECTION('',(-1.,0.,0.));
#2654=DIRECTION('',(0.,0.,-1.));
#2655=DIRECTION('',(-1.,0.,0.));
#2656=DIRECTION('',(0.,0.,-1.));
#2657=DIRECTION('',(-1.,0.,0.));
#2658=DIRECTION('',(0.,0.,-1.));
#2659=DIRECTION('',(-1.,0.,0.));
#2660=DIRECTION('',(0.,0.,-1.));
#2661=DIRECTION('',(-1.,0.,0.));
#2662=DIRECTION('',(0.,0.,-1.));
#2663=DIRECTION('',(-1.,0.,0.));
#2664=DIRECTION('',(0.,0.,-1.));
#2665=DIRECTION('',(-1.,0.,0.));
#2666=DIRECTION('',(0.,0.,-1.));
#2667=DIRECTION('',(-1.,0.,0.));
#2668=DIRECTION('',(0.,0.,-1.));
#2669=DIRECTION('',(-1.,0.,0.));
#2670=DIRECTION('',(0.,0.,-1.));
#2671=DIRECTION('',(-1.,0.,0.));
#2672=DIRECTION('',(0.,0.,-1.));
#2673=DIRECTION('',(-1.,0.,0.));
#2674=DIRECTION('',(0.,0.,-1.));
#2675=DIRECTION('',(-1.,0.,0.));
#2676=DIRECTION('',(0.,0.,-1.));
#2677=DIRECTION('',(-1.,0.,0.));
#2678=DIRECTION('',(0.,0.,-1.));
#2679=DIRECTION('',(-1.,0.,0.));
#2680=DIRECTION('',(0.,0.,-1.));
#2681=DIRECTION('',(-1.,0.,0.));
#2682=DIRECTION('',(0.,0.,-1.));
#2683=DIRECTION('',(-1.,0.,0.));
#2684=DIRECTION('',(0.,0.,-1.));
#2685=DIRECTION('',(-1.,0.,0.));
#2686=DIRECTION('',(0.,0.,-1.));
#2687=DIRECTION('',(-1.,0.,0.));
#2688=DIRECTION('',(0.,0.,-1.));
#2689=DIRECTION('',(-1.,0.,0.));
#2690=DIRECTION('',(0.,0.,-1.));
#2691=DIRECTION('',(-1.,0.,0.));
#2692=DIRECTION('',(0.,0.,-1.));
#2693=DIRECTION('',(-1.,0.,0.));
#2694=DIRECTION('',(0.,0.,-1.));
#2695=DIRECTION('',(-1.,0.,0.));
#2696=DIRECTION('',(0.,0.,-1.));
#2697=DIRECTION('',(-1.,0.,0.));
#2698=DIRECTION('',(0.,0.,-1.));
#2699=DIRECTION('',(-1.,0.,0.));
#2700=DIRECTION('',(0.,0.,-1.));
#2701=DIRECTION('',(-1.,0.,0.));
#2702=DIRECTION('',(0.,0.,-1.));
#2703=DIRECTION('',(-1.,0.,0.));
#2704=DIRECTION('',(0.,0.,-1.));
#2705=DIRECTION('',(-1.,0.,0.));
#2706=DIRECTION('',(0.,0.,1.));
#2707=DIRECTION('',(1.,0.,0.));
#2708=DIRECTION('',(0.,0.,1.));
#2709=DIRECTION('',(-1.,0.,0.));
#2710=DIRECTION('',(0.,0.,1.));
#2711=DIRECTION('',(0.,0.,1.));
#2712=DIRECTION('',(-1.,0.,0.));
#2713=DIRECTION('',(0.,0.,1.));
#2714=DIRECTION('',(0.,1.,0.));
#2715=DIRECTION('',(0.,0.,1.));
#2716=DIRECTION('',(-1.,0.,0.));
#2717=DIRECTION('',(0.,0.,1.));
#2718=DIRECTION('',(-1.,0.,0.));
#2719=DIRECTION('',(0.,0.,1.));
#2720=DIRECTION('',(1.,0.,0.));
#2721=DIRECTION('',(0.,0.,-1.));
#2722=DIRECTION('',(-1.,0.,0.));
#2723=DIRECTION('',(0.,0.,1.));
#2724=DIRECTION('',(0.,0.,1.));
#2725=DIRECTION('',(-1.,0.,0.));
#2726=DIRECTION('',(0.,0.,-1.));
#2727=DIRECTION('',(-1.,0.,0.));
#2728=DIRECTION('',(0.,1.,0.));
#2729=DIRECTION('',(0.,0.,1.));
#2730=DIRECTION('',(-1.,0.,0.));
#2731=DIRECTION('',(0.,0.,1.));
#2732=DIRECTION('',(-1.,0.,0.));
#2733=DIRECTION('',(0.,0.,1.));
#2734=DIRECTION('',(1.,0.,0.));
#2735=DIRECTION('',(0.,0.,1.));
#2736=DIRECTION('',(-1.,0.,0.));
#2737=DIRECTION('',(0.,0.,1.));
#2738=DIRECTION('',(-1.,0.,0.));
#2739=DIRECTION('',(0.,0.,-1.));
#2740=DIRECTION('',(1.,0.,0.));
#2741=DIRECTION('',(0.,0.,-1.));
#2742=DIRECTION('',(-1.,0.,0.));
#2743=DIRECTION('',(0.,0.,-1.));
#2744=DIRECTION('',(1.,0.,0.));
#2745=DIRECTION('',(0.,0.,-1.));
#2746=DIRECTION('',(-1.,0.,0.));
#2747=DIRECTION('',(0.,0.,-1.));
#2748=DIRECTION('',(-1.,0.,0.));
#2749=DIRECTION('',(0.,0.,-1.));
#2750=DIRECTION('',(-1.,0.,0.));
#2751=DIRECTION('',(0.,0.,-1.));
#2752=DIRECTION('',(-1.,0.,0.));
#2753=DIRECTION('',(0.,0.,-1.));
#2754=DIRECTION('',(0.,0.,-1.));
#2755=DIRECTION('',(-1.,0.,0.));
#2756=DIRECTION('',(0.,0.,1.));
#2757=DIRECTION('',(1.,0.,0.));
#2758=DIRECTION('',(0.960066016667509,0.,0.279773557793054));
#2759=DIRECTION('',(0.,0.,-1.));
#2760=DIRECTION('',(-1.,0.,0.));
#2761=DIRECTION('',(0.,0.,-1.));
#2762=DIRECTION('',(-1.,0.,0.));
#2763=DIRECTION('',(0.,0.,-1.));
#2764=DIRECTION('',(-1.,0.,0.));
#2765=DIRECTION('',(0.,-1.,0.));
#2766=DIRECTION('',(1.,0.,0.));
#2767=DIRECTION('',(-0.816577779142786,0.,-0.577235420439733));
#2768=DIRECTION('',(-2.43755839795852E-32,1.22464679914735E-16,1.));
#2769=DIRECTION('',(-0.459049698530477,-0.888410588792749,1.08798918389366E-16));
#2770=DIRECTION('',(-2.43755839795852E-32,1.22464679914735E-16,1.));
#2771=DIRECTION('',(-1.67082187184705E-18,1.09238762931697E-16,1.));
#2772=DIRECTION('',(-2.43755839795852E-32,1.22464679914735E-16,1.));
#2773=DIRECTION('',(-1.,-3.98083496344519E-16,2.43755839795852E-32));
#2774=DIRECTION('',(-2.43755839795852E-32,1.22464679914735E-16,1.));
#2775=DIRECTION('',(0.459049698530506,-0.888410588792734,1.08798918389364E-16));
#2776=DIRECTION('',(-2.43755839795852E-32,1.22464679914735E-16,1.));
#2777=DIRECTION('',(-2.43755839795852E-32,1.22464679914735E-16,1.));
#2778=DIRECTION('',(-1.,-3.98083496344519E-16,2.43755839795852E-32));
#2779=DIRECTION('',(-2.43755839795852E-32,1.22464679914735E-16,1.));
#2780=DIRECTION('',(0.974432694397674,-0.224679603188384,2.75153156878351E-17));
#2781=DIRECTION('',(-2.43755839795852E-32,1.22464679914735E-16,1.));
#2782=DIRECTION('',(-2.43755839795852E-32,1.22464679914735E-16,1.));
#2783=DIRECTION('',(-1.,-3.98083496344519E-16,2.43755839795852E-32));
#2784=DIRECTION('',(-2.43755839795852E-32,1.22464679914735E-16,1.));
#2785=DIRECTION('',(-0.926525972485941,0.376230809888,-4.60749857069955E-17));
#2786=DIRECTION('',(-2.43755839795852E-32,1.22464679914735E-16,1.));
#2787=DIRECTION('',(-1.,-3.98083496344519E-16,2.43755839795852E-32));
#2788=DIRECTION('',(-2.43755839795852E-32,1.22464679914735E-16,1.));
#2789=DIRECTION('',(-1.67082187184705E-18,1.09238762931697E-16,1.));
#2790=DIRECTION('',(-0.665566537200726,-0.746338518742424,8.04170533881733E-17));
#2791=DIRECTION('',(-1.67082187184705E-18,1.09238762931697E-16,1.));
#2792=DIRECTION('',(-6.57830360432696E-18,9.68438789542236E-17,1.));
#2793=DIRECTION('',(-1.67082187184705E-18,1.09238762931697E-16,1.));
#2794=DIRECTION('',(3.98083496344519E-16,-1.,1.09238762931697E-16));
#2795=DIRECTION('',(-1.67082187184705E-18,1.09238762931697E-16,1.));
#2796=DIRECTION('',(0.223689079034897,-0.974660554203626,1.06844457825271E-16));
#2797=DIRECTION('',(-1.67082187184705E-18,1.09238762931697E-16,1.));
#2798=DIRECTION('',(-1.67082187184705E-18,1.09238762931697E-16,1.));
#2799=DIRECTION('',(3.98083496344519E-16,-1.,1.09238762931697E-16));
#2800=DIRECTION('',(-1.67082187184705E-18,1.09238762931697E-16,1.));
#2801=DIRECTION('',(0.887943554281625,-0.459952437116835,5.17282307495216E-17));
#2802=DIRECTION('',(-1.67082187184705E-18,1.09238762931697E-16,1.));
#2803=DIRECTION('',(-1.67082187184705E-18,1.09238762931697E-16,1.));
#2804=DIRECTION('',(3.98083496344519E-16,-1.,1.09238762931697E-16));
#2805=DIRECTION('',(-1.67082187184705E-18,1.09238762931697E-16,1.));
#2806=DIRECTION('',(-0.803852657639224,0.59482846670814,-6.63214204618814E-17));
#2807=DIRECTION('',(-1.67082187184705E-18,1.09238762931697E-16,1.));
#2808=DIRECTION('',(3.98083496344519E-16,-1.,1.09238762931697E-16));
#2809=DIRECTION('',(-6.57830360432696E-18,9.68438789542236E-17,1.));
#2810=DIRECTION('',(-0.830263382556154,-0.557371254718445,4.8516269722507E-17));
#2811=DIRECTION('',(-6.57830360432696E-18,9.68438789542236E-17,1.));
#2812=DIRECTION('',(-1.44140900717328E-17,8.60588441278135E-17,1.));
#2813=DIRECTION('',(-6.57830360432696E-18,9.68438789542236E-17,1.));
#2814=DIRECTION('',(3.98083496344519E-16,-1.,9.68438789542236E-17));
#2815=DIRECTION('',(-6.57830360432696E-18,9.68438789542236E-17,1.));
#2816=DIRECTION('',(-0.0257267479673629,-0.999669012443131,9.66425864764495E-17));
#2817=DIRECTION('',(-6.57830360432696E-18,9.68438789542236E-17,1.));
#2818=DIRECTION('',(-6.57830360432696E-18,9.68438789542236E-17,1.));
#2819=DIRECTION('',(3.98083496344519E-16,-1.,9.68438789542236E-17));
#2820=DIRECTION('',(-6.57830360432696E-18,9.68438789542236E-17,1.));
#2821=DIRECTION('',(0.745661655022103,-0.666324767834499,6.94346639132057E-17));
#2822=DIRECTION('',(-6.57830360432696E-18,9.68438789542236E-17,1.));
#2823=DIRECTION('',(-6.57830360432696E-18,9.68438789542236E-17,1.));
#2824=DIRECTION('',(3.98083496344519E-16,-1.,9.68438789542236E-17));
#2825=DIRECTION('',(-6.57830360432696E-18,9.68438789542236E-17,1.));
#2826=DIRECTION('',(-0.63067032394976,0.776050863338934,-7.93045167366972E-17));
#2827=DIRECTION('',(-6.57830360432696E-18,9.68438789542236E-17,1.));
#2828=DIRECTION('',(3.98083496344519E-16,-1.,9.68438789542236E-17));
#2829=DIRECTION('',(-1.44140900717328E-17,8.60588441278135E-17,1.));
#2830=DIRECTION('',(-0.942791726090453,-0.333382304892423,1.51010109529559E-17));
#2831=DIRECTION('',(-1.44140900717328E-17,8.60588441278135E-17,1.));
#2832=DIRECTION('',(-2.46858299923106E-17,7.7561321855194E-17,1.));
#2833=DIRECTION('',(-1.44140900717328E-17,8.60588441278135E-17,1.));
#2834=DIRECTION('',(3.98083496344519E-16,-1.,8.60588441278135E-17));
#2835=DIRECTION('',(-1.44140900717328E-17,8.60588441278135E-17,1.));
#2836=DIRECTION('',(-0.273526068778472,-0.961864590105382,7.88343254396025E-17));
#2837=DIRECTION('',(-1.44140900717328E-17,8.60588441278135E-17,1.));
#2838=DIRECTION('',(-1.44140900717328E-17,8.60588441278135E-17,1.));
#2839=DIRECTION('',(3.98083496344519E-16,-1.,8.60588441278135E-17));
#2840=DIRECTION('',(-1.44140900717328E-17,8.60588441278135E-17,1.));
#2841=DIRECTION('',(0.556527091625805,-0.830829462818046,7.95220548635071E-17));
#2842=DIRECTION('',(-1.44140900717328E-17,8.60588441278135E-17,1.));
#2843=DIRECTION('',(-1.44140900717328E-17,8.60588441278135E-17,1.));
#2844=DIRECTION('',(3.98083496344519E-16,-1.,8.60588441278135E-17));
#2845=DIRECTION('',(-1.44140900717328E-17,8.60588441278135E-17,1.));
#2846=DIRECTION('',(-0.417860654363329,0.908511130110716,-8.4208498844008E-17));
#2847=DIRECTION('',(-1.44140900717328E-17,8.60588441278135E-17,1.));
#2848=DIRECTION('',(3.98083496344519E-16,-1.,8.60588441278135E-17));
#2849=DIRECTION('',(-2.46858299923106E-17,7.7561321855194E-17,1.));
#2850=DIRECTION('',(-0.996080998129065,-0.0884457187556585,-1.77291193192635E-17));
#2851=DIRECTION('',(-2.46858299923106E-17,7.7561321855194E-17,1.));
#2852=DIRECTION('',(-3.67481121700336E-17,7.18852427124544E-17,1.));
#2853=DIRECTION('',(-2.46858299923106E-17,7.7561321855194E-17,1.));
#2854=DIRECTION('',(3.98083496344519E-16,-1.,7.7561321855194E-17));
#2855=DIRECTION('',(-2.46858299923106E-17,7.7561321855194E-17,1.));
#2856=DIRECTION('',(-0.504138740729717,-0.863622678080801,5.45386332498783E-17));
#2857=DIRECTION('',(-2.46858299923106E-17,7.7561321855194E-17,1.));
#2858=DIRECTION('',(-2.46858299923106E-17,7.7561321855194E-17,1.));
#2859=DIRECTION('',(3.98083496344519E-16,-1.,7.7561321855194E-17));
#2860=DIRECTION('',(-2.46858299923106E-17,7.7561321855194E-17,1.));
#2861=DIRECTION('',(0.33242388429919,-0.943130087075712,8.13565757281898E-17));
#2862=DIRECTION('',(-2.46858299923106E-17,7.7561321855194E-17,1.));
#2863=DIRECTION('',(-2.46858299923106E-17,7.7561321855194E-17,1.));
#2864=DIRECTION('',(3.98083496344519E-16,-1.,7.7561321855194E-17));
#2865=DIRECTION('',(-2.46858299923106E-17,7.7561321855194E-17,1.));
#2866=DIRECTION('',(-0.178795263079263,0.983886301307431,-8.07252315524272E-17));
#2867=DIRECTION('',(-2.46858299923106E-17,7.7561321855194E-17,1.));
#2868=DIRECTION('',(3.98083496344519E-16,-1.,7.7561321855194E-17));
#2869=DIRECTION('',(-3.67481121700336E-17,7.18852427124544E-17,1.));
#2870=DIRECTION('',(-0.986782837725571,0.162048237171123,-4.7911283268375E-17));
#2871=DIRECTION('',(-3.67481121700336E-17,7.18852427124544E-17,1.));
#2872=DIRECTION('',(-4.98430190537048E-17,6.9387255627292E-17,1.));
#2873=DIRECTION('',(-3.67481121700336E-17,7.18852427124544E-17,1.));
#2874=DIRECTION('',(3.98083496344519E-16,-1.,7.18852427124544E-17));
#2875=DIRECTION('',(-3.67481121700336E-17,7.18852427124544E-17,1.));
#2876=DIRECTION('',(-0.703074521508321,-0.711116177010372,2.52820976008629E-17));
#2877=DIRECTION('',(-3.67481121700336E-17,7.18852427124544E-17,1.));
#2878=DIRECTION('',(-3.67481121700336E-17,7.18852427124544E-17,1.));
#2879=DIRECTION('',(3.98083496344519E-16,-1.,7.18852427124544E-17));
#2880=DIRECTION('',(-3.67481121700336E-17,7.18852427124544E-17,1.));
#2881=DIRECTION('',(0.0874332617525292,-0.996170379372582,7.48229568144297E-17));
#2882=DIRECTION('',(-3.67481121700336E-17,7.18852427124544E-17,1.));
#2883=DIRECTION('',(-3.67481121700336E-17,7.18852427124544E-17,1.));
#2884=DIRECTION('',(3.98083496344519E-16,-1.,7.18852427124544E-17));
#2885=DIRECTION('',(-3.67481121700336E-17,7.18852427124544E-17,1.));
#2886=DIRECTION('',(0.0715044921470538,0.997440277712301,-6.90735813564455E-17));
#2887=DIRECTION('',(-3.67481121700336E-17,7.18852427124544E-17,1.));
#2888=DIRECTION('',(3.98083496344519E-16,-1.,7.18852427124544E-17));
#2889=DIRECTION('',(-4.98430190537048E-17,6.9387255627292E-17,1.));
#2890=DIRECTION('',(-0.915481482494364,0.402360106384716,-7.35490245312213E-17));
#2891=DIRECTION('',(-4.98430190537048E-17,6.9387255627292E-17,1.));
#2892=DIRECTION('',(-6.31477494841244E-17,7.02243183152214E-17,1.));
#2893=DIRECTION('',(-4.98430190537048E-17,6.9387255627292E-17,1.));
#2894=DIRECTION('',(3.98083496344519E-16,-1.,6.9387255627292E-17));
#2895=DIRECTION('',(-4.98430190537048E-17,6.9387255627292E-17,1.));
#2896=DIRECTION('',(-0.857833544373341,-0.513927631236024,-7.09698577460485E-18));
#2897=DIRECTION('',(-4.98430190537048E-17,6.9387255627292E-17,1.));
#2898=DIRECTION('',(-4.98430190537048E-17,6.9387255627292E-17,1.));
#2899=DIRECTION('',(3.98083496344519E-16,-1.,6.9387255627292E-17));
#2900=DIRECTION('',(-4.98430190537048E-17,6.9387255627292E-17,1.));
#2901=DIRECTION('',(-0.163051114187087,-0.986617623075095,6.03317294275481E-17));
#2902=DIRECTION('',(-4.98430190537048E-17,6.9387255627292E-17,1.));
#2903=DIRECTION('',(-4.98430190537048E-17,6.9387255627292E-17,1.));
#2904=DIRECTION('',(3.98083496344519E-16,-1.,6.9387255627292E-17));
#2905=DIRECTION('',(-4.98430190537048E-17,6.9387255627292E-17,1.));
#2906=DIRECTION('',(0.317311357156644,0.948321413139769,-4.99856642896484E-17));
#2907=DIRECTION('',(-4.98430190537048E-17,6.9387255627292E-17,1.));
#2908=DIRECTION('',(3.98083496344519E-16,-1.,6.9387255627292E-17));
#2909=DIRECTION('',(-6.31477494841244E-17,7.02243183152214E-17,1.));
#2910=DIRECTION('',(-0.786657058812663,0.617390210337199,-9.30314295352411E-17));
#2911=DIRECTION('',(-6.31477494841244E-17,7.02243183152214E-17,1.));
#2912=DIRECTION('',(-7.58263183169734E-17,7.43438350490587E-17,1.));
#2913=DIRECTION('',(-6.31477494841244E-17,7.02243183152214E-17,1.));
#2914=DIRECTION('',(-1.,-3.98083496344519E-16,-6.31477494841244E-17));
#2915=DIRECTION('',(-6.31477494841244E-17,7.02243183152214E-17,1.));
#2916=DIRECTION('',(-0.958691730754297,-0.284447122297505,-4.05641199861052E-17));
#2917=DIRECTION('',(-6.31477494841244E-17,7.02243183152214E-17,1.));
#2918=DIRECTION('',(-6.31477494841244E-17,7.02243183152214E-17,1.));
#2919=DIRECTION('',(-1.,-3.98083496344519E-16,-6.31477494841244E-17));
#2920=DIRECTION('',(-6.31477494841244E-17,7.02243183152214E-17,1.));
#2921=DIRECTION('',(-0.403290388962275,-0.915072052994001,3.87934306792689E-17));
#2922=DIRECTION('',(-6.31477494841244E-17,7.02243183152214E-17,1.));
#2923=DIRECTION('',(-6.31477494841244E-17,7.02243183152214E-17,1.));
#2924=DIRECTION('',(-1.,-3.98083496344519E-16,-6.31477494841244E-17));
#2925=DIRECTION('',(-6.31477494841244E-17,7.02243183152214E-17,1.));
#2926=DIRECTION('',(0.543180382606544,0.839616026497475,-2.46608443817912E-17));
#2927=DIRECTION('',(-6.31477494841244E-17,7.02243183152214E-17,1.));
#2928=DIRECTION('',(-1.,-3.98083496344519E-16,-6.31477494841244E-17));
#2929=DIRECTION('',(-7.58263183169734E-17,7.43438350490587E-17,1.));
#2930=DIRECTION('',(-0.608404079003477,0.793627416771833,-1.05134347122758E-16));
#2931=DIRECTION('',(-7.58263183169734E-17,7.43438350490587E-17,1.));
#2932=DIRECTION('',(-8.70820844439696E-17,8.14869614418942E-17,1.));
#2933=DIRECTION('',(-7.58263183169734E-17,7.43438350490587E-17,1.));
#2934=DIRECTION('',(-1.,-3.98083496344519E-16,-7.58263183169734E-17));
#2935=DIRECTION('',(-7.58263183169734E-17,7.43438350490587E-17,1.));
#2936=DIRECTION('',(-0.999311789870409,-0.037093754541694,-7.30164419076201E-17));
#2937=DIRECTION('',(-7.58263183169734E-17,7.43438350490587E-17,1.));
#2938=DIRECTION('',(-7.58263183169734E-17,7.43438350490587E-17,1.));
#2939=DIRECTION('',(-1.,-3.98083496344519E-16,-7.58263183169734E-17));
#2940=DIRECTION('',(-7.58263183169734E-17,7.43438350490587E-17,1.));
#2941=DIRECTION('',(-0.618189445400667,-0.786029140423697,1.15613910922685E-17));
#2942=DIRECTION('',(-7.58263183169734E-17,7.43438350490587E-17,1.));
#2943=DIRECTION('',(-7.58263183169734E-17,7.43438350490587E-17,1.));
#2944=DIRECTION('',(-1.,-3.98083496344519E-16,-7.58263183169734E-17));
#2945=DIRECTION('',(-7.58263183169734E-17,7.43438350490587E-17,1.));
#2946=DIRECTION('',(0.734919386939566,0.678154477018601,5.30962679414289E-18));
#2947=DIRECTION('',(-7.58263183169734E-17,7.43438350490587E-17,1.));
#2948=DIRECTION('',(-1.,-3.98083496344519E-16,-7.58263183169734E-17));
#2949=DIRECTION('',(-8.70820844439696E-17,8.14869614418942E-17,1.));
#2950=DIRECTION('',(-0.39192283335682,0.919998093853223,-1.09097306470332E-16));
#2951=DIRECTION('',(-8.70820844439696E-17,8.14869614418942E-17,1.));
#2952=DIRECTION('',(-9.62078066835415E-17,9.12048685918848E-17,1.));
#2953=DIRECTION('',(-8.70820844439696E-17,8.14869614418942E-17,1.));
#2954=DIRECTION('',(-1.,-3.98083496344519E-16,-8.70820844439696E-17));
#2955=DIRECTION('',(-8.70820844439696E-17,8.14869614418942E-17,1.));
#2956=DIRECTION('',(-0.977141414017286,0.212590350233258,-1.02414852801529E-16));
#2957=DIRECTION('',(-8.70820844439696E-17,8.14869614418942E-17,1.));
#2958=DIRECTION('',(-8.70820844439696E-17,8.14869614418942E-17,1.));
#2959=DIRECTION('',(-1.,-3.98083496344519E-16,-8.70820844439696E-17));
#2960=DIRECTION('',(-8.70820844439696E-17,8.14869614418942E-17,1.));
#2961=DIRECTION('',(-0.79424538544279,-0.607597126147609,-1.96533001337663E-17));
#2962=DIRECTION('',(-8.70820844439696E-17,8.14869614418942E-17,1.));
#2963=DIRECTION('',(-8.70820844439696E-17,8.14869614418942E-17,1.));
#2964=DIRECTION('',(-1.,-3.98083496344519E-16,-8.70820844439696E-17));
#2965=DIRECTION('',(-8.70820844439696E-17,8.14869614418942E-17,1.));
#2966=DIRECTION('',(0.880480703346738,0.474081987670945,3.80425943104875E-17));
#2967=DIRECTION('',(-8.70820844439696E-17,8.14869614418942E-17,1.));
#2968=DIRECTION('',(-1.,-3.98083496344519E-16,-8.70820844439696E-17));
#2969=DIRECTION('',(-9.62078066835415E-17,9.12048685918848E-17,1.));
#2970=DIRECTION('',(-0.150815634698999,0.988561907181507,-1.04671300267409E-16));
#2971=DIRECTION('',(-9.62078066835415E-17,9.12048685918848E-17,1.));
#2972=DIRECTION('',(-1.02630082345318E-16,1.02886944652834E-16,1.));
#2973=DIRECTION('',(-9.62078066835415E-17,9.12048685918848E-17,1.));
#2974=DIRECTION('',(-1.,-3.98083496344519E-16,-9.62078066835415E-17));
#2975=DIRECTION('',(-9.62078066835415E-17,9.12048685918848E-17,1.));
#2976=DIRECTION('',(-0.893573649446718,0.448916621450437,-1.26912142391576E-16));
#2977=DIRECTION('',(-9.62078066835415E-17,9.12048685918848E-17,1.));
#2978=DIRECTION('',(-9.62078066835415E-17,9.12048685918848E-17,1.));
#2979=DIRECTION('',(-1.,-3.98083496344519E-16,-9.62078066835415E-17));
#2980=DIRECTION('',(-9.62078066835415E-17,9.12048685918848E-17,1.));
#2981=DIRECTION('',(-0.920395966887345,-0.390987549849749,-5.28893091494994E-17));
#2982=DIRECTION('',(-9.62078066835415E-17,9.12048685918848E-17,1.));
#2983=DIRECTION('',(-9.62078066835415E-17,9.12048685918848E-17,1.));
#2984=DIRECTION('',(-1.,-3.98083496344519E-16,-9.62078066835415E-17));
#2985=DIRECTION('',(-9.62078066835415E-17,9.12048685918848E-17,1.));
#2986=DIRECTION('',(0.970718178981121,0.240221183486338,7.14813254347568E-17));
#2987=DIRECTION('',(-9.62078066835415E-17,9.12048685918848E-17,1.));
#2988=DIRECTION('',(-1.,-3.98083496344519E-16,-9.62078066835415E-17));
#2989=DIRECTION('',(-1.02630082345318E-16,1.02886944652834E-16,1.));
#2990=DIRECTION('',(0.0997678649480665,0.995010740205202,-9.21344307614315E-17));
#2991=DIRECTION('',(-1.02630082345318E-16,1.02886944652834E-16,1.));
#2992=DIRECTION('',(-1.05945376229993E-16,1.15799161822163E-16,1.));
#2993=DIRECTION('',(-1.02630082345318E-16,1.02886944652834E-16,1.));
#2994=DIRECTION('',(-1.,-3.98083496344519E-16,-1.02630082345318E-16));
#2995=DIRECTION('',(-1.02630082345318E-16,1.02886944652834E-16,1.));
#2996=DIRECTION('',(-0.753859366147411,0.657035810342042,-1.4496905587809E-16));
#2997=DIRECTION('',(-1.02630082345318E-16,1.02886944652834E-16,1.));
#2998=DIRECTION('',(-1.02630082345318E-16,1.02886944652834E-16,1.));
#2999=DIRECTION('',(-1.,-3.98083496344519E-16,-1.02630082345318E-16));
#3000=DIRECTION('',(-1.02630082345318E-16,1.02886944652834E-16,1.));
#3001=DIRECTION('',(-0.988714684752784,-0.149810787843206,-8.60582952749818E-17));
#3002=DIRECTION('',(-1.02630082345318E-16,1.02886944652834E-16,1.));
#3003=DIRECTION('',(-1.02630082345318E-16,1.02886944652834E-16,1.));
#3004=DIRECTION('',(-1.,-3.98083496344519E-16,-1.02630082345318E-16));
#3005=DIRECTION('',(-1.02630082345318E-16,1.02886944652834E-16,1.));
#3006=DIRECTION('',(0.999961861378388,-0.00873360112843142,1.03524741711362E-16));
#3007=DIRECTION('',(-1.02630082345318E-16,1.02886944652834E-16,1.));
#3008=DIRECTION('',(-1.,-3.98083496344519E-16,-1.02630082345318E-16));
#3009=DIRECTION('',(-1.05945376229993E-16,1.15799161822163E-16,1.));
#3010=DIRECTION('',(0.344082582719903,0.938939389028281,-7.22744355708406E-17));
#3011=DIRECTION('',(-1.05945376229993E-16,1.15799161822163E-16,1.));
#3012=DIRECTION('',(-1.05945376229993E-16,1.29130198007308E-16,1.));
#3013=DIRECTION('',(-1.05945376229993E-16,1.15799161822163E-16,1.));
#3014=DIRECTION('',(-1.,-3.98083496344519E-16,-1.05945376229993E-16));
#3015=DIRECTION('',(-1.05945376229993E-16,1.15799161822163E-16,1.));
#3016=DIRECTION('',(-0.566777326372255,0.823871022861175,-1.5545101097803E-16));
#3017=DIRECTION('',(-1.05945376229993E-16,1.15799161822163E-16,1.));
#3018=DIRECTION('',(-1.05945376229993E-16,1.15799161822163E-16,1.));
#3019=DIRECTION('',(-1.,-3.98083496344519E-16,-1.05945376229993E-16));
#3020=DIRECTION('',(-1.05945376229993E-16,1.15799161822163E-16,1.));
#3021=DIRECTION('',(-0.994908822736955,0.100779136929061,-1.17076129124952E-16));
#3022=DIRECTION('',(-1.05945376229993E-16,1.15799161822163E-16,1.));
#3023=DIRECTION('',(-1.05945376229993E-16,1.15799161822163E-16,1.));
#3024=DIRECTION('',(-1.,-3.98083496344519E-16,-1.05945376229993E-16));
#3025=DIRECTION('',(-1.05945376229993E-16,1.15799161822163E-16,1.));
#3026=DIRECTION('',(0.966374262422776,-0.257139621464361,1.32159437448204E-16));
#3027=DIRECTION('',(-1.05945376229993E-16,1.15799161822163E-16,1.));
#3028=DIRECTION('',(-1.,-3.98083496344519E-16,-1.05945376229993E-16));
#3029=DIRECTION('',(-1.05945376229993E-16,1.29130198007308E-16,1.));
#3030=DIRECTION('',(0.566777326372228,0.823871022861193,-4.63391912334141E-17));
#3031=DIRECTION('',(-1.05945376229993E-16,1.29130198007308E-16,1.));
#3032=DIRECTION('',(-1.02630082345318E-16,1.42042415176636E-16,1.));
#3033=DIRECTION('',(-1.05945376229993E-16,1.29130198007308E-16,1.));
#3034=DIRECTION('',(-1.,-3.98083496344519E-16,-1.05945376229993E-16));
#3035=DIRECTION('',(-1.05945376229993E-16,1.29130198007308E-16,1.));
#3036=DIRECTION('',(-0.344082582719934,0.93893938902827,-1.57699387902532E-16));
#3037=DIRECTION('',(-1.05945376229993E-16,1.29130198007308E-16,1.));
#3038=DIRECTION('',(-1.05945376229993E-16,1.29130198007308E-16,1.));
#3039=DIRECTION('',(-1.,-3.98083496344519E-16,-1.05945376229993E-16));
#3040=DIRECTION('',(-1.05945376229993E-16,1.29130198007308E-16,1.));
#3041=DIRECTION('',(-0.938589180369865,0.345036737888336,-1.43993846123003E-16));
#3042=DIRECTION('',(-1.05945376229993E-16,1.29130198007308E-16,1.));
#3043=DIRECTION('',(-1.05945376229993E-16,1.29130198007308E-16,1.));
#3044=DIRECTION('',(-1.,-3.98083496344519E-16,-1.05945376229993E-16));
#3045=DIRECTION('',(-1.05945376229993E-16,1.29130198007308E-16,1.));
#3046=DIRECTION('',(0.872065814483216,-0.489388613690312,1.55586189401092E-16));
#3047=DIRECTION('',(-1.05945376229993E-16,1.29130198007308E-16,1.));
#3048=DIRECTION('',(-1.,-3.98083496344519E-16,-1.05945376229993E-16));
#3049=DIRECTION('',(-1.02630082345318E-16,1.42042415176636E-16,1.));
#3050=DIRECTION('',(0.753859366147391,0.657035810342065,-1.59583045340294E-17));
#3051=DIRECTION('',(-1.02630082345318E-16,1.42042415176636E-16,1.));
#3052=DIRECTION('',(-9.62078066835415E-17,1.53724491237586E-16,1.));
#3053=DIRECTION('',(-1.02630082345318E-16,1.42042415176636E-16,1.));
#3054=DIRECTION('',(-1.,-3.98083496344519E-16,-1.02630082345318E-16));
#3055=DIRECTION('',(-1.02630082345318E-16,1.42042415176636E-16,1.));
#3056=DIRECTION('',(-0.0997678649480989,0.995010740205199,-1.51572912860479E-16));
#3057=DIRECTION('',(-1.02630082345318E-16,1.42042415176636E-16,1.));
#3058=DIRECTION('',(-1.02630082345318E-16,1.42042415176636E-16,1.));
#3059=DIRECTION('',(-1.,-3.98083496344519E-16,-1.02630082345318E-16));
#3060=DIRECTION('',(-1.02630082345318E-16,1.42042415176636E-16,1.));
#3061=DIRECTION('',(-0.823294527910594,0.567614411649732,-1.65120107113707E-16));
#3062=DIRECTION('',(-1.02630082345318E-16,1.42042415176636E-16,1.));
#3063=DIRECTION('',(-1.02630082345318E-16,1.42042415176636E-16,1.));
#3064=DIRECTION('',(-1.,-3.98083496344519E-16,-1.02630082345318E-16));
#3065=DIRECTION('',(-1.02630082345318E-16,1.42042415176636E-16,1.));
#3066=DIRECTION('',(0.722962264185959,-0.690887519472679,1.72333008587257E-16));
#3067=DIRECTION('',(-1.02630082345318E-16,1.42042415176636E-16,1.));
#3068=DIRECTION('',(-1.,-3.98083496344519E-16,-1.02630082345318E-16));
#3069=DIRECTION('',(-9.62078066835415E-17,1.53724491237586E-16,1.));
#3070=DIRECTION('',(0.893573649446703,0.448916621450467,1.69592816829062E-17));
#3071=DIRECTION('',(-9.62078066835415E-17,1.53724491237586E-16,1.));
#3072=DIRECTION('',(-8.70820844439696E-17,1.63442398387576E-16,1.));
#3073=DIRECTION('',(-9.62078066835415E-17,1.53724491237586E-16,1.));
#3074=DIRECTION('',(-1.,-3.98083496344519E-16,-9.62078066835415E-17));
#3075=DIRECTION('',(-9.62078066835415E-17,1.53724491237586E-16,1.));
#3076=DIRECTION('',(0.150815634698966,0.988561907181512,-1.37456534810362E-16));
#3077=DIRECTION('',(-9.62078066835415E-17,1.53724491237586E-16,1.));
#3078=DIRECTION('',(-9.62078066835415E-17,1.53724491237586E-16,1.));
#3079=DIRECTION('',(-1.,-3.98083496344519E-16,-9.62078066835415E-17));
#3080=DIRECTION('',(-9.62078066835415E-17,1.53724491237586E-16,1.));
#3081=DIRECTION('',(-0.65626925239723,0.754526784387394,-1.79127471422069E-16));
#3082=DIRECTION('',(-9.62078066835415E-17,1.53724491237586E-16,1.));
#3083=DIRECTION('',(-9.62078066835415E-17,1.53724491237586E-16,1.));
#3084=DIRECTION('',(-1.,-3.98083496344519E-16,-9.62078066835415E-17));
#3085=DIRECTION('',(-9.62078066835415E-17,1.53724491237586E-16,1.));
#3086=DIRECTION('',(0.528432335960682,-0.84897542150002,1.81347630766743E-16));
#3087=DIRECTION('',(-9.62078066835415E-17,1.53724491237586E-16,1.));
#3088=DIRECTION('',(-1.,-3.98083496344519E-16,-9.62078066835415E-17));
#3089=DIRECTION('',(-8.70820844439696E-17,1.63442398387576E-16,1.));
#3090=DIRECTION('',(0.977141414017279,0.21259035023329,5.03452344129689E-17));
#3091=DIRECTION('',(-8.70820844439696E-17,1.63442398387576E-16,1.));
#3092=DIRECTION('',(-7.58263183169735E-17,1.70585524780412E-16,1.));
#3093=DIRECTION('',(-8.70820844439696E-17,1.63442398387576E-16,1.));
#3094=DIRECTION('',(-1.,-3.98083496344519E-16,-8.70820844439696E-17));
#3095=DIRECTION('',(-8.70820844439696E-17,1.63442398387576E-16,1.));
#3096=DIRECTION('',(0.391922833356789,0.919998093853235,-1.16237237701476E-16));
#3097=DIRECTION('',(-8.70820844439696E-17,1.63442398387576E-16,1.));
#3098=DIRECTION('',(-8.70820844439696E-17,1.63442398387576E-16,1.));
#3099=DIRECTION('',(-1.,-3.98083496344519E-16,-8.70820844439696E-17));
#3100=DIRECTION('',(-8.70820844439696E-17,1.63442398387576E-16,1.));
#3101=DIRECTION('',(-0.448008166166271,0.894029464306594,-1.85135804833109E-16));
#3102=DIRECTION('',(-8.70820844439696E-17,1.63442398387576E-16,1.));
#3103=DIRECTION('',(-8.70820844439696E-17,1.63442398387576E-16,1.));
#3104=DIRECTION('',(-1.,-3.98083496344519E-16,-8.70820844439696E-17));
#3105=DIRECTION('',(-8.70820844439696E-17,1.63442398387576E-16,1.));
#3106=DIRECTION('',(0.30069906062881,-0.953719075481324,1.8206363407455E-16));
#3107=DIRECTION('',(-8.70820844439696E-17,1.63442398387576E-16,1.));
#3108=DIRECTION('',(-1.,-3.98083496344519E-16,-8.70820844439696E-17));
#3109=DIRECTION('',(-7.58263183169735E-17,1.70585524780412E-16,1.));
#3110=DIRECTION('',(0.99931178987041,-0.0370937545416615,8.21017914611833E-17));
#3111=DIRECTION('',(-7.58263183169735E-17,1.70585524780412E-16,1.));
#3112=DIRECTION('',(-6.31477494841245E-17,1.74705041514249E-16,1.));
#3113=DIRECTION('',(-7.58263183169735E-17,1.70585524780412E-16,1.));
#3114=DIRECTION('',(-1.,-3.98083496344519E-16,-7.58263183169734E-17));
#3115=DIRECTION('',(-7.58263183169735E-17,1.70585524780412E-16,1.));
#3116=DIRECTION('',(0.608404079003451,0.793627416771852,-8.92483080102884E-17));
#3117=DIRECTION('',(-7.58263183169735E-17,1.70585524780412E-16,1.));
#3118=DIRECTION('',(-7.58263183169735E-17,1.70585524780412E-16,1.));
#3119=DIRECTION('',(-1.,-3.98083496344519E-16,-7.58263183169734E-17));
#3120=DIRECTION('',(-7.58263183169735E-17,1.70585524780412E-16,1.));
#3121=DIRECTION('',(-0.211597079196306,0.977356984973041,-1.82767581661508E-16));
#3122=DIRECTION('',(-7.58263183169735E-17,1.70585524780412E-16,1.));
#3123=DIRECTION('',(-7.58263183169735E-17,1.70585524780412E-16,1.));
#3124=DIRECTION('',(-1.,-3.98083496344519E-16,-7.58263183169734E-17));
#3125=DIRECTION('',(-7.58263183169735E-17,1.70585524780412E-16,1.));
#3126=DIRECTION('',(0.054071757423842,-0.998537052416733,1.74436029389572E-16));
#3127=DIRECTION('',(-7.58263183169735E-17,1.70585524780412E-16,1.));
#3128=DIRECTION('',(-1.,-3.98083496344519E-16,-7.58263183169734E-17));
#3129=DIRECTION('',(-6.31477494841245E-17,1.74705041514249E-16,1.));
#3130=DIRECTION('',(0.958691730754306,-0.284447122297472,1.10233571555763E-16));
#3131=DIRECTION('',(-6.31477494841245E-17,1.74705041514249E-16,1.));
#3132=DIRECTION('',(-4.98430190537047E-17,1.75542104202178E-16,1.));
#3133=DIRECTION('',(-6.31477494841245E-17,1.74705041514249E-16,1.));
#3134=DIRECTION('',(-1.,-3.98083496344519E-16,-6.31477494841244E-17));
#3135=DIRECTION('',(-6.31477494841245E-17,1.74705041514249E-16,1.));
#3136=DIRECTION('',(0.786657058812643,0.617390210337224,-5.8185559447637E-17));
#3137=DIRECTION('',(-6.31477494841245E-17,1.74705041514249E-16,1.));
#3138=DIRECTION('',(-6.31477494841245E-17,1.74705041514249E-16,1.));
#3139=DIRECTION('',(-1.,-3.98083496344519E-16,-6.31477494841244E-17));
#3140=DIRECTION('',(-6.31477494841245E-17,1.74705041514249E-16,1.));
#3141=DIRECTION('',(0.0381094304591843,0.999273571806078,-1.72171606078854E-16));
#3142=DIRECTION('',(-6.31477494841245E-17,1.74705041514249E-16,1.));
#3143=DIRECTION('',(-6.31477494841245E-17,1.74705041514249E-16,1.));
#3144=DIRECTION('',(-1.,-3.98083496344519E-16,-6.31477494841244E-17));
#3145=DIRECTION('',(-6.31477494841245E-17,1.74705041514249E-16,1.));
#3146=DIRECTION('',(-0.195953073162078,-0.980613273986406,1.58944087166536E-16));
#3147=DIRECTION('',(-6.31477494841245E-17,1.74705041514249E-16,1.));
#3148=DIRECTION('',(-1.,-3.98083496344519E-16,-6.31477494841244E-17));
#3149=DIRECTION('',(-4.98430190537047E-17,1.75542104202178E-16,1.));
#3150=DIRECTION('',(0.857833544373358,-0.513927631235997,1.32972951491916E-16));
#3151=DIRECTION('',(-4.98430190537047E-17,1.75542104202178E-16,1.));
#3152=DIRECTION('',(-3.67481121700336E-17,1.73044117117016E-16,1.));
#3153=DIRECTION('',(-4.98430190537047E-17,1.75542104202178E-16,1.));
#3154=DIRECTION('',(3.98083496344519E-16,-1.,1.75542104202178E-16));
#3155=DIRECTION('',(-4.98430190537047E-17,1.75542104202178E-16,1.));
#3156=DIRECTION('',(0.915481482494352,0.402360106384747,-2.5000778746511E-17));
#3157=DIRECTION('',(-4.98430190537047E-17,1.75542104202178E-16,1.));
#3158=DIRECTION('',(-4.98430190537047E-17,1.75542104202178E-16,1.));
#3159=DIRECTION('',(3.98083496344519E-16,-1.,1.75542104202178E-16));
#3160=DIRECTION('',(-4.98430190537047E-17,1.75542104202178E-16,1.));
#3161=DIRECTION('',(0.285421384442244,0.958402125051417,-1.54013662200275E-16));
#3162=DIRECTION('',(-4.98430190537047E-17,1.75542104202178E-16,1.));
#3163=DIRECTION('',(-4.98430190537047E-17,1.75542104202178E-16,1.));
#3164=DIRECTION('',(3.98083496344519E-16,-1.,1.75542104202178E-16));
#3165=DIRECTION('',(-4.98430190537047E-17,1.75542104202178E-16,1.));
#3166=DIRECTION('',(-0.433665451496233,-0.901073957108165,1.36561223110691E-16));
#3167=DIRECTION('',(-4.98430190537047E-17,1.75542104202178E-16,1.));
#3168=DIRECTION('',(3.98083496344519E-16,-1.,1.75542104202178E-16));
#3169=DIRECTION('',(-3.67481121700336E-17,1.73044117117016E-16,1.));
#3170=DIRECTION('',(0.703074521508344,-0.711116177010349,1.48891132398665E-16));
#3171=DIRECTION('',(-3.67481121700336E-17,1.73044117117016E-16,1.));
#3172=DIRECTION('',(-2.46858299923106E-17,1.67368037974276E-16,1.));
#3173=DIRECTION('',(-3.67481121700336E-17,1.73044117117016E-16,1.));
#3174=DIRECTION('',(3.98083496344519E-16,-1.,1.73044117117016E-16));
#3175=DIRECTION('',(-3.67481121700336E-17,1.73044117117016E-16,1.));
#3176=DIRECTION('',(0.986782837725566,0.162048237171156,8.22091227655159E-18));
#3177=DIRECTION('',(-3.67481121700336E-17,1.73044117117016E-16,1.));
#3178=DIRECTION('',(-3.67481121700336E-17,1.73044117117016E-16,1.));
#3179=DIRECTION('',(3.98083496344519E-16,-1.,1.73044117117016E-16));
#3180=DIRECTION('',(-3.67481121700336E-17,1.73044117117016E-16,1.));
#3181=DIRECTION('',(0.514799263134373,0.857310748023321,-1.29434680419912E-16));
#3182=DIRECTION('',(-3.67481121700336E-17,1.73044117117016E-16,1.));
#3183=DIRECTION('',(-3.67481121700336E-17,1.73044117117016E-16,1.));
#3184=DIRECTION('',(3.98083496344519E-16,-1.,1.73044117117016E-16));
#3185=DIRECTION('',(-3.67481121700336E-17,1.73044117117016E-16,1.));
#3186=DIRECTION('',(-0.644129034602916,-0.764916849586617,1.08693834889082E-16));
#3187=DIRECTION('',(-3.67481121700336E-17,1.73044117117016E-16,1.));
#3188=DIRECTION('',(3.98083496344519E-16,-1.,1.73044117117016E-16));
#3189=DIRECTION('',(-2.46858299923106E-17,1.67368037974276E-16,1.));
#3190=DIRECTION('',(0.504138740729744,-0.863622678080785,1.56987916426663E-16));
#3191=DIRECTION('',(-2.46858299923106E-17,1.67368037974276E-16,1.));
#3192=DIRECTION('',(-1.44140900717327E-17,1.58870515701657E-16,1.));
#3193=DIRECTION('',(-2.46858299923106E-17,1.67368037974276E-16,1.));
#3194=DIRECTION('',(3.98083496344519E-16,-1.,1.67368037974276E-16));
#3195=DIRECTION('',(-2.46858299923106E-17,1.67368037974276E-16,1.));
#3196=DIRECTION('',(0.996080998129068,-0.0884457187556258,3.9392072593739E-17));
#3197=DIRECTION('',(-2.46858299923106E-17,1.67368037974276E-16,1.));
#3198=DIRECTION('',(-2.46858299923106E-17,1.67368037974276E-16,1.));
#3199=DIRECTION('',(3.98083496344519E-16,-1.,1.67368037974276E-16));
#3200=DIRECTION('',(-2.46858299923106E-17,1.67368037974276E-16,1.));
#3201=DIRECTION('',(0.711830410824518,0.702351383728542,-9.99790485581937E-17));
#3202=DIRECTION('',(-2.46858299923106E-17,1.67368037974276E-16,1.));
#3203=DIRECTION('',(-2.46858299923106E-17,1.67368037974276E-16,1.));
#3204=DIRECTION('',(3.98083496344519E-16,-1.,1.67368037974276E-16));
#3205=DIRECTION('',(-2.46858299923106E-17,1.67368037974276E-16,1.));
#3206=DIRECTION('',(-0.814119621524618,-0.580697203238153,7.70929329927585E-17));
#3207=DIRECTION('',(-2.46858299923106E-17,1.67368037974276E-16,1.));
#3208=DIRECTION('',(3.98083496344519E-16,-1.,1.67368037974276E-16));
#3209=DIRECTION('',(-1.44140900717327E-17,1.58870515701657E-16,1.));
#3210=DIRECTION('',(0.273526068778503,-0.961864590105373,1.56754552857544E-16));
#3211=DIRECTION('',(-1.44140900717327E-17,1.58870515701657E-16,1.));
#3212=DIRECTION('',(-6.57830360432698E-18,1.48085480875247E-16,1.));
#3213=DIRECTION('',(-1.44140900717327E-17,1.58870515701657E-16,1.));
#3214=DIRECTION('',(3.98083496344519E-16,-1.,1.58870515701657E-16));
#3215=DIRECTION('',(-1.44140900717327E-17,1.58870515701657E-16,1.));
#3216=DIRECTION('',(0.942791726090464,-0.333382304892392,6.65541035628137E-17));
#3217=DIRECTION('',(-1.44140900717327E-17,1.58870515701657E-16,1.));
#3218=DIRECTION('',(-1.44140900717327E-17,1.58870515701657E-16,1.));
#3219=DIRECTION('',(3.98083496344519E-16,-1.,1.58870515701657E-16));
#3220=DIRECTION('',(-1.44140900717327E-17,1.58870515701657E-16,1.));
#3221=DIRECTION('',(0.864134635873435,0.503260698926398,-6.74975722952296E-17));
#3222=DIRECTION('',(-1.44140900717327E-17,1.58870515701657E-16,1.));
#3223=DIRECTION('',(-1.44140900717327E-17,1.58870515701657E-16,1.));
#3224=DIRECTION('',(3.98083496344519E-16,-1.,1.58870515701657E-16));
#3225=DIRECTION('',(-1.44140900717327E-17,1.58870515701657E-16,1.));
#3226=DIRECTION('',(-0.932956078503402,-0.359990215955314,4.37441183078531E-17));
#3227=DIRECTION('',(-1.44140900717327E-17,1.58870515701657E-16,1.));
#3228=DIRECTION('',(3.98083496344519E-16,-1.,1.58870515701657E-16));
#3229=DIRECTION('',(-6.57830360432698E-18,1.48085480875247E-16,1.));
#3230=DIRECTION('',(0.025726747967396,-0.99966901244313,1.48205704782606E-16));
#3231=DIRECTION('',(-6.57830360432698E-18,1.48085480875247E-16,1.));
#3232=DIRECTION('',(-1.67082187184705E-18,1.35690596897773E-16,1.));
#3233=DIRECTION('',(-6.57830360432698E-18,1.48085480875247E-16,1.));
#3234=DIRECTION('',(3.98083496344519E-16,-1.,1.48085480875247E-16));
#3235=DIRECTION('',(-6.57830360432698E-18,1.48085480875247E-16,1.));
#3236=DIRECTION('',(0.830263382556172,-0.557371254718418,8.80003148830266E-17));
#3237=DIRECTION('',(-6.57830360432698E-18,1.48085480875247E-16,1.));
#3238=DIRECTION('',(-6.57830360432698E-18,1.48085480875247E-16,1.));
#3239=DIRECTION('',(3.98083496344519E-16,-1.,1.48085480875247E-16));
#3240=DIRECTION('',(-6.57830360432698E-18,1.48085480875247E-16,1.));
#3241=DIRECTION('',(0.962142103685542,0.272548293547329,-3.40311822431347E-17));
#3242=DIRECTION('',(-6.57830360432698E-18,1.48085480875247E-16,1.));
#3243=DIRECTION('',(-6.57830360432698E-18,1.48085480875247E-16,1.));
#3244=DIRECTION('',(3.98083496344519E-16,-1.,1.48085480875247E-16));
#3245=DIRECTION('',(-6.57830360432698E-18,1.48085480875247E-16,1.));
#3246=DIRECTION('',(-0.993171473897375,-0.1166637194526,1.07428195093794E-17));
#3247=DIRECTION('',(-6.57830360432698E-18,1.48085480875247E-16,1.));
#3248=DIRECTION('',(3.98083496344519E-16,-1.,1.48085480875247E-16));
#3249=DIRECTION('',(-1.67082187184705E-18,1.35690596897773E-16,1.));
#3250=DIRECTION('',(-0.223689079034864,-0.974660554203634,1.31878527766861E-16));
#3251=DIRECTION('',(-1.67082187184705E-18,1.35690596897773E-16,1.));
#3252=DIRECTION('',(-1.67082187184705E-18,1.35690596897773E-16,1.));
#3253=DIRECTION('',(3.98083496344519E-16,-1.,1.35690596897773E-16));
#3254=DIRECTION('',(-1.67082187184705E-18,1.35690596897773E-16,1.));
#3255=DIRECTION('',(0.66556653720075,-0.746338518742402,1.02383162223481E-16));
#3256=DIRECTION('',(-1.67082187184705E-18,1.35690596897773E-16,1.));
#3257=DIRECTION('',(-1.67082187184705E-18,1.35690596897773E-16,1.));
#3258=DIRECTION('',(3.98083496344519E-16,-1.,1.35690596897773E-16));
#3259=DIRECTION('',(-1.67082187184705E-18,1.35690596897773E-16,1.));
#3260=DIRECTION('',(0.999694644611952,0.0247106765221715,-1.68269476965523E-18));
#3261=DIRECTION('',(-1.67082187184705E-18,1.35690596897773E-16,1.));
#3262=DIRECTION('',(-1.67082187184705E-18,1.35690596897773E-16,1.));
#3263=DIRECTION('',(3.98083496344519E-16,-1.,1.35690596897773E-16));
#3264=DIRECTION('',(-1.67082187184705E-18,1.35690596897773E-16,1.));
#3265=DIRECTION('',(-0.9909822529572,0.133993187602468,-1.98373704288673E-17));
#3266=DIRECTION('',(-1.67082187184705E-18,1.35690596897773E-16,1.));
#3267=DIRECTION('',(3.98083496344519E-16,-1.,1.35690596897773E-16));
#3268=DIRECTION('',(0.,0.,-1.));
#3269=DIRECTION('',(1.,0.,0.));
#3270=CARTESIAN_POINT('',(0.,0.,0.));
#3271=CARTESIAN_POINT('',(0.,0.,-0.1053592));
#3272=CARTESIAN_POINT('',(0.,-8.4182245466325E-20,-0.1053592));
#3273=CARTESIAN_POINT('',(-0.0013748004,-8.4182245466325E-20,-0.1053592));
#3274=CARTESIAN_POINT('',(0.0024775772720281,0.000248521730582246,-0.1053592));
#3275=CARTESIAN_POINT('',(0.00256886199177623,0.000705340327266272,-0.1053592));
#3276=CARTESIAN_POINT('',(0.00284404138505953,0.000536132898995333,-0.1053592));
#3277=CARTESIAN_POINT('',(0.00259417620184096,0.000832020914660897,-0.1053592));
#3278=CARTESIAN_POINT('',(0.00249923559467692,0.000919628343371238,-0.1053592));
#3279=CARTESIAN_POINT('',(0.0021568734709703,0.00123554653940735,-0.1053592));
#3280=CARTESIAN_POINT('',(0.00262240276942909,0.00121826641752345,-0.1053592));
#3281=CARTESIAN_POINT('',(0.00261240965153039,0.00121863735506887,-0.1053592));
#3282=CARTESIAN_POINT('',(0.00261849369232042,0.00122657362923659,-0.1053592));
#3283=CARTESIAN_POINT('',(0.00233506871230024,0.000856862375639387,-0.1053592));
#3284=CARTESIAN_POINT('',(0.00230987938945246,0.00132203076273198,-0.1053592));
#3285=CARTESIAN_POINT('',(0.00230289412607329,0.00145102683456896,-0.1053592));
#3286=CARTESIAN_POINT('',(0.0021891491711061,0.0015122711459246,-0.1053592));
#3287=CARTESIAN_POINT('',(0.00177897732255008,0.00173312219298519,-0.1053592));
#3288=CARTESIAN_POINT('',(0.00223417855361079,0.00183215738661184,-0.1053592));
#3289=CARTESIAN_POINT('',(0.00222440713947062,0.00183003148310951,-0.1053592));
#3290=CARTESIAN_POINT('',(0.00222832636780419,0.00183923146404804,-0.1053592));
#3291=CARTESIAN_POINT('',(0.00204574915465409,0.00141065044303311,-0.1053592));
#3292=CARTESIAN_POINT('',(0.00190566852700478,0.00185494038000359,-0.1053592));
#3293=CARTESIAN_POINT('',(0.00186682269996982,0.00197814663867506,-0.1053592));
#3294=CARTESIAN_POINT('',(0.00174142041104474,0.00200917962735267,-0.1053592));
#3295=CARTESIAN_POINT('',(0.00128921144339064,0.0021210866419176,-0.1053592));
#3296=CARTESIAN_POINT('',(0.00170548263959271,0.00233021440561328,-0.1053592));
#3297=CARTESIAN_POINT('',(0.00169654690309824,0.00232572523939877,-0.1053592));
#3298=CARTESIAN_POINT('',(0.00169805505944523,0.00233561085847059,-0.1053592));
#3299=CARTESIAN_POINT('',(0.00162779761093945,0.00187508939179904,-0.1053592));
#3300=CARTESIAN_POINT('',(0.00138162745950434,0.00227058450792346,-0.1053592));
#3301=CARTESIAN_POINT('',(0.00131336189499114,0.00238025945107614,-0.1053592));
#3302=CARTESIAN_POINT('',(0.00118418175911869,0.0023791312002658,-0.1053592));
#3303=CARTESIAN_POINT('',(0.000718349624912466,0.00237506265304472,-0.1053592));
#3304=CARTESIAN_POINT('',(0.00106953493606014,0.00268114272029831,-0.1053592));
#3305=CARTESIAN_POINT('',(0.00106199634239866,0.00267457236219489,-0.1053592));
#3306=CARTESIAN_POINT('',(0.00106099866374918,0.00268452246959694,-0.1053592));
#3307=CARTESIAN_POINT('',(0.00110747551376617,0.00222099681469923,-0.1053592));
#3308=CARTESIAN_POINT('',(0.0007706836145104,0.0025428466973022,-0.1053592));
#3309=CARTESIAN_POINT('',(0.000677287689000527,0.0026320990449016,-0.1053592));
#3310=CARTESIAN_POINT('',(0.000552446569208892,0.00259888044675109,-0.1053592));
#3311=CARTESIAN_POINT('',(0.000102261214653456,0.002479091979529,-0.1053592));
#3312=CARTESIAN_POINT('',(0.000366294376078109,0.00286289221403122,-0.1053592));
#3313=CARTESIAN_POINT('',(0.000360626602814385,0.00285465350380261,-0.1053592));
#3314=CARTESIAN_POINT('',(0.000357185776987186,0.0028640428976929,-0.1053592));
#3315=CARTESIAN_POINT('',(0.000517476614110461,0.00242663807619435,-0.1053592));
#3316=CARTESIAN_POINT('',(0.000111224840698236,0.00265461971347087,-0.1053592));
#3317=CARTESIAN_POINT('',(-1.433036322341E-6,0.00271784141227013,-0.1053592));
#3318=CARTESIAN_POINT('',(-0.000114090913343136,0.00265461971347074,-0.1053592));
#3319=CARTESIAN_POINT('',(-0.000520342686755142,0.00242663807619435,-0.1053592));
#3320=CARTESIAN_POINT('',(-0.000360051849631869,0.0028640428976929,-0.1053592));
#3321=CARTESIAN_POINT('',(-0.000363492675459068,0.00285465350380261,-0.1053592));
#3322=CARTESIAN_POINT('',(-0.00036916044872279,0.00286289221403122,-0.1053592));
#3323=CARTESIAN_POINT('',(-0.000105127287298137,0.002479091979529,-0.1053592));
#3324=CARTESIAN_POINT('',(-0.000555312641853815,0.00259888044675117,-0.1053592));
#3325=CARTESIAN_POINT('',(-0.000680153761645207,0.0026320990449016,-0.1053592));
#3326=CARTESIAN_POINT('',(-0.000773549687155259,0.00254284669730203,-0.1053592));
#3327=CARTESIAN_POINT('',(-0.00111034158641085,0.00222099681469923,-0.1053592));
#3328=CARTESIAN_POINT('',(-0.00106386473639387,0.00268452246959695,-0.1053592));
#3329=CARTESIAN_POINT('',(-0.00106486241504334,0.00267457236219489,-0.1053592));
#3330=CARTESIAN_POINT('',(-0.00107240100870481,0.00268114272029831,-0.1053592));
#3331=CARTESIAN_POINT('',(-0.000721215697557147,0.00237506265304472,-0.1053592));
#3332=CARTESIAN_POINT('',(-0.00118704783176363,0.00237913120026578,-0.1053592));
#3333=CARTESIAN_POINT('',(-0.00131622796763582,0.00238025945107614,-0.1053592));
#3334=CARTESIAN_POINT('',(-0.00138449353214915,0.00227058450792325,-0.1053592));
#3335=CARTESIAN_POINT('',(-0.00163066368358413,0.00187508939179904,-0.1053592));
#3336=CARTESIAN_POINT('',(-0.00170092113208991,0.00233561085847059,-0.1053592));
#3337=CARTESIAN_POINT('',(-0.00169941297574292,0.00232572523939877,-0.1053592));
#3338=CARTESIAN_POINT('',(-0.00170834871223738,0.00233021440561327,-0.1053592));
#3339=CARTESIAN_POINT('',(-0.00129207751603532,0.0021210866419176,-0.1053592));
#3340=CARTESIAN_POINT('',(-0.00174428648368966,0.00200917962735261,-0.1053592));
#3341=CARTESIAN_POINT('',(-0.0018696887726145,0.00197814663867505,-0.1053592));
#3342=CARTESIAN_POINT('',(-0.00190853459964954,0.00185494038000335,-0.1053592));
#3343=CARTESIAN_POINT('',(-0.00204861522729877,0.00141065044303312,-0.1053592));
#3344=CARTESIAN_POINT('',(-0.00223119244044887,0.00183923146404805,-0.1053592));
#3345=CARTESIAN_POINT('',(-0.0022272732121153,0.00183003148310951,-0.1053592));
#3346=CARTESIAN_POINT('',(-0.00223704462625547,0.00183215738661185,-0.1053592));
#3347=CARTESIAN_POINT('',(-0.00178184339519476,0.00173312219298519,-0.1053592));
#3348=CARTESIAN_POINT('',(-0.002192015243751,0.00151227114592447,-0.1053592));
#3349=CARTESIAN_POINT('',(-0.00230576019871797,0.00145102683456896,-0.1053592));
#3350=CARTESIAN_POINT('',(-0.00231274546209716,0.00132203076273172,-0.1053592));
#3351=CARTESIAN_POINT('',(-0.00233793478494492,0.000856862375639386,-0.1053592));
#3352=CARTESIAN_POINT('',(-0.00262135976496511,0.00122657362923659,-0.1053592));
#3353=CARTESIAN_POINT('',(-0.00261527572417507,0.00121863735506887,-0.1053592));
#3354=CARTESIAN_POINT('',(-0.00262526884207378,0.00121826641752345,-0.1053592));
#3355=CARTESIAN_POINT('',(-0.00215973954361498,0.00123554653940736,-0.1053592));
#3356=CARTESIAN_POINT('',(-0.00250210166732179,0.000919628343371069,-0.1053592));
#3357=CARTESIAN_POINT('',(-0.00259704227448564,0.000832020914660895,-0.1053592));
#3358=CARTESIAN_POINT('',(-0.00257172806442086,0.000705340327266021,-0.1053592));
#3359=CARTESIAN_POINT('',(-0.00248044334467278,0.000248521730582244,-0.1053592));
#3360=CARTESIAN_POINT('',(-0.00284690745770421,0.000536132898995331,-0.1053592));
#3361=CARTESIAN_POINT('',(-0.00283904088711609,0.000529958996891959,-0.1053592));
#3362=CARTESIAN_POINT('',(-0.00284862780442364,0.000527114525668984,-0.1053592));
#3363=CARTESIAN_POINT('',(-0.00240202135648593,0.000659624189453634,-0.1053592));
#3364=CARTESIAN_POINT('',(-0.00265506188399098,0.00026848914656458,-0.1053592));
#3365=CARTESIAN_POINT('',(-0.00272523267583648,0.000160023297443195,-0.1053592));
#3366=CARTESIAN_POINT('',(-0.00266920957724526,4.36180016953109E-5,-0.1053592));
#3367=CARTESIAN_POINT('',(-0.00246718656956483,-0.000376147212088981,-0.1053592));
#3368=CARTESIAN_POINT('',(-0.00289366352762502,-0.00018870779633129,-0.1053592));
#3369=CARTESIAN_POINT('',(-0.00288450871280007,-0.000192731397395137,-0.1053592));
#3370=CARTESIAN_POINT('',(-0.00289308704824381,-0.000197870673707497,-0.1053592));
#3371=CARTESIAN_POINT('',(-0.00249346537645473,4.15424624658559E-5,-0.1053592));
#3372=CARTESIAN_POINT('',(-0.00264128484079693,-0.000400232974037173,-0.1053592));
#3373=CARTESIAN_POINT('',(-0.00268227672840231,-0.000522741935359994,-0.1053592));
#3374=CARTESIAN_POINT('',(-0.00259906487860767,-0.000621557766620314,-0.1053592));
#3375=CARTESIAN_POINT('',(-0.00229899743155609,-0.000977894205334588,-0.1053592));
#3376=CARTESIAN_POINT('',(-0.00275869011889758,-0.000902404050078299,-0.1053592));
#3377=CARTESIAN_POINT('',(-0.00274882229052033,-0.000904024532450011,-0.1053592));
#3378=CARTESIAN_POINT('',(-0.00275585303573542,-0.000911135694220115,-0.1053592));
#3379=CARTESIAN_POINT('',(-0.00242832583943917,-0.000579862293503752,-0.1053592));
#3380=CARTESIAN_POINT('',(-0.00246163620003195,-0.00104451974820887,-0.1053592));
#3381=CARTESIAN_POINT('',(-0.00247087351234133,-0.00117337413313677,-0.1053592));
#3382=CARTESIAN_POINT('',(-0.00236570141789765,-0.00124839153781223,-0.1053592));
#3383=CARTESIAN_POINT('',(-0.00198644387274406,-0.00151890927249832,-0.1053592));
#3384=CARTESIAN_POINT('',(-0.00245046810718973,-0.00156011170183155,-0.1053592));
#3385=CARTESIAN_POINT('',(-0.00244050729720844,-0.001559227244644,-0.1053592));
#3386=CARTESIAN_POINT('',(-0.00244554868461573,-0.00156786347142481,-0.1053592));
#3387=CARTESIAN_POINT('',(-0.0022106957021164,-0.00116554493227079,-0.1053592));
#3388=CARTESIAN_POINT('',(-0.00212740394649677,-0.00162388826840829,-0.1053592));
#3389=CARTESIAN_POINT('',(-0.0021043062692053,-0.00175099168204297,-0.1053592));
#3390=CARTESIAN_POINT('',(-0.00198378227960238,-0.0017974970407031,-0.1053592));
#3391=CARTESIAN_POINT('',(-0.00154916478272045,-0.00196519844719605,-0.1053592));
#3392=CARTESIAN_POINT('',(-0.00198836421505833,-0.00212050456095187,-0.1053592));
#3393=CARTESIAN_POINT('',(-0.00197893629779744,-0.00211717073790294,-0.1053592));
#3394=CARTESIAN_POINT('',(-0.00198167155848523,-0.00212678938380399,-0.1053592));
#3395=CARTESIAN_POINT('',(-0.00185424946640207,-0.00167870485965145,-0.1053592));
#3396=CARTESIAN_POINT('',(-0.00165958912190124,-0.00210193467974295,-0.1053592));
#3397=CARTESIAN_POINT('',(-0.00160560776702048,-0.00221930074715208,-0.1053592));
#3398=CARTESIAN_POINT('',(-0.00147730484778129,-0.00223437195707753,-0.1053592));
#3399=CARTESIAN_POINT('',(-0.00101463601491147,-0.00228871973924474,-0.1053592));
#3400=CARTESIAN_POINT('',(-0.00140141412954525,-0.00254837108311993,-0.1053592));
#3401=CARTESIAN_POINT('',(-0.00139311149571969,-0.00254279737057275,-0.1053592));
#3402=CARTESIAN_POINT('',(-0.00139336876319936,-0.00255279406069718,-0.1053592));
#3403=CARTESIAN_POINT('',(-0.00138138396020365,-0.00208709835013822,-0.1053592));
#3404=CARTESIAN_POINT('',(-0.0010875862521773,-0.00244862156805696,-0.1053592));
#3405=CARTESIAN_POINT('',(-0.00100611306676392,-0.00254887574758303,-0.1053592));
#3406=CARTESIAN_POINT('',(-0.0008780929621694,-0.00253156582922614,-0.1053592));
#3407=CARTESIAN_POINT('',(-0.000416443977657831,-0.0024691451160369,-0.1053592));
#3408=CARTESIAN_POINT('',(-0.000726498083174669,-0.00281682684116494,-0.1053592));
#3409=CARTESIAN_POINT('',(-0.000719842417802662,-0.00280936345597752,-0.1053592));
#3410=CARTESIAN_POINT('',(-0.000717605527012313,-0.00281911006151955,-0.1053592));
#3411=CARTESIAN_POINT('',(-0.000821811062353287,-0.00236506453875762,-0.1053592));
#3412=CARTESIAN_POINT('',(-0.000447336381309092,-0.00264216532113238,-0.1053592));
#3413=CARTESIAN_POINT('',(-0.000343490625240038,-0.00271900827396668,-0.1053592));
#3414=CARTESIAN_POINT('',(-0.000223797309286867,-0.00267040487315924,-0.1053592));
#3415=CARTESIAN_POINT('',(0.000207824723343391,-0.00249513778759055,-0.1053592));
#3416=CARTESIAN_POINT('',(-6.02353330764431E-6,-0.0029090037724977,-0.1053592));
#3417=CARTESIAN_POINT('',(-1.43303632233927E-6,-0.00290011966660978,-0.1053592));
#3418=CARTESIAN_POINT('',(3.15746066296556E-6,-0.0029090037724977,-0.1053592));
#3419=CARTESIAN_POINT('',(-0.000210690795988069,-0.00249513778759055,-0.1053592));
#3420=CARTESIAN_POINT('',(0.000220931236642427,-0.00267040487315934,-0.1053592));
#3421=CARTESIAN_POINT('',(0.00034062455259536,-0.00271900827396668,-0.1053592));
#3422=CARTESIAN_POINT('',(0.000444470308664616,-0.00264216532113223,-0.1053592));
#3423=CARTESIAN_POINT('',(0.000818944989708608,-0.00236506453875762,-0.1053592));
#3424=CARTESIAN_POINT('',(0.000714739454367634,-0.00281911006151955,-0.1053592));
#3425=CARTESIAN_POINT('',(0.000716976345157983,-0.00280936345597752,-0.1053592));
#3426=CARTESIAN_POINT('',(0.00072363201052999,-0.00281682684116494,-0.1053592));
#3427=CARTESIAN_POINT('',(0.000413577905013151,-0.0024691451160369,-0.1053592));
#3428=CARTESIAN_POINT('',(0.000875226889524978,-0.00253156582922618,-0.1053592));
#3429=CARTESIAN_POINT('',(0.00100324699411924,-0.00254887574758303,-0.1053592));
#3430=CARTESIAN_POINT('',(0.00108472017953281,-0.00244862156805678,-0.1053592));
#3431=CARTESIAN_POINT('',(0.00137851788755897,-0.00208709835013822,-0.1053592));
#3432=CARTESIAN_POINT('',(0.00139050269055468,-0.00255279406069717,-0.1053592));
#3433=CARTESIAN_POINT('',(0.00139024542307501,-0.00254279737057275,-0.1053592));
#3434=CARTESIAN_POINT('',(0.00139854805690057,-0.00254837108311993,-0.1053592));
#3435=CARTESIAN_POINT('',(0.00101176994226679,-0.00228871973924474,-0.1053592));
#3436=CARTESIAN_POINT('',(0.00147443877513687,-0.0022343719570775,-0.1053592));
#3437=CARTESIAN_POINT('',(0.0016027416943758,-0.00221930074715208,-0.1053592));
#3438=CARTESIAN_POINT('',(0.00165672304925668,-0.00210193467974271,-0.1053592));
#3439=CARTESIAN_POINT('',(0.00185138339375739,-0.00167870485965145,-0.1053592));
#3440=CARTESIAN_POINT('',(0.00197880548584055,-0.00212678938380399,-0.1053592));
#3441=CARTESIAN_POINT('',(0.00197607022515276,-0.00211717073790293,-0.1053592));
#3442=CARTESIAN_POINT('',(0.00198549814241367,-0.00212050456095186,-0.1053592));
#3443=CARTESIAN_POINT('',(0.00154629871007577,-0.00196519844719605,-0.1053592));
#3444=CARTESIAN_POINT('',(0.00198091620695793,-0.00179749704070302,-0.1053592));
#3445=CARTESIAN_POINT('',(0.00210144019656062,-0.00175099168204297,-0.1053592));
#3446=CARTESIAN_POINT('',(0.00212453787385213,-0.00162388826840804,-0.1053592));
#3447=CARTESIAN_POINT('',(0.00220782962947172,-0.00116554493227079,-0.1053592));
#3448=CARTESIAN_POINT('',(0.00244268261197105,-0.00156786347142481,-0.1053592));
#3449=CARTESIAN_POINT('',(0.00243764122456376,-0.001559227244644,-0.1053592));
#3450=CARTESIAN_POINT('',(0.00244760203454505,-0.00156011170183155,-0.1053592));
#3451=CARTESIAN_POINT('',(0.00198357780009938,-0.00151890927249832,-0.1053592));
#3452=CARTESIAN_POINT('',(0.00236283534525317,-0.00124839153781208,-0.1053592));
#3453=CARTESIAN_POINT('',(0.00246800743969665,-0.00117337413313677,-0.1053592));
#3454=CARTESIAN_POINT('',(0.00245877012738724,-0.00104451974820862,-0.1053592));
#3455=CARTESIAN_POINT('',(0.00242545976679449,-0.00057986229350375,-0.1053592));
#3456=CARTESIAN_POINT('',(0.00275298696309073,-0.00091113569422011,-0.1053592));
#3457=CARTESIAN_POINT('',(0.00274595621787565,-0.000904024532450007,-0.1053592));
#3458=CARTESIAN_POINT('',(0.0027558240462529,-0.000902404050078296,-0.1053592));
#3459=CARTESIAN_POINT('',(0.00229613135891141,-0.000977894205334585,-0.1053592));
#3460=CARTESIAN_POINT('',(0.00259619880596314,-0.000621557766620114,-0.1053592));
#3461=CARTESIAN_POINT('',(0.00267941065575763,-0.000522741935359991,-0.1053592));
#3462=CARTESIAN_POINT('',(0.00263841876815217,-0.00040023297403693,-0.1053592));
#3463=CARTESIAN_POINT('',(0.00249059930381005,4.15424624658569E-5,-0.1053592));
#3464=CARTESIAN_POINT('',(0.00289022097559912,-0.000197870673707497,-0.1053592));
#3465=CARTESIAN_POINT('',(0.00288164264015539,-0.000192731397395136,-0.1053592));
#3466=CARTESIAN_POINT('',(0.00289079745498034,-0.00018870779633129,-0.1053592));
#3467=CARTESIAN_POINT('',(0.00246432049692015,-0.000376147212088979,-0.1053592));
#3468=CARTESIAN_POINT('',(0.00266634350460069,4.3618001695542E-5,-0.1053592));
#3469=CARTESIAN_POINT('',(0.0027223666031918,0.000160023297443195,-0.1053592));
#3470=CARTESIAN_POINT('',(0.00265219581134617,0.0002684891465648,-0.1053592));
#3471=CARTESIAN_POINT('',(0.00239915528384125,0.000659624189453635,-0.1053592));
#3472=CARTESIAN_POINT('',(0.00284576173177896,0.000527114525668986,-0.1053592));
#3473=CARTESIAN_POINT('',(0.00283617481447141,0.000529958996891961,-0.1053592));
#3474=CARTESIAN_POINT('',(-0.0427089557051658,-5.15448689108549E-18,-0.1085342));
#3475=CARTESIAN_POINT('',(-0.0427089557051658,-5.15448689108549E-18,-0.1053592));
#3476=CARTESIAN_POINT('',(-0.0426955819816536,0.00380998826399841,-0.1053592));
#3477=CARTESIAN_POINT('',(-0.0427022688090813,0.00380999413194046,-0.1053592));
#3478=CARTESIAN_POINT('',(-0.0426955819816536,0.00380998826399841,-0.1085342));
#3479=CARTESIAN_POINT('',(-0.0426955819816536,0.00380998826399841,-0.1085342));
#3480=CARTESIAN_POINT('',(-0.0427089557051658,-5.15448689108549E-18,-0.1085342));
#3481=CARTESIAN_POINT('',(-0.0427022688090813,0.00380999413194046,-0.1085342));
#3482=CARTESIAN_POINT('',(-0.0427022688090813,0.00380999413194046,-0.1085342));
#3483=CARTESIAN_POINT('',(-0.0213477909564972,0.00381,-0.1085342));
#3484=CARTESIAN_POINT('',(-0.0213477909564972,0.00381,-0.1053592));
#3485=CARTESIAN_POINT('',(-6.99885645712712E-19,0.00381,-0.1053592));
#3486=CARTESIAN_POINT('',(-6.99885645712712E-19,0.00381,-0.1085342));
#3487=CARTESIAN_POINT('',(-6.99885645712712E-19,0.00381,-0.1085342));
#3488=CARTESIAN_POINT('',(-0.0213477909564972,0.00381,-0.1085342));
#3489=CARTESIAN_POINT('',(3.33488042115886E-19,0.,-0.1085342));
#3490=CARTESIAN_POINT('',(8.67673056561679E-19,1.15756564058461E-18,-0.1053592));
#3491=CARTESIAN_POINT('',(8.67673056561679E-19,-0.00381,-0.1053592));
#3492=CARTESIAN_POINT('',(-6.12694729526798E-19,-0.00381,-0.1085342));
#3493=CARTESIAN_POINT('',(-6.12694729526798E-19,-0.00381,-0.1085342));
#3494=CARTESIAN_POINT('',(3.33488042115886E-19,0.,-0.1085342));
#3495=CARTESIAN_POINT('',(8.67673056561679E-19,1.15756564058461E-18,-0.102362));
#3496=CARTESIAN_POINT('',(-0.00381,1.15756564058461E-18,-0.102362));
#3497=CARTESIAN_POINT('',(-0.0213477909564972,-0.00381,-0.1085342));
#3498=CARTESIAN_POINT('',(-0.0213477909564972,-0.00381,-0.1053592));
#3499=CARTESIAN_POINT('',(-0.0426955819129944,-0.00381,-0.1053592));
#3500=CARTESIAN_POINT('',(-0.0426955819129944,-0.00381,-0.1085342));
#3501=CARTESIAN_POINT('',(-0.0426955819129944,-0.00381,-0.1085342));
#3502=CARTESIAN_POINT('',(-0.0213477909564972,-0.00381,-0.1085342));
#3503=CARTESIAN_POINT('',(-0.0426955819129944,0.,-0.1085342));
#3504=CARTESIAN_POINT('',(-0.0426955819129944,0.,-0.1053592));
#3505=CARTESIAN_POINT('',(-0.0426955819129944,0.,-0.1085342));
#3506=CARTESIAN_POINT('',(0.,0.,-0.1085342));
#3507=CARTESIAN_POINT('',(0.,-8.4182245466325E-20,-0.1085342));
#3508=CARTESIAN_POINT('',(-0.0013748004,-8.4182245466325E-20,-0.1085342));
#3509=CARTESIAN_POINT('',(0.,0.,-0.1053592));
#3510=CARTESIAN_POINT('',(-0.0426955819129944,0.,-0.1053592));
#3511=CARTESIAN_POINT('',(-0.0440892396586347,0.,-0.1053592));
#3512=CARTESIAN_POINT('',(0.,-8.4182245466325E-20,-0.0831342));
#3513=CARTESIAN_POINT('',(-0.0426955819129944,0.,-0.1053592));
#3514=CARTESIAN_POINT('',(-0.0405075320582097,0.,-0.105850589719654));
#3515=CARTESIAN_POINT('',(-0.0405075320582097,0.00126327117266023,-0.105766134719654));
#3516=CARTESIAN_POINT('',(-0.0416015569856021,0.00189490675899034,-0.105681679719654));
#3517=CARTESIAN_POINT('',(-0.0426955819129944,0.00252654234532046,-0.105597224719654));
#3518=CARTESIAN_POINT('',(-0.0437896068403867,0.00189490675899034,-0.105512769719654));
#3519=CARTESIAN_POINT('',(-0.044883631767779,0.00126327117266023,-0.105428314719654));
#3520=CARTESIAN_POINT('',(-0.044883631767779,2.67958825103683E-19,-0.105343859719654));
#3521=CARTESIAN_POINT('',(-0.044883631767779,-0.00126327117266023,-0.105259404719654));
#3522=CARTESIAN_POINT('',(-0.0437896068403867,-0.00189490675899034,-0.105174949719654));
#3523=CARTESIAN_POINT('',(-0.0426955819129944,-0.00252654234532046,-0.105090494719654));
#3524=CARTESIAN_POINT('',(-0.0416015569856021,-0.00189490675899035,-0.105006039719654));
#3525=CARTESIAN_POINT('',(-0.0405075320582097,-0.00126327117266023,-0.104921584719654));
#3526=CARTESIAN_POINT('',(-0.0405075320582097,0.,-0.104837129719654));
#3527=CARTESIAN_POINT('',(-0.0405075320582097,0.00126327117266023,-0.104752674719654));
#3528=CARTESIAN_POINT('',(-0.0416015569856021,0.00189490675899034,-0.104668219719654));
#3529=CARTESIAN_POINT('',(-0.0426955819129944,0.00252654234532046,-0.104583764719654));
#3530=CARTESIAN_POINT('',(-0.0437896068403867,0.00189490675899034,-0.104499309719654));
#3531=CARTESIAN_POINT('',(-0.044883631767779,0.00126327117266023,-0.104414854719654));
#3532=CARTESIAN_POINT('',(-0.044883631767779,2.67958825103683E-19,-0.104330399719654));
#3533=CARTESIAN_POINT('',(-0.044883631767779,-0.00126327117266023,-0.104245944719654));
#3534=CARTESIAN_POINT('',(-0.0437896068403867,-0.00189490675899034,-0.104161489719654));
#3535=CARTESIAN_POINT('',(-0.0426955819129944,-0.00252654234532046,-0.104077034719654));
#3536=CARTESIAN_POINT('',(-0.0416015569856021,-0.00189490675899035,-0.103992579719654));
#3537=CARTESIAN_POINT('',(-0.0405075320582097,-0.00126327117266023,-0.103908124719654));
#3538=CARTESIAN_POINT('',(-0.0405075320582097,0.,-0.103823669719654));
#3539=CARTESIAN_POINT('',(-0.0405075320582097,0.00126327117266023,-0.103739214719654));
#3540=CARTESIAN_POINT('',(-0.0416015569856021,0.00189490675899034,-0.103654759719654));
#3541=CARTESIAN_POINT('',(-0.0426955819129944,0.00252654234532046,-0.103570304719654));
#3542=CARTESIAN_POINT('',(-0.0437896068403867,0.00189490675899034,-0.103485849719654));
#3543=CARTESIAN_POINT('',(-0.044883631767779,0.00126327117266023,-0.103401394719654));
#3544=CARTESIAN_POINT('',(-0.044883631767779,2.67958825103683E-19,-0.103316939719654));
#3545=CARTESIAN_POINT('',(-0.044883631767779,-0.00126327117266023,-0.103232484719654));
#3546=CARTESIAN_POINT('',(-0.0437896068403867,-0.00189490675899034,-0.103148029719654));
#3547=CARTESIAN_POINT('',(-0.0426955819129944,-0.00252654234532046,-0.103063574719654));
#3548=CARTESIAN_POINT('',(-0.0416015569856021,-0.00189490675899035,-0.102979119719654));
#3549=CARTESIAN_POINT('',(-0.0405075320582097,-0.00126327117266023,-0.102894664719654));
#3550=CARTESIAN_POINT('',(-0.0405075320582097,0.,-0.102810209719654));
#3551=CARTESIAN_POINT('',(-0.0405075320582097,0.00126327117266023,-0.102725754719654));
#3552=CARTESIAN_POINT('',(-0.0416015569856021,0.00189490675899034,-0.102641299719654));
#3553=CARTESIAN_POINT('',(-0.0426955819129944,0.00252654234532046,-0.102556844719654));
#3554=CARTESIAN_POINT('',(-0.0437896068403867,0.00189490675899034,-0.102472389719654));
#3555=CARTESIAN_POINT('',(-0.044883631767779,0.00126327117266023,-0.102387934719654));
#3556=CARTESIAN_POINT('',(-0.044883631767779,2.67958825103683E-19,-0.102303479719654));
#3557=CARTESIAN_POINT('',(-0.044883631767779,-0.00126327117266023,-0.102219024719654));
#3558=CARTESIAN_POINT('',(-0.0437896068403867,-0.00189490675899034,-0.102134569719654));
#3559=CARTESIAN_POINT('',(-0.0426955819129944,-0.00252654234532046,-0.102050114719654));
#3560=CARTESIAN_POINT('',(-0.0416015569856021,-0.00189490675899035,-0.101965659719654));
#3561=CARTESIAN_POINT('',(-0.0405075320582097,-0.00126327117266023,-0.101881204719654));
#3562=CARTESIAN_POINT('',(-0.0405075320582097,0.,-0.101796749719654));
#3563=CARTESIAN_POINT('',(-0.0405075320582097,0.00126327117266023,-0.101712294719654));
#3564=CARTESIAN_POINT('',(-0.0416015569856021,0.00189490675899034,-0.101627839719654));
#3565=CARTESIAN_POINT('',(-0.0426955819129944,0.00252654234532046,-0.101543384719654));
#3566=CARTESIAN_POINT('',(-0.0437896068403867,0.00189490675899034,-0.101458929719654));
#3567=CARTESIAN_POINT('',(-0.044883631767779,0.00126327117266023,-0.101374474719654));
#3568=CARTESIAN_POINT('',(-0.044883631767779,2.67958825103683E-19,-0.101290019719654));
#3569=CARTESIAN_POINT('',(-0.044883631767779,-0.00126327117266023,-0.101205564719654));
#3570=CARTESIAN_POINT('',(-0.0437896068403867,-0.00189490675899034,-0.101121109719654));
#3571=CARTESIAN_POINT('',(-0.0426955819129944,-0.00252654234532046,-0.101036654719654));
#3572=CARTESIAN_POINT('',(-0.0416015569856021,-0.00189490675899035,-0.100952199719654));
#3573=CARTESIAN_POINT('',(-0.0405075320582097,-0.00126327117266023,-0.100867744719654));
#3574=CARTESIAN_POINT('',(-0.0405075320582097,0.,-0.100783289719654));
#3575=CARTESIAN_POINT('',(-0.0405075320582097,0.00126327117266023,-0.100698834719654));
#3576=CARTESIAN_POINT('',(-0.0416015569856021,0.00189490675899034,-0.100614379719654));
#3577=CARTESIAN_POINT('',(-0.0426955819129944,0.00252654234532046,-0.100529924719654));
#3578=CARTESIAN_POINT('',(-0.0437896068403867,0.00189490675899034,-0.100445469719654));
#3579=CARTESIAN_POINT('',(-0.044883631767779,0.00126327117266023,-0.100361014719654));
#3580=CARTESIAN_POINT('',(-0.044883631767779,2.67958825103683E-19,-0.100276559719654));
#3581=CARTESIAN_POINT('',(-0.044883631767779,-0.00126327117266023,-0.100192104719654));
#3582=CARTESIAN_POINT('',(-0.0437896068403867,-0.00189490675899034,-0.100107649719654));
#3583=CARTESIAN_POINT('',(-0.0426955819129944,-0.00252654234532046,-0.100023194719654));
#3584=CARTESIAN_POINT('',(-0.0416015569856021,-0.00189490675899035,-0.0999387397196543));
#3585=CARTESIAN_POINT('',(-0.0405075320582097,-0.00126327117266023,-0.0998542847196544));
#3586=CARTESIAN_POINT('',(-0.0405075320582097,0.,-0.0997698297196543));
#3587=CARTESIAN_POINT('',(-0.0405075320582097,0.00126327117266023,-0.0996853747196543));
#3588=CARTESIAN_POINT('',(-0.0416015569856021,0.00189490675899034,-0.0996009197196543));
#3589=CARTESIAN_POINT('',(-0.0426955819129944,0.00252654234532046,-0.0995164647196543));
#3590=CARTESIAN_POINT('',(-0.0437896068403867,0.00189490675899034,-0.0994320097196544));
#3591=CARTESIAN_POINT('',(-0.044883631767779,0.00126327117266023,-0.0993475547196544));
#3592=CARTESIAN_POINT('',(-0.044883631767779,2.67958825103683E-19,-0.0992630997196543));
#3593=CARTESIAN_POINT('',(-0.044883631767779,-0.00126327117266023,-0.0991786447196543));
#3594=CARTESIAN_POINT('',(-0.0437896068403867,-0.00189490675899034,-0.0990941897196543));
#3595=CARTESIAN_POINT('',(-0.0426955819129944,-0.00252654234532046,-0.0990097347196543));
#3596=CARTESIAN_POINT('',(-0.0416015569856021,-0.00189490675899035,-0.0989252797196543));
#3597=CARTESIAN_POINT('',(-0.0405075320582097,-0.00126327117266023,-0.0988408247196543));
#3598=CARTESIAN_POINT('',(-0.0405075320582097,0.,-0.0987563697196543));
#3599=CARTESIAN_POINT('',(-0.0405075320582097,0.00126327117266023,-0.0986719147196544));
#3600=CARTESIAN_POINT('',(-0.0416015569856021,0.00189490675899034,-0.0985874597196544));
#3601=CARTESIAN_POINT('',(-0.0426955819129944,0.00252654234532046,-0.0985030047196543));
#3602=CARTESIAN_POINT('',(-0.0437896068403867,0.00189490675899034,-0.0984185497196543));
#3603=CARTESIAN_POINT('',(-0.044883631767779,0.00126327117266023,-0.0983340947196543));
#3604=CARTESIAN_POINT('',(-0.044883631767779,2.67958825103683E-19,-0.0982496397196543));
#3605=CARTESIAN_POINT('',(-0.044883631767779,-0.00126327117266023,-0.0981651847196544));
#3606=CARTESIAN_POINT('',(-0.0437896068403867,-0.00189490675899034,-0.0980807297196543));
#3607=CARTESIAN_POINT('',(-0.0426955819129944,-0.00252654234532046,-0.0979962747196543));
#3608=CARTESIAN_POINT('',(-0.0416015569856021,-0.00189490675899035,-0.0979118197196543));
#3609=CARTESIAN_POINT('',(-0.0405075320582097,-0.00126327117266023,-0.0978273647196543));
#3610=CARTESIAN_POINT('',(-0.0405075320582097,0.,-0.0977429097196543));
#3611=CARTESIAN_POINT('',(-0.0405075320582097,0.00126327117266023,-0.0976584547196543));
#3612=CARTESIAN_POINT('',(-0.0416015569856021,0.00189490675899034,-0.0975739997196543));
#3613=CARTESIAN_POINT('',(-0.0426955819129944,0.00252654234532046,-0.0974895447196543));
#3614=CARTESIAN_POINT('',(-0.0437896068403867,0.00189490675899034,-0.0974050897196543));
#3615=CARTESIAN_POINT('',(-0.044883631767779,0.00126327117266023,-0.0973206347196543));
#3616=CARTESIAN_POINT('',(-0.044883631767779,2.67958825103683E-19,-0.0972361797196543));
#3617=CARTESIAN_POINT('',(-0.044883631767779,-0.00126327117266023,-0.0971517247196543));
#3618=CARTESIAN_POINT('',(-0.0437896068403867,-0.00189490675899034,-0.0970672697196543));
#3619=CARTESIAN_POINT('',(-0.0426955819129944,-0.00252654234532046,-0.0969828147196544));
#3620=CARTESIAN_POINT('',(-0.0416015569856021,-0.00189490675899035,-0.0968983597196543));
#3621=CARTESIAN_POINT('',(-0.0405075320582097,-0.00126327117266023,-0.0968139047196543));
#3622=CARTESIAN_POINT('',(-0.0405075320582097,0.,-0.0967294497196543));
#3623=CARTESIAN_POINT('',(-0.0405075320582097,0.00126327117266023,-0.0966449947196543));
#3624=CARTESIAN_POINT('',(-0.0416015569856021,0.00189490675899034,-0.0965605397196543));
#3625=CARTESIAN_POINT('',(-0.0426955819129944,0.00252654234532046,-0.0964760847196544));
#3626=CARTESIAN_POINT('',(-0.0437896068403867,0.00189490675899034,-0.0963916297196543));
#3627=CARTESIAN_POINT('',(-0.044883631767779,0.00126327117266023,-0.0963071747196543));
#3628=CARTESIAN_POINT('',(-0.044883631767779,2.67958825103683E-19,-0.0962227197196543));
#3629=CARTESIAN_POINT('',(-0.044883631767779,-0.00126327117266023,-0.0961382647196543));
#3630=CARTESIAN_POINT('',(-0.0437896068403867,-0.00189490675899034,-0.0960538097196544));
#3631=CARTESIAN_POINT('',(-0.0426955819129944,-0.00252654234532046,-0.0959693547196543));
#3632=CARTESIAN_POINT('',(-0.0416015569856021,-0.00189490675899035,-0.0958848997196543));
#3633=CARTESIAN_POINT('',(-0.0405075320582097,-0.00126327117266023,-0.0958004447196543));
#3634=CARTESIAN_POINT('',(-0.0405075320582097,0.,-0.0957159897196544));
#3635=CARTESIAN_POINT('',(-0.0405075320582097,0.00126327117266023,-0.0956315347196543));
#3636=CARTESIAN_POINT('',(-0.0416015569856021,0.00189490675899034,-0.0955470797196543));
#3637=CARTESIAN_POINT('',(-0.0426955819129944,0.00252654234532046,-0.0954626247196543));
#3638=CARTESIAN_POINT('',(-0.0437896068403867,0.00189490675899034,-0.0953781697196543));
#3639=CARTESIAN_POINT('',(-0.044883631767779,0.00126327117266023,-0.0952937147196544));
#3640=CARTESIAN_POINT('',(-0.044883631767779,2.67958825103683E-19,-0.0952092597196543));
#3641=CARTESIAN_POINT('',(-0.044883631767779,-0.00126327117266023,-0.0951248047196543));
#3642=CARTESIAN_POINT('',(-0.0437896068403867,-0.00189490675899034,-0.0950403497196543));
#3643=CARTESIAN_POINT('',(-0.0426955819129944,-0.00252654234532046,-0.0949558947196543));
#3644=CARTESIAN_POINT('',(-0.0416015569856021,-0.00189490675899035,-0.0948714397196544));
#3645=CARTESIAN_POINT('',(-0.0405075320582097,-0.00126327117266023,-0.0947869847196544));
#3646=CARTESIAN_POINT('',(-0.0405075320582097,0.,-0.0947025297196543));
#3647=CARTESIAN_POINT('',(-0.0405075320582097,0.00126327117266023,-0.0946180747196543));
#3648=CARTESIAN_POINT('',(-0.0416015569856021,0.00189490675899034,-0.0945336197196543));
#3649=CARTESIAN_POINT('',(-0.0426955819129944,0.00252654234532046,-0.0944491647196543));
#3650=CARTESIAN_POINT('',(-0.0437896068403867,0.00189490675899034,-0.0943647097196543));
#3651=CARTESIAN_POINT('',(-0.044883631767779,0.00126327117266023,-0.0942802547196543));
#3652=CARTESIAN_POINT('',(-0.044883631767779,2.67958825103683E-19,-0.0941957997196543));
#3653=CARTESIAN_POINT('',(-0.044883631767779,-0.00126327117266023,-0.0941113447196544));
#3654=CARTESIAN_POINT('',(-0.0437896068403867,-0.00189490675899034,-0.0940268897196543));
#3655=CARTESIAN_POINT('',(-0.0426955819129944,-0.00252654234532046,-0.0939424347196543));
#3656=CARTESIAN_POINT('',(-0.0416015569856021,-0.00189490675899035,-0.0938579797196543));
#3657=CARTESIAN_POINT('',(-0.0405075320582097,-0.00126327117266023,-0.0937735247196543));
#3658=CARTESIAN_POINT('',(-0.0405075320582097,0.,-0.0936890697196543));
#3659=CARTESIAN_POINT('',(-0.0405075320582097,0.00126327117266023,-0.0936046147196544));
#3660=CARTESIAN_POINT('',(-0.0416015569856021,0.00189490675899034,-0.0935201597196543));
#3661=CARTESIAN_POINT('',(-0.0426955819129944,0.00252654234532046,-0.0934357047196543));
#3662=CARTESIAN_POINT('',(-0.0437896068403867,0.00189490675899034,-0.0933512497196543));
#3663=CARTESIAN_POINT('',(-0.044883631767779,0.00126327117266023,-0.0932667947196543));
#3664=CARTESIAN_POINT('',(-0.044883631767779,2.67958825103683E-19,-0.0931823397196543));
#3665=CARTESIAN_POINT('',(-0.044883631767779,-0.00126327117266023,-0.0930978847196544));
#3666=CARTESIAN_POINT('',(-0.0437896068403867,-0.00189490675899034,-0.0930134297196543));
#3667=CARTESIAN_POINT('',(-0.0426955819129944,-0.00252654234532046,-0.0929289747196544));
#3668=CARTESIAN_POINT('',(-0.0416015569856021,-0.00189490675899035,-0.0928445197196543));
#3669=CARTESIAN_POINT('',(-0.0405075320582097,-0.00126327117266023,-0.0927600647196543));
#3670=CARTESIAN_POINT('',(-0.0405075320582097,0.,-0.0926756097196543));
#3671=CARTESIAN_POINT('',(-0.0405075320582097,0.00126327117266023,-0.0925911547196543));
#3672=CARTESIAN_POINT('',(-0.0416015569856021,0.00189490675899034,-0.0925066997196543));
#3673=CARTESIAN_POINT('',(-0.0426955819129944,0.00252654234532046,-0.0924222447196544));
#3674=CARTESIAN_POINT('',(-0.0437896068403867,0.00189490675899034,-0.0923377897196543));
#3675=CARTESIAN_POINT('',(-0.044883631767779,0.00126327117266023,-0.0922533347196543));
#3676=CARTESIAN_POINT('',(-0.044883631767779,2.67958825103683E-19,-0.0921688797196543));
#3677=CARTESIAN_POINT('',(-0.044883631767779,-0.00126327117266023,-0.0920844247196543));
#3678=CARTESIAN_POINT('',(-0.0437896068403867,-0.00189490675899034,-0.0919999697196543));
#3679=CARTESIAN_POINT('',(-0.0426955819129944,-0.00252654234532046,-0.0919155147196544));
#3680=CARTESIAN_POINT('',(-0.0416015569856021,-0.00189490675899035,-0.0918310597196543));
#3681=CARTESIAN_POINT('',(-0.0405075320582097,-0.00126327117266023,-0.0917466047196544));
#3682=CARTESIAN_POINT('',(-0.0405075320582097,0.,-0.0916621497196543));
#3683=CARTESIAN_POINT('',(-0.0405075320582097,0.00126327117266023,-0.0915776947196543));
#3684=CARTESIAN_POINT('',(-0.0416015569856021,0.00189490675899034,-0.0914932397196543));
#3685=CARTESIAN_POINT('',(-0.0426955819129944,0.00252654234532046,-0.0914087847196543));
#3686=CARTESIAN_POINT('',(-0.0437896068403867,0.00189490675899034,-0.0913243297196543));
#3687=CARTESIAN_POINT('',(-0.044883631767779,0.00126327117266023,-0.0912398747196543));
#3688=CARTESIAN_POINT('',(-0.044883631767779,2.67958825103683E-19,-0.0911554197196544));
#3689=CARTESIAN_POINT('',(-0.044883631767779,-0.00126327117266023,-0.0910709647196543));
#3690=CARTESIAN_POINT('',(-0.0437896068403867,-0.00189490675899034,-0.0909865097196543));
#3691=CARTESIAN_POINT('',(-0.0426955819129944,-0.00252654234532046,-0.0909020547196543));
#3692=CARTESIAN_POINT('',(-0.0416015569856021,-0.00189490675899035,-0.0908175997196543));
#3693=CARTESIAN_POINT('',(-0.0405075320582097,-0.00126327117266023,-0.0907331447196544));
#3694=CARTESIAN_POINT('',(-0.0405075320582097,0.,-0.0906486897196543));
#3695=CARTESIAN_POINT('',(-0.0405075320582097,0.00126327117266023,-0.0905642347196543));
#3696=CARTESIAN_POINT('',(-0.0416015569856021,0.00189490675899034,-0.0904797797196543));
#3697=CARTESIAN_POINT('',(-0.0426955819129944,0.00252654234532046,-0.0903953247196543));
#3698=CARTESIAN_POINT('',(-0.0437896068403867,0.00189490675899034,-0.0903108697196544));
#3699=CARTESIAN_POINT('',(-0.044883631767779,0.00126327117266023,-0.0902264147196544));
#3700=CARTESIAN_POINT('',(-0.044883631767779,2.67958825103683E-19,-0.0901419597196543));
#3701=CARTESIAN_POINT('',(-0.044883631767779,-0.00126327117266023,-0.0900575047196543));
#3702=CARTESIAN_POINT('',(-0.0437896068403867,-0.00189490675899034,-0.0899730497196544));
#3703=CARTESIAN_POINT('',(-0.0426955819129944,-0.00252654234532046,-0.0898885947196543));
#3704=CARTESIAN_POINT('',(-0.0416015569856021,-0.00189490675899035,-0.0898041397196543));
#3705=CARTESIAN_POINT('',(-0.0405075320582097,-0.00126327117266023,-0.0897196847196543));
#3706=CARTESIAN_POINT('',(-0.0405075320582097,0.,-0.0896352297196544));
#3707=CARTESIAN_POINT('',(-0.0405075320582097,0.00126327117266023,-0.0895507747196544));
#3708=CARTESIAN_POINT('',(-0.0416015569856021,0.00189490675899034,-0.0894663197196543));
#3709=CARTESIAN_POINT('',(-0.0426955819129944,0.00252654234532046,-0.0893818647196543));
#3710=CARTESIAN_POINT('',(-0.0437896068403867,0.00189490675899034,-0.0892974097196543));
#3711=CARTESIAN_POINT('',(-0.044883631767779,0.00126327117266023,-0.0892129547196543));
#3712=CARTESIAN_POINT('',(-0.044883631767779,2.67958825103683E-19,-0.0891284997196543));
#3713=CARTESIAN_POINT('',(-0.044883631767779,-0.00126327117266023,-0.0890440447196544));
#3714=CARTESIAN_POINT('',(-0.0437896068403867,-0.00189490675899034,-0.0889595897196543));
#3715=CARTESIAN_POINT('',(-0.0426955819129944,-0.00252654234532046,-0.0888751347196543));
#3716=CARTESIAN_POINT('',(-0.0416015569856021,-0.00189490675899035,-0.0887906797196544));
#3717=CARTESIAN_POINT('',(-0.0405075320582097,-0.00126327117266023,-0.0887062247196543));
#3718=CARTESIAN_POINT('',(-0.0405075320582097,0.,-0.0886217697196543));
#3719=CARTESIAN_POINT('',(-0.0405075320582097,0.00126327117266023,-0.0885373147196544));
#3720=CARTESIAN_POINT('',(-0.0416015569856021,0.00189490675899034,-0.0884528597196543));
#3721=CARTESIAN_POINT('',(-0.0426955819129944,0.00252654234532046,-0.0883684047196544));
#3722=CARTESIAN_POINT('',(-0.0437896068403867,0.00189490675899034,-0.0882839497196543));
#3723=CARTESIAN_POINT('',(-0.044883631767779,0.00126327117266023,-0.0881994947196543));
#3724=CARTESIAN_POINT('',(-0.044883631767779,2.67958825103683E-19,-0.0881150397196543));
#3725=CARTESIAN_POINT('',(-0.044883631767779,-0.00126327117266023,-0.0880305847196543));
#3726=CARTESIAN_POINT('',(-0.0437896068403867,-0.00189490675899034,-0.0879461297196543));
#3727=CARTESIAN_POINT('',(-0.0426955819129944,-0.00252654234532046,-0.0878616747196544));
#3728=CARTESIAN_POINT('',(-0.0416015569856021,-0.00189490675899035,-0.0877772197196544));
#3729=CARTESIAN_POINT('',(-0.0405075320582097,-0.00126327117266023,-0.0876927647196543));
#3730=CARTESIAN_POINT('',(-0.0405075320582097,0.,-0.0876083097196543));
#3731=CARTESIAN_POINT('',(-0.0431776093888756,-0.00213429418766923,-0.105127705599824));
#3732=CARTESIAN_POINT('',(-0.0440897480549882,0.0016863756804286,-0.0902853435985224));
#3733=CARTESIAN_POINT('',(-0.0426955819129944,0.,-0.105127705599824));
#3734=CARTESIAN_POINT('',(-0.0405075320582097,0.,-0.105127705599824));
#3735=CARTESIAN_POINT('',(-0.0405075320582097,0.,-0.1053592));
#3736=CARTESIAN_POINT('',(-0.0405075320582097,0.,-0.104867810280346));
#3737=CARTESIAN_POINT('',(-0.0405075320582097,0.,-0.104867810280346));
#3738=CARTESIAN_POINT('',(-0.0405075320582097,0.00126327117266023,-0.104783355280346));
#3739=CARTESIAN_POINT('',(-0.0416015569856021,0.00189490675899034,-0.104698900280346));
#3740=CARTESIAN_POINT('',(-0.0426955819129944,0.00252654234532046,-0.104614445280346));
#3741=CARTESIAN_POINT('',(-0.0437896068403867,0.00189490675899034,-0.104529990280346));
#3742=CARTESIAN_POINT('',(-0.044883631767779,0.00126327117266023,-0.104445535280346));
#3743=CARTESIAN_POINT('',(-0.044883631767779,2.67958825103683E-19,-0.104361080280346));
#3744=CARTESIAN_POINT('',(-0.044883631767779,-0.00126327117266023,-0.104276625280346));
#3745=CARTESIAN_POINT('',(-0.0437896068403867,-0.00189490675899034,-0.104192170280346));
#3746=CARTESIAN_POINT('',(-0.0426955819129944,-0.00252654234532046,-0.104107715280346));
#3747=CARTESIAN_POINT('',(-0.0416015569856021,-0.00189490675899035,-0.104023260280346));
#3748=CARTESIAN_POINT('',(-0.0405075320582097,-0.00126327117266023,-0.103938805280346));
#3749=CARTESIAN_POINT('',(-0.0405075320582097,0.,-0.103854350280346));
#3750=CARTESIAN_POINT('',(-0.0405075320582097,0.00126327117266023,-0.103769895280346));
#3751=CARTESIAN_POINT('',(-0.0416015569856021,0.00189490675899034,-0.103685440280346));
#3752=CARTESIAN_POINT('',(-0.0426955819129944,0.00252654234532046,-0.103600985280346));
#3753=CARTESIAN_POINT('',(-0.0437896068403867,0.00189490675899034,-0.103516530280346));
#3754=CARTESIAN_POINT('',(-0.044883631767779,0.00126327117266023,-0.103432075280346));
#3755=CARTESIAN_POINT('',(-0.044883631767779,2.67958825103683E-19,-0.103347620280346));
#3756=CARTESIAN_POINT('',(-0.044883631767779,-0.00126327117266023,-0.103263165280346));
#3757=CARTESIAN_POINT('',(-0.0437896068403867,-0.00189490675899034,-0.103178710280346));
#3758=CARTESIAN_POINT('',(-0.0426955819129944,-0.00252654234532046,-0.103094255280346));
#3759=CARTESIAN_POINT('',(-0.0416015569856021,-0.00189490675899035,-0.103009800280346));
#3760=CARTESIAN_POINT('',(-0.0405075320582097,-0.00126327117266023,-0.102925345280346));
#3761=CARTESIAN_POINT('',(-0.0405075320582097,0.,-0.102840890280346));
#3762=CARTESIAN_POINT('',(-0.0405075320582097,0.00126327117266023,-0.102756435280346));
#3763=CARTESIAN_POINT('',(-0.0416015569856021,0.00189490675899034,-0.102671980280346));
#3764=CARTESIAN_POINT('',(-0.0426955819129944,0.00252654234532046,-0.102587525280346));
#3765=CARTESIAN_POINT('',(-0.0437896068403867,0.00189490675899034,-0.102503070280346));
#3766=CARTESIAN_POINT('',(-0.044883631767779,0.00126327117266023,-0.102418615280346));
#3767=CARTESIAN_POINT('',(-0.044883631767779,2.67958825103683E-19,-0.102334160280346));
#3768=CARTESIAN_POINT('',(-0.044883631767779,-0.00126327117266023,-0.102249705280346));
#3769=CARTESIAN_POINT('',(-0.0437896068403867,-0.00189490675899034,-0.102165250280346));
#3770=CARTESIAN_POINT('',(-0.0426955819129944,-0.00252654234532046,-0.102080795280346));
#3771=CARTESIAN_POINT('',(-0.0416015569856021,-0.00189490675899035,-0.101996340280346));
#3772=CARTESIAN_POINT('',(-0.0405075320582097,-0.00126327117266023,-0.101911885280346));
#3773=CARTESIAN_POINT('',(-0.0405075320582097,0.,-0.101827430280346));
#3774=CARTESIAN_POINT('',(-0.0405075320582097,0.00126327117266023,-0.101742975280346));
#3775=CARTESIAN_POINT('',(-0.0416015569856021,0.00189490675899034,-0.101658520280346));
#3776=CARTESIAN_POINT('',(-0.0426955819129944,0.00252654234532046,-0.101574065280346));
#3777=CARTESIAN_POINT('',(-0.0437896068403867,0.00189490675899034,-0.101489610280346));
#3778=CARTESIAN_POINT('',(-0.044883631767779,0.00126327117266023,-0.101405155280346));
#3779=CARTESIAN_POINT('',(-0.044883631767779,2.67958825103683E-19,-0.101320700280346));
#3780=CARTESIAN_POINT('',(-0.044883631767779,-0.00126327117266023,-0.101236245280346));
#3781=CARTESIAN_POINT('',(-0.0437896068403867,-0.00189490675899034,-0.101151790280346));
#3782=CARTESIAN_POINT('',(-0.0426955819129944,-0.00252654234532046,-0.101067335280346));
#3783=CARTESIAN_POINT('',(-0.0416015569856021,-0.00189490675899035,-0.100982880280346));
#3784=CARTESIAN_POINT('',(-0.0405075320582097,-0.00126327117266023,-0.100898425280346));
#3785=CARTESIAN_POINT('',(-0.0405075320582097,0.,-0.100813970280346));
#3786=CARTESIAN_POINT('',(-0.0405075320582097,0.00126327117266023,-0.100729515280346));
#3787=CARTESIAN_POINT('',(-0.0416015569856021,0.00189490675899034,-0.100645060280346));
#3788=CARTESIAN_POINT('',(-0.0426955819129944,0.00252654234532046,-0.100560605280346));
#3789=CARTESIAN_POINT('',(-0.0437896068403867,0.00189490675899034,-0.100476150280346));
#3790=CARTESIAN_POINT('',(-0.044883631767779,0.00126327117266023,-0.100391695280346));
#3791=CARTESIAN_POINT('',(-0.044883631767779,2.67958825103683E-19,-0.100307240280346));
#3792=CARTESIAN_POINT('',(-0.044883631767779,-0.00126327117266023,-0.100222785280346));
#3793=CARTESIAN_POINT('',(-0.0437896068403867,-0.00189490675899034,-0.100138330280346));
#3794=CARTESIAN_POINT('',(-0.0426955819129944,-0.00252654234532046,-0.100053875280346));
#3795=CARTESIAN_POINT('',(-0.0416015569856021,-0.00189490675899035,-0.0999694202803456));
#3796=CARTESIAN_POINT('',(-0.0405075320582097,-0.00126327117266023,-0.0998849652803456));
#3797=CARTESIAN_POINT('',(-0.0405075320582097,0.,-0.0998005102803456));
#3798=CARTESIAN_POINT('',(-0.0405075320582097,0.00126327117266023,-0.0997160552803456));
#3799=CARTESIAN_POINT('',(-0.0416015569856021,0.00189490675899034,-0.0996316002803456));
#3800=CARTESIAN_POINT('',(-0.0426955819129944,0.00252654234532046,-0.0995471452803456));
#3801=CARTESIAN_POINT('',(-0.0437896068403867,0.00189490675899034,-0.0994626902803456));
#3802=CARTESIAN_POINT('',(-0.044883631767779,0.00126327117266023,-0.0993782352803456));
#3803=CARTESIAN_POINT('',(-0.044883631767779,2.67958825103683E-19,-0.0992937802803456));
#3804=CARTESIAN_POINT('',(-0.044883631767779,-0.00126327117266023,-0.0992093252803457));
#3805=CARTESIAN_POINT('',(-0.0437896068403867,-0.00189490675899034,-0.0991248702803456));
#3806=CARTESIAN_POINT('',(-0.0426955819129944,-0.00252654234532046,-0.0990404152803456));
#3807=CARTESIAN_POINT('',(-0.0416015569856021,-0.00189490675899035,-0.0989559602803456));
#3808=CARTESIAN_POINT('',(-0.0405075320582097,-0.00126327117266023,-0.0988715052803456));
#3809=CARTESIAN_POINT('',(-0.0405075320582097,0.,-0.0987870502803456));
#3810=CARTESIAN_POINT('',(-0.0405075320582097,0.00126327117266023,-0.0987025952803457));
#3811=CARTESIAN_POINT('',(-0.0416015569856021,0.00189490675899034,-0.0986181402803456));
#3812=CARTESIAN_POINT('',(-0.0426955819129944,0.00252654234532046,-0.0985336852803457));
#3813=CARTESIAN_POINT('',(-0.0437896068403867,0.00189490675899034,-0.0984492302803456));
#3814=CARTESIAN_POINT('',(-0.044883631767779,0.00126327117266023,-0.0983647752803456));
#3815=CARTESIAN_POINT('',(-0.044883631767779,2.67958825103683E-19,-0.0982803202803456));
#3816=CARTESIAN_POINT('',(-0.044883631767779,-0.00126327117266023,-0.0981958652803456));
#3817=CARTESIAN_POINT('',(-0.0437896068403867,-0.00189490675899034,-0.0981114102803456));
#3818=CARTESIAN_POINT('',(-0.0426955819129944,-0.00252654234532046,-0.0980269552803457));
#3819=CARTESIAN_POINT('',(-0.0416015569856021,-0.00189490675899035,-0.0979425002803456));
#3820=CARTESIAN_POINT('',(-0.0405075320582097,-0.00126327117266023,-0.0978580452803456));
#3821=CARTESIAN_POINT('',(-0.0405075320582097,0.,-0.0977735902803456));
#3822=CARTESIAN_POINT('',(-0.0405075320582097,0.00126327117266023,-0.0976891352803456));
#3823=CARTESIAN_POINT('',(-0.0416015569856021,0.00189490675899034,-0.0976046802803456));
#3824=CARTESIAN_POINT('',(-0.0426955819129944,0.00252654234532046,-0.0975202252803457));
#3825=CARTESIAN_POINT('',(-0.0437896068403867,0.00189490675899034,-0.0974357702803456));
#3826=CARTESIAN_POINT('',(-0.044883631767779,0.00126327117266023,-0.0973513152803456));
#3827=CARTESIAN_POINT('',(-0.044883631767779,2.67958825103683E-19,-0.0972668602803456));
#3828=CARTESIAN_POINT('',(-0.044883631767779,-0.00126327117266023,-0.0971824052803456));
#3829=CARTESIAN_POINT('',(-0.0437896068403867,-0.00189490675899034,-0.0970979502803456));
#3830=CARTESIAN_POINT('',(-0.0426955819129944,-0.00252654234532046,-0.0970134952803457));
#3831=CARTESIAN_POINT('',(-0.0416015569856021,-0.00189490675899035,-0.0969290402803456));
#3832=CARTESIAN_POINT('',(-0.0405075320582097,-0.00126327117266023,-0.0968445852803456));
#3833=CARTESIAN_POINT('',(-0.0405075320582097,0.,-0.0967601302803456));
#3834=CARTESIAN_POINT('',(-0.0405075320582097,0.00126327117266023,-0.0966756752803456));
#3835=CARTESIAN_POINT('',(-0.0416015569856021,0.00189490675899034,-0.0965912202803456));
#3836=CARTESIAN_POINT('',(-0.0426955819129944,0.00252654234532046,-0.0965067652803456));
#3837=CARTESIAN_POINT('',(-0.0437896068403867,0.00189490675899034,-0.0964223102803456));
#3838=CARTESIAN_POINT('',(-0.044883631767779,0.00126327117266023,-0.0963378552803456));
#3839=CARTESIAN_POINT('',(-0.044883631767779,2.67958825103683E-19,-0.0962534002803456));
#3840=CARTESIAN_POINT('',(-0.044883631767779,-0.00126327117266023,-0.0961689452803456));
#3841=CARTESIAN_POINT('',(-0.0437896068403867,-0.00189490675899034,-0.0960844902803456));
#3842=CARTESIAN_POINT('',(-0.0426955819129944,-0.00252654234532046,-0.0960000352803456));
#3843=CARTESIAN_POINT('',(-0.0416015569856021,-0.00189490675899035,-0.0959155802803456));
#3844=CARTESIAN_POINT('',(-0.0405075320582097,-0.00126327117266023,-0.0958311252803457));
#3845=CARTESIAN_POINT('',(-0.0405075320582097,0.,-0.0957466702803456));
#3846=CARTESIAN_POINT('',(-0.0405075320582097,0.00126327117266023,-0.0956622152803456));
#3847=CARTESIAN_POINT('',(-0.0416015569856021,0.00189490675899034,-0.0955777602803456));
#3848=CARTESIAN_POINT('',(-0.0426955819129944,0.00252654234532046,-0.0954933052803456));
#3849=CARTESIAN_POINT('',(-0.0437896068403867,0.00189490675899034,-0.0954088502803456));
#3850=CARTESIAN_POINT('',(-0.044883631767779,0.00126327117266023,-0.0953243952803456));
#3851=CARTESIAN_POINT('',(-0.044883631767779,2.67958825103683E-19,-0.0952399402803456));
#3852=CARTESIAN_POINT('',(-0.044883631767779,-0.00126327117266023,-0.0951554852803457));
#3853=CARTESIAN_POINT('',(-0.0437896068403867,-0.00189490675899034,-0.0950710302803457));
#3854=CARTESIAN_POINT('',(-0.0426955819129944,-0.00252654234532046,-0.0949865752803456));
#3855=CARTESIAN_POINT('',(-0.0416015569856021,-0.00189490675899035,-0.0949021202803456));
#3856=CARTESIAN_POINT('',(-0.0405075320582097,-0.00126327117266023,-0.0948176652803456));
#3857=CARTESIAN_POINT('',(-0.0405075320582097,0.,-0.0947332102803456));
#3858=CARTESIAN_POINT('',(-0.0405075320582097,0.00126327117266023,-0.0946487552803456));
#3859=CARTESIAN_POINT('',(-0.0416015569856021,0.00189490675899034,-0.0945643002803456));
#3860=CARTESIAN_POINT('',(-0.0426955819129944,0.00252654234532046,-0.0944798452803456));
#3861=CARTESIAN_POINT('',(-0.0437896068403867,0.00189490675899034,-0.0943953902803456));
#3862=CARTESIAN_POINT('',(-0.044883631767779,0.00126327117266023,-0.0943109352803456));
#3863=CARTESIAN_POINT('',(-0.044883631767779,2.67958825103683E-19,-0.0942264802803456));
#3864=CARTESIAN_POINT('',(-0.044883631767779,-0.00126327117266023,-0.0941420252803457));
#3865=CARTESIAN_POINT('',(-0.0437896068403867,-0.00189490675899034,-0.0940575702803456));
#3866=CARTESIAN_POINT('',(-0.0426955819129944,-0.00252654234532046,-0.0939731152803456));
#3867=CARTESIAN_POINT('',(-0.0416015569856021,-0.00189490675899035,-0.0938886602803456));
#3868=CARTESIAN_POINT('',(-0.0405075320582097,-0.00126327117266023,-0.0938042052803456));
#3869=CARTESIAN_POINT('',(-0.0405075320582097,0.,-0.0937197502803456));
#3870=CARTESIAN_POINT('',(-0.0405075320582097,0.00126327117266023,-0.0936352952803456));
#3871=CARTESIAN_POINT('',(-0.0416015569856021,0.00189490675899034,-0.0935508402803456));
#3872=CARTESIAN_POINT('',(-0.0426955819129944,0.00252654234532046,-0.0934663852803457));
#3873=CARTESIAN_POINT('',(-0.0437896068403867,0.00189490675899034,-0.0933819302803456));
#3874=CARTESIAN_POINT('',(-0.044883631767779,0.00126327117266023,-0.0932974752803456));
#3875=CARTESIAN_POINT('',(-0.044883631767779,2.67958825103683E-19,-0.0932130202803456));
#3876=CARTESIAN_POINT('',(-0.044883631767779,-0.00126327117266023,-0.0931285652803456));
#3877=CARTESIAN_POINT('',(-0.0437896068403867,-0.00189490675899034,-0.0930441102803456));
#3878=CARTESIAN_POINT('',(-0.0426955819129944,-0.00252654234532046,-0.0929596552803457));
#3879=CARTESIAN_POINT('',(-0.0416015569856021,-0.00189490675899035,-0.0928752002803456));
#3880=CARTESIAN_POINT('',(-0.0405075320582097,-0.00126327117266023,-0.0927907452803456));
#3881=CARTESIAN_POINT('',(-0.0405075320582097,0.,-0.0927062902803456));
#3882=CARTESIAN_POINT('',(-0.0405075320582097,0.00126327117266023,-0.0926218352803456));
#3883=CARTESIAN_POINT('',(-0.0416015569856021,0.00189490675899034,-0.0925373802803456));
#3884=CARTESIAN_POINT('',(-0.0426955819129944,0.00252654234532046,-0.0924529252803457));
#3885=CARTESIAN_POINT('',(-0.0437896068403867,0.00189490675899034,-0.0923684702803456));
#3886=CARTESIAN_POINT('',(-0.044883631767779,0.00126327117266023,-0.0922840152803457));
#3887=CARTESIAN_POINT('',(-0.044883631767779,2.67958825103683E-19,-0.0921995602803456));
#3888=CARTESIAN_POINT('',(-0.044883631767779,-0.00126327117266023,-0.0921151052803456));
#3889=CARTESIAN_POINT('',(-0.0437896068403867,-0.00189490675899034,-0.0920306502803456));
#3890=CARTESIAN_POINT('',(-0.0426955819129944,-0.00252654234532046,-0.0919461952803456));
#3891=CARTESIAN_POINT('',(-0.0416015569856021,-0.00189490675899035,-0.0918617402803456));
#3892=CARTESIAN_POINT('',(-0.0405075320582097,-0.00126327117266023,-0.0917772852803456));
#3893=CARTESIAN_POINT('',(-0.0405075320582097,0.,-0.0916928302803456));
#3894=CARTESIAN_POINT('',(-0.0405075320582097,0.00126327117266023,-0.0916083752803456));
#3895=CARTESIAN_POINT('',(-0.0416015569856021,0.00189490675899034,-0.0915239202803456));
#3896=CARTESIAN_POINT('',(-0.0426955819129944,0.00252654234532046,-0.0914394652803456));
#3897=CARTESIAN_POINT('',(-0.0437896068403867,0.00189490675899034,-0.0913550102803456));
#3898=CARTESIAN_POINT('',(-0.044883631767779,0.00126327117266023,-0.0912705552803457));
#3899=CARTESIAN_POINT('',(-0.044883631767779,2.67958825103683E-19,-0.0911861002803456));
#3900=CARTESIAN_POINT('',(-0.044883631767779,-0.00126327117266023,-0.0911016452803456));
#3901=CARTESIAN_POINT('',(-0.0437896068403867,-0.00189490675899034,-0.0910171902803456));
#3902=CARTESIAN_POINT('',(-0.0426955819129944,-0.00252654234532046,-0.0909327352803456));
#3903=CARTESIAN_POINT('',(-0.0416015569856021,-0.00189490675899035,-0.0908482802803456));
#3904=CARTESIAN_POINT('',(-0.0405075320582097,-0.00126327117266023,-0.0907638252803456));
#3905=CARTESIAN_POINT('',(-0.0405075320582097,0.,-0.0906793702803456));
#3906=CARTESIAN_POINT('',(-0.0405075320582097,0.00126327117266023,-0.0905949152803457));
#3907=CARTESIAN_POINT('',(-0.0416015569856021,0.00189490675899034,-0.0905104602803456));
#3908=CARTESIAN_POINT('',(-0.0426955819129944,0.00252654234532046,-0.0904260052803456));
#3909=CARTESIAN_POINT('',(-0.0437896068403867,0.00189490675899034,-0.0903415502803456));
#3910=CARTESIAN_POINT('',(-0.044883631767779,0.00126327117266023,-0.0902570952803456));
#3911=CARTESIAN_POINT('',(-0.044883631767779,2.67958825103683E-19,-0.0901726402803456));
#3912=CARTESIAN_POINT('',(-0.044883631767779,-0.00126327117266023,-0.0900881852803455));
#3913=CARTESIAN_POINT('',(-0.0437896068403867,-0.00189490675899034,-0.0900037302803456));
#3914=CARTESIAN_POINT('',(-0.0426955819129944,-0.00252654234532046,-0.0899192752803456));
#3915=CARTESIAN_POINT('',(-0.0416015569856021,-0.00189490675899035,-0.0898348202803457));
#3916=CARTESIAN_POINT('',(-0.0405075320582097,-0.00126327117266023,-0.0897503652803456));
#3917=CARTESIAN_POINT('',(-0.0405075320582097,0.,-0.0896659102803456));
#3918=CARTESIAN_POINT('',(-0.0405075320582097,0.00126327117266023,-0.0895814552803457));
#3919=CARTESIAN_POINT('',(-0.0416015569856021,0.00189490675899034,-0.0894970002803456));
#3920=CARTESIAN_POINT('',(-0.0426955819129944,0.00252654234532046,-0.0894125452803456));
#3921=CARTESIAN_POINT('',(-0.0437896068403867,0.00189490675899034,-0.0893280902803456));
#3922=CARTESIAN_POINT('',(-0.044883631767779,0.00126327117266023,-0.0892436352803456));
#3923=CARTESIAN_POINT('',(-0.044883631767779,2.67958825103683E-19,-0.0891591802803456));
#3924=CARTESIAN_POINT('',(-0.044883631767779,-0.00126327117266023,-0.0890747252803456));
#3925=CARTESIAN_POINT('',(-0.0437896068403867,-0.00189490675899034,-0.0889902702803456));
#3926=CARTESIAN_POINT('',(-0.0426955819129944,-0.00252654234532046,-0.0889058152803457));
#3927=CARTESIAN_POINT('',(-0.0416015569856021,-0.00189490675899035,-0.0888213602803456));
#3928=CARTESIAN_POINT('',(-0.0405075320582097,-0.00126327117266023,-0.0887369052803456));
#3929=CARTESIAN_POINT('',(-0.0405075320582097,0.,-0.0886524502803456));
#3930=CARTESIAN_POINT('',(-0.0405075320582097,0.00126327117266023,-0.0885679952803456));
#3931=CARTESIAN_POINT('',(-0.0416015569856021,0.00189490675899034,-0.0884835402803456));
#3932=CARTESIAN_POINT('',(-0.0426955819129944,0.00252654234532046,-0.0883990852803457));
#3933=CARTESIAN_POINT('',(-0.0437896068403867,0.00189490675899034,-0.0883146302803456));
#3934=CARTESIAN_POINT('',(-0.044883631767779,0.00126327117266023,-0.0882301752803456));
#3935=CARTESIAN_POINT('',(-0.044883631767779,2.67958825103683E-19,-0.0881457202803456));
#3936=CARTESIAN_POINT('',(-0.044883631767779,-0.00126327117266023,-0.0880612652803456));
#3937=CARTESIAN_POINT('',(-0.0437896068403867,-0.00189490675899034,-0.0879768102803456));
#3938=CARTESIAN_POINT('',(-0.0426955819129944,-0.00252654234532046,-0.0878923552803457));
#3939=CARTESIAN_POINT('',(-0.0416015569856021,-0.00189490675899035,-0.0878079002803456));
#3940=CARTESIAN_POINT('',(-0.0405075320582097,-0.00126327117266023,-0.0877234452803455));
#3941=CARTESIAN_POINT('',(-0.0405075320582097,0.,-0.0876389902803457));
#3942=CARTESIAN_POINT('',(-0.0405075320582097,0.00126327117266023,-0.0875545352803456));
#3943=CARTESIAN_POINT('',(-0.0416015569856021,0.00189490675899034,-0.0874700802803456));
#3944=CARTESIAN_POINT('',(-0.0426955819129944,0.00252654234532046,-0.0873856252803456));
#3945=CARTESIAN_POINT('',(-0.0437896068403867,0.00189490675899034,-0.0873011702803457));
#3946=CARTESIAN_POINT('',(-0.044883631767779,0.00126327117266023,-0.0872167152803457));
#3947=CARTESIAN_POINT('',(-0.044883631767779,2.67958825103683E-19,-0.0871322602803456));
#3948=CARTESIAN_POINT('',(-0.044883631767779,-0.00126327117266023,-0.0870478052803456));
#3949=CARTESIAN_POINT('',(-0.0437896068403867,-0.00189490675899034,-0.0869633502803456));
#3950=CARTESIAN_POINT('',(-0.0426955819129944,-0.00252654234532046,-0.0868788952803456));
#3951=CARTESIAN_POINT('',(-0.0416015569856021,-0.00189490675899035,-0.0867944402803456));
#3952=CARTESIAN_POINT('',(-0.0405075320582097,-0.00126327117266023,-0.0867099852803456));
#3953=CARTESIAN_POINT('',(-0.0405075320582097,0.,-0.0866255302803456));
#3954=CARTESIAN_POINT('',(-0.0443808380772082,0.00139551919657309,-0.090285343598523));
#3955=CARTESIAN_POINT('',(-0.0426955819129944,0.,-0.0902853435985224));
#3956=CARTESIAN_POINT('',(-0.0426955819129944,0.,-0.105127705599824));
#3957=CARTESIAN_POINT('',(-0.0412291441843661,0.000279907133184909,-0.105330276109077));
#3958=CARTESIAN_POINT('',(-0.0411868562853171,0.000190158060593174,-0.105323075096063));
#3959=CARTESIAN_POINT('',(-0.0411548741235326,9.68367752058539E-5,-0.105316348036469));
#3960=CARTESIAN_POINT('',(-0.041133054698757,0.,-0.105309989621535));
#3961=CARTESIAN_POINT('',(-0.0412291441843661,0.000279907133184898,-0.105330276109077));
#3962=CARTESIAN_POINT('',(-0.041133054698757,0.,-0.105309989621535));
#3963=CARTESIAN_POINT('',(-0.0426955819129944,0.,-0.105765326848648));
#3964=CARTESIAN_POINT('',(-0.0431776093888756,-0.00213429418766924,-0.105127705599824));
#3965=CARTESIAN_POINT('',(-0.0438171381374932,-0.00193828009798786,-0.105142366543325));
#3966=CARTESIAN_POINT('',(-0.0446095519677758,-0.00118945548000411,-0.105164100047788));
#3967=CARTESIAN_POINT('',(-0.0447329447792856,0.000183238717603494,-0.105194020140234));
#3968=CARTESIAN_POINT('',(-0.0443110439967077,0.00111438026469577,-0.105219512108855));
#3969=CARTESIAN_POINT('',(-0.0434680262769373,0.00171842746784103,-0.105243589833574));
#3970=CARTESIAN_POINT('',(-0.0424384114508125,0.00177360350052784,-0.105272025313858));
#3971=CARTESIAN_POINT('',(-0.041534196982926,0.00125264507905717,-0.105298130649031));
#3972=CARTESIAN_POINT('',(-0.0412565676681703,0.000613673828840586,-0.1053198899474));
#3973=CARTESIAN_POINT('',(-0.0412291441843661,0.000279907133185085,-0.105330276109077));
#3974=CARTESIAN_POINT('',(-0.0426955819129944,0.,-0.0900538491983462));
#3975=CARTESIAN_POINT('',(-0.0443808380772084,0.00139551919657322,-0.090285343598523));
#3976=CARTESIAN_POINT('',(-0.0447664259912078,0.000850280542067905,-0.0902705500986081));
#3977=CARTESIAN_POINT('',(-0.045003090194599,-0.000594487085387892,-0.0902422423123977));
#3978=CARTESIAN_POINT('',(-0.0433710502771095,-0.00215792549449085,-0.0901944715138566));
#3979=CARTESIAN_POINT('',(-0.0411588162148387,-0.00146577094277813,-0.0901421741844877));
#3980=CARTESIAN_POINT('',(-0.0409959014400753,0.000108731035842381,-0.0901046864082682));
#3981=CARTESIAN_POINT('',(-0.0413610423222126,0.000669172396164451,-0.0900827730892692));
#3982=CARTESIAN_POINT('',(-0.0413610423222126,0.000669172396164454,-0.0900827730892691));
#3983=CARTESIAN_POINT('',(-0.044089748054988,0.00168637568042855,-0.0902853435985223));
#3984=CARTESIAN_POINT('',(-0.0435998147866404,0.00196587126130438,-0.0902571469447215));
#3985=CARTESIAN_POINT('',(-0.0423861608059709,0.00211800958841552,-0.0901949921320853));
#3986=CARTESIAN_POINT('',(-0.0414742725167403,0.00122959332824572,-0.0901264790745137));
#3987=CARTESIAN_POINT('',(-0.0413610423222127,0.000669172396164483,-0.0900827730892692));
#3988=CARTESIAN_POINT('',(-0.0426955819129944,0.,-0.0900538491983462));
#3989=CARTESIAN_POINT('',(-0.0440892396586347,0.,-0.0900538491983462));
#3990=CARTESIAN_POINT('',(-0.0419987530401742,0.,-0.0900538491983462));
#3991=CARTESIAN_POINT('',(-0.0407185474889665,0.,-0.1053592));
#3992=CARTESIAN_POINT('',(-0.0407185474889665,0.,-0.105016976206732));
#3993=CARTESIAN_POINT('',(-0.0405075320582088,0.,-0.105850589719655));
#3994=CARTESIAN_POINT('',(-0.0405075320582088,0.00126327117266079,-0.105766134719655));
#3995=CARTESIAN_POINT('',(-0.0416015569856016,0.00189490675899118,-0.105681679719655));
#3996=CARTESIAN_POINT('',(-0.0426955819129944,0.00252654234532158,-0.105597224719655));
#3997=CARTESIAN_POINT('',(-0.0437896068403872,0.00189490675899118,-0.105512769719655));
#3998=CARTESIAN_POINT('',(-0.04488363176778,0.00126327117266079,-0.105428314719655));
#3999=CARTESIAN_POINT('',(-0.04488363176778,2.67958825103802E-19,-0.105343859719655));
#4000=CARTESIAN_POINT('',(-0.04488363176778,-0.00126327117266079,-0.105259404719655));
#4001=CARTESIAN_POINT('',(-0.0437896068403872,-0.00189490675899118,-0.105174949719655));
#4002=CARTESIAN_POINT('',(-0.0426955819129944,-0.00252654234532158,-0.105090494719655));
#4003=CARTESIAN_POINT('',(-0.0416015569856016,-0.00189490675899118,-0.105006039719655));
#4004=CARTESIAN_POINT('',(-0.0405075320582088,-0.00126327117266079,-0.104921584719655));
#4005=CARTESIAN_POINT('',(-0.0405075320582088,0.,-0.104837129719655));
#4006=CARTESIAN_POINT('',(-0.0405075320582088,0.00126327117266079,-0.104752674719655));
#4007=CARTESIAN_POINT('',(-0.0416015569856016,0.00189490675899118,-0.104668219719655));
#4008=CARTESIAN_POINT('',(-0.0426955819129944,0.00252654234532158,-0.104583764719655));
#4009=CARTESIAN_POINT('',(-0.0437896068403872,0.00189490675899118,-0.104499309719655));
#4010=CARTESIAN_POINT('',(-0.04488363176778,0.00126327117266079,-0.104414854719655));
#4011=CARTESIAN_POINT('',(-0.04488363176778,2.67958825103802E-19,-0.104330399719655));
#4012=CARTESIAN_POINT('',(-0.04488363176778,-0.00126327117266079,-0.104245944719655));
#4013=CARTESIAN_POINT('',(-0.0437896068403872,-0.00189490675899118,-0.104161489719655));
#4014=CARTESIAN_POINT('',(-0.0426955819129944,-0.00252654234532158,-0.104077034719655));
#4015=CARTESIAN_POINT('',(-0.0416015569856016,-0.00189490675899118,-0.103992579719655));
#4016=CARTESIAN_POINT('',(-0.0405075320582088,-0.00126327117266079,-0.103908124719655));
#4017=CARTESIAN_POINT('',(-0.0405075320582088,0.,-0.103823669719655));
#4018=CARTESIAN_POINT('',(-0.0405075320582088,0.00126327117266079,-0.103739214719655));
#4019=CARTESIAN_POINT('',(-0.0416015569856016,0.00189490675899118,-0.103654759719655));
#4020=CARTESIAN_POINT('',(-0.0426955819129944,0.00252654234532158,-0.103570304719655));
#4021=CARTESIAN_POINT('',(-0.0437896068403872,0.00189490675899118,-0.103485849719655));
#4022=CARTESIAN_POINT('',(-0.04488363176778,0.00126327117266079,-0.103401394719655));
#4023=CARTESIAN_POINT('',(-0.04488363176778,2.67958825103802E-19,-0.103316939719655));
#4024=CARTESIAN_POINT('',(-0.04488363176778,-0.00126327117266079,-0.103232484719655));
#4025=CARTESIAN_POINT('',(-0.0437896068403872,-0.00189490675899118,-0.103148029719655));
#4026=CARTESIAN_POINT('',(-0.0426955819129944,-0.00252654234532158,-0.103063574719655));
#4027=CARTESIAN_POINT('',(-0.0416015569856016,-0.00189490675899118,-0.102979119719655));
#4028=CARTESIAN_POINT('',(-0.0405075320582088,-0.00126327117266079,-0.102894664719655));
#4029=CARTESIAN_POINT('',(-0.0405075320582088,0.,-0.102810209719655));
#4030=CARTESIAN_POINT('',(-0.0405075320582088,0.00126327117266079,-0.102725754719655));
#4031=CARTESIAN_POINT('',(-0.0416015569856016,0.00189490675899118,-0.102641299719655));
#4032=CARTESIAN_POINT('',(-0.0426955819129944,0.00252654234532158,-0.102556844719655));
#4033=CARTESIAN_POINT('',(-0.0437896068403872,0.00189490675899118,-0.102472389719655));
#4034=CARTESIAN_POINT('',(-0.04488363176778,0.00126327117266079,-0.102387934719655));
#4035=CARTESIAN_POINT('',(-0.04488363176778,2.67958825103802E-19,-0.102303479719655));
#4036=CARTESIAN_POINT('',(-0.04488363176778,-0.00126327117266079,-0.102219024719655));
#4037=CARTESIAN_POINT('',(-0.0437896068403872,-0.00189490675899118,-0.102134569719655));
#4038=CARTESIAN_POINT('',(-0.0426955819129944,-0.00252654234532158,-0.102050114719655));
#4039=CARTESIAN_POINT('',(-0.0416015569856016,-0.00189490675899118,-0.101965659719655));
#4040=CARTESIAN_POINT('',(-0.0405075320582088,-0.00126327117266079,-0.101881204719655));
#4041=CARTESIAN_POINT('',(-0.0405075320582088,0.,-0.101796749719655));
#4042=CARTESIAN_POINT('',(-0.0405075320582088,0.00126327117266079,-0.101712294719655));
#4043=CARTESIAN_POINT('',(-0.0416015569856016,0.00189490675899118,-0.101627839719655));
#4044=CARTESIAN_POINT('',(-0.0426955819129944,0.00252654234532158,-0.101543384719655));
#4045=CARTESIAN_POINT('',(-0.0437896068403872,0.00189490675899118,-0.101458929719655));
#4046=CARTESIAN_POINT('',(-0.04488363176778,0.00126327117266079,-0.101374474719655));
#4047=CARTESIAN_POINT('',(-0.04488363176778,2.67958825103802E-19,-0.101290019719655));
#4048=CARTESIAN_POINT('',(-0.04488363176778,-0.00126327117266079,-0.101205564719655));
#4049=CARTESIAN_POINT('',(-0.0437896068403872,-0.00189490675899118,-0.101121109719655));
#4050=CARTESIAN_POINT('',(-0.0426955819129944,-0.00252654234532158,-0.101036654719655));
#4051=CARTESIAN_POINT('',(-0.0416015569856016,-0.00189490675899118,-0.100952199719655));
#4052=CARTESIAN_POINT('',(-0.0405075320582088,-0.00126327117266079,-0.100867744719655));
#4053=CARTESIAN_POINT('',(-0.0405075320582088,0.,-0.100783289719655));
#4054=CARTESIAN_POINT('',(-0.0405075320582088,0.00126327117266079,-0.100698834719655));
#4055=CARTESIAN_POINT('',(-0.0416015569856016,0.00189490675899118,-0.100614379719655));
#4056=CARTESIAN_POINT('',(-0.0426955819129944,0.00252654234532158,-0.100529924719655));
#4057=CARTESIAN_POINT('',(-0.0437896068403872,0.00189490675899118,-0.100445469719655));
#4058=CARTESIAN_POINT('',(-0.04488363176778,0.00126327117266079,-0.100361014719655));
#4059=CARTESIAN_POINT('',(-0.04488363176778,2.67958825103802E-19,-0.100276559719655));
#4060=CARTESIAN_POINT('',(-0.04488363176778,-0.00126327117266079,-0.100192104719655));
#4061=CARTESIAN_POINT('',(-0.0437896068403872,-0.00189490675899118,-0.100107649719655));
#4062=CARTESIAN_POINT('',(-0.0426955819129944,-0.00252654234532158,-0.100023194719655));
#4063=CARTESIAN_POINT('',(-0.0416015569856016,-0.00189490675899118,-0.099938739719655));
#4064=CARTESIAN_POINT('',(-0.0405075320582088,-0.00126327117266079,-0.099854284719655));
#4065=CARTESIAN_POINT('',(-0.0405075320582088,0.,-0.099769829719655));
#4066=CARTESIAN_POINT('',(-0.0405075320582088,0.00126327117266079,-0.099685374719655));
#4067=CARTESIAN_POINT('',(-0.0416015569856016,0.00189490675899118,-0.099600919719655));
#4068=CARTESIAN_POINT('',(-0.0426955819129944,0.00252654234532158,-0.099516464719655));
#4069=CARTESIAN_POINT('',(-0.0437896068403872,0.00189490675899118,-0.099432009719655));
#4070=CARTESIAN_POINT('',(-0.04488363176778,0.00126327117266079,-0.099347554719655));
#4071=CARTESIAN_POINT('',(-0.04488363176778,2.67958825103802E-19,-0.099263099719655));
#4072=CARTESIAN_POINT('',(-0.04488363176778,-0.00126327117266079,-0.099178644719655));
#4073=CARTESIAN_POINT('',(-0.0437896068403872,-0.00189490675899118,-0.099094189719655));
#4074=CARTESIAN_POINT('',(-0.0426955819129944,-0.00252654234532158,-0.099009734719655));
#4075=CARTESIAN_POINT('',(-0.0416015569856016,-0.00189490675899118,-0.098925279719655));
#4076=CARTESIAN_POINT('',(-0.0405075320582088,-0.00126327117266079,-0.098840824719655));
#4077=CARTESIAN_POINT('',(-0.0405075320582088,0.,-0.098756369719655));
#4078=CARTESIAN_POINT('',(-0.0405075320582088,0.00126327117266079,-0.0986719147196551));
#4079=CARTESIAN_POINT('',(-0.0416015569856016,0.00189490675899118,-0.098587459719655));
#4080=CARTESIAN_POINT('',(-0.0426955819129944,0.00252654234532158,-0.098503004719655));
#4081=CARTESIAN_POINT('',(-0.0437896068403872,0.00189490675899118,-0.098418549719655));
#4082=CARTESIAN_POINT('',(-0.04488363176778,0.00126327117266079,-0.098334094719655));
#4083=CARTESIAN_POINT('',(-0.04488363176778,2.67958825103802E-19,-0.098249639719655));
#4084=CARTESIAN_POINT('',(-0.04488363176778,-0.00126327117266079,-0.098165184719655));
#4085=CARTESIAN_POINT('',(-0.0437896068403872,-0.00189490675899118,-0.098080729719655));
#4086=CARTESIAN_POINT('',(-0.0426955819129944,-0.00252654234532158,-0.097996274719655));
#4087=CARTESIAN_POINT('',(-0.0416015569856016,-0.00189490675899118,-0.097911819719655));
#4088=CARTESIAN_POINT('',(-0.0405075320582088,-0.00126327117266079,-0.097827364719655));
#4089=CARTESIAN_POINT('',(-0.0405075320582088,0.,-0.097742909719655));
#4090=CARTESIAN_POINT('',(-0.0405075320582088,0.00126327117266079,-0.097658454719655));
#4091=CARTESIAN_POINT('',(-0.0416015569856016,0.00189490675899118,-0.097573999719655));
#4092=CARTESIAN_POINT('',(-0.0426955819129944,0.00252654234532158,-0.0974895447196551));
#4093=CARTESIAN_POINT('',(-0.0437896068403872,0.00189490675899118,-0.097405089719655));
#4094=CARTESIAN_POINT('',(-0.04488363176778,0.00126327117266079,-0.097320634719655));
#4095=CARTESIAN_POINT('',(-0.04488363176778,2.67958825103802E-19,-0.097236179719655));
#4096=CARTESIAN_POINT('',(-0.04488363176778,-0.00126327117266079,-0.097151724719655));
#4097=CARTESIAN_POINT('',(-0.0437896068403872,-0.00189490675899118,-0.097067269719655));
#4098=CARTESIAN_POINT('',(-0.0426955819129944,-0.00252654234532158,-0.0969828147196551));
#4099=CARTESIAN_POINT('',(-0.0416015569856016,-0.00189490675899118,-0.096898359719655));
#4100=CARTESIAN_POINT('',(-0.0405075320582088,-0.00126327117266079,-0.096813904719655));
#4101=CARTESIAN_POINT('',(-0.0405075320582088,0.,-0.096729449719655));
#4102=CARTESIAN_POINT('',(-0.0405075320582088,0.00126327117266079,-0.096644994719655));
#4103=CARTESIAN_POINT('',(-0.0416015569856016,0.00189490675899118,-0.096560539719655));
#4104=CARTESIAN_POINT('',(-0.0426955819129944,0.00252654234532158,-0.096476084719655));
#4105=CARTESIAN_POINT('',(-0.0437896068403872,0.00189490675899118,-0.096391629719655));
#4106=CARTESIAN_POINT('',(-0.04488363176778,0.00126327117266079,-0.0963071747196549));
#4107=CARTESIAN_POINT('',(-0.04488363176778,2.67958825103802E-19,-0.096222719719655));
#4108=CARTESIAN_POINT('',(-0.04488363176778,-0.00126327117266079,-0.096138264719655));
#4109=CARTESIAN_POINT('',(-0.0437896068403872,-0.00189490675899118,-0.096053809719655));
#4110=CARTESIAN_POINT('',(-0.0426955819129944,-0.00252654234532158,-0.095969354719655));
#4111=CARTESIAN_POINT('',(-0.0416015569856016,-0.00189490675899118,-0.095884899719655));
#4112=CARTESIAN_POINT('',(-0.0405075320582088,-0.00126327117266079,-0.0958004447196551));
#4113=CARTESIAN_POINT('',(-0.0405075320582088,0.,-0.095715989719655));
#4114=CARTESIAN_POINT('',(-0.0405075320582088,0.00126327117266079,-0.095631534719655));
#4115=CARTESIAN_POINT('',(-0.0416015569856016,0.00189490675899118,-0.095547079719655));
#4116=CARTESIAN_POINT('',(-0.0426955819129944,0.00252654234532158,-0.095462624719655));
#4117=CARTESIAN_POINT('',(-0.0437896068403872,0.00189490675899118,-0.095378169719655));
#4118=CARTESIAN_POINT('',(-0.04488363176778,0.00126327117266079,-0.095293714719655));
#4119=CARTESIAN_POINT('',(-0.04488363176778,2.67958825103802E-19,-0.095209259719655));
#4120=CARTESIAN_POINT('',(-0.04488363176778,-0.00126327117266079,-0.095124804719655));
#4121=CARTESIAN_POINT('',(-0.0437896068403872,-0.00189490675899118,-0.095040349719655));
#4122=CARTESIAN_POINT('',(-0.0426955819129944,-0.00252654234532158,-0.094955894719655));
#4123=CARTESIAN_POINT('',(-0.0416015569856016,-0.00189490675899118,-0.094871439719655));
#4124=CARTESIAN_POINT('',(-0.0405075320582088,-0.00126327117266079,-0.094786984719655));
#4125=CARTESIAN_POINT('',(-0.0405075320582088,0.,-0.094702529719655));
#4126=CARTESIAN_POINT('',(-0.0405075320582088,0.00126327117266079,-0.0946180747196549));
#4127=CARTESIAN_POINT('',(-0.0416015569856016,0.00189490675899118,-0.094533619719655));
#4128=CARTESIAN_POINT('',(-0.0426955819129944,0.00252654234532158,-0.094449164719655));
#4129=CARTESIAN_POINT('',(-0.0437896068403872,0.00189490675899118,-0.094364709719655));
#4130=CARTESIAN_POINT('',(-0.04488363176778,0.00126327117266079,-0.094280254719655));
#4131=CARTESIAN_POINT('',(-0.04488363176778,2.67958825103802E-19,-0.094195799719655));
#4132=CARTESIAN_POINT('',(-0.04488363176778,-0.00126327117266079,-0.094111344719655));
#4133=CARTESIAN_POINT('',(-0.0437896068403872,-0.00189490675899118,-0.094026889719655));
#4134=CARTESIAN_POINT('',(-0.0426955819129944,-0.00252654234532158,-0.093942434719655));
#4135=CARTESIAN_POINT('',(-0.0416015569856016,-0.00189490675899118,-0.093857979719655));
#4136=CARTESIAN_POINT('',(-0.0405075320582088,-0.00126327117266079,-0.093773524719655));
#4137=CARTESIAN_POINT('',(-0.0405075320582088,0.,-0.093689069719655));
#4138=CARTESIAN_POINT('',(-0.0405075320582088,0.00126327117266079,-0.093604614719655));
#4139=CARTESIAN_POINT('',(-0.0416015569856016,0.00189490675899118,-0.093520159719655));
#4140=CARTESIAN_POINT('',(-0.0426955819129944,0.00252654234532158,-0.093435704719655));
#4141=CARTESIAN_POINT('',(-0.0437896068403872,0.00189490675899118,-0.093351249719655));
#4142=CARTESIAN_POINT('',(-0.04488363176778,0.00126327117266079,-0.093266794719655));
#4143=CARTESIAN_POINT('',(-0.04488363176778,2.67958825103802E-19,-0.093182339719655));
#4144=CARTESIAN_POINT('',(-0.04488363176778,-0.00126327117266079,-0.093097884719655));
#4145=CARTESIAN_POINT('',(-0.0437896068403872,-0.00189490675899118,-0.093013429719655));
#4146=CARTESIAN_POINT('',(-0.0426955819129944,-0.00252654234532158,-0.0929289747196551));
#4147=CARTESIAN_POINT('',(-0.0416015569856016,-0.00189490675899118,-0.092844519719655));
#4148=CARTESIAN_POINT('',(-0.0405075320582088,-0.00126327117266079,-0.092760064719655));
#4149=CARTESIAN_POINT('',(-0.0405075320582088,0.,-0.092675609719655));
#4150=CARTESIAN_POINT('',(-0.0405075320582088,0.00126327117266079,-0.092591154719655));
#4151=CARTESIAN_POINT('',(-0.0416015569856016,0.00189490675899118,-0.092506699719655));
#4152=CARTESIAN_POINT('',(-0.0426955819129944,0.00252654234532158,-0.0924222447196551));
#4153=CARTESIAN_POINT('',(-0.0437896068403872,0.00189490675899118,-0.092337789719655));
#4154=CARTESIAN_POINT('',(-0.04488363176778,0.00126327117266079,-0.092253334719655));
#4155=CARTESIAN_POINT('',(-0.04488363176778,2.67958825103802E-19,-0.092168879719655));
#4156=CARTESIAN_POINT('',(-0.04488363176778,-0.00126327117266079,-0.092084424719655));
#4157=CARTESIAN_POINT('',(-0.0437896068403872,-0.00189490675899118,-0.091999969719655));
#4158=CARTESIAN_POINT('',(-0.0426955819129944,-0.00252654234532158,-0.091915514719655));
#4159=CARTESIAN_POINT('',(-0.0416015569856016,-0.00189490675899118,-0.091831059719655));
#4160=CARTESIAN_POINT('',(-0.0405075320582088,-0.00126327117266079,-0.0917466047196551));
#4161=CARTESIAN_POINT('',(-0.0405075320582088,0.,-0.091662149719655));
#4162=CARTESIAN_POINT('',(-0.0405075320582088,0.00126327117266079,-0.091577694719655));
#4163=CARTESIAN_POINT('',(-0.0416015569856016,0.00189490675899118,-0.091493239719655));
#4164=CARTESIAN_POINT('',(-0.0426955819129944,0.00252654234532158,-0.091408784719655));
#4165=CARTESIAN_POINT('',(-0.0437896068403872,0.00189490675899118,-0.091324329719655));
#4166=CARTESIAN_POINT('',(-0.04488363176778,0.00126327117266079,-0.091239874719655));
#4167=CARTESIAN_POINT('',(-0.04488363176778,2.67958825103802E-19,-0.091155419719655));
#4168=CARTESIAN_POINT('',(-0.04488363176778,-0.00126327117266079,-0.091070964719655));
#4169=CARTESIAN_POINT('',(-0.0437896068403872,-0.00189490675899118,-0.090986509719655));
#4170=CARTESIAN_POINT('',(-0.0426955819129944,-0.00252654234532158,-0.090902054719655));
#4171=CARTESIAN_POINT('',(-0.0416015569856016,-0.00189490675899118,-0.090817599719655));
#4172=CARTESIAN_POINT('',(-0.0405075320582088,-0.00126327117266079,-0.090733144719655));
#4173=CARTESIAN_POINT('',(-0.0405075320582088,0.,-0.090648689719655));
#4174=CARTESIAN_POINT('',(-0.0405075320582088,0.00126327117266079,-0.090564234719655));
#4175=CARTESIAN_POINT('',(-0.0416015569856016,0.00189490675899118,-0.090479779719655));
#4176=CARTESIAN_POINT('',(-0.0426955819129944,0.00252654234532158,-0.090395324719655));
#4177=CARTESIAN_POINT('',(-0.0437896068403872,0.00189490675899118,-0.090310869719655));
#4178=CARTESIAN_POINT('',(-0.0445397438172134,0.00146181497349149,-0.0902529616987392));
#4179=CARTESIAN_POINT('',(-0.0447901813978182,0.000632625612193324,-0.0901878604322686));
#4180=CARTESIAN_POINT('',(-0.0412026694523483,0.,-0.1053592));
#4181=CARTESIAN_POINT('',(-0.0412026694523483,0.000861933411030558,-0.105274745));
#4182=CARTESIAN_POINT('',(-0.0419491256826713,0.00129290011654584,-0.10519029));
#4183=CARTESIAN_POINT('',(-0.0426955819129944,0.00172386682206112,-0.105105835));
#4184=CARTESIAN_POINT('',(-0.0434420381433174,0.00129290011654584,-0.10502138));
#4185=CARTESIAN_POINT('',(-0.0441884943736405,0.000861933411030558,-0.104936925));
#4186=CARTESIAN_POINT('',(-0.0441884943736404,1.82829046633742E-19,-0.10485247));
#4187=CARTESIAN_POINT('',(-0.0441884943736405,-0.000861933411030558,-0.104768015));
#4188=CARTESIAN_POINT('',(-0.0434420381433174,-0.00129290011654584,-0.10468356));
#4189=CARTESIAN_POINT('',(-0.0426955819129944,-0.00172386682206112,-0.104599105));
#4190=CARTESIAN_POINT('',(-0.0419491256826713,-0.00129290011654584,-0.10451465));
#4191=CARTESIAN_POINT('',(-0.0412026694523483,-0.000861933411030559,-0.104430195));
#4192=CARTESIAN_POINT('',(-0.0412026694523483,0.,-0.10434574));
#4193=CARTESIAN_POINT('',(-0.0412026694523483,0.000861933411030558,-0.104261285));
#4194=CARTESIAN_POINT('',(-0.0419491256826713,0.00129290011654584,-0.10417683));
#4195=CARTESIAN_POINT('',(-0.0426955819129944,0.00172386682206112,-0.104092375));
#4196=CARTESIAN_POINT('',(-0.0434420381433174,0.00129290011654584,-0.10400792));
#4197=CARTESIAN_POINT('',(-0.0441884943736405,0.000861933411030558,-0.103923465));
#4198=CARTESIAN_POINT('',(-0.0441884943736404,1.82829046633742E-19,-0.10383901));
#4199=CARTESIAN_POINT('',(-0.0441884943736405,-0.000861933411030558,-0.103754555));
#4200=CARTESIAN_POINT('',(-0.0434420381433174,-0.00129290011654584,-0.1036701));
#4201=CARTESIAN_POINT('',(-0.0426955819129944,-0.00172386682206112,-0.103585645));
#4202=CARTESIAN_POINT('',(-0.0419491256826713,-0.00129290011654584,-0.10350119));
#4203=CARTESIAN_POINT('',(-0.0412026694523483,-0.000861933411030559,-0.103416735));
#4204=CARTESIAN_POINT('',(-0.0412026694523483,0.,-0.10333228));
#4205=CARTESIAN_POINT('',(-0.0412026694523483,0.000861933411030558,-0.103247825));
#4206=CARTESIAN_POINT('',(-0.0419491256826713,0.00129290011654584,-0.10316337));
#4207=CARTESIAN_POINT('',(-0.0426955819129944,0.00172386682206112,-0.103078915));
#4208=CARTESIAN_POINT('',(-0.0434420381433174,0.00129290011654584,-0.10299446));
#4209=CARTESIAN_POINT('',(-0.0441884943736405,0.000861933411030558,-0.102910005));
#4210=CARTESIAN_POINT('',(-0.0441884943736404,1.82829046633742E-19,-0.10282555));
#4211=CARTESIAN_POINT('',(-0.0441884943736405,-0.000861933411030558,-0.102741095));
#4212=CARTESIAN_POINT('',(-0.0434420381433174,-0.00129290011654584,-0.10265664));
#4213=CARTESIAN_POINT('',(-0.0426955819129944,-0.00172386682206112,-0.102572185));
#4214=CARTESIAN_POINT('',(-0.0419491256826713,-0.00129290011654584,-0.10248773));
#4215=CARTESIAN_POINT('',(-0.0412026694523483,-0.000861933411030559,-0.102403275));
#4216=CARTESIAN_POINT('',(-0.0412026694523483,0.,-0.10231882));
#4217=CARTESIAN_POINT('',(-0.0412026694523483,0.000861933411030558,-0.102234365));
#4218=CARTESIAN_POINT('',(-0.0419491256826713,0.00129290011654584,-0.10214991));
#4219=CARTESIAN_POINT('',(-0.0426955819129944,0.00172386682206112,-0.102065455));
#4220=CARTESIAN_POINT('',(-0.0434420381433174,0.00129290011654584,-0.101981));
#4221=CARTESIAN_POINT('',(-0.0441884943736405,0.000861933411030558,-0.101896545));
#4222=CARTESIAN_POINT('',(-0.0441884943736404,1.82829046633742E-19,-0.10181209));
#4223=CARTESIAN_POINT('',(-0.0441884943736405,-0.000861933411030558,-0.101727635));
#4224=CARTESIAN_POINT('',(-0.0434420381433174,-0.00129290011654584,-0.10164318));
#4225=CARTESIAN_POINT('',(-0.0426955819129944,-0.00172386682206112,-0.101558725));
#4226=CARTESIAN_POINT('',(-0.0419491256826713,-0.00129290011654584,-0.10147427));
#4227=CARTESIAN_POINT('',(-0.0412026694523483,-0.000861933411030559,-0.101389815));
#4228=CARTESIAN_POINT('',(-0.0412026694523483,0.,-0.10130536));
#4229=CARTESIAN_POINT('',(-0.0412026694523483,0.000861933411030558,-0.101220905));
#4230=CARTESIAN_POINT('',(-0.0419491256826713,0.00129290011654584,-0.10113645));
#4231=CARTESIAN_POINT('',(-0.0426955819129944,0.00172386682206112,-0.101051995));
#4232=CARTESIAN_POINT('',(-0.0434420381433174,0.00129290011654584,-0.10096754));
#4233=CARTESIAN_POINT('',(-0.0441884943736405,0.000861933411030558,-0.100883085));
#4234=CARTESIAN_POINT('',(-0.0441884943736404,1.82829046633742E-19,-0.10079863));
#4235=CARTESIAN_POINT('',(-0.0441884943736405,-0.000861933411030558,-0.100714175));
#4236=CARTESIAN_POINT('',(-0.0434420381433174,-0.00129290011654584,-0.10062972));
#4237=CARTESIAN_POINT('',(-0.0426955819129944,-0.00172386682206112,-0.100545265));
#4238=CARTESIAN_POINT('',(-0.0419491256826713,-0.00129290011654584,-0.10046081));
#4239=CARTESIAN_POINT('',(-0.0412026694523483,-0.000861933411030559,-0.100376355));
#4240=CARTESIAN_POINT('',(-0.0412026694523483,0.,-0.1002919));
#4241=CARTESIAN_POINT('',(-0.0412026694523483,0.000861933411030558,-0.100207445));
#4242=CARTESIAN_POINT('',(-0.0419491256826713,0.00129290011654584,-0.10012299));
#4243=CARTESIAN_POINT('',(-0.0426955819129944,0.00172386682206112,-0.100038535));
#4244=CARTESIAN_POINT('',(-0.0434420381433174,0.00129290011654584,-0.09995408));
#4245=CARTESIAN_POINT('',(-0.0441884943736405,0.000861933411030558,-0.099869625));
#4246=CARTESIAN_POINT('',(-0.0441884943736404,1.82829046633742E-19,-0.09978517));
#4247=CARTESIAN_POINT('',(-0.0441884943736405,-0.000861933411030558,-0.0997007149999999));
#4248=CARTESIAN_POINT('',(-0.0434420381433174,-0.00129290011654584,-0.09961626));
#4249=CARTESIAN_POINT('',(-0.0426955819129944,-0.00172386682206112,-0.0995318049999999));
#4250=CARTESIAN_POINT('',(-0.0419491256826713,-0.00129290011654584,-0.09944735));
#4251=CARTESIAN_POINT('',(-0.0412026694523483,-0.000861933411030559,-0.099362895));
#4252=CARTESIAN_POINT('',(-0.0412026694523483,0.,-0.09927844));
#4253=CARTESIAN_POINT('',(-0.0412026694523483,0.000861933411030558,-0.099193985));
#4254=CARTESIAN_POINT('',(-0.0419491256826713,0.00129290011654584,-0.09910953));
#4255=CARTESIAN_POINT('',(-0.0426955819129944,0.00172386682206112,-0.0990250749999999));
#4256=CARTESIAN_POINT('',(-0.0434420381433174,0.00129290011654584,-0.09894062));
#4257=CARTESIAN_POINT('',(-0.0441884943736405,0.000861933411030558,-0.098856165));
#4258=CARTESIAN_POINT('',(-0.0441884943736404,1.82829046633742E-19,-0.09877171));
#4259=CARTESIAN_POINT('',(-0.0441884943736405,-0.000861933411030558,-0.098687255));
#4260=CARTESIAN_POINT('',(-0.0434420381433174,-0.00129290011654584,-0.0986028));
#4261=CARTESIAN_POINT('',(-0.0426955819129944,-0.00172386682206112,-0.098518345));
#4262=CARTESIAN_POINT('',(-0.0419491256826713,-0.00129290011654584,-0.09843389));
#4263=CARTESIAN_POINT('',(-0.0412026694523483,-0.000861933411030559,-0.098349435));
#4264=CARTESIAN_POINT('',(-0.0412026694523483,0.,-0.09826498));
#4265=CARTESIAN_POINT('',(-0.0412026694523483,0.000861933411030558,-0.098180525));
#4266=CARTESIAN_POINT('',(-0.0419491256826713,0.00129290011654584,-0.09809607));
#4267=CARTESIAN_POINT('',(-0.0426955819129944,0.00172386682206112,-0.098011615));
#4268=CARTESIAN_POINT('',(-0.0434420381433174,0.00129290011654584,-0.09792716));
#4269=CARTESIAN_POINT('',(-0.0441884943736405,0.000861933411030558,-0.0978427049999999));
#4270=CARTESIAN_POINT('',(-0.0441884943736404,1.82829046633742E-19,-0.09775825));
#4271=CARTESIAN_POINT('',(-0.0441884943736405,-0.000861933411030558,-0.097673795));
#4272=CARTESIAN_POINT('',(-0.0434420381433174,-0.00129290011654584,-0.09758934));
#4273=CARTESIAN_POINT('',(-0.0426955819129944,-0.00172386682206112,-0.097504885));
#4274=CARTESIAN_POINT('',(-0.0419491256826713,-0.00129290011654584,-0.09742043));
#4275=CARTESIAN_POINT('',(-0.0412026694523483,-0.000861933411030559,-0.0973359749999999));
#4276=CARTESIAN_POINT('',(-0.0412026694523483,0.,-0.09725152));
#4277=CARTESIAN_POINT('',(-0.0412026694523483,0.000861933411030558,-0.097167065));
#4278=CARTESIAN_POINT('',(-0.0419491256826713,0.00129290011654584,-0.09708261));
#4279=CARTESIAN_POINT('',(-0.0426955819129944,0.00172386682206112,-0.096998155));
#4280=CARTESIAN_POINT('',(-0.0434420381433174,0.00129290011654584,-0.0969137));
#4281=CARTESIAN_POINT('',(-0.0441884943736405,0.000861933411030558,-0.096829245));
#4282=CARTESIAN_POINT('',(-0.0441884943736404,1.82829046633742E-19,-0.09674479));
#4283=CARTESIAN_POINT('',(-0.0441884943736405,-0.000861933411030558,-0.096660335));
#4284=CARTESIAN_POINT('',(-0.0434420381433174,-0.00129290011654584,-0.09657588));
#4285=CARTESIAN_POINT('',(-0.0426955819129944,-0.00172386682206112,-0.096491425));
#4286=CARTESIAN_POINT('',(-0.0419491256826713,-0.00129290011654584,-0.09640697));
#4287=CARTESIAN_POINT('',(-0.0412026694523483,-0.000861933411030559,-0.096322515));
#4288=CARTESIAN_POINT('',(-0.0412026694523483,0.,-0.09623806));
#4289=CARTESIAN_POINT('',(-0.0412026694523483,0.000861933411030558,-0.0961536049999999));
#4290=CARTESIAN_POINT('',(-0.0419491256826713,0.00129290011654584,-0.09606915));
#4291=CARTESIAN_POINT('',(-0.0426955819129944,0.00172386682206112,-0.095984695));
#4292=CARTESIAN_POINT('',(-0.0434420381433174,0.00129290011654584,-0.09590024));
#4293=CARTESIAN_POINT('',(-0.0441884943736405,0.000861933411030558,-0.095815785));
#4294=CARTESIAN_POINT('',(-0.0441884943736404,1.82829046633742E-19,-0.09573133));
#4295=CARTESIAN_POINT('',(-0.0441884943736405,-0.000861933411030558,-0.0956468749999999));
#4296=CARTESIAN_POINT('',(-0.0434420381433174,-0.00129290011654584,-0.09556242));
#4297=CARTESIAN_POINT('',(-0.0426955819129944,-0.00172386682206112,-0.095477965));
#4298=CARTESIAN_POINT('',(-0.0419491256826713,-0.00129290011654584,-0.09539351));
#4299=CARTESIAN_POINT('',(-0.0412026694523483,-0.000861933411030559,-0.095309055));
#4300=CARTESIAN_POINT('',(-0.0412026694523483,0.,-0.0952246));
#4301=CARTESIAN_POINT('',(-0.0412026694523483,0.000861933411030558,-0.0951401449999999));
#4302=CARTESIAN_POINT('',(-0.0419491256826713,0.00129290011654584,-0.09505569));
#4303=CARTESIAN_POINT('',(-0.0426955819129944,0.00172386682206112,-0.0949712349999999));
#4304=CARTESIAN_POINT('',(-0.0434420381433174,0.00129290011654584,-0.09488678));
#4305=CARTESIAN_POINT('',(-0.0441884943736405,0.000861933411030558,-0.094802325));
#4306=CARTESIAN_POINT('',(-0.0441884943736404,1.82829046633742E-19,-0.09471787));
#4307=CARTESIAN_POINT('',(-0.0441884943736405,-0.000861933411030558,-0.094633415));
#4308=CARTESIAN_POINT('',(-0.0434420381433174,-0.00129290011654584,-0.09454896));
#4309=CARTESIAN_POINT('',(-0.0426955819129944,-0.00172386682206112,-0.0944645049999999));
#4310=CARTESIAN_POINT('',(-0.0419491256826713,-0.00129290011654584,-0.09438005));
#4311=CARTESIAN_POINT('',(-0.0412026694523483,-0.000861933411030559,-0.094295595));
#4312=CARTESIAN_POINT('',(-0.0412026694523483,0.,-0.09421114));
#4313=CARTESIAN_POINT('',(-0.0412026694523483,0.000861933411030558,-0.094126685));
#4314=CARTESIAN_POINT('',(-0.0419491256826713,0.00129290011654584,-0.09404223));
#4315=CARTESIAN_POINT('',(-0.0426955819129944,0.00172386682206112,-0.093957775));
#4316=CARTESIAN_POINT('',(-0.0434420381433174,0.00129290011654584,-0.09387332));
#4317=CARTESIAN_POINT('',(-0.0441884943736405,0.000861933411030558,-0.093788865));
#4318=CARTESIAN_POINT('',(-0.0441884943736404,1.82829046633742E-19,-0.09370441));
#4319=CARTESIAN_POINT('',(-0.0441884943736405,-0.000861933411030558,-0.093619955));
#4320=CARTESIAN_POINT('',(-0.0434420381433174,-0.00129290011654584,-0.0935355));
#4321=CARTESIAN_POINT('',(-0.0426955819129944,-0.00172386682206112,-0.093451045));
#4322=CARTESIAN_POINT('',(-0.0419491256826713,-0.00129290011654584,-0.09336659));
#4323=CARTESIAN_POINT('',(-0.0412026694523483,-0.000861933411030559,-0.0932821349999999));
#4324=CARTESIAN_POINT('',(-0.0412026694523483,0.,-0.09319768));
#4325=CARTESIAN_POINT('',(-0.0412026694523483,0.000861933411030558,-0.093113225));
#4326=CARTESIAN_POINT('',(-0.0419491256826713,0.00129290011654584,-0.09302877));
#4327=CARTESIAN_POINT('',(-0.0426955819129944,0.00172386682206112,-0.092944315));
#4328=CARTESIAN_POINT('',(-0.0434420381433174,0.00129290011654584,-0.09285986));
#4329=CARTESIAN_POINT('',(-0.0441884943736405,0.000861933411030558,-0.0927754049999999));
#4330=CARTESIAN_POINT('',(-0.0441884943736404,1.82829046633742E-19,-0.09269095));
#4331=CARTESIAN_POINT('',(-0.0441884943736405,-0.000861933411030558,-0.092606495));
#4332=CARTESIAN_POINT('',(-0.0434420381433174,-0.00129290011654584,-0.09252204));
#4333=CARTESIAN_POINT('',(-0.0426955819129944,-0.00172386682206112,-0.092437585));
#4334=CARTESIAN_POINT('',(-0.0419491256826713,-0.00129290011654584,-0.09235313));
#4335=CARTESIAN_POINT('',(-0.0412026694523483,-0.000861933411030559,-0.092268675));
#4336=CARTESIAN_POINT('',(-0.0412026694523483,0.,-0.09218422));
#4337=CARTESIAN_POINT('',(-0.0412026694523483,0.000861933411030558,-0.092099765));
#4338=CARTESIAN_POINT('',(-0.0419491256826713,0.00129290011654584,-0.09201531));
#4339=CARTESIAN_POINT('',(-0.0426955819129944,0.00172386682206112,-0.091930855));
#4340=CARTESIAN_POINT('',(-0.0434420381433174,0.00129290011654584,-0.0918464));
#4341=CARTESIAN_POINT('',(-0.0441884943736405,0.000861933411030558,-0.091761945));
#4342=CARTESIAN_POINT('',(-0.0441884943736404,1.82829046633742E-19,-0.09167749));
#4343=CARTESIAN_POINT('',(-0.0441884943736405,-0.000861933411030558,-0.0915930349999999));
#4344=CARTESIAN_POINT('',(-0.0434420381433174,-0.00129290011654584,-0.09150858));
#4345=CARTESIAN_POINT('',(-0.0426955819129944,-0.00172386682206112,-0.091424125));
#4346=CARTESIAN_POINT('',(-0.0419491256826713,-0.00129290011654584,-0.09133967));
#4347=CARTESIAN_POINT('',(-0.0412026694523483,-0.000861933411030559,-0.091255215));
#4348=CARTESIAN_POINT('',(-0.0412026694523483,0.,-0.09117076));
#4349=CARTESIAN_POINT('',(-0.0412026694523483,0.000861933411030558,-0.0910863049999999));
#4350=CARTESIAN_POINT('',(-0.0419491256826713,0.00129290011654584,-0.09100185));
#4351=CARTESIAN_POINT('',(-0.0426955819129944,0.00172386682206112,-0.090917395));
#4352=CARTESIAN_POINT('',(-0.0434420381433174,0.00129290011654584,-0.09083294));
#4353=CARTESIAN_POINT('',(-0.0441884943736405,0.000861933411030558,-0.090748485));
#4354=CARTESIAN_POINT('',(-0.0441884943736404,1.82829046633742E-19,-0.09066403));
#4355=CARTESIAN_POINT('',(-0.0441884943736405,-0.000861933411030558,-0.0905795749999999));
#4356=CARTESIAN_POINT('',(-0.0434420381433174,-0.00129290011654584,-0.09049512));
#4357=CARTESIAN_POINT('',(-0.0426955819129944,-0.00172386682206112,-0.0904106649999999));
#4358=CARTESIAN_POINT('',(-0.0419491256826713,-0.00129290011654584,-0.09032621));
#4359=CARTESIAN_POINT('',(-0.0412026694523483,-0.000861933411030559,-0.090241755));
#4360=CARTESIAN_POINT('',(-0.0412026694523483,0.,-0.0901573));
#4361=CARTESIAN_POINT('',(-0.0412026694523483,0.000861933411030558,-0.090072845));
#4362=CARTESIAN_POINT('',(-0.0419491256826713,0.00129290011654584,-0.08998839));
#4363=CARTESIAN_POINT('',(-0.0426955819129944,0.00172386682206112,-0.0899039349999999));
#4364=CARTESIAN_POINT('',(-0.0434420381433174,0.00129290011654584,-0.08981948));
#4365=CARTESIAN_POINT('',(-0.043953858674941,0.000997400394836201,-0.0897615719790842));
#4366=CARTESIAN_POINT('',(-0.0441247329280487,0.00043164220289661,-0.0896964707126136));
#4367=CARTESIAN_POINT('',(-0.0412026694523483,0.,-0.1053592));
#4368=CARTESIAN_POINT('',(-0.0412026694523483,0.000861933411030562,-0.105274745));
#4369=CARTESIAN_POINT('',(-0.0419491256826713,0.00129290011654584,-0.10519029));
#4370=CARTESIAN_POINT('',(-0.0426955819129944,0.00172386682206112,-0.105105835));
#4371=CARTESIAN_POINT('',(-0.0434420381433174,0.00129290011654584,-0.10502138));
#4372=CARTESIAN_POINT('',(-0.0441884943736405,0.000861933411030563,-0.104936925));
#4373=CARTESIAN_POINT('',(-0.0441884943736404,1.82829046633743E-19,-0.10485247));
#4374=CARTESIAN_POINT('',(-0.0441884943736405,-0.000861933411030562,-0.104768015));
#4375=CARTESIAN_POINT('',(-0.0434420381433174,-0.00129290011654584,-0.10468356));
#4376=CARTESIAN_POINT('',(-0.0426955819129944,-0.00172386682206112,-0.104599105));
#4377=CARTESIAN_POINT('',(-0.0419491256826713,-0.00129290011654584,-0.10451465));
#4378=CARTESIAN_POINT('',(-0.0412026694523483,-0.000861933411030563,-0.104430195));
#4379=CARTESIAN_POINT('',(-0.0412026694523483,-3.65658093267485E-19,-0.10434574));
#4380=CARTESIAN_POINT('',(-0.0412026694523483,0.000861933411030561,-0.104261285));
#4381=CARTESIAN_POINT('',(-0.0419491256826713,0.00129290011654584,-0.10417683));
#4382=CARTESIAN_POINT('',(-0.0426955819129944,0.00172386682206112,-0.104092375));
#4383=CARTESIAN_POINT('',(-0.0434420381433174,0.00129290011654584,-0.10400792));
#4384=CARTESIAN_POINT('',(-0.0441884943736405,0.000861933411030565,-0.103923465));
#4385=CARTESIAN_POINT('',(-0.0441884943736404,5.48487139901227E-19,-0.10383901));
#4386=CARTESIAN_POINT('',(-0.0441884943736405,-0.000861933411030561,-0.103754555));
#4387=CARTESIAN_POINT('',(-0.0434420381433174,-0.00129290011654584,-0.1036701));
#4388=CARTESIAN_POINT('',(-0.0426955819129944,-0.00172386682206112,-0.103585645));
#4389=CARTESIAN_POINT('',(-0.0419491256826713,-0.00129290011654584,-0.10350119));
#4390=CARTESIAN_POINT('',(-0.0412026694523483,-0.000861933411030565,-0.103416735));
#4391=CARTESIAN_POINT('',(-0.0412026694523483,-7.3131618653497E-19,-0.10333228));
#4392=CARTESIAN_POINT('',(-0.0412026694523483,0.000861933411030561,-0.103247825));
#4393=CARTESIAN_POINT('',(-0.0419491256826713,0.00129290011654584,-0.10316337));
#4394=CARTESIAN_POINT('',(-0.0426955819129944,0.00172386682206112,-0.103078915));
#4395=CARTESIAN_POINT('',(-0.0434420381433174,0.00129290011654584,-0.10299446));
#4396=CARTESIAN_POINT('',(-0.0441884943736405,0.000861933411030565,-0.102910005));
#4397=CARTESIAN_POINT('',(-0.0441884943736404,3.56609049326324E-18,-0.10282555));
#4398=CARTESIAN_POINT('',(-0.0441884943736405,-0.000861933411030561,-0.102741095));
#4399=CARTESIAN_POINT('',(-0.0434420381433174,-0.00129290011654584,-0.10265664));
#4400=CARTESIAN_POINT('',(-0.0426955819129944,-0.00172386682206112,-0.102572185));
#4401=CARTESIAN_POINT('',(-0.0419491256826713,-0.00129290011654585,-0.10248773));
#4402=CARTESIAN_POINT('',(-0.0412026694523483,-0.000861933411030567,-0.102403275));
#4403=CARTESIAN_POINT('',(-0.0412026694523483,-1.09697427980245E-18,-0.10231882));
#4404=CARTESIAN_POINT('',(-0.0412026694523483,0.000861933411030561,-0.102234365));
#4405=CARTESIAN_POINT('',(-0.0419491256826713,0.00129290011654584,-0.10214991));
#4406=CARTESIAN_POINT('',(-0.0426955819129944,0.00172386682206112,-0.102065455));
#4407=CARTESIAN_POINT('',(-0.0434420381433174,0.00129290011654585,-0.101981));
#4408=CARTESIAN_POINT('',(-0.0441884943736405,0.000861933411030569,-0.101896545));
#4409=CARTESIAN_POINT('',(-0.0441884943736404,1.2798033264362E-18,-0.10181209));
#4410=CARTESIAN_POINT('',(-0.0441884943736405,-0.000861933411030559,-0.101727635));
#4411=CARTESIAN_POINT('',(-0.0434420381433174,-0.00129290011654584,-0.10164318));
#4412=CARTESIAN_POINT('',(-0.0426955819129944,-0.00172386682206112,-0.101558725));
#4413=CARTESIAN_POINT('',(-0.0419491256826713,-0.00129290011654585,-0.10147427));
#4414=CARTESIAN_POINT('',(-0.0412026694523483,-0.000861933411030569,-0.101389815));
#4415=CARTESIAN_POINT('',(-0.0412026694523483,-1.46263237306994E-18,-0.10130536));
#4416=CARTESIAN_POINT('',(-0.0412026694523483,0.000861933411030559,-0.101220905));
#4417=CARTESIAN_POINT('',(-0.0419491256826713,0.00129290011654584,-0.10113645));
#4418=CARTESIAN_POINT('',(-0.0426955819129944,0.00172386682206112,-0.101051995));
#4419=CARTESIAN_POINT('',(-0.0434420381433174,0.00129290011654585,-0.10096754));
#4420=CARTESIAN_POINT('',(-0.0441884943736405,0.000861933411030569,-0.100883085));
#4421=CARTESIAN_POINT('',(-0.0441884943736404,6.94935193989274E-18,-0.10079863));
#4422=CARTESIAN_POINT('',(-0.0441884943736405,-0.000861933411030559,-0.100714175));
#4423=CARTESIAN_POINT('',(-0.0434420381433174,-0.00129290011654584,-0.10062972));
#4424=CARTESIAN_POINT('',(-0.0426955819129944,-0.00172386682206112,-0.100545265));
#4425=CARTESIAN_POINT('',(-0.0419491256826713,-0.00129290011654585,-0.10046081));
#4426=CARTESIAN_POINT('',(-0.0412026694523483,-0.000861933411030569,-0.100376355));
#4427=CARTESIAN_POINT('',(-0.0412026694523483,-7.13218098652648E-18,-0.1002919));
#4428=CARTESIAN_POINT('',(-0.0412026694523483,0.000861933411030559,-0.100207445));
#4429=CARTESIAN_POINT('',(-0.0419491256826713,0.00129290011654584,-0.10012299));
#4430=CARTESIAN_POINT('',(-0.0426955819129944,0.00172386682206112,-0.100038535));
#4431=CARTESIAN_POINT('',(-0.0434420381433174,0.00129290011654585,-0.09995408));
#4432=CARTESIAN_POINT('',(-0.0441884943736405,0.000861933411030563,-0.099869625));
#4433=CARTESIAN_POINT('',(-0.0441884943736404,7.31501003316022E-18,-0.09978517));
#4434=CARTESIAN_POINT('',(-0.0441884943736405,-0.000861933411030559,-0.0997007149999999));
#4435=CARTESIAN_POINT('',(-0.0434420381433174,-0.00129290011654584,-0.09961626));
#4436=CARTESIAN_POINT('',(-0.0426955819129944,-0.00172386682206112,-0.0995318049999999));
#4437=CARTESIAN_POINT('',(-0.0419491256826713,-0.00129290011654585,-0.09944735));
#4438=CARTESIAN_POINT('',(-0.0412026694523483,-0.000861933411030569,-0.099362895));
#4439=CARTESIAN_POINT('',(-0.0412026694523483,-2.19394855960491E-18,-0.09927844));
#4440=CARTESIAN_POINT('',(-0.0412026694523483,0.000861933411030554,-0.0991939849999999));
#4441=CARTESIAN_POINT('',(-0.0419491256826713,0.00129290011654584,-0.09910953));
#4442=CARTESIAN_POINT('',(-0.0426955819129944,0.00172386682206112,-0.0990250749999999));
#4443=CARTESIAN_POINT('',(-0.0434420381433174,0.00129290011654585,-0.09894062));
#4444=CARTESIAN_POINT('',(-0.0441884943736405,0.000861933411030564,-0.098856165));
#4445=CARTESIAN_POINT('',(-0.0441884943736404,7.6806681264277E-18,-0.09877171));
#4446=CARTESIAN_POINT('',(-0.0441884943736405,-0.000861933411030559,-0.098687255));
#4447=CARTESIAN_POINT('',(-0.0434420381433174,-0.00129290011654584,-0.0986028));
#4448=CARTESIAN_POINT('',(-0.0426955819129944,-0.00172386682206112,-0.0985183449999999));
#4449=CARTESIAN_POINT('',(-0.0419491256826713,-0.00129290011654585,-0.09843389));
#4450=CARTESIAN_POINT('',(-0.0412026694523483,-0.00086193341103057,-0.098349435));
#4451=CARTESIAN_POINT('',(-0.0412026694523483,-2.5596066528724E-18,-0.09826498));
#4452=CARTESIAN_POINT('',(-0.0412026694523483,0.000861933411030554,-0.098180525));
#4453=CARTESIAN_POINT('',(-0.0419491256826713,0.00129290011654584,-0.09809607));
#4454=CARTESIAN_POINT('',(-0.0426955819129944,0.00172386682206112,-0.0980116149999999));
#4455=CARTESIAN_POINT('',(-0.0434420381433174,0.00129290011654585,-0.09792716));
#4456=CARTESIAN_POINT('',(-0.0441884943736405,0.000861933411030574,-0.0978427049999999));
#4457=CARTESIAN_POINT('',(-0.0441884943736404,8.04632621969519E-18,-0.09775825));
#4458=CARTESIAN_POINT('',(-0.0441884943736405,-0.000861933411030558,-0.097673795));
#4459=CARTESIAN_POINT('',(-0.0434420381433174,-0.00129290011654584,-0.09758934));
#4460=CARTESIAN_POINT('',(-0.0426955819129944,-0.00172386682206112,-0.097504885));
#4461=CARTESIAN_POINT('',(-0.0419491256826713,-0.00129290011654585,-0.09742043));
#4462=CARTESIAN_POINT('',(-0.0412026694523483,-0.00086193341103057,-0.0973359749999999));
#4463=CARTESIAN_POINT('',(-0.0412026694523483,-2.92526474613988E-18,-0.09725152));
#4464=CARTESIAN_POINT('',(-0.0412026694523483,0.000861933411030554,-0.097167065));
#4465=CARTESIAN_POINT('',(-0.0419491256826713,0.00129290011654584,-0.09708261));
#4466=CARTESIAN_POINT('',(-0.0426955819129944,0.00172386682206112,-0.096998155));
#4467=CARTESIAN_POINT('',(-0.0434420381433174,0.00129290011654585,-0.0969137));
#4468=CARTESIAN_POINT('',(-0.0441884943736405,0.000861933411030576,-0.0968292449999999));
#4469=CARTESIAN_POINT('',(-0.0441884943736404,8.41198431296267E-18,-0.09674479));
#4470=CARTESIAN_POINT('',(-0.0441884943736405,-0.000861933411030558,-0.096660335));
#4471=CARTESIAN_POINT('',(-0.0434420381433174,-0.00129290011654584,-0.09657588));
#4472=CARTESIAN_POINT('',(-0.0426955819129944,-0.00172386682206112,-0.096491425));
#4473=CARTESIAN_POINT('',(-0.0419491256826713,-0.00129290011654585,-0.09640697));
#4474=CARTESIAN_POINT('',(-0.0412026694523483,-0.00086193341103057,-0.0963225149999999));
#4475=CARTESIAN_POINT('',(-0.0412026694523483,-1.38987038797855E-17,-0.09623806));
#4476=CARTESIAN_POINT('',(-0.0412026694523483,0.000861933411030553,-0.0961536049999999));
#4477=CARTESIAN_POINT('',(-0.0419491256826713,0.00129290011654584,-0.09606915));
#4478=CARTESIAN_POINT('',(-0.0426955819129944,0.00172386682206112,-0.095984695));
#4479=CARTESIAN_POINT('',(-0.0434420381433174,0.00129290011654585,-0.09590024));
#4480=CARTESIAN_POINT('',(-0.0441884943736405,0.000861933411030576,-0.095815785));
#4481=CARTESIAN_POINT('',(-0.0441884943736404,8.77764240623016E-18,-0.09573133));
#4482=CARTESIAN_POINT('',(-0.0441884943736405,-0.000861933411030547,-0.0956468749999999));
#4483=CARTESIAN_POINT('',(-0.0434420381433174,-0.00129290011654584,-0.09556242));
#4484=CARTESIAN_POINT('',(-0.0426955819129944,-0.00172386682206112,-0.095477965));
#4485=CARTESIAN_POINT('',(-0.0419491256826713,-0.00129290011654585,-0.09539351));
#4486=CARTESIAN_POINT('',(-0.0412026694523483,-0.00086193341103057,-0.095309055));
#4487=CARTESIAN_POINT('',(-0.0412026694523483,-1.4264361973053E-17,-0.0952246));
#4488=CARTESIAN_POINT('',(-0.0412026694523483,0.000861933411030553,-0.0951401449999999));
#4489=CARTESIAN_POINT('',(-0.0419491256826713,0.00129290011654584,-0.09505569));
#4490=CARTESIAN_POINT('',(-0.0426955819129944,0.00172386682206112,-0.0949712349999999));
#4491=CARTESIAN_POINT('',(-0.0434420381433174,0.00129290011654585,-0.09488678));
#4492=CARTESIAN_POINT('',(-0.0441884943736405,0.000861933411030565,-0.094802325));
#4493=CARTESIAN_POINT('',(-0.0441884943736404,1.97510815398757E-17,-0.09471787));
#4494=CARTESIAN_POINT('',(-0.0441884943736405,-0.000861933411030547,-0.0946334149999999));
#4495=CARTESIAN_POINT('',(-0.0434420381433174,-0.00129290011654584,-0.09454896));
#4496=CARTESIAN_POINT('',(-0.0426955819129944,-0.00172386682206112,-0.0944645049999999));
#4497=CARTESIAN_POINT('',(-0.0419491256826713,-0.00129290011654584,-0.09438005));
#4498=CARTESIAN_POINT('',(-0.0412026694523483,-0.000861933411030581,-0.094295595));
#4499=CARTESIAN_POINT('',(-0.0412026694523483,-1.46300200663204E-17,-0.09421114));
#4500=CARTESIAN_POINT('',(-0.0412026694523483,0.000861933411030553,-0.094126685));
#4501=CARTESIAN_POINT('',(-0.0419491256826713,0.00129290011654584,-0.09404223));
#4502=CARTESIAN_POINT('',(-0.0426955819129944,0.00172386682206112,-0.0939577749999999));
#4503=CARTESIAN_POINT('',(-0.0434420381433174,0.00129290011654585,-0.09387332));
#4504=CARTESIAN_POINT('',(-0.0441884943736405,0.000861933411030577,-0.093788865));
#4505=CARTESIAN_POINT('',(-0.0441884943736404,9.50895859276513E-18,-0.09370441));
#4506=CARTESIAN_POINT('',(-0.0441884943736405,-0.000861933411030557,-0.093619955));
#4507=CARTESIAN_POINT('',(-0.0434420381433174,-0.00129290011654583,-0.0935355));
#4508=CARTESIAN_POINT('',(-0.0426955819129944,-0.00172386682206112,-0.0934510449999999));
#4509=CARTESIAN_POINT('',(-0.0419491256826713,-0.00129290011654585,-0.09336659));
#4510=CARTESIAN_POINT('',(-0.0412026694523483,-0.000861933411030571,-0.0932821349999999));
#4511=CARTESIAN_POINT('',(-0.0412026694523483,-4.38789711920982E-18,-0.09319768));
#4512=CARTESIAN_POINT('',(-0.0412026694523483,0.000861933411030541,-0.093113225));
#4513=CARTESIAN_POINT('',(-0.0419491256826713,0.00129290011654583,-0.09302877));
#4514=CARTESIAN_POINT('',(-0.0426955819129944,0.00172386682206112,-0.092944315));
#4515=CARTESIAN_POINT('',(-0.0434420381433174,0.00129290011654585,-0.09285986));
#4516=CARTESIAN_POINT('',(-0.0441884943736405,0.000861933411030566,-0.0927754049999999));
#4517=CARTESIAN_POINT('',(-0.0441884943736404,2.04823977264107E-17,-0.09269095));
#4518=CARTESIAN_POINT('',(-0.0441884943736405,-0.000861933411030547,-0.092606495));
#4519=CARTESIAN_POINT('',(-0.0434420381433174,-0.00129290011654584,-0.09252204));
#4520=CARTESIAN_POINT('',(-0.0426955819129944,-0.00172386682206112,-0.092437585));
#4521=CARTESIAN_POINT('',(-0.0419491256826713,-0.00129290011654584,-0.09235313));
#4522=CARTESIAN_POINT('',(-0.0412026694523483,-0.000861933411030581,-0.092268675));
#4523=CARTESIAN_POINT('',(-0.0412026694523483,-1.53613362528554E-17,-0.09218422));
#4524=CARTESIAN_POINT('',(-0.0412026694523483,0.000861933411030551,-0.092099765));
#4525=CARTESIAN_POINT('',(-0.0419491256826713,0.00129290011654584,-0.09201531));
#4526=CARTESIAN_POINT('',(-0.0426955819129943,0.00172386682206112,-0.091930855));
#4527=CARTESIAN_POINT('',(-0.0434420381433174,0.00129290011654585,-0.0918464));
#4528=CARTESIAN_POINT('',(-0.0441884943736405,0.000861933411030577,-0.091761945));
#4529=CARTESIAN_POINT('',(-0.0441884943736404,1.02402747793001E-17,-0.09167749));
#4530=CARTESIAN_POINT('',(-0.0441884943736405,-0.000861933411030556,-0.0915930349999999));
#4531=CARTESIAN_POINT('',(-0.0434420381433174,-0.00129290011654583,-0.09150858));
#4532=CARTESIAN_POINT('',(-0.0426955819129944,-0.00172386682206112,-0.091424125));
#4533=CARTESIAN_POINT('',(-0.0419491256826713,-0.00129290011654585,-0.09133967));
#4534=CARTESIAN_POINT('',(-0.0412026694523483,-0.000861933411030572,-0.091255215));
#4535=CARTESIAN_POINT('',(-0.0412026694523483,-5.11921330574479E-18,-0.09117076));
#4536=CARTESIAN_POINT('',(-0.0412026694523483,0.000861933411030541,-0.0910863049999999));
#4537=CARTESIAN_POINT('',(-0.0419491256826713,0.00129290011654583,-0.09100185));
#4538=CARTESIAN_POINT('',(-0.0426955819129944,0.00172386682206112,-0.090917395));
#4539=CARTESIAN_POINT('',(-0.0434420381433174,0.00129290011654585,-0.09083294));
#4540=CARTESIAN_POINT('',(-0.0441884943736405,0.000861933411030566,-0.090748485));
#4541=CARTESIAN_POINT('',(-0.0441884943736404,2.12137139129457E-17,-0.09066403));
#4542=CARTESIAN_POINT('',(-0.0441884943736405,-0.000861933411030546,-0.0905795749999999));
#4543=CARTESIAN_POINT('',(-0.0434420381433174,-0.00129290011654584,-0.09049512));
#4544=CARTESIAN_POINT('',(-0.0426955819129944,-0.00172386682206112,-0.0904106649999999));
#4545=CARTESIAN_POINT('',(-0.0419491256826713,-0.00129290011654586,-0.09032621));
#4546=CARTESIAN_POINT('',(-0.0412026694523483,-0.000861933411030582,-0.090241755));
#4547=CARTESIAN_POINT('',(-0.0412026694523483,-1.60926524393904E-17,-0.0901573));
#4548=CARTESIAN_POINT('',(-0.0412026694523483,0.00086193341103055,-0.090072845));
#4549=CARTESIAN_POINT('',(-0.0419491256826713,0.00129290011654584,-0.08998839));
#4550=CARTESIAN_POINT('',(-0.0426955819129943,0.00172386682206112,-0.0899039349999999));
#4551=CARTESIAN_POINT('',(-0.0434420381433174,0.00129290011654585,-0.08981948));
#4552=CARTESIAN_POINT('',(-0.0441884943736405,0.000861933411030578,-0.089735025));
#4553=CARTESIAN_POINT('',(-0.0441884943736404,1.09715909658351E-17,-0.08965057));
#4554=CARTESIAN_POINT('',(-0.0441884943736405,-0.000861933411030556,-0.089566115));
#4555=CARTESIAN_POINT('',(-0.0434420381433174,-0.00129290011654583,-0.08948166));
#4556=CARTESIAN_POINT('',(-0.0426955819129944,-0.00172386682206112,-0.0893972049999999));
#4557=CARTESIAN_POINT('',(-0.0419491256826713,-0.00129290011654585,-0.08931275));
#4558=CARTESIAN_POINT('',(-0.0412026694523483,-0.000861933411030572,-0.089228295));
#4559=CARTESIAN_POINT('',(-0.0412026694523483,-5.85052949227976E-18,-0.08914384));
#4560=CARTESIAN_POINT('',(-0.0412026694523483,0.00086193341103054,-0.089059385));
#4561=CARTESIAN_POINT('',(-0.0419491256826713,0.00129290011654583,-0.08897493));
#4562=CARTESIAN_POINT('',(-0.0426955819129944,0.00172386682206112,-0.088890475));
#4563=CARTESIAN_POINT('',(-0.0434420381433174,0.00129290011654585,-0.08880602));
#4564=CARTESIAN_POINT('',(-0.0441884943736405,0.000861933411030588,-0.0887215649999999));
#4565=CARTESIAN_POINT('',(-0.0441884943736404,2.19450300994807E-17,-0.08863711));
#4566=CARTESIAN_POINT('',(-0.0441884943736405,-0.000861933411030544,-0.088552655));
#4567=CARTESIAN_POINT('',(-0.0434420381433174,-0.00129290011654584,-0.0884682));
#4568=CARTESIAN_POINT('',(-0.0426955819129944,-0.00172386682206112,-0.088383745));
#4569=CARTESIAN_POINT('',(-0.0419491256826713,-0.00129290011654586,-0.08829929));
#4570=CARTESIAN_POINT('',(-0.0412026694523483,-0.000861933411030584,-0.0882148349999999));
#4571=CARTESIAN_POINT('',(-0.0412026694523483,-1.68239686259253E-17,-0.08813038));
#4572=CARTESIAN_POINT('',(-0.0412026694523483,0.00086193341103055,-0.088045925));
#4573=CARTESIAN_POINT('',(-0.0419491256826713,0.00129290011654584,-0.08796147));
#4574=CARTESIAN_POINT('',(-0.0426955819129943,0.00172386682206112,-0.087877015));
#4575=CARTESIAN_POINT('',(-0.0434420381433174,0.00129290011654585,-0.08779256));
#4576=CARTESIAN_POINT('',(-0.0441884943736405,0.000861933411030578,-0.0877081049999999));
#4577=CARTESIAN_POINT('',(-0.0441884943736404,1.170290715237E-17,-0.08762365));
#4578=CARTESIAN_POINT('',(-0.0441884943736405,-0.000861933411030534,-0.087539195));
#4579=CARTESIAN_POINT('',(-0.0434420381433174,-0.00129290011654583,-0.08745474));
#4580=CARTESIAN_POINT('',(-0.0426955819129944,-0.00172386682206112,-0.087370285));
#4581=CARTESIAN_POINT('',(-0.0419491256826713,-0.00129290011654585,-0.08728583));
#4582=CARTESIAN_POINT('',(-0.0412026694523483,-0.000861933411030573,-0.087201375));
#4583=CARTESIAN_POINT('',(-0.0412026694523483,-2.77974077595709E-17,-0.08711692));
#4584=CARTESIAN_POINT('',(-0.0412026694523483,0.,-0.1053592));
#4585=CARTESIAN_POINT('',(-0.0412026694523483,0.000861933411030562,-0.105274745));
#4586=CARTESIAN_POINT('',(-0.0419491256826713,0.00129290011654584,-0.10519029));
#4587=CARTESIAN_POINT('',(-0.0426955819129944,0.00172386682206112,-0.105105835));
#4588=CARTESIAN_POINT('',(-0.0434420381433174,0.00129290011654584,-0.10502138));
#4589=CARTESIAN_POINT('',(-0.0441884943736405,0.000861933411030563,-0.104936925));
#4590=CARTESIAN_POINT('',(-0.0441884943736404,1.82829046633743E-19,-0.10485247));
#4591=CARTESIAN_POINT('',(-0.0441884943736405,-0.000861933411030562,-0.104768015));
#4592=CARTESIAN_POINT('',(-0.0434420381433174,-0.00129290011654584,-0.10468356));
#4593=CARTESIAN_POINT('',(-0.0426955819129944,-0.00172386682206112,-0.104599105));
#4594=CARTESIAN_POINT('',(-0.0419491256826713,-0.00129290011654584,-0.10451465));
#4595=CARTESIAN_POINT('',(-0.0412026694523483,-0.000861933411030563,-0.104430195));
#4596=CARTESIAN_POINT('',(-0.0412026694523483,0.,-0.10434574));
#4597=CARTESIAN_POINT('',(-0.0412026694523483,0.000861933411030562,-0.104261285));
#4598=CARTESIAN_POINT('',(-0.0419491256826713,0.00129290011654584,-0.10417683));
#4599=CARTESIAN_POINT('',(-0.0426955819129944,0.00172386682206112,-0.104092375));
#4600=CARTESIAN_POINT('',(-0.0434420381433174,0.00129290011654584,-0.10400792));
#4601=CARTESIAN_POINT('',(-0.0441884943736405,0.000861933411030563,-0.103923465));
#4602=CARTESIAN_POINT('',(-0.0441884943736404,1.82829046633743E-19,-0.10383901));
#4603=CARTESIAN_POINT('',(-0.0441884943736405,-0.000861933411030562,-0.103754555));
#4604=CARTESIAN_POINT('',(-0.0434420381433174,-0.00129290011654584,-0.1036701));
#4605=CARTESIAN_POINT('',(-0.0426955819129944,-0.00172386682206112,-0.103585645));
#4606=CARTESIAN_POINT('',(-0.0419491256826713,-0.00129290011654584,-0.10350119));
#4607=CARTESIAN_POINT('',(-0.0412026694523483,-0.000861933411030563,-0.103416735));
#4608=CARTESIAN_POINT('',(-0.0412026694523483,0.,-0.10333228));
#4609=CARTESIAN_POINT('',(-0.0412026694523483,0.000861933411030562,-0.103247825));
#4610=CARTESIAN_POINT('',(-0.0419491256826713,0.00129290011654584,-0.10316337));
#4611=CARTESIAN_POINT('',(-0.0426955819129944,0.00172386682206112,-0.103078915));
#4612=CARTESIAN_POINT('',(-0.0434420381433174,0.00129290011654584,-0.10299446));
#4613=CARTESIAN_POINT('',(-0.0441884943736405,0.000861933411030563,-0.102910005));
#4614=CARTESIAN_POINT('',(-0.0441884943736404,1.82829046633743E-19,-0.10282555));
#4615=CARTESIAN_POINT('',(-0.0441884943736405,-0.000861933411030562,-0.102741095));
#4616=CARTESIAN_POINT('',(-0.0434420381433174,-0.00129290011654584,-0.10265664));
#4617=CARTESIAN_POINT('',(-0.0426955819129944,-0.00172386682206112,-0.102572185));
#4618=CARTESIAN_POINT('',(-0.0419491256826713,-0.00129290011654584,-0.10248773));
#4619=CARTESIAN_POINT('',(-0.0412026694523483,-0.000861933411030563,-0.102403275));
#4620=CARTESIAN_POINT('',(-0.0412026694523483,0.,-0.10231882));
#4621=CARTESIAN_POINT('',(-0.0412026694523483,0.000861933411030562,-0.102234365));
#4622=CARTESIAN_POINT('',(-0.0419491256826713,0.00129290011654584,-0.10214991));
#4623=CARTESIAN_POINT('',(-0.0426955819129944,0.00172386682206112,-0.102065455));
#4624=CARTESIAN_POINT('',(-0.0434420381433174,0.00129290011654584,-0.101981));
#4625=CARTESIAN_POINT('',(-0.0441884943736405,0.000861933411030563,-0.101896545));
#4626=CARTESIAN_POINT('',(-0.0441884943736404,1.82829046633743E-19,-0.10181209));
#4627=CARTESIAN_POINT('',(-0.0441884943736405,-0.000861933411030562,-0.101727635));
#4628=CARTESIAN_POINT('',(-0.0434420381433174,-0.00129290011654584,-0.10164318));
#4629=CARTESIAN_POINT('',(-0.0426955819129944,-0.00172386682206112,-0.101558725));
#4630=CARTESIAN_POINT('',(-0.0419491256826713,-0.00129290011654584,-0.10147427));
#4631=CARTESIAN_POINT('',(-0.0412026694523483,-0.000861933411030563,-0.101389815));
#4632=CARTESIAN_POINT('',(-0.0412026694523483,0.,-0.10130536));
#4633=CARTESIAN_POINT('',(-0.0412026694523483,0.000861933411030562,-0.101220905));
#4634=CARTESIAN_POINT('',(-0.0419491256826713,0.00129290011654584,-0.10113645));
#4635=CARTESIAN_POINT('',(-0.0426955819129944,0.00172386682206112,-0.101051995));
#4636=CARTESIAN_POINT('',(-0.0434420381433174,0.00129290011654584,-0.10096754));
#4637=CARTESIAN_POINT('',(-0.0441884943736405,0.000861933411030563,-0.100883085));
#4638=CARTESIAN_POINT('',(-0.0441884943736404,1.82829046633743E-19,-0.10079863));
#4639=CARTESIAN_POINT('',(-0.0441884943736405,-0.000861933411030562,-0.100714175));
#4640=CARTESIAN_POINT('',(-0.0434420381433174,-0.00129290011654584,-0.10062972));
#4641=CARTESIAN_POINT('',(-0.0426955819129944,-0.00172386682206112,-0.100545265));
#4642=CARTESIAN_POINT('',(-0.0419491256826713,-0.00129290011654584,-0.10046081));
#4643=CARTESIAN_POINT('',(-0.0412026694523483,-0.000861933411030563,-0.100376355));
#4644=CARTESIAN_POINT('',(-0.0412026694523483,0.,-0.1002919));
#4645=CARTESIAN_POINT('',(-0.0412026694523483,0.000861933411030562,-0.100207445));
#4646=CARTESIAN_POINT('',(-0.0419491256826713,0.00129290011654584,-0.10012299));
#4647=CARTESIAN_POINT('',(-0.0426955819129944,0.00172386682206112,-0.100038535));
#4648=CARTESIAN_POINT('',(-0.0434420381433174,0.00129290011654584,-0.09995408));
#4649=CARTESIAN_POINT('',(-0.0441884943736405,0.000861933411030563,-0.099869625));
#4650=CARTESIAN_POINT('',(-0.0441884943736404,1.82829046633743E-19,-0.09978517));
#4651=CARTESIAN_POINT('',(-0.0441884943736405,-0.000861933411030562,-0.0997007149999999));
#4652=CARTESIAN_POINT('',(-0.0434420381433174,-0.00129290011654584,-0.09961626));
#4653=CARTESIAN_POINT('',(-0.0426955819129944,-0.00172386682206112,-0.0995318049999999));
#4654=CARTESIAN_POINT('',(-0.0419491256826713,-0.00129290011654584,-0.09944735));
#4655=CARTESIAN_POINT('',(-0.0412026694523483,-0.000861933411030563,-0.099362895));
#4656=CARTESIAN_POINT('',(-0.0412026694523483,0.,-0.09927844));
#4657=CARTESIAN_POINT('',(-0.0412026694523483,0.000861933411030562,-0.0991939849999999));
#4658=CARTESIAN_POINT('',(-0.0419491256826713,0.00129290011654584,-0.09910953));
#4659=CARTESIAN_POINT('',(-0.0426955819129944,0.00172386682206112,-0.0990250749999999));
#4660=CARTESIAN_POINT('',(-0.0434420381433174,0.00129290011654584,-0.09894062));
#4661=CARTESIAN_POINT('',(-0.0441884943736405,0.000861933411030563,-0.098856165));
#4662=CARTESIAN_POINT('',(-0.0441884943736404,1.82829046633743E-19,-0.09877171));
#4663=CARTESIAN_POINT('',(-0.0441884943736405,-0.000861933411030562,-0.098687255));
#4664=CARTESIAN_POINT('',(-0.0434420381433174,-0.00129290011654584,-0.0986028));
#4665=CARTESIAN_POINT('',(-0.0426955819129944,-0.00172386682206112,-0.0985183449999999));
#4666=CARTESIAN_POINT('',(-0.0419491256826713,-0.00129290011654584,-0.09843389));
#4667=CARTESIAN_POINT('',(-0.0412026694523483,-0.000861933411030563,-0.098349435));
#4668=CARTESIAN_POINT('',(-0.0412026694523483,0.,-0.09826498));
#4669=CARTESIAN_POINT('',(-0.0412026694523483,0.000861933411030562,-0.098180525));
#4670=CARTESIAN_POINT('',(-0.0419491256826713,0.00129290011654584,-0.09809607));
#4671=CARTESIAN_POINT('',(-0.0426955819129944,0.00172386682206112,-0.0980116149999999));
#4672=CARTESIAN_POINT('',(-0.0434420381433174,0.00129290011654584,-0.09792716));
#4673=CARTESIAN_POINT('',(-0.0441884943736405,0.000861933411030563,-0.0978427049999999));
#4674=CARTESIAN_POINT('',(-0.0441884943736404,1.82829046633743E-19,-0.09775825));
#4675=CARTESIAN_POINT('',(-0.0441884943736405,-0.000861933411030562,-0.097673795));
#4676=CARTESIAN_POINT('',(-0.0434420381433174,-0.00129290011654584,-0.09758934));
#4677=CARTESIAN_POINT('',(-0.0426955819129944,-0.00172386682206112,-0.097504885));
#4678=CARTESIAN_POINT('',(-0.0419491256826713,-0.00129290011654584,-0.09742043));
#4679=CARTESIAN_POINT('',(-0.0412026694523483,-0.000861933411030563,-0.0973359749999999));
#4680=CARTESIAN_POINT('',(-0.0412026694523483,0.,-0.09725152));
#4681=CARTESIAN_POINT('',(-0.0412026694523483,0.000861933411030562,-0.097167065));
#4682=CARTESIAN_POINT('',(-0.0419491256826713,0.00129290011654584,-0.09708261));
#4683=CARTESIAN_POINT('',(-0.0426955819129944,0.00172386682206112,-0.096998155));
#4684=CARTESIAN_POINT('',(-0.0434420381433174,0.00129290011654584,-0.0969137));
#4685=CARTESIAN_POINT('',(-0.0441884943736405,0.000861933411030563,-0.0968292449999999));
#4686=CARTESIAN_POINT('',(-0.0441884943736404,1.82829046633743E-19,-0.09674479));
#4687=CARTESIAN_POINT('',(-0.0441884943736405,-0.000861933411030562,-0.096660335));
#4688=CARTESIAN_POINT('',(-0.0434420381433174,-0.00129290011654584,-0.09657588));
#4689=CARTESIAN_POINT('',(-0.0426955819129944,-0.00172386682206112,-0.096491425));
#4690=CARTESIAN_POINT('',(-0.0419491256826713,-0.00129290011654584,-0.09640697));
#4691=CARTESIAN_POINT('',(-0.0412026694523483,-0.000861933411030563,-0.0963225149999999));
#4692=CARTESIAN_POINT('',(-0.0412026694523483,0.,-0.09623806));
#4693=CARTESIAN_POINT('',(-0.0412026694523483,0.000861933411030562,-0.0961536049999999));
#4694=CARTESIAN_POINT('',(-0.0419491256826713,0.00129290011654584,-0.09606915));
#4695=CARTESIAN_POINT('',(-0.0426955819129944,0.00172386682206112,-0.095984695));
#4696=CARTESIAN_POINT('',(-0.0434420381433174,0.00129290011654584,-0.09590024));
#4697=CARTESIAN_POINT('',(-0.0441884943736405,0.000861933411030563,-0.095815785));
#4698=CARTESIAN_POINT('',(-0.0441884943736404,1.82829046633743E-19,-0.09573133));
#4699=CARTESIAN_POINT('',(-0.0441884943736405,-0.000861933411030562,-0.0956468749999999));
#4700=CARTESIAN_POINT('',(-0.0434420381433174,-0.00129290011654584,-0.09556242));
#4701=CARTESIAN_POINT('',(-0.0426955819129944,-0.00172386682206112,-0.095477965));
#4702=CARTESIAN_POINT('',(-0.0419491256826713,-0.00129290011654584,-0.09539351));
#4703=CARTESIAN_POINT('',(-0.0412026694523483,-0.000861933411030563,-0.095309055));
#4704=CARTESIAN_POINT('',(-0.0412026694523483,0.,-0.0952246));
#4705=CARTESIAN_POINT('',(-0.0412026694523483,0.000861933411030562,-0.0951401449999999));
#4706=CARTESIAN_POINT('',(-0.0419491256826713,0.00129290011654584,-0.09505569));
#4707=CARTESIAN_POINT('',(-0.0426955819129944,0.00172386682206112,-0.0949712349999999));
#4708=CARTESIAN_POINT('',(-0.0434420381433174,0.00129290011654584,-0.09488678));
#4709=CARTESIAN_POINT('',(-0.0441884943736405,0.000861933411030563,-0.094802325));
#4710=CARTESIAN_POINT('',(-0.0441884943736404,1.82829046633743E-19,-0.09471787));
#4711=CARTESIAN_POINT('',(-0.0441884943736405,-0.000861933411030562,-0.0946334149999999));
#4712=CARTESIAN_POINT('',(-0.0434420381433174,-0.00129290011654584,-0.09454896));
#4713=CARTESIAN_POINT('',(-0.0426955819129944,-0.00172386682206112,-0.0944645049999999));
#4714=CARTESIAN_POINT('',(-0.0419491256826713,-0.00129290011654584,-0.09438005));
#4715=CARTESIAN_POINT('',(-0.0412026694523483,-0.000861933411030563,-0.094295595));
#4716=CARTESIAN_POINT('',(-0.0412026694523483,0.,-0.09421114));
#4717=CARTESIAN_POINT('',(-0.0412026694523483,0.000861933411030562,-0.094126685));
#4718=CARTESIAN_POINT('',(-0.0419491256826713,0.00129290011654584,-0.09404223));
#4719=CARTESIAN_POINT('',(-0.0426955819129944,0.00172386682206112,-0.0939577749999999));
#4720=CARTESIAN_POINT('',(-0.0434420381433174,0.00129290011654584,-0.09387332));
#4721=CARTESIAN_POINT('',(-0.0441884943736405,0.000861933411030563,-0.093788865));
#4722=CARTESIAN_POINT('',(-0.0441884943736404,1.82829046633743E-19,-0.09370441));
#4723=CARTESIAN_POINT('',(-0.0441884943736405,-0.000861933411030562,-0.093619955));
#4724=CARTESIAN_POINT('',(-0.0434420381433174,-0.00129290011654584,-0.0935355));
#4725=CARTESIAN_POINT('',(-0.0426955819129944,-0.00172386682206112,-0.0934510449999999));
#4726=CARTESIAN_POINT('',(-0.0419491256826713,-0.00129290011654584,-0.09336659));
#4727=CARTESIAN_POINT('',(-0.0412026694523483,-0.000861933411030563,-0.0932821349999999));
#4728=CARTESIAN_POINT('',(-0.0412026694523483,0.,-0.09319768));
#4729=CARTESIAN_POINT('',(-0.0412026694523483,0.000861933411030562,-0.093113225));
#4730=CARTESIAN_POINT('',(-0.0419491256826713,0.00129290011654584,-0.09302877));
#4731=CARTESIAN_POINT('',(-0.0426955819129944,0.00172386682206112,-0.092944315));
#4732=CARTESIAN_POINT('',(-0.0434420381433174,0.00129290011654584,-0.09285986));
#4733=CARTESIAN_POINT('',(-0.0441884943736405,0.000861933411030563,-0.0927754049999999));
#4734=CARTESIAN_POINT('',(-0.0441884943736404,1.82829046633743E-19,-0.09269095));
#4735=CARTESIAN_POINT('',(-0.0441884943736405,-0.000861933411030562,-0.092606495));
#4736=CARTESIAN_POINT('',(-0.0434420381433174,-0.00129290011654584,-0.09252204));
#4737=CARTESIAN_POINT('',(-0.0426955819129944,-0.00172386682206112,-0.092437585));
#4738=CARTESIAN_POINT('',(-0.0419491256826713,-0.00129290011654584,-0.09235313));
#4739=CARTESIAN_POINT('',(-0.0412026694523483,-0.000861933411030563,-0.092268675));
#4740=CARTESIAN_POINT('',(-0.0412026694523483,0.,-0.09218422));
#4741=CARTESIAN_POINT('',(-0.0412026694523483,0.000861933411030562,-0.092099765));
#4742=CARTESIAN_POINT('',(-0.0419491256826713,0.00129290011654584,-0.09201531));
#4743=CARTESIAN_POINT('',(-0.0426955819129944,0.00172386682206112,-0.091930855));
#4744=CARTESIAN_POINT('',(-0.0434420381433174,0.00129290011654584,-0.0918464));
#4745=CARTESIAN_POINT('',(-0.0441884943736405,0.000861933411030563,-0.091761945));
#4746=CARTESIAN_POINT('',(-0.0441884943736404,1.82829046633743E-19,-0.09167749));
#4747=CARTESIAN_POINT('',(-0.0441884943736405,-0.000861933411030562,-0.0915930349999999));
#4748=CARTESIAN_POINT('',(-0.0434420381433174,-0.00129290011654584,-0.09150858));
#4749=CARTESIAN_POINT('',(-0.0426955819129944,-0.00172386682206112,-0.091424125));
#4750=CARTESIAN_POINT('',(-0.0419491256826713,-0.00129290011654584,-0.09133967));
#4751=CARTESIAN_POINT('',(-0.0412026694523483,-0.000861933411030563,-0.091255215));
#4752=CARTESIAN_POINT('',(-0.0412026694523483,0.,-0.09117076));
#4753=CARTESIAN_POINT('',(-0.0412026694523483,0.000861933411030562,-0.0910863049999999));
#4754=CARTESIAN_POINT('',(-0.0419491256826713,0.00129290011654584,-0.09100185));
#4755=CARTESIAN_POINT('',(-0.0426955819129944,0.00172386682206112,-0.090917395));
#4756=CARTESIAN_POINT('',(-0.0434420381433174,0.00129290011654584,-0.09083294));
#4757=CARTESIAN_POINT('',(-0.0441884943736405,0.000861933411030563,-0.090748485));
#4758=CARTESIAN_POINT('',(-0.0441884943736404,1.82829046633743E-19,-0.09066403));
#4759=CARTESIAN_POINT('',(-0.0441884943736405,-0.000861933411030562,-0.0905795749999999));
#4760=CARTESIAN_POINT('',(-0.0434420381433174,-0.00129290011654584,-0.09049512));
#4761=CARTESIAN_POINT('',(-0.0426955819129944,-0.00172386682206112,-0.0904106649999999));
#4762=CARTESIAN_POINT('',(-0.0419491256826713,-0.00129290011654584,-0.09032621));
#4763=CARTESIAN_POINT('',(-0.0412026694523483,-0.000861933411030563,-0.090241755));
#4764=CARTESIAN_POINT('',(-0.0412026694523483,0.,-0.0901573));
#4765=CARTESIAN_POINT('',(-0.0412026694523483,0.000849797247240186,-0.0900740341402512));
#4766=CARTESIAN_POINT('',(-0.0419333611303252,0.00128366938641518,-0.0899901862672174));
#4767=CARTESIAN_POINT('',(-0.0405075320582091,0.,-0.104867810280345));
#4768=CARTESIAN_POINT('',(-0.040507532058209,0.00126327117266064,-0.104783355280345));
#4769=CARTESIAN_POINT('',(-0.0416015569856017,0.00189490675899096,-0.104698900280345));
#4770=CARTESIAN_POINT('',(-0.0426955819129944,0.00252654234532129,-0.104614445280345));
#4771=CARTESIAN_POINT('',(-0.043789606840387,0.00189490675899096,-0.104529990280345));
#4772=CARTESIAN_POINT('',(-0.0448836317677797,0.00126327117266065,-0.104445535280345));
#4773=CARTESIAN_POINT('',(-0.0448836317677797,2.67958825103771E-19,-0.104361080280345));
#4774=CARTESIAN_POINT('',(-0.0448836317677797,-0.00126327117266064,-0.104276625280345));
#4775=CARTESIAN_POINT('',(-0.043789606840387,-0.00189490675899096,-0.104192170280345));
#4776=CARTESIAN_POINT('',(-0.0426955819129944,-0.00252654234532129,-0.104107715280345));
#4777=CARTESIAN_POINT('',(-0.0416015569856017,-0.00189490675899096,-0.104023260280345));
#4778=CARTESIAN_POINT('',(-0.040507532058209,-0.00126327117266065,-0.103938805280345));
#4779=CARTESIAN_POINT('',(-0.0405075320582091,0.,-0.103854350280345));
#4780=CARTESIAN_POINT('',(-0.040507532058209,0.00126327117266064,-0.103769895280345));
#4781=CARTESIAN_POINT('',(-0.0416015569856017,0.00189490675899096,-0.103685440280345));
#4782=CARTESIAN_POINT('',(-0.0426955819129944,0.00252654234532129,-0.103600985280345));
#4783=CARTESIAN_POINT('',(-0.043789606840387,0.00189490675899096,-0.103516530280345));
#4784=CARTESIAN_POINT('',(-0.0448836317677797,0.00126327117266065,-0.103432075280345));
#4785=CARTESIAN_POINT('',(-0.0448836317677797,2.67958825103771E-19,-0.103347620280345));
#4786=CARTESIAN_POINT('',(-0.0448836317677797,-0.00126327117266064,-0.103263165280345));
#4787=CARTESIAN_POINT('',(-0.043789606840387,-0.00189490675899096,-0.103178710280345));
#4788=CARTESIAN_POINT('',(-0.0426955819129944,-0.00252654234532129,-0.103094255280345));
#4789=CARTESIAN_POINT('',(-0.0416015569856017,-0.00189490675899096,-0.103009800280345));
#4790=CARTESIAN_POINT('',(-0.040507532058209,-0.00126327117266065,-0.102925345280345));
#4791=CARTESIAN_POINT('',(-0.0405075320582091,0.,-0.102840890280345));
#4792=CARTESIAN_POINT('',(-0.040507532058209,0.00126327117266064,-0.102756435280345));
#4793=CARTESIAN_POINT('',(-0.0416015569856017,0.00189490675899096,-0.102671980280345));
#4794=CARTESIAN_POINT('',(-0.0426955819129944,0.00252654234532129,-0.102587525280345));
#4795=CARTESIAN_POINT('',(-0.043789606840387,0.00189490675899096,-0.102503070280345));
#4796=CARTESIAN_POINT('',(-0.0448836317677797,0.00126327117266065,-0.102418615280345));
#4797=CARTESIAN_POINT('',(-0.0448836317677797,2.67958825103771E-19,-0.102334160280345));
#4798=CARTESIAN_POINT('',(-0.0448836317677797,-0.00126327117266064,-0.102249705280345));
#4799=CARTESIAN_POINT('',(-0.043789606840387,-0.00189490675899096,-0.102165250280345));
#4800=CARTESIAN_POINT('',(-0.0426955819129944,-0.00252654234532129,-0.102080795280345));
#4801=CARTESIAN_POINT('',(-0.0416015569856017,-0.00189490675899096,-0.101996340280345));
#4802=CARTESIAN_POINT('',(-0.040507532058209,-0.00126327117266065,-0.101911885280345));
#4803=CARTESIAN_POINT('',(-0.0405075320582091,0.,-0.101827430280345));
#4804=CARTESIAN_POINT('',(-0.040507532058209,0.00126327117266064,-0.101742975280345));
#4805=CARTESIAN_POINT('',(-0.0416015569856017,0.00189490675899096,-0.101658520280345));
#4806=CARTESIAN_POINT('',(-0.0426955819129944,0.00252654234532129,-0.101574065280345));
#4807=CARTESIAN_POINT('',(-0.043789606840387,0.00189490675899096,-0.101489610280345));
#4808=CARTESIAN_POINT('',(-0.0448836317677797,0.00126327117266065,-0.101405155280345));
#4809=CARTESIAN_POINT('',(-0.0448836317677797,2.67958825103771E-19,-0.101320700280345));
#4810=CARTESIAN_POINT('',(-0.0448836317677797,-0.00126327117266064,-0.101236245280345));
#4811=CARTESIAN_POINT('',(-0.043789606840387,-0.00189490675899096,-0.101151790280345));
#4812=CARTESIAN_POINT('',(-0.0426955819129944,-0.00252654234532129,-0.101067335280345));
#4813=CARTESIAN_POINT('',(-0.0416015569856017,-0.00189490675899096,-0.100982880280345));
#4814=CARTESIAN_POINT('',(-0.040507532058209,-0.00126327117266065,-0.100898425280345));
#4815=CARTESIAN_POINT('',(-0.0405075320582091,0.,-0.100813970280345));
#4816=CARTESIAN_POINT('',(-0.040507532058209,0.00126327117266064,-0.100729515280345));
#4817=CARTESIAN_POINT('',(-0.0416015569856017,0.00189490675899096,-0.100645060280345));
#4818=CARTESIAN_POINT('',(-0.0426955819129944,0.00252654234532129,-0.100560605280345));
#4819=CARTESIAN_POINT('',(-0.043789606840387,0.00189490675899096,-0.100476150280345));
#4820=CARTESIAN_POINT('',(-0.0448836317677797,0.00126327117266065,-0.100391695280345));
#4821=CARTESIAN_POINT('',(-0.0448836317677797,2.67958825103771E-19,-0.100307240280345));
#4822=CARTESIAN_POINT('',(-0.0448836317677797,-0.00126327117266064,-0.100222785280345));
#4823=CARTESIAN_POINT('',(-0.043789606840387,-0.00189490675899096,-0.100138330280345));
#4824=CARTESIAN_POINT('',(-0.0426955819129944,-0.00252654234532129,-0.100053875280345));
#4825=CARTESIAN_POINT('',(-0.0416015569856017,-0.00189490675899096,-0.0999694202803451));
#4826=CARTESIAN_POINT('',(-0.040507532058209,-0.00126327117266065,-0.0998849652803451));
#4827=CARTESIAN_POINT('',(-0.0405075320582091,0.,-0.0998005102803451));
#4828=CARTESIAN_POINT('',(-0.040507532058209,0.00126327117266064,-0.0997160552803451));
#4829=CARTESIAN_POINT('',(-0.0416015569856017,0.00189490675899096,-0.0996316002803451));
#4830=CARTESIAN_POINT('',(-0.0426955819129944,0.00252654234532129,-0.0995471452803451));
#4831=CARTESIAN_POINT('',(-0.043789606840387,0.00189490675899096,-0.0994626902803451));
#4832=CARTESIAN_POINT('',(-0.0448836317677797,0.00126327117266065,-0.0993782352803451));
#4833=CARTESIAN_POINT('',(-0.0448836317677797,2.67958825103771E-19,-0.0992937802803451));
#4834=CARTESIAN_POINT('',(-0.0448836317677797,-0.00126327117266064,-0.099209325280345));
#4835=CARTESIAN_POINT('',(-0.043789606840387,-0.00189490675899096,-0.0991248702803451));
#4836=CARTESIAN_POINT('',(-0.0426955819129944,-0.00252654234532129,-0.0990404152803451));
#4837=CARTESIAN_POINT('',(-0.0416015569856017,-0.00189490675899096,-0.0989559602803451));
#4838=CARTESIAN_POINT('',(-0.040507532058209,-0.00126327117266065,-0.0988715052803451));
#4839=CARTESIAN_POINT('',(-0.0405075320582091,0.,-0.0987870502803451));
#4840=CARTESIAN_POINT('',(-0.040507532058209,0.00126327117266064,-0.0987025952803452));
#4841=CARTESIAN_POINT('',(-0.0416015569856017,0.00189490675899096,-0.0986181402803451));
#4842=CARTESIAN_POINT('',(-0.0426955819129944,0.00252654234532129,-0.0985336852803451));
#4843=CARTESIAN_POINT('',(-0.043789606840387,0.00189490675899096,-0.0984492302803451));
#4844=CARTESIAN_POINT('',(-0.0448836317677797,0.00126327117266065,-0.0983647752803451));
#4845=CARTESIAN_POINT('',(-0.0448836317677797,2.67958825103771E-19,-0.0982803202803451));
#4846=CARTESIAN_POINT('',(-0.0448836317677797,-0.00126327117266064,-0.0981958652803451));
#4847=CARTESIAN_POINT('',(-0.043789606840387,-0.00189490675899096,-0.0981114102803451));
#4848=CARTESIAN_POINT('',(-0.0426955819129944,-0.00252654234532129,-0.0980269552803452));
#4849=CARTESIAN_POINT('',(-0.0416015569856017,-0.00189490675899096,-0.0979425002803451));
#4850=CARTESIAN_POINT('',(-0.040507532058209,-0.00126327117266065,-0.0978580452803451));
#4851=CARTESIAN_POINT('',(-0.0405075320582091,0.,-0.0977735902803451));
#4852=CARTESIAN_POINT('',(-0.040507532058209,0.00126327117266064,-0.0976891352803451));
#4853=CARTESIAN_POINT('',(-0.0416015569856017,0.00189490675899096,-0.0976046802803451));
#4854=CARTESIAN_POINT('',(-0.0426955819129944,0.00252654234532129,-0.0975202252803452));
#4855=CARTESIAN_POINT('',(-0.043789606840387,0.00189490675899096,-0.0974357702803451));
#4856=CARTESIAN_POINT('',(-0.0448836317677797,0.00126327117266065,-0.0973513152803451));
#4857=CARTESIAN_POINT('',(-0.0448836317677797,2.67958825103771E-19,-0.0972668602803451));
#4858=CARTESIAN_POINT('',(-0.0448836317677797,-0.00126327117266064,-0.0971824052803451));
#4859=CARTESIAN_POINT('',(-0.043789606840387,-0.00189490675899096,-0.0970979502803451));
#4860=CARTESIAN_POINT('',(-0.0426955819129944,-0.00252654234532129,-0.0970134952803452));
#4861=CARTESIAN_POINT('',(-0.0416015569856017,-0.00189490675899096,-0.0969290402803451));
#4862=CARTESIAN_POINT('',(-0.040507532058209,-0.00126327117266065,-0.0968445852803451));
#4863=CARTESIAN_POINT('',(-0.0405075320582091,0.,-0.0967601302803451));
#4864=CARTESIAN_POINT('',(-0.040507532058209,0.00126327117266064,-0.0966756752803451));
#4865=CARTESIAN_POINT('',(-0.0416015569856017,0.00189490675899096,-0.0965912202803451));
#4866=CARTESIAN_POINT('',(-0.0426955819129944,0.00252654234532129,-0.0965067652803451));
#4867=CARTESIAN_POINT('',(-0.043789606840387,0.00189490675899096,-0.0964223102803451));
#4868=CARTESIAN_POINT('',(-0.0448836317677797,0.00126327117266065,-0.0963378552803451));
#4869=CARTESIAN_POINT('',(-0.0448836317677797,2.67958825103771E-19,-0.0962534002803451));
#4870=CARTESIAN_POINT('',(-0.0448836317677797,-0.00126327117266064,-0.0961689452803451));
#4871=CARTESIAN_POINT('',(-0.043789606840387,-0.00189490675899096,-0.0960844902803451));
#4872=CARTESIAN_POINT('',(-0.0426955819129944,-0.00252654234532129,-0.0960000352803451));
#4873=CARTESIAN_POINT('',(-0.0416015569856017,-0.00189490675899096,-0.0959155802803451));
#4874=CARTESIAN_POINT('',(-0.040507532058209,-0.00126327117266065,-0.0958311252803452));
#4875=CARTESIAN_POINT('',(-0.0405075320582091,0.,-0.0957466702803451));
#4876=CARTESIAN_POINT('',(-0.040507532058209,0.00126327117266064,-0.0956622152803451));
#4877=CARTESIAN_POINT('',(-0.0416015569856017,0.00189490675899096,-0.0955777602803451));
#4878=CARTESIAN_POINT('',(-0.0426955819129944,0.00252654234532129,-0.0954933052803451));
#4879=CARTESIAN_POINT('',(-0.043789606840387,0.00189490675899096,-0.0954088502803451));
#4880=CARTESIAN_POINT('',(-0.0448836317677797,0.00126327117266065,-0.0953243952803451));
#4881=CARTESIAN_POINT('',(-0.0448836317677797,2.67958825103771E-19,-0.0952399402803451));
#4882=CARTESIAN_POINT('',(-0.0448836317677797,-0.00126327117266064,-0.0951554852803451));
#4883=CARTESIAN_POINT('',(-0.043789606840387,-0.00189490675899096,-0.0950710302803451));
#4884=CARTESIAN_POINT('',(-0.0426955819129944,-0.00252654234532129,-0.0949865752803451));
#4885=CARTESIAN_POINT('',(-0.0416015569856017,-0.00189490675899096,-0.0949021202803451));
#4886=CARTESIAN_POINT('',(-0.040507532058209,-0.00126327117266065,-0.0948176652803451));
#4887=CARTESIAN_POINT('',(-0.0405075320582091,0.,-0.0947332102803451));
#4888=CARTESIAN_POINT('',(-0.040507532058209,0.00126327117266064,-0.094648755280345));
#4889=CARTESIAN_POINT('',(-0.0416015569856017,0.00189490675899096,-0.0945643002803451));
#4890=CARTESIAN_POINT('',(-0.0426955819129944,0.00252654234532129,-0.0944798452803451));
#4891=CARTESIAN_POINT('',(-0.043789606840387,0.00189490675899096,-0.0943953902803451));
#4892=CARTESIAN_POINT('',(-0.0448836317677797,0.00126327117266065,-0.0943109352803451));
#4893=CARTESIAN_POINT('',(-0.0448836317677797,2.67958825103771E-19,-0.0942264802803451));
#4894=CARTESIAN_POINT('',(-0.0448836317677797,-0.00126327117266064,-0.0941420252803452));
#4895=CARTESIAN_POINT('',(-0.043789606840387,-0.00189490675899096,-0.0940575702803451));
#4896=CARTESIAN_POINT('',(-0.0426955819129944,-0.00252654234532129,-0.0939731152803451));
#4897=CARTESIAN_POINT('',(-0.0416015569856017,-0.00189490675899096,-0.0938886602803451));
#4898=CARTESIAN_POINT('',(-0.040507532058209,-0.00126327117266065,-0.0938042052803451));
#4899=CARTESIAN_POINT('',(-0.0405075320582091,0.,-0.0937197502803451));
#4900=CARTESIAN_POINT('',(-0.040507532058209,0.00126327117266064,-0.0936352952803451));
#4901=CARTESIAN_POINT('',(-0.0416015569856017,0.00189490675899096,-0.0935508402803451));
#4902=CARTESIAN_POINT('',(-0.0426955819129944,0.00252654234532129,-0.0934663852803452));
#4903=CARTESIAN_POINT('',(-0.043789606840387,0.00189490675899096,-0.0933819302803451));
#4904=CARTESIAN_POINT('',(-0.0448836317677797,0.00126327117266065,-0.0932974752803451));
#4905=CARTESIAN_POINT('',(-0.0448836317677797,2.67958825103771E-19,-0.0932130202803451));
#4906=CARTESIAN_POINT('',(-0.0448836317677797,-0.00126327117266064,-0.0931285652803451));
#4907=CARTESIAN_POINT('',(-0.043789606840387,-0.00189490675899096,-0.0930441102803451));
#4908=CARTESIAN_POINT('',(-0.0426955819129944,-0.00252654234532129,-0.0929596552803451));
#4909=CARTESIAN_POINT('',(-0.0416015569856017,-0.00189490675899096,-0.0928752002803451));
#4910=CARTESIAN_POINT('',(-0.040507532058209,-0.00126327117266065,-0.0927907452803451));
#4911=CARTESIAN_POINT('',(-0.0405075320582091,0.,-0.0927062902803451));
#4912=CARTESIAN_POINT('',(-0.040507532058209,0.00126327117266064,-0.0926218352803451));
#4913=CARTESIAN_POINT('',(-0.0416015569856017,0.00189490675899096,-0.0925373802803451));
#4914=CARTESIAN_POINT('',(-0.0426955819129944,0.00252654234532129,-0.0924529252803452));
#4915=CARTESIAN_POINT('',(-0.043789606840387,0.00189490675899096,-0.0923684702803451));
#4916=CARTESIAN_POINT('',(-0.0448836317677797,0.00126327117266065,-0.0922840152803452));
#4917=CARTESIAN_POINT('',(-0.0448836317677797,2.67958825103771E-19,-0.0921995602803451));
#4918=CARTESIAN_POINT('',(-0.0448836317677797,-0.00126327117266064,-0.0921151052803451));
#4919=CARTESIAN_POINT('',(-0.043789606840387,-0.00189490675899096,-0.0920306502803451));
#4920=CARTESIAN_POINT('',(-0.0426955819129944,-0.00252654234532129,-0.0919461952803451));
#4921=CARTESIAN_POINT('',(-0.0416015569856017,-0.00189490675899096,-0.0918617402803451));
#4922=CARTESIAN_POINT('',(-0.040507532058209,-0.00126327117266065,-0.0917772852803451));
#4923=CARTESIAN_POINT('',(-0.0405075320582091,0.,-0.0916928302803451));
#4924=CARTESIAN_POINT('',(-0.040507532058209,0.00126327117266064,-0.0916083752803451));
#4925=CARTESIAN_POINT('',(-0.0416015569856017,0.00189490675899096,-0.0915239202803451));
#4926=CARTESIAN_POINT('',(-0.0426955819129944,0.00252654234532129,-0.0914394652803451));
#4927=CARTESIAN_POINT('',(-0.043789606840387,0.00189490675899096,-0.0913550102803451));
#4928=CARTESIAN_POINT('',(-0.0448836317677797,0.00126327117266065,-0.0912705552803451));
#4929=CARTESIAN_POINT('',(-0.0448836317677797,2.67958825103771E-19,-0.0911861002803451));
#4930=CARTESIAN_POINT('',(-0.0448836317677797,-0.00126327117266064,-0.0911016452803451));
#4931=CARTESIAN_POINT('',(-0.043789606840387,-0.00189490675899096,-0.0910171902803451));
#4932=CARTESIAN_POINT('',(-0.0426955819129944,-0.00252654234532129,-0.0909327352803451));
#4933=CARTESIAN_POINT('',(-0.0416015569856017,-0.00189490675899096,-0.0908482802803451));
#4934=CARTESIAN_POINT('',(-0.040507532058209,-0.00126327117266065,-0.0907638252803451));
#4935=CARTESIAN_POINT('',(-0.0405075320582091,0.,-0.0906793702803451));
#4936=CARTESIAN_POINT('',(-0.040507532058209,0.00126327117266064,-0.0905949152803451));
#4937=CARTESIAN_POINT('',(-0.0416015569856017,0.00189490675899096,-0.0905104602803451));
#4938=CARTESIAN_POINT('',(-0.0426955819129944,0.00252654234532129,-0.0904260052803451));
#4939=CARTESIAN_POINT('',(-0.043789606840387,0.00189490675899096,-0.0903415502803451));
#4940=CARTESIAN_POINT('',(-0.0448836317677797,0.00126327117266065,-0.0902570952803451));
#4941=CARTESIAN_POINT('',(-0.0448836317677797,2.67958825103771E-19,-0.0901726402803451));
#4942=CARTESIAN_POINT('',(-0.0448836317677797,-0.00126327117266064,-0.0900881852803452));
#4943=CARTESIAN_POINT('',(-0.043789606840387,-0.00189490675899096,-0.0900037302803451));
#4944=CARTESIAN_POINT('',(-0.0426955819129944,-0.00252654234532129,-0.0899192752803451));
#4945=CARTESIAN_POINT('',(-0.0416015569856017,-0.00189490675899096,-0.0898348202803451));
#4946=CARTESIAN_POINT('',(-0.040507532058209,-0.00126327117266065,-0.0897503652803451));
#4947=CARTESIAN_POINT('',(-0.0405075320582091,0.,-0.0896659102803451));
#4948=CARTESIAN_POINT('',(-0.040507532058209,0.00124548410736434,-0.0895826444205964));
#4949=CARTESIAN_POINT('',(-0.0415784520632563,0.00188137796995988,-0.0894987965475625));
#4950=CARTESIAN_POINT('',(0.000207824723343391,-0.00249513778759055,-0.105862004014901));
#4951=CARTESIAN_POINT('',(-6.02353330764431E-6,-0.0029090037724977,-0.105862004014901));
#4952=CARTESIAN_POINT('',(-6.02353330764405E-6,-0.0029090037724977,-0.102362004014901));
#4953=CARTESIAN_POINT('',(-0.000223797309286867,-0.00267040487315924,-0.105862004014901));
#4954=CARTESIAN_POINT('',(-0.000223797309287077,-0.0026704048731594,-0.102362));
#4955=CARTESIAN_POINT('',(0.000207824723343391,-0.00249513778759055,-0.102362004014901));
#4956=CARTESIAN_POINT('',(-1.43303632233927E-6,-0.00290011966660978,-0.105862004014901));
#4957=CARTESIAN_POINT('',(3.15746066296556E-6,-0.0029090037724977,-0.105862004014901));
#4958=CARTESIAN_POINT('',(3.1574606629653E-6,-0.0029090037724977,-0.102362004014901));
#4959=CARTESIAN_POINT('',(-1.43303632233927E-6,-0.00290011966660978,-0.102362004014901));
#4960=CARTESIAN_POINT('',(-0.000210690795988069,-0.00249513778759055,-0.105862004014901));
#4961=CARTESIAN_POINT('',(0.000220931236642427,-0.00267040487315934,-0.105862004014901));
#4962=CARTESIAN_POINT('',(0.000220931236642308,-0.00267040487315937,-0.102362004014901));
#4963=CARTESIAN_POINT('',(-0.000210690795988069,-0.00249513778759055,-0.102362004014901));
#4964=CARTESIAN_POINT('',(0.00034062455259536,-0.00271900827396668,-0.105862004014901));
#4965=CARTESIAN_POINT('',(0.00034062455259536,-0.00271900827396668,-0.102362004014901));
#4966=CARTESIAN_POINT('',(0.000444470308664638,-0.0026421653211323,-0.102362004014901));
#4967=CARTESIAN_POINT('',(0.000444470308664616,-0.00264216532113223,-0.105862004014901));
#4968=CARTESIAN_POINT('',(-0.000416443977657831,-0.0024691451160369,-0.105862004014901));
#4969=CARTESIAN_POINT('',(-0.000726498083174669,-0.00281682684116494,-0.105862004014901));
#4970=CARTESIAN_POINT('',(-0.000726498083174669,-0.00281682684116494,-0.102362004014901));
#4971=CARTESIAN_POINT('',(-0.0008780929621694,-0.00253156582922614,-0.105862004014901));
#4972=CARTESIAN_POINT('',(-0.000878092962169418,-0.00253156582922621,-0.102362004014901));
#4973=CARTESIAN_POINT('',(-0.000416443977657831,-0.0024691451160369,-0.102362004014901));
#4974=CARTESIAN_POINT('',(-0.000719842417802662,-0.00280936345597752,-0.105862004014901));
#4975=CARTESIAN_POINT('',(-0.000717605527012313,-0.00281911006151955,-0.105862004014901));
#4976=CARTESIAN_POINT('',(-0.000717605527012314,-0.00281911006151955,-0.102362004014901));
#4977=CARTESIAN_POINT('',(-0.000719842417802662,-0.00280936345597752,-0.102362004014901));
#4978=CARTESIAN_POINT('',(-0.000821811062353287,-0.00236506453875762,-0.105862004014901));
#4979=CARTESIAN_POINT('',(-0.000447336381309092,-0.00264216532113238,-0.105862004014901));
#4980=CARTESIAN_POINT('',(-0.000447336381309215,-0.00264216532113238,-0.102362004014901));
#4981=CARTESIAN_POINT('',(-0.000821811062353287,-0.00236506453875762,-0.102362004014901));
#4982=CARTESIAN_POINT('',(-0.000343490625240038,-0.00271900827396668,-0.105862004014901));
#4983=CARTESIAN_POINT('',(-0.000343490625240038,-0.00271900827396668,-0.102362004014901));
#4984=CARTESIAN_POINT('',(-0.00101463601491147,-0.00228871973924474,-0.105862004014901));
#4985=CARTESIAN_POINT('',(-0.00140141412954525,-0.00254837108311993,-0.105862004014901));
#4986=CARTESIAN_POINT('',(-0.00140141412954525,-0.00254837108311993,-0.102362004014901));
#4987=CARTESIAN_POINT('',(-0.00147730484778129,-0.00223437195707753,-0.105862004014901));
#4988=CARTESIAN_POINT('',(-0.00147730484778133,-0.0022343719570776,-0.102362004014901));
#4989=CARTESIAN_POINT('',(-0.00101463601491147,-0.00228871973924474,-0.102362004014901));
#4990=CARTESIAN_POINT('',(-0.00139311149571969,-0.00254279737057275,-0.105862004014901));
#4991=CARTESIAN_POINT('',(-0.00139336876319936,-0.00255279406069718,-0.105862004014901));
#4992=CARTESIAN_POINT('',(-0.00139336876319936,-0.00255279406069718,-0.102362004014901));
#4993=CARTESIAN_POINT('',(-0.00139311149571969,-0.00254279737057275,-0.102362004014901));
#4994=CARTESIAN_POINT('',(-0.00138138396020365,-0.00208709835013822,-0.105862004014901));
#4995=CARTESIAN_POINT('',(-0.0010875862521773,-0.00244862156805696,-0.105862004014901));
#4996=CARTESIAN_POINT('',(-0.00108758625217742,-0.00244862156805693,-0.102362004014901));
#4997=CARTESIAN_POINT('',(-0.00138138396020365,-0.00208709835013822,-0.102362004014901));
#4998=CARTESIAN_POINT('',(-0.00100611306676392,-0.00254887574758303,-0.105862004014901));
#4999=CARTESIAN_POINT('',(-0.00100611306676392,-0.00254887574758303,-0.102362004014901));
#5000=CARTESIAN_POINT('',(-0.00154916478272045,-0.00196519844719605,-0.105862004014901));
#5001=CARTESIAN_POINT('',(-0.00198836421505833,-0.00212050456095187,-0.105862004014901));
#5002=CARTESIAN_POINT('',(-0.00198836421505834,-0.00212050456095186,-0.102362004014901));
#5003=CARTESIAN_POINT('',(-0.00198378227960238,-0.0017974970407031,-0.105862004014901));
#5004=CARTESIAN_POINT('',(-0.00198378227960242,-0.00179749704070316,-0.102362004014901));
#5005=CARTESIAN_POINT('',(-0.00154916478272045,-0.00196519844719605,-0.102362004014901));
#5006=CARTESIAN_POINT('',(-0.00197893629779744,-0.00211717073790294,-0.105862004014901));
#5007=CARTESIAN_POINT('',(-0.00198167155848523,-0.00212678938380399,-0.105862004014901));
#5008=CARTESIAN_POINT('',(-0.00198167155848523,-0.00212678938380399,-0.102362004014901));
#5009=CARTESIAN_POINT('',(-0.00197893629779744,-0.00211717073790294,-0.102362004014901));
#5010=CARTESIAN_POINT('',(-0.00185424946640207,-0.00167870485965145,-0.105862004014901));
#5011=CARTESIAN_POINT('',(-0.00165958912190124,-0.00210193467974295,-0.105862004014901));
#5012=CARTESIAN_POINT('',(-0.00165958912190135,-0.00210193467974288,-0.102362004014901));
#5013=CARTESIAN_POINT('',(-0.00185424946640207,-0.00167870485965145,-0.102362004014901));
#5014=CARTESIAN_POINT('',(-0.00160560776702048,-0.00221930074715208,-0.105862004014901));
#5015=CARTESIAN_POINT('',(-0.00160560776702048,-0.00221930074715208,-0.102362004014901));
#5016=CARTESIAN_POINT('',(-0.00198644387274406,-0.00151890927249832,-0.105862004014901));
#5017=CARTESIAN_POINT('',(-0.00245046810718973,-0.00156011170183155,-0.105862004014901));
#5018=CARTESIAN_POINT('',(-0.00245046810718973,-0.00156011170183155,-0.102362004014901));
#5019=CARTESIAN_POINT('',(-0.00236570141789765,-0.00124839153781223,-0.105862004014901));
#5020=CARTESIAN_POINT('',(-0.00236570141789771,-0.00124839153781228,-0.102362004014901));
#5021=CARTESIAN_POINT('',(-0.00198644387274406,-0.00151890927249832,-0.102362004014901));
#5022=CARTESIAN_POINT('',(-0.00244050729720844,-0.001559227244644,-0.105862004014901));
#5023=CARTESIAN_POINT('',(-0.00244554868461573,-0.00156786347142481,-0.105862004014901));
#5024=CARTESIAN_POINT('',(-0.00244554868461574,-0.00156786347142481,-0.102362004014901));
#5025=CARTESIAN_POINT('',(-0.00244050729720844,-0.001559227244644,-0.102362004014901));
#5026=CARTESIAN_POINT('',(-0.0022106957021164,-0.00116554493227079,-0.105862004014901));
#5027=CARTESIAN_POINT('',(-0.00212740394649677,-0.00162388826840829,-0.105862004014901));
#5028=CARTESIAN_POINT('',(-0.00212740394649685,-0.00162388826840821,-0.102362004014901));
#5029=CARTESIAN_POINT('',(-0.0022106957021164,-0.00116554493227079,-0.102362004014901));
#5030=CARTESIAN_POINT('',(-0.0021043062692053,-0.00175099168204297,-0.105862004014901));
#5031=CARTESIAN_POINT('',(-0.0021043062692053,-0.00175099168204297,-0.102362004014901));
#5032=CARTESIAN_POINT('',(-0.00229899743155609,-0.000977894205334588,-0.105862004014901));
#5033=CARTESIAN_POINT('',(-0.00275869011889758,-0.000902404050078299,-0.105862004014901));
#5034=CARTESIAN_POINT('',(-0.00275869011889758,-0.000902404050078299,-0.102362004014901));
#5035=CARTESIAN_POINT('',(-0.00259906487860767,-0.000621557766620314,-0.105862004014901));
#5036=CARTESIAN_POINT('',(-0.00259906487860774,-0.000621557766620339,-0.102362004014901));
#5037=CARTESIAN_POINT('',(-0.00229899743155609,-0.000977894205334587,-0.102362004014901));
#5038=CARTESIAN_POINT('',(-0.00274882229052033,-0.000904024532450011,-0.105862004014901));
#5039=CARTESIAN_POINT('',(-0.00275585303573542,-0.000911135694220115,-0.105862004014901));
#5040=CARTESIAN_POINT('',(-0.00275585303573541,-0.000911135694220112,-0.102362004014901));
#5041=CARTESIAN_POINT('',(-0.00274882229052033,-0.00090402453245001,-0.102362004014901));
#5042=CARTESIAN_POINT('',(-0.00242832583943917,-0.000579862293503752,-0.105862004014901));
#5043=CARTESIAN_POINT('',(-0.00246163620003195,-0.00104451974820887,-0.105862004014901));
#5044=CARTESIAN_POINT('',(-0.00246163620003202,-0.00104451974820876,-0.102362004014901));
#5045=CARTESIAN_POINT('',(-0.00242832583943917,-0.000579862293503751,-0.102362004014901));
#5046=CARTESIAN_POINT('',(-0.00247087351234133,-0.00117337413313677,-0.105862004014901));
#5047=CARTESIAN_POINT('',(-0.00247087351234133,-0.00117337413313677,-0.102362004014901));
#5048=CARTESIAN_POINT('',(-0.00246718656956483,-0.000376147212088981,-0.105862004014901));
#5049=CARTESIAN_POINT('',(-0.00289366352762502,-0.00018870779633129,-0.105862004014901));
#5050=CARTESIAN_POINT('',(-0.00289366352762502,-0.00018870779633129,-0.102362004014901));
#5051=CARTESIAN_POINT('',(-0.00266920957724526,4.36180016953108E-5,-0.105862004014901));
#5052=CARTESIAN_POINT('',(-0.00266920957724533,4.36180016953049E-5,-0.102362004014901));
#5053=CARTESIAN_POINT('',(-0.00246718656956483,-0.00037614721208898,-0.102362004014901));
#5054=CARTESIAN_POINT('',(-0.00288450871280007,-0.000192731397395137,-0.105862004014901));
#5055=CARTESIAN_POINT('',(-0.00289308704824381,-0.000197870673707497,-0.105862004014901));
#5056=CARTESIAN_POINT('',(-0.00289308704824381,-0.000197870673707498,-0.102362004014901));
#5057=CARTESIAN_POINT('',(-0.00288450871280007,-0.000192731397395136,-0.102362004014901));
#5058=CARTESIAN_POINT('',(-0.00249346537645473,4.15424624658559E-5,-0.105862004014901));
#5059=CARTESIAN_POINT('',(-0.00264128484079693,-0.000400232974037173,-0.105862004014901));
#5060=CARTESIAN_POINT('',(-0.00264128484079697,-0.000400232974037055,-0.102362004014901));
#5061=CARTESIAN_POINT('',(-0.00249346537645473,4.15424624658561E-5,-0.102362004014901));
#5062=CARTESIAN_POINT('',(-0.00268227672840231,-0.000522741935359994,-0.105862004014901));
#5063=CARTESIAN_POINT('',(-0.00268227672840231,-0.000522741935359993,-0.102362004014901));
#5064=CARTESIAN_POINT('',(-0.00248044334467278,0.000248521730582244,-0.105862004014901));
#5065=CARTESIAN_POINT('',(-0.00284690745770421,0.000536132898995331,-0.105862004014901));
#5066=CARTESIAN_POINT('',(-0.00284690745770421,0.000536132898995332,-0.102362004014901));
#5067=CARTESIAN_POINT('',(-0.00257172806442086,0.000705340327266021,-0.105862004014901));
#5068=CARTESIAN_POINT('',(-0.00257172806442094,0.000705340327266035,-0.102362004014901));
#5069=CARTESIAN_POINT('',(-0.00248044334467278,0.000248521730582245,-0.102362004014901));
#5070=CARTESIAN_POINT('',(-0.00283904088711609,0.000529958996891959,-0.105862004014901));
#5071=CARTESIAN_POINT('',(-0.00284862780442364,0.000527114525668984,-0.105862004014901));
#5072=CARTESIAN_POINT('',(-0.00284862780442364,0.000527114525668985,-0.102362004014901));
#5073=CARTESIAN_POINT('',(-0.00283904088711609,0.00052995899689196,-0.102362004014901));
#5074=CARTESIAN_POINT('',(-0.00240202135648593,0.000659624189453634,-0.105862004014901));
#5075=CARTESIAN_POINT('',(-0.00265506188399098,0.00026848914656458,-0.105862004014901));
#5076=CARTESIAN_POINT('',(-0.00265506188399099,0.000268489146564706,-0.102362004014901));
#5077=CARTESIAN_POINT('',(-0.00240202135648593,0.000659624189453635,-0.102362004014901));
#5078=CARTESIAN_POINT('',(-0.00272523267583648,0.000160023297443195,-0.105862004014901));
#5079=CARTESIAN_POINT('',(-0.00272523267583648,0.000160023297443195,-0.102362004014901));
#5080=CARTESIAN_POINT('',(-0.00233793478494492,0.000856862375639386,-0.105862004014901));
#5081=CARTESIAN_POINT('',(-0.00262135976496511,0.00122657362923659,-0.105862004014901));
#5082=CARTESIAN_POINT('',(-0.00262135976496511,0.00122657362923659,-0.102362004014901));
#5083=CARTESIAN_POINT('',(-0.00231274546209716,0.00132203076273172,-0.105862004014901));
#5084=CARTESIAN_POINT('',(-0.00231274546209724,0.00132203076273176,-0.102362004014901));
#5085=CARTESIAN_POINT('',(-0.00233793478494492,0.000856862375639387,-0.102362004014901));
#5086=CARTESIAN_POINT('',(-0.00261527572417507,0.00121863735506887,-0.105862004014901));
#5087=CARTESIAN_POINT('',(-0.00262526884207378,0.00121826641752345,-0.105862004014901));
#5088=CARTESIAN_POINT('',(-0.00262526884207378,0.00121826641752345,-0.102362004014901));
#5089=CARTESIAN_POINT('',(-0.00261527572417507,0.00121863735506887,-0.102362004014901));
#5090=CARTESIAN_POINT('',(-0.00215973954361498,0.00123554653940736,-0.105862004014901));
#5091=CARTESIAN_POINT('',(-0.00250210166732179,0.000919628343371069,-0.105862004014901));
#5092=CARTESIAN_POINT('',(-0.00250210166732177,0.00091962834337119,-0.102362004014901));
#5093=CARTESIAN_POINT('',(-0.00215973954361498,0.00123554653940736,-0.102362004014901));
#5094=CARTESIAN_POINT('',(-0.00259704227448564,0.000832020914660895,-0.105862004014901));
#5095=CARTESIAN_POINT('',(-0.00259704227448564,0.000832020914660896,-0.102362004014901));
#5096=CARTESIAN_POINT('',(-0.00204861522729877,0.00141065044303312,-0.105862004014901));
#5097=CARTESIAN_POINT('',(-0.00223119244044887,0.00183923146404805,-0.105862004014901));
#5098=CARTESIAN_POINT('',(-0.00223119244044887,0.00183923146404804,-0.102362004014901));
#5099=CARTESIAN_POINT('',(-0.00190853459964954,0.00185494038000335,-0.105862004014901));
#5100=CARTESIAN_POINT('',(-0.0019085345996496,0.0018549403800034,-0.102362004014901));
#5101=CARTESIAN_POINT('',(-0.00204861522729877,0.00141065044303312,-0.102362004014901));
#5102=CARTESIAN_POINT('',(-0.0022272732121153,0.00183003148310951,-0.105862004014901));
#5103=CARTESIAN_POINT('',(-0.00223704462625547,0.00183215738661185,-0.105862004014901));
#5104=CARTESIAN_POINT('',(-0.00223704462625547,0.00183215738661185,-0.102362004014901));
#5105=CARTESIAN_POINT('',(-0.0022272732121153,0.00183003148310951,-0.102362004014901));
#5106=CARTESIAN_POINT('',(-0.00178184339519476,0.00173312219298519,-0.105862004014901));
#5107=CARTESIAN_POINT('',(-0.002192015243751,0.00151227114592447,-0.105862004014901));
#5108=CARTESIAN_POINT('',(-0.00219201524375095,0.00151227114592458,-0.102362004014901));
#5109=CARTESIAN_POINT('',(-0.00178184339519476,0.00173312219298519,-0.102362004014901));
#5110=CARTESIAN_POINT('',(-0.00230576019871797,0.00145102683456896,-0.105862004014901));
#5111=CARTESIAN_POINT('',(-0.00230576019871797,0.00145102683456896,-0.102362004014901));
#5112=CARTESIAN_POINT('',(-0.00163066368358413,0.00187508939179904,-0.105862004014901));
#5113=CARTESIAN_POINT('',(-0.00170092113208991,0.00233561085847059,-0.105862004014901));
#5114=CARTESIAN_POINT('',(-0.00170092113208991,0.00233561085847059,-0.102362004014901));
#5115=CARTESIAN_POINT('',(-0.00138449353214915,0.00227058450792325,-0.105862004014901));
#5116=CARTESIAN_POINT('',(-0.0013844935321492,0.00227058450792331,-0.102362004014901));
#5117=CARTESIAN_POINT('',(-0.00163066368358413,0.00187508939179904,-0.102362004014901));
#5118=CARTESIAN_POINT('',(-0.00169941297574292,0.00232572523939877,-0.105862004014901));
#5119=CARTESIAN_POINT('',(-0.00170834871223738,0.00233021440561327,-0.105862004014901));
#5120=CARTESIAN_POINT('',(-0.00170834871223739,0.00233021440561327,-0.102362004014901));
#5121=CARTESIAN_POINT('',(-0.00169941297574292,0.00232572523939877,-0.102362004014901));
#5122=CARTESIAN_POINT('',(-0.00129207751603532,0.0021210866419176,-0.105862004014901));
#5123=CARTESIAN_POINT('',(-0.00174428648368966,0.00200917962735261,-0.105862004014901));
#5124=CARTESIAN_POINT('',(-0.00174428648368959,0.0020091796273527,-0.102362004014901));
#5125=CARTESIAN_POINT('',(-0.00129207751603532,0.0021210866419176,-0.102362004014901));
#5126=CARTESIAN_POINT('',(-0.0018696887726145,0.00197814663867505,-0.105862004014901));
#5127=CARTESIAN_POINT('',(-0.0018696887726145,0.00197814663867505,-0.102362004014901));
#5128=CARTESIAN_POINT('',(-0.00111034158641085,0.00222099681469923,-0.105862004014901));
#5129=CARTESIAN_POINT('',(-0.00106386473639387,0.00268452246959695,-0.105862004014901));
#5130=CARTESIAN_POINT('',(-0.00106386473639387,0.00268452246959695,-0.102362004014901));
#5131=CARTESIAN_POINT('',(-0.000773549687155259,0.00254284669730203,-0.105862004014901));
#5132=CARTESIAN_POINT('',(-0.000773549687155292,0.0025428466973021,-0.102362004014901));
#5133=CARTESIAN_POINT('',(-0.00111034158641085,0.00222099681469923,-0.102362004014901));
#5134=CARTESIAN_POINT('',(-0.00106486241504334,0.00267457236219489,-0.105862004014901));
#5135=CARTESIAN_POINT('',(-0.00107240100870481,0.00268114272029831,-0.105862004014901));
#5136=CARTESIAN_POINT('',(-0.00107240100870482,0.00268114272029831,-0.102362004014901));
#5137=CARTESIAN_POINT('',(-0.00106486241504334,0.00267457236219489,-0.102362004014901));
#5138=CARTESIAN_POINT('',(-0.000721215697557147,0.00237506265304472,-0.105862004014901));
#5139=CARTESIAN_POINT('',(-0.00118704783176363,0.00237913120026578,-0.105862004014901));
#5140=CARTESIAN_POINT('',(-0.00118704783176353,0.00237913120026586,-0.102362004014901));
#5141=CARTESIAN_POINT('',(-0.000721215697557147,0.00237506265304472,-0.102362004014901));
#5142=CARTESIAN_POINT('',(-0.00131622796763582,0.00238025945107614,-0.105862004014901));
#5143=CARTESIAN_POINT('',(-0.00131622796763582,0.00238025945107614,-0.102362004014901));
#5144=CARTESIAN_POINT('',(-0.000520342686755142,0.00242663807619435,-0.105862004014901));
#5145=CARTESIAN_POINT('',(-0.000360051849631869,0.0028640428976929,-0.105862004014901));
#5146=CARTESIAN_POINT('',(-0.000360051849631869,0.0028640428976929,-0.102362004014901));
#5147=CARTESIAN_POINT('',(-0.000114090913343136,0.00265461971347074,-0.105862004014901));
#5148=CARTESIAN_POINT('',(-0.00011409091334315,0.00265461971347082,-0.102362004014901));
#5149=CARTESIAN_POINT('',(-0.000520342686755143,0.00242663807619435,-0.102362004014901));
#5150=CARTESIAN_POINT('',(-0.000363492675459068,0.00285465350380261,-0.105862004014901));
#5151=CARTESIAN_POINT('',(-0.00036916044872279,0.00286289221403122,-0.105862004014901));
#5152=CARTESIAN_POINT('',(-0.00036916044872279,0.00286289221403122,-0.102362004014901));
#5153=CARTESIAN_POINT('',(-0.000363492675459068,0.00285465350380261,-0.102362004014901));
#5154=CARTESIAN_POINT('',(-0.000105127287298137,0.002479091979529,-0.105862004014901));
#5155=CARTESIAN_POINT('',(-0.000555312641853815,0.00259888044675117,-0.105862004014901));
#5156=CARTESIAN_POINT('',(-0.000555312641853701,0.00259888044675121,-0.102362004014901));
#5157=CARTESIAN_POINT('',(-0.000105127287298138,0.002479091979529,-0.102362004014901));
#5158=CARTESIAN_POINT('',(-0.000680153761645207,0.0026320990449016,-0.105862004014901));
#5159=CARTESIAN_POINT('',(-0.000680153761645207,0.0026320990449016,-0.102362004014901));
#5160=CARTESIAN_POINT('',(0.000102261214653456,0.002479091979529,-0.105862004014901));
#5161=CARTESIAN_POINT('',(0.000366294376078109,0.00286289221403122,-0.105862004014901));
#5162=CARTESIAN_POINT('',(0.000366294376078108,0.00286289221403122,-0.102362004014901));
#5163=CARTESIAN_POINT('',(0.000552446569208892,0.00259888044675109,-0.105862004014901));
#5164=CARTESIAN_POINT('',(0.000552446569208899,0.00259888044675118,-0.102362004014901));
#5165=CARTESIAN_POINT('',(0.000102261214653455,0.002479091979529,-0.102362004014901));
#5166=CARTESIAN_POINT('',(0.000360626602814385,0.00285465350380261,-0.105862004014901));
#5167=CARTESIAN_POINT('',(0.000357185776987186,0.0028640428976929,-0.105862004014901));
#5168=CARTESIAN_POINT('',(0.000357185776987186,0.0028640428976929,-0.102362004014901));
#5169=CARTESIAN_POINT('',(0.000360626602814385,0.00285465350380261,-0.102362004014901));
#5170=CARTESIAN_POINT('',(0.000517476614110461,0.00242663807619435,-0.105862004014901));
#5171=CARTESIAN_POINT('',(0.000111224840698236,0.00265461971347087,-0.105862004014901));
#5172=CARTESIAN_POINT('',(0.000111224840698359,0.00265461971347088,-0.102362004014901));
#5173=CARTESIAN_POINT('',(0.000517476614110461,0.00242663807619435,-0.102362004014901));
#5174=CARTESIAN_POINT('',(-1.43303632234095E-6,0.00271784141227013,-0.105862004014901));
#5175=CARTESIAN_POINT('',(-1.43303632234132E-6,0.00271784141227013,-0.102362004014901));
#5176=CARTESIAN_POINT('',(0.000718349624912466,0.00237506265304472,-0.105862004014901));
#5177=CARTESIAN_POINT('',(0.00106953493606014,0.00268114272029831,-0.105862004014901));
#5178=CARTESIAN_POINT('',(0.00106953493606014,0.00268114272029831,-0.102362004014901));
#5179=CARTESIAN_POINT('',(0.00118418175911869,0.0023791312002658,-0.105862004014901));
#5180=CARTESIAN_POINT('',(0.00118418175911872,0.00237913120026587,-0.102362004014901));
#5181=CARTESIAN_POINT('',(0.000718349624912466,0.00237506265304472,-0.102362004014901));
#5182=CARTESIAN_POINT('',(0.00106199634239866,0.00267457236219489,-0.105862004014901));
#5183=CARTESIAN_POINT('',(0.00106099866374918,0.00268452246959694,-0.105862004014901));
#5184=CARTESIAN_POINT('',(0.00106099866374918,0.00268452246959694,-0.102362004014901));
#5185=CARTESIAN_POINT('',(0.00106199634239866,0.00267457236219489,-0.102362004014901));
#5186=CARTESIAN_POINT('',(0.00110747551376617,0.00222099681469923,-0.105862004014901));
#5187=CARTESIAN_POINT('',(0.0007706836145104,0.0025428466973022,-0.105862004014901));
#5188=CARTESIAN_POINT('',(0.000770683614510521,0.00254284669730219,-0.102362004014901));
#5189=CARTESIAN_POINT('',(0.00110747551376617,0.00222099681469923,-0.102362004014901));
#5190=CARTESIAN_POINT('',(0.000677287689000527,0.0026320990449016,-0.105862004014901));
#5191=CARTESIAN_POINT('',(0.000677287689000527,0.00263209904490161,-0.102362004014901));
#5192=CARTESIAN_POINT('',(0.00128921144339064,0.0021210866419176,-0.105862004014901));
#5193=CARTESIAN_POINT('',(0.00170548263959271,0.00233021440561328,-0.105862004014901));
#5194=CARTESIAN_POINT('',(0.00170548263959271,0.00233021440561328,-0.102362004014901));
#5195=CARTESIAN_POINT('',(0.00174142041104474,0.00200917962735267,-0.105862004014901));
#5196=CARTESIAN_POINT('',(0.00174142041104478,0.00200917962735274,-0.102362004014901));
#5197=CARTESIAN_POINT('',(0.00128921144339064,0.0021210866419176,-0.102362004014901));
#5198=CARTESIAN_POINT('',(0.00169654690309824,0.00232572523939877,-0.105862004014901));
#5199=CARTESIAN_POINT('',(0.00169805505944523,0.00233561085847059,-0.105862004014901));
#5200=CARTESIAN_POINT('',(0.00169805505944523,0.00233561085847059,-0.102362004014901));
#5201=CARTESIAN_POINT('',(0.00169654690309824,0.00232572523939877,-0.102362004014901));
#5202=CARTESIAN_POINT('',(0.00162779761093945,0.00187508939179904,-0.105862004014901));
#5203=CARTESIAN_POINT('',(0.00138162745950434,0.00227058450792346,-0.105862004014901));
#5204=CARTESIAN_POINT('',(0.00138162745950445,0.00227058450792342,-0.102362004014901));
#5205=CARTESIAN_POINT('',(0.00162779761093945,0.00187508939179904,-0.102362004014901));
#5206=CARTESIAN_POINT('',(0.00131336189499114,0.00238025945107614,-0.105862004014901));
#5207=CARTESIAN_POINT('',(0.00131336189499114,0.00238025945107614,-0.102362004014901));
#5208=CARTESIAN_POINT('',(0.00177897732255008,0.00173312219298519,-0.105862004014901));
#5209=CARTESIAN_POINT('',(0.00223417855361079,0.00183215738661184,-0.105862004014901));
#5210=CARTESIAN_POINT('',(0.00223417855361079,0.00183215738661185,-0.102362004014901));
#5211=CARTESIAN_POINT('',(0.0021891491711061,0.0015122711459246,-0.105862004014901));
#5212=CARTESIAN_POINT('',(0.00218914917110615,0.00151227114592465,-0.102362004014901));
#5213=CARTESIAN_POINT('',(0.00177897732255008,0.0017331221929852,-0.102362004014901));
#5214=CARTESIAN_POINT('',(0.00222440713947062,0.00183003148310951,-0.105862004014901));
#5215=CARTESIAN_POINT('',(0.00222832636780419,0.00183923146404804,-0.105862004014901));
#5216=CARTESIAN_POINT('',(0.00222832636780418,0.00183923146404804,-0.102362004014901));
#5217=CARTESIAN_POINT('',(0.00222440713947062,0.00183003148310952,-0.102362004014901));
#5218=CARTESIAN_POINT('',(0.00204574915465409,0.00141065044303311,-0.105862004014901));
#5219=CARTESIAN_POINT('',(0.00190566852700478,0.00185494038000359,-0.105862004014901));
#5220=CARTESIAN_POINT('',(0.00190566852700488,0.00185494038000352,-0.102362004014901));
#5221=CARTESIAN_POINT('',(0.00204574915465409,0.00141065044303311,-0.102362004014901));
#5222=CARTESIAN_POINT('',(0.00186682269996982,0.00197814663867506,-0.105862004014901));
#5223=CARTESIAN_POINT('',(0.00186682269996982,0.00197814663867506,-0.102362004014901));
#5224=CARTESIAN_POINT('',(0.0021568734709703,0.00123554653940735,-0.105862004014901));
#5225=CARTESIAN_POINT('',(0.00262240276942909,0.00121826641752345,-0.105862004014901));
#5226=CARTESIAN_POINT('',(0.00262240276942909,0.00121826641752345,-0.102362004014901));
#5227=CARTESIAN_POINT('',(0.00249923559467692,0.000919628343371238,-0.105862004014901));
#5228=CARTESIAN_POINT('',(0.00249923559467699,0.000919628343371274,-0.102362004014901));
#5229=CARTESIAN_POINT('',(0.0021568734709703,0.00123554653940735,-0.102362004014901));
#5230=CARTESIAN_POINT('',(0.00261240965153039,0.00121863735506887,-0.105862004014901));
#5231=CARTESIAN_POINT('',(0.00261849369232042,0.00122657362923659,-0.105862004014901));
#5232=CARTESIAN_POINT('',(0.00261849369232042,0.00122657362923659,-0.102362004014901));
#5233=CARTESIAN_POINT('',(0.00261240965153039,0.00121863735506887,-0.102362004014901));
#5234=CARTESIAN_POINT('',(0.00233506871230024,0.000856862375639386,-0.105862004014901));
#5235=CARTESIAN_POINT('',(0.00230987938945246,0.00132203076273198,-0.105862004014901));
#5236=CARTESIAN_POINT('',(0.00230987938945255,0.00132203076273189,-0.102362004014901));
#5237=CARTESIAN_POINT('',(0.00233506871230024,0.000856862375639387,-0.102362004014901));
#5238=CARTESIAN_POINT('',(0.00230289412607329,0.00145102683456896,-0.105862004014901));
#5239=CARTESIAN_POINT('',(0.00230289412607329,0.00145102683456896,-0.102362004014901));
#5240=CARTESIAN_POINT('',(0.00239915528384125,0.000659624189453635,-0.105862004014901));
#5241=CARTESIAN_POINT('',(0.00284576173177896,0.000527114525668985,-0.105862004014901));
#5242=CARTESIAN_POINT('',(0.00284576173177896,0.000527114525668986,-0.102362004014901));
#5243=CARTESIAN_POINT('',(0.00265219581134617,0.0002684891465648,-0.105862004014901));
#5244=CARTESIAN_POINT('',(0.00265219581134624,0.000268489146564817,-0.102362004014901));
#5245=CARTESIAN_POINT('',(0.00239915528384125,0.000659624189453636,-0.102362004014901));
#5246=CARTESIAN_POINT('',(0.00283617481447141,0.000529958996891961,-0.105862004014901));
#5247=CARTESIAN_POINT('',(0.00284404138505953,0.000536132898995332,-0.105862004014901));
#5248=CARTESIAN_POINT('',(0.00284404138505953,0.000536132898995333,-0.102362004014901));
#5249=CARTESIAN_POINT('',(0.00283617481447141,0.000529958996891961,-0.102362004014901));
#5250=CARTESIAN_POINT('',(0.0024775772720281,0.000248521730582246,-0.105862004014901));
#5251=CARTESIAN_POINT('',(0.00256886199177623,0.000705340327266272,-0.105862004014901));
#5252=CARTESIAN_POINT('',(0.00256886199177628,0.000705340327266161,-0.102362004014901));
#5253=CARTESIAN_POINT('',(0.0024775772720281,0.000248521730582247,-0.102362004014901));
#5254=CARTESIAN_POINT('',(0.00259417620184096,0.000832020914660896,-0.105862004014901));
#5255=CARTESIAN_POINT('',(0.00259417620184096,0.000832020914660897,-0.102362004014901));
#5256=CARTESIAN_POINT('',(0.00249059930381005,4.15424624658569E-5,-0.105862004014901));
#5257=CARTESIAN_POINT('',(0.00289022097559912,-0.000197870673707497,-0.105862004014901));
#5258=CARTESIAN_POINT('',(0.00289022097559912,-0.000197870673707497,-0.102362004014901));
#5259=CARTESIAN_POINT('',(0.00263841876815217,-0.00040023297403693,-0.105862004014901));
#5260=CARTESIAN_POINT('',(0.00263841876815225,-0.000400232974036932,-0.102362004014901));
#5261=CARTESIAN_POINT('',(0.00249059930381005,4.15424624658575E-5,-0.102362004014901));
#5262=CARTESIAN_POINT('',(0.00288164264015539,-0.000192731397395136,-0.105862004014901));
#5263=CARTESIAN_POINT('',(0.00289079745498034,-0.00018870779633129,-0.105862004014901));
#5264=CARTESIAN_POINT('',(0.00289079745498034,-0.000188707796331289,-0.102362004014901));
#5265=CARTESIAN_POINT('',(0.00288164264015539,-0.000192731397395136,-0.102362004014901));
#5266=CARTESIAN_POINT('',(0.00246432049692015,-0.000376147212088979,-0.105862004014901));
#5267=CARTESIAN_POINT('',(0.00266634350460069,4.36180016955419E-5,-0.105862004014901));
#5268=CARTESIAN_POINT('',(0.00266634350460071,4.36180016954211E-5,-0.102362004014901));
#5269=CARTESIAN_POINT('',(0.00246432049692015,-0.000376147212088979,-0.102362004014901));
#5270=CARTESIAN_POINT('',(0.0027223666031918,0.000160023297443195,-0.105862004014901));
#5271=CARTESIAN_POINT('',(0.0027223666031918,0.000160023297443195,-0.102362004014901));
#5272=CARTESIAN_POINT('',(0.00242545976679449,-0.00057986229350375,-0.105862004014901));
#5273=CARTESIAN_POINT('',(0.00275298696309073,-0.000911135694220111,-0.105862004014901));
#5274=CARTESIAN_POINT('',(0.00275298696309073,-0.000911135694220109,-0.102362004014901));
#5275=CARTESIAN_POINT('',(0.00245877012738724,-0.00104451974820862,-0.105862004014901));
#5276=CARTESIAN_POINT('',(0.00245877012738732,-0.00104451974820864,-0.102362004014901));
#5277=CARTESIAN_POINT('',(0.00242545976679449,-0.000579862293503749,-0.102362004014901));
#5278=CARTESIAN_POINT('',(0.00274595621787565,-0.000904024532450008,-0.105862004014901));
#5279=CARTESIAN_POINT('',(0.0027558240462529,-0.000902404050078297,-0.105862004014901));
#5280=CARTESIAN_POINT('',(0.0027558240462529,-0.000902404050078296,-0.102362004014901));
#5281=CARTESIAN_POINT('',(0.00274595621787565,-0.000904024532450007,-0.102362004014901));
#5282=CARTESIAN_POINT('',(0.00229613135891141,-0.000977894205334585,-0.105862004014901));
#5283=CARTESIAN_POINT('',(0.00259619880596314,-0.000621557766620115,-0.105862004014901));
#5284=CARTESIAN_POINT('',(0.00259619880596314,-0.000621557766620238,-0.102362004014901));
#5285=CARTESIAN_POINT('',(0.00229613135891141,-0.000977894205334584,-0.102362004014901));
#5286=CARTESIAN_POINT('',(0.00267941065575763,-0.000522741935359992,-0.105862004014901));
#5287=CARTESIAN_POINT('',(0.00267941065575763,-0.000522741935359991,-0.102362004014901));
#5288=CARTESIAN_POINT('',(0.00220782962947172,-0.00116554493227079,-0.105862004014901));
#5289=CARTESIAN_POINT('',(0.00244268261197105,-0.00156786347142481,-0.105862004014901));
#5290=CARTESIAN_POINT('',(0.00244268261197106,-0.00156786347142481,-0.102362004014901));
#5291=CARTESIAN_POINT('',(0.00212453787385213,-0.00162388826840804,-0.105862004014901));
#5292=CARTESIAN_POINT('',(0.0021245378738522,-0.00162388826840809,-0.102362004014901));
#5293=CARTESIAN_POINT('',(0.00220782962947172,-0.00116554493227079,-0.102362004014901));
#5294=CARTESIAN_POINT('',(0.00243764122456376,-0.001559227244644,-0.105862004014901));
#5295=CARTESIAN_POINT('',(0.00244760203454505,-0.00156011170183155,-0.105862004014901));
#5296=CARTESIAN_POINT('',(0.00244760203454505,-0.00156011170183155,-0.102362004014901));
#5297=CARTESIAN_POINT('',(0.00243764122456376,-0.001559227244644,-0.102362004014901));
#5298=CARTESIAN_POINT('',(0.00198357780009938,-0.00151890927249832,-0.105862004014901));
#5299=CARTESIAN_POINT('',(0.00236283534525317,-0.00124839153781208,-0.105862004014901));
#5300=CARTESIAN_POINT('',(0.00236283534525314,-0.0012483915378122,-0.102362004014901));
#5301=CARTESIAN_POINT('',(0.00198357780009938,-0.00151890927249831,-0.102362004014901));
#5302=CARTESIAN_POINT('',(0.00246800743969665,-0.00117337413313677,-0.105862004014901));
#5303=CARTESIAN_POINT('',(0.00246800743969665,-0.00117337413313677,-0.102362004014901));
#5304=CARTESIAN_POINT('',(0.00185138339375739,-0.00167870485965145,-0.105862004014901));
#5305=CARTESIAN_POINT('',(0.00197880548584055,-0.00212678938380399,-0.105862004014901));
#5306=CARTESIAN_POINT('',(0.00197880548584055,-0.00212678938380398,-0.102362004014901));
#5307=CARTESIAN_POINT('',(0.00165672304925668,-0.00210193467974271,-0.105862004014901));
#5308=CARTESIAN_POINT('',(0.00165672304925672,-0.00210193467974276,-0.102362004014901));
#5309=CARTESIAN_POINT('',(0.00185138339375739,-0.00167870485965145,-0.102362004014901));
#5310=CARTESIAN_POINT('',(0.00197607022515276,-0.00211717073790293,-0.105862004014901));
#5311=CARTESIAN_POINT('',(0.00198549814241367,-0.00212050456095186,-0.105862004014901));
#5312=CARTESIAN_POINT('',(0.00198549814241367,-0.00212050456095186,-0.102362004014901));
#5313=CARTESIAN_POINT('',(0.00197607022515276,-0.00211717073790293,-0.102362004014901));
#5314=CARTESIAN_POINT('',(0.00154629871007577,-0.00196519844719605,-0.105862004014901));
#5315=CARTESIAN_POINT('',(0.00198091620695793,-0.00179749704070302,-0.105862004014901));
#5316=CARTESIAN_POINT('',(0.00198091620695787,-0.00179749704070312,-0.102362004014901));
#5317=CARTESIAN_POINT('',(0.00154629871007577,-0.00196519844719605,-0.102362004014901));
#5318=CARTESIAN_POINT('',(0.00210144019656062,-0.00175099168204297,-0.105862004014901));
#5319=CARTESIAN_POINT('',(0.00210144019656062,-0.00175099168204297,-0.102362004014901));
#5320=CARTESIAN_POINT('',(0.00137851788755897,-0.00208709835013822,-0.105862004014901));
#5321=CARTESIAN_POINT('',(0.00139050269055468,-0.00255279406069717,-0.105862004014901));
#5322=CARTESIAN_POINT('',(0.00139050269055468,-0.00255279406069717,-0.102362004014901));
#5323=CARTESIAN_POINT('',(0.00108472017953278,-0.00244862156805677,-0.105862004014901));
#5324=CARTESIAN_POINT('',(0.00108472017953282,-0.00244862156805683,-0.102362004014901));
#5325=CARTESIAN_POINT('',(0.00137851788755897,-0.00208709835013822,-0.102362004014901));
#5326=CARTESIAN_POINT('',(0.00139024542307501,-0.00254279737057275,-0.105862004014901));
#5327=CARTESIAN_POINT('',(0.00139854805690057,-0.00254837108311993,-0.105862004014901));
#5328=CARTESIAN_POINT('',(0.00139854805690057,-0.00254837108311993,-0.102362004014901));
#5329=CARTESIAN_POINT('',(0.00139024542307501,-0.00254279737057275,-0.102362004014901));
#5330=CARTESIAN_POINT('',(0.00101176994226679,-0.00228871973924474,-0.105862004014901));
#5331=CARTESIAN_POINT('',(0.00147443877513687,-0.0022343719570775,-0.105862004014901));
#5332=CARTESIAN_POINT('',(0.00147443877513678,-0.00223437195707758,-0.102362004014901));
#5333=CARTESIAN_POINT('',(0.00101176994226679,-0.00228871973924474,-0.102362004014901));
#5334=CARTESIAN_POINT('',(0.0016027416943758,-0.00221930074715208,-0.105862004014901));
#5335=CARTESIAN_POINT('',(0.0016027416943758,-0.00221930074715208,-0.102362004014901));
#5336=CARTESIAN_POINT('',(0.000818944989708608,-0.00236506453875762,-0.105862004014901));
#5337=CARTESIAN_POINT('',(0.000714739454367634,-0.00281911006151955,-0.105862004014901));
#5338=CARTESIAN_POINT('',(0.000714739454367634,-0.00281911006151955,-0.102362004014901));
#5339=CARTESIAN_POINT('',(0.000818944989708608,-0.00236506453875762,-0.102362004014901));
#5340=CARTESIAN_POINT('',(0.000716976345157983,-0.00280936345597752,-0.105862004014901));
#5341=CARTESIAN_POINT('',(0.00072363201052999,-0.00281682684116494,-0.105862004014901));
#5342=CARTESIAN_POINT('',(0.00072363201052999,-0.00281682684116494,-0.102362004014901));
#5343=CARTESIAN_POINT('',(0.000716976345157983,-0.00280936345597752,-0.102362004014901));
#5344=CARTESIAN_POINT('',(0.000413577905013151,-0.0024691451160369,-0.105862004014901));
#5345=CARTESIAN_POINT('',(0.000875226889524978,-0.00253156582922618,-0.105862004014901));
#5346=CARTESIAN_POINT('',(0.000875226889524868,-0.00253156582922623,-0.102362004014901));
#5347=CARTESIAN_POINT('',(0.000413577905013151,-0.0024691451160369,-0.102362004014901));
#5348=CARTESIAN_POINT('',(0.00100324699411924,-0.00254887574758303,-0.105862004014901));
#5349=CARTESIAN_POINT('',(0.00100324699411924,-0.00254887574758303,-0.102362004014901));
#5350=CARTESIAN_POINT('',(0.,0.,-0.102362));
#5351=MECHANICAL_DESIGN_GEOMETRIC_PRESENTATION_REPRESENTATION('',(#2160),
#5352);
#5352=(
GEOMETRIC_REPRESENTATION_CONTEXT(3)
GLOBAL_UNCERTAINTY_ASSIGNED_CONTEXT((#5353))
GLOBAL_UNIT_ASSIGNED_CONTEXT((#5356,#5355,#5354))
REPRESENTATION_CONTEXT('Part 7','TOP_LEVEL_ASSEMBLY_PART')
);
#5353=UNCERTAINTY_MEASURE_WITH_UNIT(LENGTH_MEASURE(2.E-5),#5356,
'DISTANCE_ACCURACY_VALUE','Maximum Tolerance applied to model');
#5354=(
NAMED_UNIT(*)
SI_UNIT($,.STERADIAN.)
SOLID_ANGLE_UNIT()
);
#5355=(
NAMED_UNIT(*)
PLANE_ANGLE_UNIT()
SI_UNIT($,.RADIAN.)
);
#5356=(
LENGTH_UNIT()
NAMED_UNIT(*)
SI_UNIT($,.METRE.)
);
#5357=PRODUCT_DEFINITION_SHAPE('','',#5358);
#5358=PRODUCT_DEFINITION('','',#5360,#5359);
#5359=PRODUCT_DEFINITION_CONTEXT('',#5366,'design');
#5360=PRODUCT_DEFINITION_FORMATION_WITH_SPECIFIED_SOURCE('','',#5362,
 .NOT_KNOWN.);
#5361=PRODUCT_RELATED_PRODUCT_CATEGORY('','',(#5362));
#5362=PRODUCT('Part 7','Part 7','Part 7',(#5364));
#5363=PRODUCT_CATEGORY('','');
#5364=PRODUCT_CONTEXT('',#5366,'mechanical');
#5365=APPLICATION_PROTOCOL_DEFINITION('international standard',
'ap242_managed_model_based_3d_engineering',2020,#5366);
#5366=APPLICATION_CONTEXT('managed model based 3d engineering');
ENDSEC;
END-ISO-10303-21;
